po_id,supplier_id,product_id,po_date,quantity,unit_cost,total_value,order_status
PO0001,SUPPLIER0001,PROD0167,2025-01-05,111.29609910903936,12162.771860636196,1353990.508622397,Partially Received
PO0002,SUPPLIER0002,PROD0167,2026-08-16,74.54248519332387,1250.9426252043856,232417.14033640962,Cancelled
PO0003,SUPPLIER0003,PROD0167,2026-05-25,337.89359185242176,20474.670989460028,6635268.762319686,Delivered
PO0004,SUPPLIER0004,PROD0167,2025-06-02,1580.231139850931,5675.82919491368,9223615.774116494,Delivered
PO0005,SUPPLIER0005,PROD0167,2025-01-09,2402.5645079542815,3873.295881265322,9775012.427506788,Delivered
PO0006,SUPPLIER0006,PROD0167,2026-05-27,2010.695178841382,13168.812501521268,25189016.05107005,Pending
PO0007,SUPPLIER0007,PROD0167,2025-04-29,1271.375479714829,13564.257966348368,17829553.21710352,Pending
PO0008,SUPPLIER0008,PROD0167,2026-05-07,914.3123067842055,4040.5594006629544,3763365.345369048,Pending
PO0009,SUPPLIER0009,PROD0167,2026-08-06,1677.0808073672254,12425.371194204172,21235916.364151645,Pending
PO0010,SUPPLIER0010,PROD0167,2025-03-09,2254.4637849347605,16010.551478035022,33965988.11813533,Partially Received
PO0011,SUPPLIER0011,PROD0167,2025-07-02,2099.6514960456625,23566.195114772185,48791434.964341,Pending
PO0012,SUPPLIER0012,PROD0167,2025-02-23,1237.5473236456319,10940.782052992403,13564539.5511404,Pending
PO0013,SUPPLIER0013,PROD0167,2026-02-03,2056.091331001211,16187.063397804139,32463770.3406989,Delivered
PO0014,SUPPLIER0014,PROD0167,2025-07-23,2105.67134904821,5666.514357463835,11919086.32289347,Partially Received
PO0015,SUPPLIER0015,PROD0167,2025-06-15,1364.38748646905,2068.25310030736,2315496.460200625,Delivered
PO0016,SUPPLIER0016,PROD0167,2025-07-03,1562.6944932187484,1866.4799371699296,2581452.0142712854,Partially Received
PO0017,SUPPLIER0017,PROD0167,2025-02-25,1488.8410238016593,14833.377983202468,22635289.27026299,In Transit
PO0018,SUPPLIER0018,PROD0167,2025-04-17,1120.9491649285605,23848.29703283823,25803549.59370456,In Transit
PO0019,SUPPLIER0019,PROD0167,2026-04-05,402.71212010520856,11319.108659130292,4859256.110356821,In Transit
PO0020,SUPPLIER0020,PROD0114,2026-01-13,2428.0245383460447,13259.692775207244,32597480.360613305,Partially Received
PO0021,SUPPLIER0021,PROD0114,2025-11-11,588.4316464193925,25877.574892340337,18492841.316889092,Partially Received
PO0022,SUPPLIER0022,PROD0114,2026-04-20,1398.7298847212942,14032.790734355878,20006714.254797496,Delivered
PO0023,SUPPLIER0023,PROD0114,2025-04-09,1527.7078212056033,8017.550119641588,11507226.58719567,Pending
PO0024,SUPPLIER0024,PROD0114,2025-01-10,221.6082922508897,11346.479213890385,2236310.7560819425,Pending
PO0025,SUPPLIER0025,PROD0114,2025-05-16,1477.2822667138657,18842.49721076696,27619270.80876573,Delivered
PO0026,SUPPLIER0026,PROD0114,2025-04-22,2271.616533404859,8435.837642684774,18853637.17290293,Partially Received
PO0027,SUPPLIER0027,PROD0114,2026-02-23,227.4013216323922,9966.915862352394,2218272.5124505893,Delivered
PO0028,SUPPLIER0028,PROD0114,2025-02-16,368.0461264412088,10612.97284494045,4183118.4125747248,Delivered
PO0029,SUPPLIER0029,PROD0114,2026-06-22,2112.818561892048,12565.748000821046,25418370.722658016,Delivered
PO0030,SUPPLIER0030,PROD0114,2025-11-08,1563.6395707016372,20205.642028948798,31565564.929607734,Delivered
PO0031,SUPPLIER0031,PROD0114,2025-10-04,1074.0390781195888,12561.779043093884,13570728.138036383,Delivered
PO0032,SUPPLIER0032,PROD0114,2025-05-28,553.8910335572307,10579.191027372743,5318788.941824869,Pending
PO0033,SUPPLIER0033,PROD0114,2026-01-19,1539.330417199087,16537.310082216525,25137110.003748897,Cancelled
PO0034,SUPPLIER0034,PROD0114,2026-01-02,2358.610594835516,17889.911849137538,40889689.5789984,Partially Received
PO0035,SUPPLIER0035,PROD0114,2026-07-19,1489.9715292944434,13288.113076138949,18150425.841383215,Partially Received
PO0036,SUPPLIER0036,PROD0114,2026-03-27,1041.9176928551942,19119.38106804426,19972618.216997024,Delivered
PO0037,SUPPLIER0037,PROD0114,2025-04-05,1341.5561757659198,2547.5940527851717,3510658.077031988,Partially Received
PO0038,SUPPLIER0038,PROD0114,2026-04-03,1466.2719527488175,6562.748095156401,9345405.778666137,Delivered
PO0039,SUPPLIER0039,PROD0179,2025-03-06,497.31302708057234,24558.18346837716,12959458.487342613,Delivered
PO0040,SUPPLIER0040,PROD0179,2025-08-04,1872.0123030940358,6321.373446652772,11692190.156322936,In Transit
PO0041,SUPPLIER0041,PROD0179,2025-12-03,763.3272961827175,16618.053422081455,12290546.186695294,Delivered
PO0042,SUPPLIER0042,PROD0179,2025-01-06,1775.6872278529254,20153.29716146415,35688248.22594917,Delivered
PO0043,SUPPLIER0043,PROD0179,2026-07-30,1264.5664295857755,12805.454671988762,15725367.049487902,In Transit
PO0044,SUPPLIER0044,PROD0179,2026-07-06,2075.885416843936,19568.562020355905,39876280.214867085,Partially Received
PO0045,SUPPLIER0045,PROD0179,2026-07-29,936.6016459548022,9314.902085223312,8210802.797787471,Pending
PO0046,SUPPLIER0046,PROD0179,2025-05-25,655.5476336403738,26191.067818787018,18782940.199295763,Delivered
PO0047,SUPPLIER0047,PROD0179,2025-02-01,1221.033024889703,1054.5217206455666,647588.5797547144,Delivered
PO0048,SUPPLIER0048,PROD0179,2025-03-31,2199.727970717379,8475.329586217264,18102482.124550667,In Transit
PO0049,SUPPLIER0049,PROD0179,2025-05-28,1151.477347531895,24434.153887413744,27628018.529237203,Delivered
PO0050,SUPPLIER0050,PROD0179,2025-05-17,1046.318447959464,17767.436835005472,18351671.89157831,Delivered
PO0051,SUPPLIER0051,PROD0179,2026-06-04,79.56086068602049,11021.406489322668,947480.554145807,Partially Received
PO0052,SUPPLIER0052,PROD0179,2026-05-17,742.7636516440407,12932.306314438254,10099219.99661081,Partially Received
PO0053,SUPPLIER0053,PROD0179,2025-03-28,347.1855350267918,17699.29050413483,6534054.815401501,Delivered
PO0054,SUPPLIER0054,PROD0179,2025-04-21,1448.66989082612,4592.256138038288,6050203.693252253,In Transit
PO0055,SUPPLIER0055,PROD0179,2025-05-30,2348.940681442411,17241.09071714697,38814037.191798724,In Transit
PO0056,SUPPLIER0056,PROD0179,2026-04-23,1727.8568895758813,18431.58984534207,31729944.414555322,In Transit
PO0057,SUPPLIER0057,PROD0151,2025-09-14,1470.5348860174784,11253.8339875787,16837384.044328175,In Transit
PO0058,SUPPLIER0058,PROD0151,2025-11-08,1173.511061338563,17696.326289602435,20831685.070446156,Partially Received
PO0059,SUPPLIER0059,PROD0151,2025-09-03,1750.4797755551422,9714.245196620861,17090949.120170083,In Transit
PO0060,SUPPLIER0060,PROD0151,2025-11-27,721.603474858193,16355.813735920221,11998630.03623042,Delivered
PO0061,SUPPLIER0061,PROD0151,2025-04-25,991.5296472463663,16985.605281837605,17237172.92987166,In Transit
PO0062,SUPPLIER0062,PROD0151,2025-02-17,362.70088341343734,10432.316022716583,3982111.867675937,Partially Received
PO0063,SUPPLIER0063,PROD0151,2025-05-15,1610.5964972006275,19059.86384479451,31261295.542369753,Delivered
PO0064,SUPPLIER0064,PROD0151,2025-09-28,1143.9947919488338,18830.340766660167,21340957.527988844,In Transit
PO0065,SUPPLIER0065,PROD0151,2026-06-29,1097.1486937839104,19580.48758244638,22244847.29825903,In Transit
PO0066,SUPPLIER0066,PROD0151,2025-11-24,614.8415362601321,16075.687134136004,10437875.29562314,In Transit
PO0067,SUPPLIER0067,PROD0151,2025-06-12,891.91654401918,3946.1812456893176,3273336.1515541207,Pending
PO0068,SUPPLIER0068,PROD0151,2025-09-09,1795.8606811191034,23972.5914036518,42510365.81916616,Delivered
PO0069,SUPPLIER0069,PROD0151,2026-03-10,430.6919650973553,3737.5865541653316,1491542.5339792043,Partially Received
PO0070,SUPPLIER0070,PROD0151,2025-01-11,2227.03127348305,7737.967524915421,17671272.246742338,In Transit
PO0071,SUPPLIER0071,PROD0151,2026-04-20,1235.9081584921573,13479.855366035363,17368733.799337234,Pending
PO0072,SUPPLIER0072,PROD0151,2025-03-14,735.349758586419,21797.52088514078,16403801.344969505,Delivered
PO0073,SUPPLIER0073,PROD0151,2026-08-10,1163.2454458809393,16137.684608225361,19784582.92322525,Delivered
PO0074,SUPPLIER0074,PROD0151,2025-03-14,406.7127528226223,1903.7965953914807,951405.1095826919,Delivered
PO0075,SUPPLIER0075,PROD0042,2025-10-25,1024.5349669808181,14508.122688061248,14541408.470963767,Partially Received
PO0076,SUPPLIER0076,PROD0042,2025-12-06,2474.9959922705884,6912.647774756551,21753246.845982943,In Transit
PO0077,SUPPLIER0077,PROD0042,2026-06-29,2472.7827645406323,14430.759608026421,38866852.81960385,Delivered
PO0078,SUPPLIER0078,PROD0042,2025-03-14,1154.298906641408,15978.873514487728,19027681.39586575,Partially Received
PO0079,SUPPLIER0079,PROD0042,2025-11-08,917.0672405260332,5654.920524264445,5302316.5142201595,Delivered
PO0080,SUPPLIER0080,PROD0042,2026-02-15,1402.9274364280639,4018.494838174724,5867464.744364477,Delivered
PO0081,SUPPLIER0081,PROD0042,2025-12-27,1764.0073046654597,21025.381857660625,37347713.841678426,Partially Received
PO0082,SUPPLIER0082,PROD0042,2025-10-15,1314.4068664874053,17077.507944812434,22990537.639668092,Delivered
PO0083,SUPPLIER0083,PROD0042,2025-01-30,2384.5249394420853,7650.54748931815,18983844.952399522,Pending
PO0084,SUPPLIER0084,PROD0042,2026-02-11,2392.0811056122093,7201.467391573646,17587380.8218855,Pending
PO0085,SUPPLIER0085,PROD0042,2025-03-14,270.00834092545887,8733.437254238628,2746245.473496454,In Transit
PO0086,SUPPLIER0086,PROD0042,2026-08-09,568.8617393489678,10043.083190779855,5578077.873565968,Pending
PO0087,SUPPLIER0087,PROD0042,2025-01-05,1526.3740918458516,2631.398852304859,3654601.9741006834,Cancelled
PO0088,SUPPLIER0088,PROD0042,2025-04-01,611.203457964148,7151.129318856356,4071916.483759485,Delivered
PO0089,SUPPLIER0089,PROD0042,2025-11-22,1379.7796922954644,20865.16402962982,28505804.027336773,Cancelled
PO0090,SUPPLIER0090,PROD0042,2026-01-25,661.9091758875408,9458.798376286242,6208829.472782994,Partially Received
PO0091,SUPPLIER0091,PROD0042,2025-08-11,1065.0177527671303,17417.695294248588,18914641.847593118,Delivered
PO0092,SUPPLIER0092,PROD0196,2026-07-22,794.2190035635057,1914.0756378745293,1292952.4967515573,Pending
PO0093,SUPPLIER0093,PROD0196,2025-09-13,900.1211409140576,20475.510275528224,17778453.492381014,Pending
PO0094,SUPPLIER0094,PROD0196,2026-06-17,867.067936543147,10878.375437043027,9455476.694384232,Delivered
PO0095,SUPPLIER0095,PROD0196,2025-05-18,1590.753523355926,4201.710497041074,6672831.848712706,Delivered
PO0096,SUPPLIER0096,PROD0196,2026-04-14,946.9618060037692,20220.181747548915,18626673.24084922,Delivered
PO0097,SUPPLIER0097,PROD0196,2025-09-06,2103.459760953374,4505.740021558764,9097659.396656182,Delivered
PO0098,SUPPLIER0098,PROD0196,2025-10-18,1767.1783529336076,21807.13450618237,38557096.60742605,Delivered
PO0099,SUPPLIER0099,PROD0196,2025-05-07,312.08814788426605,22893.000581055672,7786222.008487081,In Transit
PO0100,SUPPLIER0100,PROD0196,2025-05-09,329.79062805634305,10031.57085828341,3215318.2209240957,Delivered
PO0101,SUPPLIER0101,PROD0196,2026-04-01,1934.5463974637923,22392.87421497619,42607260.41214605,In Transit
PO0102,SUPPLIER0102,PROD0196,2025-08-17,2154.69800977113,19318.482879492258,41238188.38630053,Delivered
PO0103,SUPPLIER0103,PROD0196,2026-04-06,479.2929678387511,10769.056562265156,5115200.554229885,Partially Received
PO0104,SUPPLIER0104,PROD0196,2025-12-04,607.5404988311581,9095.483154491865,4692306.645707391,Pending
PO0105,SUPPLIER0105,PROD0196,2025-07-03,2235.8418540998996,4843.090437495187,10906341.38416594,Pending
PO0106,SUPPLIER0106,PROD0196,2026-01-21,2092.782214360457,16139.952892692756,32828694.62296757,Partially Received
PO0107,SUPPLIER0107,PROD0196,2025-04-10,1576.5440144981103,10997.14327964649,17291020.06228508,Partially Received
PO0108,SUPPLIER0108,PROD0196,2026-07-20,965.1998850512663,4018.727842344461,4139880.3571062232,In Transit
PO0109,SUPPLIER0109,PROD0027,2026-06-23,1163.9726778965723,26684.255926561844,34139464.46782456,Pending
PO0110,SUPPLIER0110,PROD0027,2025-05-24,1595.7281506830905,6332.011366157966,9993727.79787958,Partially Received
PO0111,SUPPLIER0111,PROD0027,2025-01-06,251.1807538581243,15934.493397935339,3790225.8157121553,Partially Received
PO0112,SUPPLIER0112,PROD0027,2026-06-14,992.9304648902054,3692.222868336952,3357938.640959991,Delivered
PO0113,SUPPLIER0113,PROD0027,2025-01-29,2468.320308985221,1398.3209414270668,3399884.352475542,In Transit
PO0114,SUPPLIER0114,PROD0027,2025-02-28,1636.763566753249,14232.0038387007,23894757.63052291,In Transit
PO0115,SUPPLIER0115,PROD0027,2025-03-25,36.15797512962042,10593.656560870626,256725.7465857822,Delivered
PO0116,SUPPLIER0116,PROD0027,2026-05-23,291.99854665698535,6465.759370854969,2109028.8210346377,In Transit
PO0117,SUPPLIER0117,PROD0027,2026-04-03,2478.774878366219,16693.90464103117,44973035.54419604,In Transit
PO0118,SUPPLIER0118,PROD0027,2025-03-02,1868.516185541566,16098.156070771473,29701978.256351545,Pending
PO0119,SUPPLIER0119,PROD0027,2025-05-15,2092.0154814634748,6646.06641065008,14088817.245009905,Pending
PO0120,SUPPLIER0120,PROD0027,2025-05-09,314.37036771395515,16006.000566681938,4769830.8647919865,Delivered
PO0121,SUPPLIER0121,PROD0027,2026-06-24,975.8957085234247,5332.908691662929,4755735.513456682,Pending
PO0122,SUPPLIER0122,PROD0027,2025-03-06,937.7368059454476,21071.432240839484,19584873.255358085,Partially Received
PO0123,SUPPLIER0123,PROD0027,2026-07-26,2257.903680683115,1634.7498474956146,3141913.862647809,Delivered
PO0124,SUPPLIER0124,PROD0027,2025-04-13,886.8499829323715,20574.88146700116,17581857.709520906,Delivered
PO0125,SUPPLIER0125,PROD0166,2025-04-18,2469.380922681642,18654.78126298731,47897121.26947097,Delivered
PO0126,SUPPLIER0126,PROD0166,2025-08-28,2206.7023680837924,5716.723851890481,11773713.10556604,Delivered
PO0127,SUPPLIER0127,PROD0166,2025-10-10,854.5365769126629,18314.782561702843,15479673.008150335,Partially Received
PO0128,SUPPLIER0128,PROD0166,2025-09-11,1106.109124051579,16304.487881120209,18069254.695897628,Partially Received
PO0129,SUPPLIER0129,PROD0166,2025-05-31,125.44341580603614,15772.507421745157,2171160.8977720705,Delivered
PO0130,SUPPLIER0130,PROD0166,2025-04-13,607.7117453778523,7630.10553043757,4680548.435549961,Delivered
PO0131,SUPPLIER0131,PROD0166,2025-11-12,116.97883474360836,15545.476819961037,1899009.584146496,Delivered
PO0132,SUPPLIER0132,PROD0166,2025-10-03,1230.5748730784146,18184.26760662055,21516566.17744288,Partially Received
PO0133,SUPPLIER0133,PROD0166,2026-06-03,1554.0473197883261,11361.688452098939,16598107.656305963,Delivered
PO0134,SUPPLIER0134,PROD0166,2026-05-02,855.0909047640281,19288.468788345403,15931433.485646186,Delivered
PO0135,SUPPLIER0135,PROD0166,2026-08-09,66.23139413726183,9451.341176321373,612375.2647801785,Delivered
PO0136,SUPPLIER0136,PROD0166,2025-05-16,1586.5046913008116,7182.5899741460225,10859814.840523915,Delivered
PO0137,SUPPLIER0137,PROD0166,2026-03-05,2129.290397390986,17014.427097001764,35413821.52425085,Delivered
PO0138,SUPPLIER0138,PROD0166,2025-10-29,2213.44442023644,16754.063389876304,35278777.6705652,Delivered
PO0139,SUPPLIER0139,PROD0166,2026-04-24,1617.3703429135978,11202.120584790606,17892054.119171526,In Transit
PO0140,SUPPLIER0140,PROD0166,2025-05-24,1611.276090277716,11231.65387159717,18659071.34642781,Partially Received
PO0141,SUPPLIER0141,PROD0122,2026-06-16,49.83954133760051,4156.136591423219,214890.1677157533,Delivered
PO0142,SUPPLIER0142,PROD0122,2025-08-12,947.9340999877519,23864.56217052905,22811701.82446717,Delivered
PO0143,SUPPLIER0143,PROD0122,2025-10-16,2218.433516941201,7075.544725132753,14793814.668592608,Partially Received
PO0144,SUPPLIER0144,PROD0122,2026-05-25,1548.828040248234,10507.474043962617,15261224.543500593,Pending
PO0145,SUPPLIER0145,PROD0122,2025-11-20,903.0210914215069,26011.01495332323,27059898.859807283,Pending
PO0146,SUPPLIER0146,PROD0122,2026-07-18,448.9941598930911,13871.183662613399,6007661.436584341,Delivered
PO0147,SUPPLIER0147,PROD0122,2025-03-01,1221.0125601958332,15663.604257778743,18959025.612493638,In Transit
PO0148,SUPPLIER0148,PROD0122,2025-07-20,1157.5672320096485,15288.193260441662,17996808.850629065,In Transit
PO0149,SUPPLIER0149,PROD0122,2026-07-13,928.4217251069587,2112.398577653684,1730226.2800648846,Delivered
PO0150,SUPPLIER0150,PROD0122,2025-07-08,1076.35247811246,3816.5437620011703,3419630.438687834,Pending
PO0151,SUPPLIER0151,PROD0122,2026-07-18,199.6969901238323,4218.508774638554,836391.7055404386,Partially Received
PO0152,SUPPLIER0152,PROD0122,2025-07-17,2204.841364299928,16075.404934859062,34381347.04527618,Delivered
PO0153,SUPPLIER0153,PROD0122,2025-04-04,636.958879527866,904.4831092495832,371785.13277283043,Delivered
PO0154,SUPPLIER0154,PROD0122,2026-03-19,2343.604213370619,9997.858021314503,25272018.356210068,In Transit
PO0155,SUPPLIER0155,PROD0122,2026-02-02,1337.1989345799411,14362.783287705197,20145819.68712574,Delivered
PO0156,SUPPLIER0156,PROD0122,2025-04-27,469.58958879730307,12189.668756357623,5541016.814647703,Delivered
PO0157,SUPPLIER0157,PROD0077,2026-02-21,2004.6505353162902,9715.99892942674,18269206.836980782,Pending
PO0158,SUPPLIER0158,PROD0077,2026-01-30,1950.9297801563657,17476.449591151417,34125811.26225161,Delivered
PO0159,SUPPLIER0159,PROD0077,2025-06-13,72.16244154128154,18455.660631903753,1405400.9386120564,Partially Received
PO0160,SUPPLIER0160,PROD0077,2025-08-14,746.315454695426,8637.746061313072,6920718.716561366,Delivered
PO0161,SUPPLIER0161,PROD0077,2026-03-30,460.04332684063996,6904.544514956291,3277798.530858922,Partially Received
PO0162,SUPPLIER0162,PROD0077,2026-08-30,1258.9894192495074,21534.709147412264,26657256.26833752,Delivered
PO0163,SUPPLIER0163,PROD0077,2026-02-19,2332.305527072261,11032.102940687699,24547705.21727203,In Transit
PO0164,SUPPLIER0164,PROD0077,2025-04-10,1174.7352372401376,23354.94830609961,26807624.000565536,Cancelled
PO0165,SUPPLIER0165,PROD0077,2025-03-05,1375.243839332193,4022.6986575427645,5416718.157358413,In Transit
PO0166,SUPPLIER0166,PROD0077,2025-01-01,1499.37867989318,8763.37389347788,13447821.259506386,Partially Received
PO0167,SUPPLIER0167,PROD0077,2025-09-09,907.775722062253,6682.406236087371,5646918.795618994,Partially Received
PO0168,SUPPLIER0168,PROD0077,2026-02-03,1036.0857654722859,17466.481354896325,18431852.76386673,In Transit
PO0169,SUPPLIER0169,PROD0077,2025-07-02,1894.8204402137183,15362.826668365948,29021631.643395618,Partially Received
PO0170,SUPPLIER0170,PROD0077,2025-09-22,1637.5186787447146,19136.495977061626,30799475.88178843,Delivered
PO0171,SUPPLIER0171,PROD0077,2026-08-23,1848.5298708710402,11797.334483132774,21748836.436994474,Pending
PO0172,SUPPLIER0172,PROD0077,2025-01-12,1307.5426169254629,14621.439398965838,19641965.5863024,Partially Received
PO0173,SUPPLIER0173,PROD0103,2026-05-08,436.31053994019106,20468.26892750172,9380065.065356554,Delivered
PO0174,SUPPLIER0174,PROD0103,2026-04-06,1702.0991020165843,10972.769529424759,18961176.48067584,Delivered
PO0175,SUPPLIER0175,PROD0103,2025-04-20,2427.9344822984012,16806.554877965144,41413101.14391372,Delivered
PO0176,SUPPLIER0176,PROD0103,2025-06-14,2294.544273814232,12283.113733888487,27476136.795395833,Delivered
PO0177,SUPPLIER0177,PROD0103,2025-11-20,1169.3694449478082,21858.029157249097,24517048.744809013,Partially Received
PO0178,SUPPLIER0178,PROD0103,2026-07-14,648.3695377243164,18279.29890534253,11251867.081477504,Pending
PO0179,SUPPLIER0179,PROD0103,2025-05-21,412.94545032104156,8437.265429067453,3516438.991488657,In Transit
PO0180,SUPPLIER0180,PROD0103,2025-08-13,1505.6136319481395,4177.04753960706,5649197.66808075,Delivered
PO0181,SUPPLIER0181,PROD0103,2025-10-18,760.1547167876852,4845.572162313587,3560538.7954654265,Partially Received
PO0182,SUPPLIER0182,PROD0103,2025-06-18,1528.849673753056,19148.711561484586,29904438.012726236,Delivered
PO0183,SUPPLIER0183,PROD0103,2026-08-01,40.87668028492581,16322.478781669919,487981.4932980515,In Transit
PO0184,SUPPLIER0184,PROD0103,2026-02-14,1419.7177369916928,1138.74628721756,1439867.5492839576,Delivered
PO0185,SUPPLIER0185,PROD0103,2025-03-06,1192.7905495095586,3130.332256580329,3808201.6443430004,Partially Received
PO0186,SUPPLIER0186,PROD0103,2026-05-24,658.6459951440092,20520.702309493572,13362108.018616505,Pending
PO0187,SUPPLIER0187,PROD0103,2025-05-03,2095.0699365951846,2794.0973239254813,5834566.471926519,Partially Received
PO0188,SUPPLIER0188,PROD0101,2026-04-08,471.8034933590886,20704.753467368093,9651565.397766564,Partially Received
PO0189,SUPPLIER0189,PROD0101,2025-04-29,529.8748739119651,6527.3091686934895,3463498.257874018,Delivered
PO0190,SUPPLIER0190,PROD0101,2025-01-12,1507.136085920096,11174.378815712467,17297896.43015999,Delivered
PO0191,SUPPLIER0191,PROD0101,2025-01-21,1824.0803115187753,5464.020017764157,9226329.253138183,Delivered
PO0192,SUPPLIER0192,PROD0101,2025-04-14,1101.305616795557,20320.825648056354,24106979.94781772,In Transit
PO0193,SUPPLIER0193,PROD0101,2025-10-26,1068.2481924293936,12935.77839959011,14447952.146616915,In Transit
PO0194,SUPPLIER0194,PROD0101,2025-01-20,412.13116953375373,24552.93544147986,10133499.581788195,Pending
PO0195,SUPPLIER0195,PROD0101,2026-07-03,369.4631480448932,2128.8742404367063,1015452.2932311154,In Transit
PO0196,SUPPLIER0196,PROD0101,2026-08-22,176.63926916052105,17061.72877802769,2924283.814255229,Delivered
PO0197,SUPPLIER0197,PROD0101,2026-05-10,462.1221940532595,17466.70884428238,6975647.0987253785,Cancelled
PO0198,SUPPLIER0198,PROD0101,2026-08-25,2243.393295045294,6472.729371622228,14141571.497659016,Pending
PO0199,SUPPLIER0199,PROD0101,2025-08-19,1337.3405207598948,15041.035639312342,19483954.24418436,Partially Received
PO0200,SUPPLIER0200,PROD0101,2025-10-16,1801.6025415743652,14285.629848672075,25778354.43437688,Delivered
PO0201,SUPPLIER0201,PROD0101,2025-08-09,1192.0017981846086,17377.95464464912,19904343.59093973,Pending
PO0202,SUPPLIER0202,PROD0101,2026-01-30,2285.1287287890227,11709.061920099426,26506624.852252435,In Transit
PO0203,SUPPLIER0203,PROD0119,2025-04-25,880.0263220777599,19873.392653613526,17619298.602060094,Delivered
PO0204,SUPPLIER0204,PROD0119,2026-02-20,2005.7746816143097,8067.442324614511,15512264.381466947,Pending
PO0205,SUPPLIER0205,PROD0119,2026-08-28,1219.6111194438367,7944.513385975136,9770892.811299492,Pending
PO0206,SUPPLIER0206,PROD0119,2025-02-14,1848.2065122904462,16134.765079572122,29107637.753471658,In Transit
PO0207,SUPPLIER0207,PROD0119,2025-05-17,972.3723793379627,4163.504919641953,3970427.425347503,Delivered
PO0208,SUPPLIER0208,PROD0119,2026-01-02,861.4264373310249,9035.786683378661,8047794.052745149,Delivered
PO0209,SUPPLIER0209,PROD0119,2025-02-08,1678.375780337676,22398.725770743764,37124306.89855227,Partially Received
PO0210,SUPPLIER0210,PROD0119,2025-06-09,1053.5332971736718,18806.952305751936,20137733.295304254,Partially Received
PO0211,SUPPLIER0211,PROD0119,2025-03-09,974.921003119194,5327.016089309905,5133482.404270081,Delivered
PO0212,SUPPLIER0212,PROD0119,2025-05-03,818.3639529766218,19657.378519923324,16267533.71032428,Delivered
PO0213,SUPPLIER0213,PROD0119,2025-05-24,1841.1803034828247,11062.90372408288,20369234.85885383,Partially Received
PO0214,SUPPLIER0214,PROD0119,2026-02-18,1288.1352091355316,14512.329594308923,18940798.788926907,In Transit
PO0215,SUPPLIER0215,PROD0119,2026-08-15,2102.199165862278,7789.6087262273295,15951687.24214483,Partially Received
PO0216,SUPPLIER0216,PROD0119,2025-07-25,1375.8190341852285,5789.214733009615,7616395.790387026,Delivered
PO0217,SUPPLIER0217,PROD0119,2025-12-11,2451.596954495263,18519.35393559055,46984942.73315689,Delivered
PO0218,SUPPLIER0218,PROD0032,2025-10-25,996.8301476903044,6464.47047587539,6079410.460354644,Pending
PO0219,SUPPLIER0219,PROD0032,2026-07-23,1231.2284439896596,5903.824295507278,7108808.693045611,In Transit
PO0220,SUPPLIER0220,PROD0032,2026-02-07,450.0917559073715,12930.566841125958,5801014.522961776,Delivered
PO0221,SUPPLIER0221,PROD0032,2026-07-07,2279.5345431476976,5253.134874093035,11312216.32693849,Delivered
PO0222,SUPPLIER0222,PROD0032,2026-08-04,1715.0464050361397,3790.9981488181515,6546533.261594925,Partially Received
PO0223,SUPPLIER0223,PROD0032,2025-03-09,1757.3934857870636,14137.092655093802,25156369.15293484,In Transit
PO0224,SUPPLIER0224,PROD0032,2026-03-11,2397.577151839413,14247.254501489342,35332492.920773685,Delivered
PO0225,SUPPLIER0225,PROD0032,2025-02-06,895.0024787671447,3574.9243573415424,3294049.1447850615,Delivered
PO0226,SUPPLIER0226,PROD0032,2026-04-23,1620.2719504279978,24408.456557501417,39179344.225028485,Partially Received
PO0227,SUPPLIER0227,PROD0032,2025-05-06,1103.0814816430702,15483.16229341589,17075003.6767125,Delivered
PO0228,SUPPLIER0228,PROD0032,2025-06-07,556.0154820896946,20492.403027213266,11330241.941058474,Partially Received
PO0229,SUPPLIER0229,PROD0032,2025-04-25,614.9256982906102,14965.89207610047,8954715.29363062,In Transit
PO0230,SUPPLIER0230,PROD0032,2025-10-02,1924.081996476036,12512.709294862621,23180456.0853101,Pending
PO0231,SUPPLIER0231,PROD0032,2025-05-11,891.6653179893207,10035.440680262216,9411974.398198526,Delivered
PO0232,SUPPLIER0232,PROD0098,2025-02-16,709.5882869423592,3515.504961770454,2798886.7733809864,Delivered
PO0233,SUPPLIER0233,PROD0098,2025-10-09,1725.5921660594242,8204.76835132846,14130251.822691755,Partially Received
PO0234,SUPPLIER0234,PROD0098,2026-03-06,425.46915688224414,16474.91571062076,6482476.648553519,Cancelled
PO0235,SUPPLIER0235,PROD0098,2025-01-24,1418.7663465554963,8233.95613419261,12217063.778429762,Delivered
PO0236,SUPPLIER0236,PROD0098,2025-07-29,1955.5802247495717,3183.192507872683,6098978.531945984,Delivered
PO0237,SUPPLIER0237,PROD0098,2026-07-11,2421.188492782626,6192.48374176204,16866463.6342638,Delivered
PO0238,SUPPLIER0238,PROD0098,2025-01-08,1791.8606119718731,14840.71617133665,26000450.34224157,Delivered
PO0239,SUPPLIER0239,PROD0098,2026-01-04,717.6354488567674,5503.9792309194545,3881435.8309439714,Delivered
PO0240,SUPPLIER0240,PROD0098,2026-02-16,1365.9204725286177,762.180527807026,319909.8806440794,Partially Received
PO0241,SUPPLIER0241,PROD0098,2026-04-09,2439.0686700025526,20590.446803992905,50696369.23745663,In Transit
PO0242,SUPPLIER0242,PROD0098,2025-03-27,1628.2111980536379,10508.915774724726,17046155.877346437,Delivered
PO0243,SUPPLIER0243,PROD0098,2025-03-22,523.5427154864275,17694.486489890252,9223192.09076074,Delivered
PO0244,SUPPLIER0244,PROD0098,2025-01-25,290.5460136988247,6605.490121661208,2066313.373884868,Delivered
PO0245,SUPPLIER0245,PROD0098,2025-11-06,1281.4934144436902,10443.895110317419,12322408.308759887,Pending
PO0246,SUPPLIER0246,PROD0102,2025-08-14,869.8682790900027,4607.198871729795,3788130.250286491,Cancelled
PO0247,SUPPLIER0247,PROD0102,2026-05-30,662.6321844322262,15886.50579208892,11036039.647221828,Delivered
PO0248,SUPPLIER0248,PROD0102,2025-09-07,2461.4145660881936,20776.991614122955,51884398.25823257,Delivered
PO0249,SUPPLIER0249,PROD0102,2025-07-17,723.9668002953324,19358.984074816814,13234339.842320593,Delivered
PO0250,SUPPLIER0250,PROD0102,2025-09-26,1721.2701314282754,15911.560701541792,27170515.52538359,In Transit
PO0251,SUPPLIER0251,PROD0102,2026-05-13,1365.0448457113748,5553.081950006806,7522845.654545175,Partially Received
PO0252,SUPPLIER0252,PROD0102,2025-04-12,169.93256009496977,1386.983539909408,176857.02804329473,Partially Received
PO0253,SUPPLIER0253,PROD0102,2026-01-12,2415.8190475751,14246.621868022454,35381661.3193055,In Transit
PO0254,SUPPLIER0254,PROD0102,2026-06-21,1749.0735686753922,26393.27481285163,47963751.43732112,Pending
PO0255,SUPPLIER0255,PROD0102,2026-06-24,2488.272333696895,10348.25338802082,33182749.751802277,Delivered
PO0256,SUPPLIER0256,PROD0102,2025-08-23,1201.0538053615912,15415.363596384464,18704333.902832944,Delivered
PO0257,SUPPLIER0257,PROD0102,2026-08-18,1849.541556975382,2482.441812672403,4190536.7436493305,Delivered
PO0258,SUPPLIER0258,PROD0102,2026-05-18,1200.8324898327548,25408.760115982648,30084489.91523505,In Transit
PO0259,SUPPLIER0259,PROD0102,2025-07-31,1516.2618934776078,8812.665433404634,13390173.543309083,Delivered
PO0260,SUPPLIER0260,PROD0172,2025-08-06,1258.097102176205,4789.506667992665,5583096.569844987,In Transit
PO0261,SUPPLIER0261,PROD0172,2025-07-06,967.7516737921308,13481.776577824356,12643558.657894975,Delivered
PO0262,SUPPLIER0262,PROD0172,2026-01-10,635.6518521294965,12063.772887801508,7811571.012284483,Delivered
PO0263,SUPPLIER0263,PROD0172,2025-09-01,1432.0955621015246,10898.173421748992,14825184.959132904,Delivered
PO0264,SUPPLIER0264,PROD0172,2026-05-07,1721.3172644672231,8776.943152646563,15893554.32243762,Delivered
PO0265,SUPPLIER0265,PROD0172,2025-05-30,1217.4762242215295,17445.558228371116,20834605.201782607,Delivered
PO0266,SUPPLIER0266,PROD0172,2025-03-05,752.4801279192204,14787.114356223285,10877278.167133003,Delivered
PO0267,SUPPLIER0267,PROD0172,2026-08-06,1800.7536309830753,20184.760903922535,36336898.026927345,Pending
PO0268,SUPPLIER0268,PROD0172,2025-11-18,1028.0433714771325,7703.705349529718,7890922.912744891,Delivered
PO0269,SUPPLIER0269,PROD0172,2026-02-06,2455.7480702746793,22524.374229744775,56574005.661892846,In Transit
PO0270,SUPPLIER0270,PROD0172,2025-05-11,1018.1738860023537,7584.033032955472,7785206.198334635,Delivered
PO0271,SUPPLIER0271,PROD0172,2025-10-12,1108.4615054436388,23383.334029765276,26208090.3751079,In Transit
PO0272,SUPPLIER0272,PROD0172,2026-01-28,2404.8327535047224,14184.732443692115,34545743.870357804,Partially Received
PO0273,SUPPLIER0273,PROD0172,2025-12-16,683.4473097391552,5492.03738692584,3632978.677099165,Delivered
PO0274,SUPPLIER0274,PROD0127,2025-07-01,1430.3537222423183,13348.763020247246,19744779.205133352,Pending
PO0275,SUPPLIER0275,PROD0127,2026-03-26,2137.0280893166587,9025.34170353633,18301095.280426037,Partially Received
PO0276,SUPPLIER0276,PROD0127,2025-12-13,876.3976188351722,11564.927025699548,9805283.746446347,Pending
PO0277,SUPPLIER0277,PROD0127,2026-05-05,1871.4960232520625,3679.6688110588007,6843140.430447192,Delivered
PO0278,SUPPLIER0278,PROD0127,2026-05-09,351.7435256669865,9649.680736626291,3603505.4955370678,Delivered
PO0279,SUPPLIER0279,PROD0127,2026-01-03,1173.989634670938,9492.802248983497,11384890.529423542,Delivered
PO0280,SUPPLIER0280,PROD0127,2026-05-13,55.03823696553329,18225.13079109122,763083.0502010277,Partially Received
PO0281,SUPPLIER0281,PROD0127,2025-09-22,1478.4273506327368,16156.813719289668,24890307.389877204,Delivered
PO0282,SUPPLIER0282,PROD0127,2026-08-14,822.7856898907554,5430.004034864946,3890819.149021208,Delivered
PO0283,SUPPLIER0283,PROD0127,2026-03-17,782.8797448411559,22247.502775135763,16403938.382486477,Pending
PO0284,SUPPLIER0284,PROD0127,2026-02-07,1664.9904454113166,13116.11112477576,21959540.81334966,In Transit
PO0285,SUPPLIER0285,PROD0127,2025-04-20,1181.2695846906656,5113.018588924393,5532834.550700427,In Transit
PO0286,SUPPLIER0286,PROD0127,2026-08-15,2008.7351687436137,3542.332895623236,7691438.655607016,In Transit
PO0287,SUPPLIER0287,PROD0127,2025-11-20,2064.645363386298,2278.356039231197,4280080.7969141975,Partially Received
PO0288,SUPPLIER0288,PROD0041,2026-01-07,1138.5390451111932,13537.626247032827,15655223.751671609,Delivered
PO0289,SUPPLIER0289,PROD0041,2025-01-05,994.5967435398916,19050.47147470021,19319034.575457845,Partially Received
PO0290,SUPPLIER0290,PROD0041,2026-02-06,1810.2392111327038,11591.170190314715,21213795.517348472,Delivered
PO0291,SUPPLIER0291,PROD0041,2025-10-27,422.70011214982793,7466.481976710268,3185925.394884933,Delivered
PO0292,SUPPLIER0292,PROD0041,2026-01-23,1351.2878937208257,24468.597747958775,32672367.25284406,Delivered
PO0293,SUPPLIER0293,PROD0041,2025-03-07,1004.5607155055744,4706.959995020289,4661249.0223061,Partially Received
PO0294,SUPPLIER0294,PROD0041,2026-03-30,62.66790250648536,6726.000232956435,867921.4624720275,In Transit
PO0295,SUPPLIER0295,PROD0041,2025-10-17,2063.838442175578,10041.567694425947,20643722.674650677,In Transit
PO0296,SUPPLIER0296,PROD0041,2025-04-09,1096.475235391431,7067.413510495596,7615678.202403962,Delivered
PO0297,SUPPLIER0297,PROD0041,2026-03-28,1316.9832665676827,5017.789746658414,5513635.670605594,In Transit
PO0298,SUPPLIER0298,PROD0041,2025-07-11,38.964507856773636,16547.37282209456,503284.1341397188,In Transit
PO0299,SUPPLIER0299,PROD0041,2025-06-01,816.1512796239725,14464.971345282487,11789958.801767297,Partially Received
PO0300,SUPPLIER0300,PROD0041,2025-08-17,1786.9251001321043,3656.8604740880155,6522333.179029968,Partially Received
PO0301,SUPPLIER0301,PROD0041,2025-02-25,943.7186753740839,1775.1905086274098,1386688.1152235963,Delivered
PO0302,SUPPLIER0302,PROD0126,2026-07-20,182.83925645422835,6568.939320318009,1381302.5367060907,Cancelled
PO0303,SUPPLIER0303,PROD0126,2025-07-12,1426.8541072763062,13528.347645258013,18830101.56966437,Pending
PO0304,SUPPLIER0304,PROD0126,2025-06-07,372.64452048343645,13556.16046597089,4893173.6643017335,Delivered
PO0305,SUPPLIER0305,PROD0126,2025-06-20,1919.6144730430965,13362.440200451081,25141502.621452264,Delivered
PO0306,SUPPLIER0306,PROD0126,2026-08-14,1806.6490231137054,5824.532190820106,11149119.530619046,In Transit
PO0307,SUPPLIER0307,PROD0126,2026-02-05,853.2981340228037,21417.898500182233,18586366.51584783,In Transit
PO0308,SUPPLIER0308,PROD0126,2025-05-28,1154.380712960256,15674.456426418925,17287367.804840248,In Transit
PO0309,SUPPLIER0309,PROD0126,2026-05-26,570.6767460078277,4250.099622325653,2457014.550848721,Delivered
PO0310,SUPPLIER0310,PROD0126,2025-04-13,2423.7429891983306,3458.9849781740973,8395620.2826842,Delivered
PO0311,SUPPLIER0311,PROD0126,2025-04-20,1217.7432127922928,13599.333194308767,16947713.698911764,Partially Received
PO0312,SUPPLIER0312,PROD0126,2025-08-03,239.75747641847974,10621.283599448278,2743014.797911393,In Transit
PO0313,SUPPLIER0313,PROD0126,2025-10-18,539.0935488926343,18099.153076553852,9248547.631884685,Delivered
PO0314,SUPPLIER0314,PROD0126,2026-01-24,1164.3700111090259,2416.962563085002,2492315.6657179007,In Transit
PO0315,SUPPLIER0315,PROD0126,2025-04-15,1352.022255234165,4197.25757579575,5204421.220732197,In Transit
PO0316,SUPPLIER0316,PROD0038,2025-11-28,1275.6198183552276,15775.971160241621,20109307.916447148,Delivered
PO0317,SUPPLIER0317,PROD0038,2026-01-20,2256.2728854196994,24991.37534546347,55384742.053451344,Pending
PO0318,SUPPLIER0318,PROD0038,2025-03-19,403.992744279558,2085.0021918296243,766501.5606482169,Partially Received
PO0319,SUPPLIER0319,PROD0038,2025-07-23,2123.1633690343765,24031.76426697096,49117975.03769241,In Transit
PO0320,SUPPLIER0320,PROD0038,2026-08-04,945.767293433763,16283.346164675986,15828150.970122341,Delivered
PO0321,SUPPLIER0321,PROD0038,2026-03-10,1075.7541379816191,5790.981474935528,5386550.147234881,In Transit
PO0322,SUPPLIER0322,PROD0038,2025-07-04,890.8404452125142,21915.484184005207,18807416.036092605,Delivered
PO0323,SUPPLIER0323,PROD0038,2025-02-09,1471.1318148290945,11845.373951966198,16237649.321472099,Pending
PO0324,SUPPLIER0324,PROD0038,2025-07-10,1960.5547179123175,14206.30519449314,26876787.11670476,Delivered
PO0325,SUPPLIER0325,PROD0038,2025-06-27,2210.744346632505,1036.7820520836976,1827624.8543822367,Pending
PO0326,SUPPLIER0326,PROD0038,2026-05-09,168.42341381158457,22074.55499045573,3421569.3738535903,Partially Received
PO0327,SUPPLIER0327,PROD0038,2026-07-19,1707.4101552401844,6243.600873131574,10958894.207728121,Delivered
PO0328,SUPPLIER0328,PROD0038,2026-06-01,1406.561547216339,14131.663509191781,19416166.52954677,Partially Received
PO0329,SUPPLIER0329,PROD0038,2025-08-25,340.30225509824317,6262.224933019107,2189342.927855958,Pending
PO0330,SUPPLIER0330,PROD0155,2025-01-06,767.1561310123932,14592.975192946067,10870687.24213142,Delivered
PO0331,SUPPLIER0331,PROD0155,2025-11-15,1005.5117977921356,11359.533573715695,11572576.955126835,Partially Received
PO0332,SUPPLIER0332,PROD0155,2026-07-22,1225.3890467108918,15373.433158615937,18625332.626124844,Delivered
PO0333,SUPPLIER0333,PROD0155,2025-05-16,871.6653465836216,8010.131318731641,7467960.655240774,Pending
PO0334,SUPPLIER0334,PROD0155,2025-02-16,1578.8710487883034,20291.992684293124,32405364.506397244,Delivered
PO0335,SUPPLIER0335,PROD0155,2026-07-15,1451.7796657453823,9979.979702159866,13814867.667844968,Delivered
PO0336,SUPPLIER0336,PROD0155,2025-04-29,292.2485494949101,2708.4502392415116,732588.7052793038,Partially Received
PO0337,SUPPLIER0337,PROD0155,2026-07-21,834.1090539239476,14447.84153988028,12502221.470161075,Partially Received
PO0338,SUPPLIER0338,PROD0155,2025-04-20,2297.270618082227,7444.122605961311,15920637.652371211,Delivered
PO0339,SUPPLIER0339,PROD0155,2025-05-07,1730.6959091449714,25038.57927771241,44541427.01205934,In Transit
PO0340,SUPPLIER0340,PROD0155,2026-03-16,900.293188542625,20737.283644370105,18724612.936088316,In Transit
PO0341,SUPPLIER0341,PROD0155,2026-05-29,1345.3771289328508,8376.686856043048,10899967.653825033,Delivered
PO0342,SUPPLIER0342,PROD0155,2025-04-13,926.3445426383826,25872.5996000176,26297914.844339225,Pending
PO0343,SUPPLIER0343,PROD0002,2025-02-17,2361.6943272863696,4743.927919912896,11682241.31820909,Partially Received
PO0344,SUPPLIER0344,PROD0002,2026-07-29,2354.695091565663,4690.085566463856,11435933.800136514,Delivered
PO0345,SUPPLIER0345,PROD0002,2026-04-19,635.3556243186407,20483.24769440061,12709468.59702989,Delivered
PO0346,SUPPLIER0346,PROD0002,2025-12-09,1660.764450118402,21911.33422821263,36129811.397781305,Delivered
PO0347,SUPPLIER0347,PROD0002,2026-02-05,950.2059670490565,12728.377675725913,12844990.479329124,Delivered
PO0348,SUPPLIER0348,PROD0002,2025-04-04,1440.8670815855164,22630.319417224375,31566738.47924719,Pending
PO0349,SUPPLIER0349,PROD0002,2025-02-01,1293.5626096698898,12789.742697075886,16477907.306653071,Partially Received
PO0350,SUPPLIER0350,PROD0002,2025-09-05,661.8604747345629,6534.204277722168,4200929.550623801,Partially Received
PO0351,SUPPLIER0351,PROD0002,2025-12-16,2304.9914269110095,25889.9241507489,57711046.05249411,In Transit
PO0352,SUPPLIER0352,PROD0002,2026-02-12,886.0959311289137,5360.462585208622,4988666.111723799,In Transit
PO0353,SUPPLIER0353,PROD0002,2025-08-21,1361.9199362380064,17855.3219135081,23727161.882953934,Partially Received
PO0354,SUPPLIER0354,PROD0002,2025-10-01,1071.5783876508444,15629.271798619364,15747422.529846333,Partially Received
PO0355,SUPPLIER0355,PROD0002,2025-09-07,1049.6400060586325,6722.303473306433,6724220.002929823,Delivered
PO0356,SUPPLIER0356,PROD0163,2025-12-01,552.9721950581024,8013.411624455964,4728525.313023423,Partially Received
PO0357,SUPPLIER0357,PROD0163,2025-09-18,1215.7766932345987,3864.507580202415,4426652.499664369,In Transit
PO0358,SUPPLIER0358,PROD0163,2025-01-26,712.5273118252647,1245.3348823263118,562182.9132719585,Pending
PO0359,SUPPLIER0359,PROD0163,2025-12-07,1788.67702148173,4330.666454480676,7208085.115219473,Delivered
PO0360,SUPPLIER0360,PROD0163,2025-07-28,2115.367033977535,4352.714052303361,8420288.268279405,Delivered
PO0361,SUPPLIER0361,PROD0163,2026-08-15,1011.4086078549917,13460.991448638255,12678132.782648947,Delivered
PO0362,SUPPLIER0362,PROD0163,2025-02-22,1442.8174992567783,16189.083257690863,23462997.042469356,In Transit
PO0363,SUPPLIER0363,PROD0163,2025-07-29,2354.4375187280134,5601.1845278443125,12786982.313287456,Delivered
PO0364,SUPPLIER0364,PROD0163,2026-06-18,2115.307866408624,9124.383030003495,18008760.320807166,Pending
PO0365,SUPPLIER0365,PROD0163,2026-05-27,814.0971567407645,21737.851601113885,16359011.382803159,Delivered
PO0366,SUPPLIER0366,PROD0163,2026-06-05,1165.4755215427708,19499.043628844076,22351419.65947708,Pending
PO0367,SUPPLIER0367,PROD0163,2026-05-28,1517.7154088672544,26010.777372385117,40629086.53603318,Partially Received
PO0368,SUPPLIER0368,PROD0163,2026-05-28,1064.6831478498489,8800.517654304065,8952439.794495942,In Transit
PO0369,SUPPLIER0369,PROD0026,2025-11-27,615.3544257249491,14685.190707017833,9268452.614968188,Delivered
PO0370,SUPPLIER0370,PROD0026,2026-02-23,1387.3191155506368,21515.096205329304,29067977.863524653,Pending
PO0371,SUPPLIER0371,PROD0026,2025-04-24,1071.6893173997312,15993.16067163843,16501438.811151821,Partially Received
PO0372,SUPPLIER0372,PROD0026,2025-11-25,699.3214578130127,5161.141690822605,3434325.294799931,Delivered
PO0373,SUPPLIER0373,PROD0026,2025-04-07,1906.336992004118,9367.926978338439,17989733.07789932,Pending
PO0374,SUPPLIER0374,PROD0026,2026-01-04,1350.1257789536257,23475.641540506687,30482729.728439942,Delivered
PO0375,SUPPLIER0375,PROD0026,2025-01-29,2279.8836224182637,7611.038070328666,18210389.448177155,Delivered
PO0376,SUPPLIER0376,PROD0026,2025-07-06,944.5654986083113,18849.644223161828,17463056.814458787,Delivered
PO0377,SUPPLIER0377,PROD0026,2025-02-27,2239.94282234601,17700.640200823018,38310876.51439221,Delivered
PO0378,SUPPLIER0378,PROD0026,2026-04-13,2083.203232114637,9590.225645209737,20553017.21010636,In Transit
PO0379,SUPPLIER0379,PROD0026,2025-12-23,600.7995638077095,7743.203391306925,4658944.532774805,Delivered
PO0380,SUPPLIER0380,PROD0026,2025-01-30,308.3456651825573,21971.80093247742,6597912.421279531,Delivered
PO0381,SUPPLIER0381,PROD0026,2026-06-20,1153.5536619827253,1006.7728464340033,863369.8989321573,Delivered
PO0382,SUPPLIER0382,PROD0170,2025-09-13,1768.2661242510114,9974.193624327863,17261321.416838653,Delivered
PO0383,SUPPLIER0383,PROD0170,2025-08-29,1425.9538520722485,4763.907716227193,6762092.737539947,Partially Received
PO0384,SUPPLIER0384,PROD0170,2026-02-05,897.1401987030087,3853.381339828517,3573304.4262320646,Partially Received
PO0385,SUPPLIER0385,PROD0170,2025-04-25,1631.6639589965557,23367.718023537724,38073394.672913164,Partially Received
PO0386,SUPPLIER0386,PROD0170,2026-07-17,1570.8288906703772,10072.205044145256,16079815.847821405,Delivered
PO0387,SUPPLIER0387,PROD0170,2025-12-02,1404.1063450768668,13242.024990790804,19589582.740114924,In Transit
PO0388,SUPPLIER0388,PROD0170,2026-05-21,891.5009930043831,15092.482596580796,13285627.31253103,Partially Received
PO0389,SUPPLIER0389,PROD0170,2025-12-12,1198.4765967582807,19493.81381731756,22574661.558980078,Delivered
PO0390,SUPPLIER0390,PROD0170,2025-11-18,1318.8859275306486,4972.944475630328,6409519.355077684,Delivered
PO0391,SUPPLIER0391,PROD0170,2025-05-01,1143.157278832032,16877.35900360579,19579806.867741626,Delivered
PO0392,SUPPLIER0392,PROD0170,2025-11-29,1644.131430970484,3906.4729944260425,6701020.394144993,Delivered
PO0393,SUPPLIER0393,PROD0170,2025-09-01,33.49776544525402,20464.034340324688,552407.1901200741,In Transit
PO0394,SUPPLIER0394,PROD0170,2026-02-15,989.2358073078527,12140.666054488265,10861361.00647877,In Transit
PO0395,SUPPLIER0395,PROD0045,2026-01-15,1294.7241608669067,12975.164961982355,16261734.843115197,Pending
PO0396,SUPPLIER0396,PROD0045,2025-02-17,1053.7839304343802,4529.959492887924,4591917.292446786,Delivered
PO0397,SUPPLIER0397,PROD0045,2025-03-19,831.2483812240613,11661.903008037749,9832351.522092776,Delivered
PO0398,SUPPLIER0398,PROD0045,2026-07-06,167.8283449229023,23967.22164742072,3817845.9070311585,Partially Received
PO0399,SUPPLIER0399,PROD0045,2025-06-11,1502.7870586799309,13441.67798517319,19849619.989343688,Partially Received
PO0400,SUPPLIER0400,PROD0045,2025-04-14,1787.2919703872997,19427.672104264915,35502124.53697887,Delivered
PO0401,SUPPLIER0401,PROD0045,2025-12-14,2144.0289376211385,12415.615020659096,25020381.30989139,Pending
PO0402,SUPPLIER0402,PROD0045,2026-07-23,737.9428463129618,7843.787672570894,5971398.42060787,Delivered
PO0403,SUPPLIER0403,PROD0045,2026-02-25,1660.8963238241722,6410.116326436952,10208785.51382509,Partially Received
PO0404,SUPPLIER0404,PROD0045,2026-07-27,1625.5037729391481,23372.387906152646,37303930.796627745,Delivered
PO0405,SUPPLIER0405,PROD0045,2025-11-04,1155.9617799880753,25962.011515491777,31316526.848576613,Partially Received
PO0406,SUPPLIER0406,PROD0045,2026-06-08,391.3483221995048,25493.905034923155,11573544.391780263,Delivered
PO0407,SUPPLIER0407,PROD0045,2025-12-17,1715.9955416805992,9079.849090301479,15315952.136628535,In Transit
PO0408,SUPPLIER0408,PROD0017,2025-05-24,1300.1932845433876,8934.725274929668,11803823.9743533,Delivered
PO0409,SUPPLIER0409,PROD0017,2025-04-27,814.9067199149728,20989.230875166035,16730637.258720573,Cancelled
PO0410,SUPPLIER0410,PROD0017,2025-07-20,918.3840216629781,25434.038040994394,24217331.90858132,In Transit
PO0411,SUPPLIER0411,PROD0017,2025-08-11,2422.9975853619276,17822.065065411567,44203107.38078368,Delivered
PO0412,SUPPLIER0412,PROD0017,2025-11-25,1946.770266850939,5046.931994771263,8977942.028659215,Delivered
PO0413,SUPPLIER0413,PROD0017,2026-04-24,935.2743032999283,18430.865491417517,17190625.680834644,Pending
PO0414,SUPPLIER0414,PROD0017,2025-07-01,735.4047525576865,15753.647527334013,11618813.979382895,Pending
PO0415,SUPPLIER0415,PROD0017,2025-12-31,180.8902166649111,4304.518326043824,797335.6239107678,Delivered
PO0416,SUPPLIER0416,PROD0017,2025-03-22,1000.8886830650647,10927.79135608138,10152594.67375383,Cancelled
PO0417,SUPPLIER0417,PROD0017,2025-10-05,1191.4657994016532,11494.711723221515,14654582.343844721,Delivered
PO0418,SUPPLIER0418,PROD0017,2025-11-08,1694.8451413538753,17081.07224143984,28882759.69111084,In Transit
PO0419,SUPPLIER0419,PROD0017,2026-02-23,1089.0962254320148,17351.457313609622,19258130.543285094,In Transit
PO0420,SUPPLIER0420,PROD0017,2025-01-15,1447.0926121134264,4875.644131617663,7686704.113827191,Partially Received
PO0421,SUPPLIER0421,PROD0076,2026-08-10,1446.854653459821,8337.614275129295,12161874.898198832,Delivered
PO0422,SUPPLIER0422,PROD0076,2025-12-10,2136.2389577753866,5102.348624250579,10755160.50626553,Partially Received
PO0423,SUPPLIER0423,PROD0076,2025-10-17,2225.410471679498,19178.21920640567,41311541.59778784,Pending
PO0424,SUPPLIER0424,PROD0076,2025-04-09,1308.7942188084508,8136.622474597987,10749298.866618441,Delivered
PO0425,SUPPLIER0425,PROD0076,2025-05-26,831.2041164717542,15944.769096703962,13702696.715077145,In Transit
PO0426,SUPPLIER0426,PROD0076,2025-12-16,2311.328289223536,17550.898082628104,40053016.65800593,Delivered
PO0427,SUPPLIER0427,PROD0076,2026-08-04,908.3218259062058,24675.521152872792,21810781.290573183,Cancelled
PO0428,SUPPLIER0428,PROD0076,2025-11-22,2009.8691999219234,23875.375116838804,47056546.34952294,Pending
PO0429,SUPPLIER0429,PROD0076,2025-02-20,2450.9270641195603,4311.508214376335,12224949.220527606,Partially Received
PO0430,SUPPLIER0430,PROD0076,2025-05-29,1460.8734110848493,16760.780746708988,24586749.858051017,In Transit
PO0431,SUPPLIER0431,PROD0076,2026-05-26,371.3127208740331,10923.42760772706,4271609.5742009925,Pending
PO0432,SUPPLIER0432,PROD0076,2025-02-06,1451.4945897834616,1211.5257518392762,728197.0828803395,Pending
PO0433,SUPPLIER0433,PROD0076,2026-02-06,964.7693796115517,8032.633273995812,7522421.5812933,Delivered
PO0434,SUPPLIER0434,PROD0078,2026-08-04,137.55723726313602,17728.459067359647,2404307.135707976,Cancelled
PO0435,SUPPLIER0435,PROD0078,2026-08-26,1253.1318504566082,13442.578870572406,17534273.577128798,Pending
PO0436,SUPPLIER0436,PROD0078,2026-01-25,1072.6242452968413,21917.7733386426,22619664.991393067,Delivered
PO0437,SUPPLIER0437,PROD0078,2025-08-27,1751.8942872058076,18213.06989511321,32002337.96211799,Delivered
PO0438,SUPPLIER0438,PROD0078,2026-04-07,354.87537458813915,16283.893960753152,5780578.998000143,Partially Received
PO0439,SUPPLIER0439,PROD0078,2025-11-29,290.77619019540805,2708.947436662075,465592.8546499074,Pending
PO0440,SUPPLIER0440,PROD0078,2025-01-17,277.9253169979426,21648.042015179,5629016.5904352525,In Transit
PO0441,SUPPLIER0441,PROD0078,2026-04-02,1463.1454578654286,20900.094575948533,29819062.92261037,Partially Received
PO0442,SUPPLIER0442,PROD0078,2026-01-08,1800.6041373832097,12815.768660175423,22303819.774757024,Pending
PO0443,SUPPLIER0443,PROD0078,2025-04-27,1171.1035226486301,6532.352960839546,7394590.981849854,Delivered
PO0444,SUPPLIER0444,PROD0078,2025-07-07,1451.8626418941626,1537.6100375335384,1450742.0433522535,In Transit
PO0445,SUPPLIER0445,PROD0078,2025-07-19,2478.616122870124,18188.003319386222,47583345.11941272,Pending
PO0446,SUPPLIER0446,PROD0078,2025-06-29,2198.5546398045944,9868.400260092878,20009137.49197211,Partially Received
PO0447,SUPPLIER0447,PROD0176,2025-05-16,2300.073095868406,18513.574414505933,41038904.23265229,Delivered
PO0448,SUPPLIER0448,PROD0176,2026-07-22,1998.6463712051245,5603.788337675998,11119944.461573089,Delivered
PO0449,SUPPLIER0449,PROD0176,2025-10-01,1704.1431569747685,2900.838894450931,4943141.953369523,Partially Received
PO0450,SUPPLIER0450,PROD0176,2026-02-05,1446.880849165089,1598.3255852567206,1747199.4029864606,Partially Received
PO0451,SUPPLIER0451,PROD0176,2025-10-14,1113.9181249777123,14489.976870236076,16444082.723138213,Delivered
PO0452,SUPPLIER0452,PROD0176,2025-05-30,1194.5237539977354,23782.267782860188,27545930.12818753,Pending
PO0453,SUPPLIER0453,PROD0176,2026-06-16,2471.098212579591,11309.527450176422,29992820.67159783,In Transit
PO0454,SUPPLIER0454,PROD0176,2025-01-20,1127.594661260511,13168.516863145698,15064399.472452534,Pending
PO0455,SUPPLIER0455,PROD0176,2026-03-17,1866.696673708299,10415.437882030152,18851065.685110617,Partially Received
PO0456,SUPPLIER0456,PROD0176,2025-01-09,602.3655868391643,18155.859049666204,11153164.500856569,Delivered
PO0457,SUPPLIER0457,PROD0176,2025-07-20,977.3053068194944,2251.9580540454576,1812566.775924439,Cancelled
PO0458,SUPPLIER0458,PROD0176,2026-01-08,624.3322474182867,20274.157538684965,11415228.660598364,Cancelled
PO0459,SUPPLIER0459,PROD0176,2025-04-04,1683.6257391521767,16069.213293653573,28530612.863628667,Delivered
PO0460,SUPPLIER0460,PROD0118,2025-10-22,1261.2446033012163,8668.962020158851,11261959.733477434,Delivered
PO0461,SUPPLIER0461,PROD0118,2025-01-26,1420.069551791288,6910.701914145591,9652474.88841327,In Transit
PO0462,SUPPLIER0462,PROD0118,2025-12-22,1722.809777627842,19186.237761184173,32899196.763763353,Partially Received
PO0463,SUPPLIER0463,PROD0118,2026-08-12,543.4841233176892,6453.642348891273,3897919.950281546,In Transit
PO0464,SUPPLIER0464,PROD0118,2026-05-20,1369.7659284528986,14395.708585150565,19985794.473859616,In Transit
PO0465,SUPPLIER0465,PROD0118,2025-08-15,926.2925733894676,11228.669392758655,11064371.053040199,Delivered
PO0466,SUPPLIER0466,PROD0118,2026-08-17,1478.8015843442952,19547.151425835655,28547410.942440014,Partially Received
PO0467,SUPPLIER0467,PROD0118,2025-10-08,799.4392251738722,12518.838381770684,9525809.356680524,Delivered
PO0468,SUPPLIER0468,PROD0118,2026-08-02,55.415816724308584,7364.704690062635,266755.06894201005,Delivered
PO0469,SUPPLIER0469,PROD0118,2026-02-07,1222.6509942561095,8240.987965555529,9116046.804822724,Cancelled
PO0470,SUPPLIER0470,PROD0118,2025-04-06,781.9143335101968,11683.099748022702,9588635.924337987,In Transit
PO0471,SUPPLIER0471,PROD0118,2026-07-06,225.6848506637959,12385.337694367287,2657070.3432623525,Pending
PO0472,SUPPLIER0472,PROD0118,2026-05-10,1072.024580913893,7124.029256096957,7221669.977579514,Delivered
PO0473,SUPPLIER0473,PROD0025,2025-12-13,1454.5373825524566,8394.11085399627,11962235.29521829,Partially Received
PO0474,SUPPLIER0474,PROD0025,2025-05-07,1469.6021921768838,7903.155875026326,11491572.216020864,In Transit
PO0475,SUPPLIER0475,PROD0025,2026-03-27,826.9360288829683,17593.656341694816,14992356.577745868,In Transit
PO0476,SUPPLIER0476,PROD0025,2026-08-09,1416.3188115024243,25274.48355326023,35863558.82275074,Delivered
PO0477,SUPPLIER0477,PROD0025,2025-06-21,2072.2569075427928,9345.69608836498,19660926.775949076,Delivered
PO0478,SUPPLIER0478,PROD0025,2025-04-08,1123.3119686990105,19001.507448984554,22237137.29195252,In Transit
PO0479,SUPPLIER0479,PROD0025,2025-01-25,1777.7345542110547,16274.184526323754,30004031.676055267,Pending
PO0480,SUPPLIER0480,PROD0025,2025-01-09,2291.796067917953,10209.77393626238,22580330.695955504,Delivered
PO0481,SUPPLIER0481,PROD0025,2025-07-30,1042.707995515994,14976.224246635258,14895793.085316094,Cancelled
PO0482,SUPPLIER0482,PROD0025,2026-07-19,1818.6578048480153,4747.347605280248,8975041.938251276,In Transit
PO0483,SUPPLIER0483,PROD0025,2026-07-03,865.9445182324935,11151.93243281887,9768830.711896967,Pending
PO0484,SUPPLIER0484,PROD0025,2025-11-20,693.7130201264088,9970.684304741768,7251235.833027993,Delivered
PO0485,SUPPLIER0485,PROD0025,2025-05-24,2243.421013730972,18419.03482475173,40888811.32933594,In Transit
PO0486,SUPPLIER0486,PROD0097,2025-03-16,1129.7641206685498,12925.041954481489,15074717.146867743,Partially Received
PO0487,SUPPLIER0487,PROD0097,2025-11-29,791.2772431077532,1380.6065438129908,1028795.7019258329,Pending
PO0488,SUPPLIER0488,PROD0097,2026-01-04,1737.9579486141902,8814.915011920877,14602553.936441682,In Transit
PO0489,SUPPLIER0489,PROD0097,2026-08-20,1801.0365177017356,3968.2287299499403,7102520.968362392,Delivered
PO0490,SUPPLIER0490,PROD0097,2026-06-10,1293.8358403098077,12666.294112076745,16454944.204236042,Delivered
PO0491,SUPPLIER0491,PROD0097,2025-09-01,1676.3121443867026,11946.609811805441,20324372.86087643,In Transit
PO0492,SUPPLIER0492,PROD0097,2025-05-22,2069.938275785166,6997.588884794152,14907884.227504922,Partially Received
PO0493,SUPPLIER0493,PROD0097,2025-09-22,2391.4774455850747,10912.280589226297,26213790.299148127,Partially Received
PO0494,SUPPLIER0494,PROD0097,2025-01-07,1011.4695998303727,18915.236404754425,19742273.6359472,In Transit
PO0495,SUPPLIER0495,PROD0097,2025-01-24,1364.8221064868067,8699.768907257978,12102086.46483931,Delivered
PO0496,SUPPLIER0496,PROD0097,2025-01-30,1241.5051289438436,3080.3583584603384,3099917.8931894917,Delivered
PO0497,SUPPLIER0497,PROD0097,2026-01-23,431.0962059334927,19804.728944825525,8494176.914120292,Delivered
PO0498,SUPPLIER0498,PROD0097,2026-05-30,608.1648195320405,16816.309121850732,9970849.324688641,Pending
PO0499,SUPPLIER0499,PROD0063,2025-01-29,2429.45775226023,15447.622920348764,38018873.6152579,Delivered
PO0500,SUPPLIER0500,PROD0063,2026-05-25,1503.2687394501122,22208.935560156806,32491627.37452358,In Transit
PO0501,SUPPLIER0501,PROD0063,2026-04-01,1447.3356327445917,25296.458887602937,34952478.749139756,In Transit
PO0502,SUPPLIER0502,PROD0063,2025-02-10,2288.7933477708893,6051.805774207424,13598902.721260034,Partially Received
PO0503,SUPPLIER0503,PROD0063,2025-10-19,1059.69707401576,12435.630006574062,12930296.353523722,Partially Received
PO0504,SUPPLIER0504,PROD0063,2025-05-19,582.1713048626481,9714.082958077894,5673680.647860416,Partially Received
PO0505,SUPPLIER0505,PROD0063,2025-07-17,1476.9864715234385,10931.365263804006,15949173.077196525,Partially Received
PO0506,SUPPLIER0506,PROD0063,2025-05-10,1880.612495276218,9010.247617257424,17047831.885112654,In Transit
PO0507,SUPPLIER0507,PROD0063,2025-03-23,1216.7880900141797,19500.484173376164,23281183.73159164,Delivered
PO0508,SUPPLIER0508,PROD0063,2025-09-06,1317.5334508051822,8895.084822849683,11722867.967040304,Delivered
PO0509,SUPPLIER0509,PROD0063,2025-11-21,748.8622423275757,11689.994312785506,8421965.948415374,In Transit
PO0510,SUPPLIER0510,PROD0063,2026-08-31,876.7234564688505,13613.557816177432,11024683.016171943,In Transit
PO0511,SUPPLIER0511,PROD0063,2025-03-24,621.8784164737439,3542.7601765211657,2133187.380594027,In Transit
PO0512,SUPPLIER0512,PROD0031,2025-07-01,667.9699422718894,2925.583665626582,1890475.0613393171,Delivered
PO0513,SUPPLIER0513,PROD0031,2025-01-10,1801.934499429713,12926.784423596715,23320198.9948265,Pending
PO0514,SUPPLIER0514,PROD0031,2025-09-25,1353.053859114107,24238.884481699664,33428221.449829616,In Transit
PO0515,SUPPLIER0515,PROD0031,2026-02-06,1546.541396383337,6155.723699284043,9568842.315478764,Delivered
PO0516,SUPPLIER0516,PROD0031,2025-05-10,235.32667804529615,17163.392154590852,4068448.0878586336,Partially Received
PO0517,SUPPLIER0517,PROD0031,2026-07-29,532.3580037215414,4555.276871687464,2651310.148333038,In Transit
PO0518,SUPPLIER0518,PROD0031,2026-08-24,1616.3368131850846,11058.665057175233,17391286.121308234,Partially Received
PO0519,SUPPLIER0519,PROD0031,2026-05-06,1005.2174434712139,11559.024777724884,11136970.773465214,In Transit
PO0520,SUPPLIER0520,PROD0031,2026-06-25,1011.2499674275743,4304.489711590752,4175970.8275148715,Delivered
PO0521,SUPPLIER0521,PROD0031,2026-08-03,482.3395546249402,24914.749631544888,12602658.134587437,Delivered
PO0522,SUPPLIER0522,PROD0031,2025-08-07,379.5584273867634,14559.853151813568,5884281.515479621,In Transit
PO0523,SUPPLIER0523,PROD0031,2025-05-24,2382.796023306815,2638.132652983904,6350441.836757923,Partially Received
PO0524,SUPPLIER0524,PROD0031,2026-04-21,2306.7610187979503,16962.491691522988,38737546.63975186,Delivered
PO0525,SUPPLIER0525,PROD0181,2025-05-25,1695.3201548697791,8280.367464202778,13668955.310452752,In Transit
PO0526,SUPPLIER0526,PROD0181,2026-04-22,637.0840923021267,20136.738036883846,12716258.426379053,Delivered
PO0527,SUPPLIER0527,PROD0181,2025-01-18,2240.1628343035823,19769.20443313307,43886394.635642685,Delivered
PO0528,SUPPLIER0528,PROD0181,2026-01-27,1445.5927572378232,2803.8833632094693,3629597.3911843575,Delivered
PO0529,SUPPLIER0529,PROD0181,2026-02-16,1051.3348840972267,13909.076646190964,13625467.784922337,Cancelled
PO0530,SUPPLIER0530,PROD0181,2025-03-29,1165.5051563879185,1900.2831996603175,2127064.9309843443,Delivered
PO0531,SUPPLIER0531,PROD0181,2026-08-16,627.7677177933921,25502.89170282306,16110729.093947936,Delivered
PO0532,SUPPLIER0532,PROD0181,2026-07-14,1492.6285294189336,10899.557069878058,16418274.284359857,Delivered
PO0533,SUPPLIER0533,PROD0181,2026-08-27,1016.0391004186195,22467.59443301587,22414432.001302626,Pending
PO0534,SUPPLIER0534,PROD0181,2025-10-11,1678.018573457912,10010.161297169916,16281998.529288271,Delivered
PO0535,SUPPLIER0535,PROD0181,2026-04-18,1453.4184088476645,4843.406548321433,6828608.859734146,Delivered
PO0536,SUPPLIER0536,PROD0181,2025-01-10,1357.867447068891,14904.19773518346,21275408.605896015,Pending
PO0537,SUPPLIER0537,PROD0181,2025-06-15,232.63867163042949,10696.11671031701,2064981.9228439543,Cancelled
PO0538,SUPPLIER0538,PROD0168,2025-06-03,576.2887253395222,18035.719665157165,11031639.19449676,In Transit
PO0539,SUPPLIER0539,PROD0168,2025-04-27,927.1198276059167,23177.278403686152,21734355.02742641,Pending
PO0540,SUPPLIER0540,PROD0168,2025-01-02,344.4564144291929,26339.895274850074,11551558.70848307,Partially Received
PO0541,SUPPLIER0541,PROD0168,2026-02-20,433.62255290442016,4146.402819125207,1993076.757013067,Delivered
PO0542,SUPPLIER0542,PROD0168,2025-03-05,1311.1237283117266,12006.162541823673,16542974.435255272,In Transit
PO0543,SUPPLIER0543,PROD0168,2026-07-17,2434.7572956265712,21376.154756064152,51912174.12917978,Delivered
PO0544,SUPPLIER0544,PROD0168,2025-05-24,1374.3537627982898,11428.044212305489,15780581.390090285,Delivered
PO0545,SUPPLIER0545,PROD0168,2026-06-07,102.68185897905956,8496.363366454107,963875.7472380348,Partially Received
PO0546,SUPPLIER0546,PROD0168,2026-03-31,285.8991225746062,9329.802822933316,2652326.4103620877,Delivered
PO0547,SUPPLIER0547,PROD0168,2026-06-21,1185.1228453016056,1596.480682418318,1128164.5956448917,Delivered
PO0548,SUPPLIER0548,PROD0168,2026-05-02,2152.3898748738948,6921.8698019709045,14468149.703641027,Partially Received
PO0549,SUPPLIER0549,PROD0168,2025-01-13,917.6930491562769,15035.569795989713,13386429.364445169,Cancelled
PO0550,SUPPLIER0550,PROD0168,2026-01-22,1354.442562242448,4376.666046558373,5434618.461976308,Pending
PO0551,SUPPLIER0551,PROD0044,2026-02-09,316.9083400015492,2005.9421319970668,807408.3099535278,Delivered
PO0552,SUPPLIER0552,PROD0044,2026-01-06,1816.325936401032,7730.572514005647,13556470.777397284,Delivered
PO0553,SUPPLIER0553,PROD0044,2025-08-20,1801.0758735101801,17464.594241165025,31186480.049160592,Delivered
PO0554,SUPPLIER0554,PROD0044,2026-04-12,2400.3603353206536,7412.701041857765,19660835.30947631,In Transit
PO0555,SUPPLIER0555,PROD0044,2026-08-09,1296.6213784432541,21043.603125780377,27218544.657516744,Pending
PO0556,SUPPLIER0556,PROD0044,2026-05-03,1414.3374940810031,19083.246379973385,27465449.041900635,In Transit
PO0557,SUPPLIER0557,PROD0044,2025-08-31,1493.7096086436293,9738.11909209125,14772041.575372206,Pending
PO0558,SUPPLIER0558,PROD0044,2025-12-08,1610.1622312760794,23603.832189817313,39521572.07184286,In Transit
PO0559,SUPPLIER0559,PROD0044,2026-08-29,2383.050412800119,19511.795488551445,46404025.832963765,In Transit
PO0560,SUPPLIER0560,PROD0044,2026-08-12,1809.6886477905523,22121.242202980968,38743537.02366835,Pending
PO0561,SUPPLIER0561,PROD0044,2025-05-06,474.5787027396105,15239.106410264736,7153757.392480861,Partially Received
PO0562,SUPPLIER0562,PROD0044,2025-01-25,475.6924964781345,5573.0892792793475,2636849.8095151195,Pending
PO0563,SUPPLIER0563,PROD0044,2025-03-08,975.6522396239625,10832.568016711224,10989674.593284538,In Transit
PO0564,SUPPLIER0564,PROD0183,2025-02-10,1084.2011719385814,14135.891475062075,15220846.231349196,Partially Received
PO0565,SUPPLIER0565,PROD0183,2025-09-19,955.9804637929808,11312.417515210394,10247881.10908278,Delivered
PO0566,SUPPLIER0566,PROD0183,2026-08-02,837.8725458169791,26796.423084618564,26001974.9935441,Delivered
PO0567,SUPPLIER0567,PROD0183,2025-04-10,1537.883508216042,4515.646357990283,6556816.199858779,Partially Received
PO0568,SUPPLIER0568,PROD0183,2025-04-20,227.96119973211427,11559.681675312491,2958104.2750284094,In Transit
PO0569,SUPPLIER0569,PROD0183,2026-05-08,288.3896337604108,8165.930796268676,2732304.286174045,Partially Received
PO0570,SUPPLIER0570,PROD0183,2026-08-13,2114.6323666327467,2232.7652462816454,4396258.396342757,Delivered
PO0571,SUPPLIER0571,PROD0183,2025-01-22,380.6864569987741,25090.484301858065,11259758.371847698,Partially Received
PO0572,SUPPLIER0572,PROD0183,2025-01-25,911.3969795774394,26377.901295454056,27686657.249334324,In Transit
PO0573,SUPPLIER0573,PROD0183,2026-05-24,1414.1440863104942,11786.39486905013,16843992.297875185,Partially Received
PO0574,SUPPLIER0574,PROD0183,2026-05-13,1104.030385483015,19900.54026360113,23483554.200082395,In Transit
PO0575,SUPPLIER0575,PROD0183,2026-05-15,227.50038534574702,5038.629466453358,1385554.4394117757,Pending
PO0576,SUPPLIER0576,PROD0183,2025-12-30,588.3164144942306,3609.6848910101185,2181258.4408123367,Delivered
PO0577,SUPPLIER0577,PROD0060,2025-06-22,2386.5119586545466,13003.187135984486,30483743.764286794,Cancelled
PO0578,SUPPLIER0578,PROD0060,2026-05-16,1215.2138729649016,24692.442960480697,27851621.321513917,In Transit
PO0579,SUPPLIER0579,PROD0060,2025-02-10,1203.388689482112,9311.271439660077,9858145.105892131,Cancelled
PO0580,SUPPLIER0580,PROD0060,2026-05-23,871.7921275386778,17779.165610045544,15652651.655693324,Partially Received
PO0581,SUPPLIER0581,PROD0060,2025-10-16,1100.9404919657932,1758.1192463644745,1814470.3074683794,Delivered
PO0582,SUPPLIER0582,PROD0060,2025-12-26,961.134095777016,16194.877659538186,16373918.389395816,Partially Received
PO0583,SUPPLIER0583,PROD0060,2026-08-06,732.7309082627868,4074.3481048179306,2909913.6986367586,In Transit
PO0584,SUPPLIER0584,PROD0060,2026-02-16,793.7427215713011,2423.6741861266446,2048024.2112546535,Partially Received
PO0585,SUPPLIER0585,PROD0060,2025-05-24,1171.5860493586995,16270.975311074937,18967851.45342125,Delivered
PO0586,SUPPLIER0586,PROD0060,2026-07-26,1668.6672548977078,1329.4848186077134,1495054.1853064036,In Transit
PO0587,SUPPLIER0587,PROD0060,2025-03-12,1206.6196601486981,21135.769236094213,24921152.482765913,Delivered
PO0588,SUPPLIER0588,PROD0060,2025-02-20,1900.6526760821448,9484.7818982495,17673903.854566764,Partially Received
PO0589,SUPPLIER0589,PROD0060,2026-06-09,611.6037522268482,3562.9318634686438,2227336.390157606,In Transit
PO0590,SUPPLIER0590,PROD0143,2026-01-20,1243.299683908861,6922.221824052972,7651350.798795036,Pending
PO0591,SUPPLIER0591,PROD0143,2025-06-03,2406.0311299264317,13788.708201324585,33586703.49055133,Delivered
PO0592,SUPPLIER0592,PROD0143,2026-05-06,1658.1136402698853,12928.803425704695,21783650.75896491,Delivered
PO0593,SUPPLIER0593,PROD0143,2025-10-27,827.8973002545422,13762.328496324093,11214887.660544693,Delivered
PO0594,SUPPLIER0594,PROD0143,2025-05-17,952.2495201999739,24469.858355770102,23537053.25931216,In Transit
PO0595,SUPPLIER0595,PROD0143,2026-02-14,742.9940905931378,16804.60219727878,12866184.061907124,Delivered
PO0596,SUPPLIER0596,PROD0143,2025-01-25,961.5364869169964,6643.491446112799,6200974.9436267875,Cancelled
PO0597,SUPPLIER0597,PROD0143,2025-10-10,1573.8932330576652,6428.328488827451,9644309.612556705,Delivered
PO0598,SUPPLIER0598,PROD0143,2025-03-05,2160.0423326645664,7668.9592851111665,15898240.54494696,Pending
PO0599,SUPPLIER0599,PROD0143,2025-07-20,449.65130779473395,5079.874803433504,2609088.2136852117,Delivered
PO0600,SUPPLIER0600,PROD0143,2025-10-22,881.1141998512979,10204.9333114127,9659534.97038703,Partially Received
PO0601,SUPPLIER0601,PROD0143,2026-08-09,640.0170997169695,8191.925246293378,5571130.233922736,Delivered
PO0602,SUPPLIER0602,PROD0144,2025-01-24,657.2675479654241,22037.23175164903,14802422.83447338,Partially Received
PO0603,SUPPLIER0603,PROD0144,2025-07-24,1154.8246124101252,16993.915673284726,19648967.9124107,Delivered
PO0604,SUPPLIER0604,PROD0144,2026-08-22,2491.0977849941023,6778.756323406441,21622406.219299164,Pending
PO0605,SUPPLIER0605,PROD0144,2025-07-07,970.3477140983747,18944.334769451358,18852230.12070736,Partially Received
PO0606,SUPPLIER0606,PROD0144,2025-01-18,612.5905410324859,17792.73878831204,10060141.937975835,Pending
PO0607,SUPPLIER0607,PROD0144,2025-01-13,1395.6719119258278,26711.374224234492,40146120.70837591,In Transit
PO0608,SUPPLIER0608,PROD0144,2026-03-03,1205.840959270867,6953.57595792364,8467592.60901818,Partially Received
PO0609,SUPPLIER0609,PROD0144,2026-04-14,2109.4660358033784,16880.480718832918,34308113.97655655,In Transit
PO0610,SUPPLIER0610,PROD0144,2025-09-28,1934.7111175754756,1681.3192744482662,3004698.274615219,Pending
PO0611,SUPPLIER0611,PROD0144,2026-06-14,1907.2218316866008,12267.698249216239,23230904.36214019,Partially Received
PO0612,SUPPLIER0612,PROD0144,2025-07-25,1085.4064858767752,8635.264931716809,9360657.530236024,In Transit
PO0613,SUPPLIER0613,PROD0144,2025-10-11,130.2810606131766,14438.542602355006,1920337.2974347225,Delivered
PO0614,SUPPLIER0614,PROD0146,2026-07-09,1402.9171382363588,10762.882635962933,15164240.246692758,Partially Received
PO0615,SUPPLIER0615,PROD0146,2026-05-11,908.128481243643,9524.876126709367,8147293.899098606,Pending
PO0616,SUPPLIER0616,PROD0146,2025-09-05,402.19500094542224,10716.08088260955,5231461.416527198,In Transit
PO0617,SUPPLIER0617,PROD0146,2025-07-02,1205.9413161783023,15394.109144590715,18141519.47036553,Delivered
PO0618,SUPPLIER0618,PROD0146,2025-05-03,57.69191940257709,13414.54692461695,541779.337790107,Partially Received
PO0619,SUPPLIER0619,PROD0146,2025-12-06,547.6187275395075,7738.241678916299,4687263.798145518,Pending
PO0620,SUPPLIER0620,PROD0146,2025-07-04,1843.3229996334792,17368.326611827906,31468882.00783591,Delivered
PO0621,SUPPLIER0621,PROD0146,2025-05-09,701.594668475894,20242.901270171464,13873220.857736379,Delivered
PO0622,SUPPLIER0622,PROD0146,2025-08-23,1803.637572263682,9811.872539667056,17043168.39584888,Delivered
PO0623,SUPPLIER0623,PROD0146,2026-05-03,1697.097854088209,14249.898535031982,24937177.198246956,In Transit
PO0624,SUPPLIER0624,PROD0146,2025-10-06,1570.5281126270863,2174.842524915951,3013154.7069428903,Delivered
PO0625,SUPPLIER0625,PROD0146,2026-04-17,2058.0748431552934,26208.412926245546,54033994.82784325,Delivered
PO0626,SUPPLIER0626,PROD0159,2025-03-12,2451.709534704393,8672.117501681572,22807845.46193941,Pending
PO0627,SUPPLIER0627,PROD0159,2026-03-16,180.1461966617857,9465.69442372799,1698357.5915507977,Partially Received
PO0628,SUPPLIER0628,PROD0159,2025-12-26,2033.4846835503245,17872.545873759726,36211505.647213005,Delivered
PO0629,SUPPLIER0629,PROD0159,2025-01-17,282.8785224931015,19982.341535464395,5413875.94805955,Delivered
PO0630,SUPPLIER0630,PROD0159,2025-08-15,1626.6369135764974,9271.170905561481,15341046.959970567,Partially Received
PO0631,SUPPLIER0631,PROD0159,2025-11-21,2362.7230273532527,5505.010121785004,12821620.118295474,Partially Received
PO0632,SUPPLIER0632,PROD0159,2025-09-22,1143.2878092566345,8747.158851116563,10052535.869277924,Delivered
PO0633,SUPPLIER0633,PROD0159,2026-06-06,1195.8710941870622,17944.966046935726,21978100.993409246,In Transit
PO0634,SUPPLIER0634,PROD0159,2025-08-17,378.1093646169094,3835.849686041986,1556697.1636791166,In Transit
PO0635,SUPPLIER0635,PROD0159,2025-01-25,1122.522741795454,3996.375504568716,4215254.958151022,Delivered
PO0636,SUPPLIER0636,PROD0159,2026-01-30,877.5967120487131,13574.743541820166,11933102.445704896,Pending
PO0637,SUPPLIER0637,PROD0159,2026-01-21,1723.9178755890762,3750.7399994770417,6865170.690158011,In Transit
PO0638,SUPPLIER0638,PROD0053,2025-02-12,2243.9925511940846,12101.988273339486,25481596.839425743,Delivered
PO0639,SUPPLIER0639,PROD0053,2025-11-21,373.377446285525,2007.9153817412855,685284.7310263317,Delivered
PO0640,SUPPLIER0640,PROD0053,2025-11-22,1796.7395324899223,11857.896967971903,21629496.25184158,Delivered
PO0641,SUPPLIER0641,PROD0053,2026-05-31,1965.8106859291183,4642.1693623794135,9461136.09745702,Partially Received
PO0642,SUPPLIER0642,PROD0053,2026-05-11,2159.6601095303313,5236.699989004877,10631254.699198743,Partially Received
PO0643,SUPPLIER0643,PROD0053,2026-01-03,2085.821606423427,7699.026560310763,15770234.917456996,In Transit
PO0644,SUPPLIER0644,PROD0053,2025-10-03,990.3913569140879,19856.77727323314,18996100.604686704,Partially Received
PO0645,SUPPLIER0645,PROD0053,2026-08-26,1296.4014400394403,20693.788026600374,27362277.57690356,Delivered
PO0646,SUPPLIER0646,PROD0053,2026-05-26,267.0996154865237,11794.322493683369,3340568.3603273723,In Transit
PO0647,SUPPLIER0647,PROD0053,2026-01-04,1406.2709623088742,13441.666961156838,18148029.918551788,In Transit
PO0648,SUPPLIER0648,PROD0053,2025-08-24,1097.7465743742437,21374.725097310406,23425080.685615227,Delivered
PO0649,SUPPLIER0649,PROD0053,2026-06-29,1703.0377187508186,21804.8441066908,36326540.985757455,Partially Received
PO0650,SUPPLIER0650,PROD0093,2025-05-24,992.2767408876862,11345.919919742499,11160240.211534742,Partially Received
PO0651,SUPPLIER0651,PROD0093,2026-03-20,883.8066838223123,2460.1760948716787,1908265.4974315702,Delivered
PO0652,SUPPLIER0652,PROD0093,2025-08-26,167.46866525283284,22598.400919987867,4024174.2731278394,Delivered
PO0653,SUPPLIER0653,PROD0093,2025-05-09,1954.4884496938753,15970.48158854518,30389206.490635518,Pending
PO0654,SUPPLIER0654,PROD0093,2025-04-13,1048.824503431872,2272.5212770512,1973999.5528186457,Pending
PO0655,SUPPLIER0655,PROD0093,2026-04-05,635.871913430264,15499.044260986173,10004007.152179541,Delivered
PO0656,SUPPLIER0656,PROD0093,2025-12-28,1317.5306887772895,11344.637092013858,15828997.327341821,Delivered
PO0657,SUPPLIER0657,PROD0093,2025-07-27,1853.61997756625,13992.471323752978,25537386.28584878,Delivered
PO0658,SUPPLIER0658,PROD0093,2025-10-02,1484.114074487535,5191.037832234378,7526783.283632822,In Transit
PO0659,SUPPLIER0659,PROD0093,2025-05-14,480.53783782257256,20681.955686929017,9344913.198284965,Pending
PO0660,SUPPLIER0660,PROD0093,2025-10-02,1101.1142298319255,3542.518259065874,3597434.14365348,Delivered
PO0661,SUPPLIER0661,PROD0093,2025-12-25,618.1033389058914,2977.4514420846226,1626894.2226539424,Delivered
PO0662,SUPPLIER0662,PROD0050,2025-03-06,795.5890825171045,26863.019055124936,24478420.493709024,Delivered
PO0663,SUPPLIER0663,PROD0050,2026-05-20,887.996831616977,8167.3787398075065,7202465.95414082,Partially Received
PO0664,SUPPLIER0664,PROD0050,2025-11-16,1630.1374644189252,12544.933863585922,21066692.024498574,Partially Received
PO0665,SUPPLIER0665,PROD0050,2025-06-23,1603.918844802295,4769.93651022715,7840598.855113427,Delivered
PO0666,SUPPLIER0666,PROD0050,2025-09-27,1000.5106639638593,10371.286568084197,10426403.69333534,In Transit
PO0667,SUPPLIER0667,PROD0050,2026-08-17,912.7376544608138,20692.31230232199,19359492.67082168,In Transit
PO0668,SUPPLIER0668,PROD0050,2025-10-20,1383.6872733517584,6203.780914417644,8485945.744926974,Delivered
PO0669,SUPPLIER0669,PROD0050,2025-03-24,1387.9190749388067,12069.36115392397,16551610.404174546,In Transit
PO0670,SUPPLIER0670,PROD0050,2026-07-16,1315.9015666815662,9001.265806132527,11581370.571782332,Delivered
PO0671,SUPPLIER0671,PROD0050,2025-12-18,742.1504123731318,5168.372194004901,3265061.284337475,Partially Received
PO0672,SUPPLIER0672,PROD0050,2026-05-16,655.3895009015638,6416.376991108985,3939289.7892631916,Delivered
PO0673,SUPPLIER0673,PROD0050,2025-01-26,1721.4927283019465,11528.61782468839,20096486.580756653,Delivered
PO0674,SUPPLIER0674,PROD0116,2025-05-06,1461.1597843606758,4511.84616144028,6530439.1950654015,Partially Received
PO0675,SUPPLIER0675,PROD0116,2025-01-31,417.72352537139574,12782.996024494076,5526294.592086012,Delivered
PO0676,SUPPLIER0676,PROD0116,2025-01-27,1719.4134647602364,11188.03071634853,19411017.376737855,In Transit
PO0677,SUPPLIER0677,PROD0116,2025-11-27,1694.6595713427212,8079.350248481699,13964899.031986207,Pending
PO0678,SUPPLIER0678,PROD0116,2026-06-20,1815.9818595802408,2244.333439110915,3830661.4848711397,Delivered
PO0679,SUPPLIER0679,PROD0116,2025-04-27,1410.7778074397431,9371.419939599782,13446079.54920164,Pending
PO0680,SUPPLIER0680,PROD0116,2026-02-19,2178.2463665825,10980.920284088901,22849222.3382446,Pending
PO0681,SUPPLIER0681,PROD0116,2025-01-30,850.6127255695691,13608.407188590068,12051542.504033912,Delivered
PO0682,SUPPLIER0682,PROD0116,2025-07-14,1371.6685914788682,15353.274741699475,21559139.13400955,Partially Received
PO0683,SUPPLIER0683,PROD0116,2025-10-27,1427.117684063951,13903.475711591482,19288716.11957549,Pending
PO0684,SUPPLIER0684,PROD0116,2026-05-15,2456.6247277108337,11014.430635503955,28868557.127036307,In Transit
PO0685,SUPPLIER0685,PROD0116,2026-03-10,1319.2908817869861,17467.19101627132,20985880.93541289,Cancelled
PO0686,SUPPLIER0686,PROD0036,2025-01-25,2196.733111946484,17309.006216373604,36438166.39177089,Partially Received
PO0687,SUPPLIER0687,PROD0036,2026-01-17,2495.588111984896,2997.7662531303786,13326226.625081845,Cancelled
PO0688,SUPPLIER0688,PROD0036,2026-01-29,676.5649921636771,5120.863098860104,3119767.033178736,Delivered
PO0689,SUPPLIER0689,PROD0036,2026-05-21,1657.0926147201476,5458.414565130202,8424153.281293947,Delivered
PO0690,SUPPLIER0690,PROD0036,2026-02-10,1156.4095723679852,11426.71141617455,13588028.829573719,Delivered
PO0691,SUPPLIER0691,PROD0036,2025-11-18,493.9613057449581,15902.853157825082,7629614.800669767,Delivered
PO0692,SUPPLIER0692,PROD0036,2025-05-17,1063.3457960906494,11727.558068206938,12259086.285576496,Partially Received
PO0693,SUPPLIER0693,PROD0036,2026-03-11,1414.0423494413042,10212.733724103538,13738615.277164716,Pending
PO0694,SUPPLIER0694,PROD0036,2026-06-06,928.4281496534071,22772.699710497887,22635466.983934846,In Transit
PO0695,SUPPLIER0695,PROD0036,2025-04-20,1759.827479198544,9545.38489569008,16694699.771689925,Partially Received
PO0696,SUPPLIER0696,PROD0036,2025-05-03,2023.463718723826,7756.185127583989,15526574.864681106,Delivered
PO0697,SUPPLIER0697,PROD0036,2025-08-12,343.98861569993113,2313.042649403427,976712.1868531657,Delivered
PO0698,SUPPLIER0698,PROD0029,2026-06-16,1411.650394013311,22469.114037610354,30716828.013873287,Partially Received
PO0699,SUPPLIER0699,PROD0029,2025-03-20,1618.011460778996,5405.23237182313,8440711.366575906,Delivered
PO0700,SUPPLIER0700,PROD0029,2025-02-09,1746.4525471536217,20293.02810753256,36050645.62399928,Delivered
PO0701,SUPPLIER0701,PROD0029,2025-02-10,1815.2906214556986,25633.038503824446,46643012.04948773,Delivered
PO0702,SUPPLIER0702,PROD0029,2026-06-05,1429.6407975277411,10127.199791997466,14598947.127643682,Delivered
PO0703,SUPPLIER0703,PROD0029,2026-06-18,941.8300732550988,13753.25704383479,13344587.825794404,Delivered
PO0704,SUPPLIER0704,PROD0029,2025-11-25,61.51206565981395,20491.549324772026,1146747.2632728505,Delivered
PO0705,SUPPLIER0705,PROD0029,2025-09-09,1643.746049189368,15844.774066126976,27219135.979822364,In Transit
PO0706,SUPPLIER0706,PROD0029,2025-08-11,708.3047282814309,21391.625573226214,15018385.90735452,In Transit
PO0707,SUPPLIER0707,PROD0029,2026-01-10,1357.3007997742316,14215.08664208177,19177760.84008327,Pending
PO0708,SUPPLIER0708,PROD0029,2025-01-13,1398.1694099503852,15990.717064946422,21797511.19977282,Cancelled
PO0709,SUPPLIER0709,PROD0029,2025-01-14,1210.3193458882904,16530.34345616395,20051561.177469317,Partially Received
PO0710,SUPPLIER0710,PROD0138,2025-12-07,2230.0832814112464,9085.651908348236,19198343.831051726,In Transit
PO0711,SUPPLIER0711,PROD0138,2025-04-08,848.8574023507317,16890.93951600779,14679394.167354187,Delivered
PO0712,SUPPLIER0712,PROD0138,2025-08-15,1540.7419608043815,7248.7597371844,10737131.873981327,In Transit
PO0713,SUPPLIER0713,PROD0138,2026-08-15,2414.6184180682085,20099.5830733103,49346825.3597202,Pending
PO0714,SUPPLIER0714,PROD0138,2026-04-28,178.7865496051699,17431.052287712853,2792494.3345238874,Delivered
PO0715,SUPPLIER0715,PROD0138,2026-07-22,1553.785081916723,26081.74126142278,41572536.59863225,Delivered
PO0716,SUPPLIER0716,PROD0138,2025-08-13,1236.236275844285,15241.57988248176,18545172.548172142,Pending
PO0717,SUPPLIER0717,PROD0138,2025-02-27,483.4075142498421,3979.0020689319313,2097674.531424851,Delivered
PO0718,SUPPLIER0718,PROD0138,2026-01-26,1508.0514643870963,25233.009766850053,38203890.28741799,Delivered
PO0719,SUPPLIER0719,PROD0138,2026-05-17,1184.365797292006,12399.405041549624,15418942.360823432,Delivered
PO0720,SUPPLIER0720,PROD0138,2025-10-12,2075.5838365086875,24668.196369456167,51516293.806059696,In Transit
PO0721,SUPPLIER0721,PROD0138,2026-03-30,964.4461956633024,3205.5043475532934,2542378.868051207,In Transit
PO0722,SUPPLIER0722,PROD0081,2025-08-20,702.0946590014863,12218.984581860468,7630279.785574203,Delivered
PO0723,SUPPLIER0723,PROD0081,2025-11-30,1733.2151570621402,25724.898852201713,46389553.828445554,Delivered
PO0724,SUPPLIER0724,PROD0081,2025-09-22,437.4806356526244,27461.299983127275,22036872.736559693,Partially Received
PO0725,SUPPLIER0725,PROD0081,2026-02-20,899.1727373714587,7117.6604725708685,6334705.717147682,Delivered
PO0726,SUPPLIER0726,PROD0081,2026-08-27,1251.2476134854223,2003.982439950415,2273501.91526746,Delivered
PO0727,SUPPLIER0727,PROD0081,2025-12-06,2104.297510336082,14593.861803170901,29143035.01903426,Pending
PO0728,SUPPLIER0728,PROD0081,2025-01-13,960.1615263693158,6433.237508014145,6157487.16585091,Pending
PO0729,SUPPLIER0729,PROD0081,2026-07-30,896.4083431463672,8786.439453991727,7786291.708279168,In Transit
PO0730,SUPPLIER0730,PROD0081,2026-08-11,1172.279835541062,26641.416520648592,35345571.47432332,Delivered
PO0731,SUPPLIER0731,PROD0081,2025-01-23,1073.7760737322626,23419.71514976359,23974620.29801619,Delivered
PO0732,SUPPLIER0732,PROD0081,2026-04-26,2116.8546013894797,5319.427567508702,11132875.891835412,Pending
PO0733,SUPPLIER0733,PROD0081,2026-01-10,873.7214953277203,11379.93178968765,10661078.567775195,Delivered
PO0734,SUPPLIER0734,PROD0182,2026-08-18,1781.0652315498687,19212.292698492685,34585540.46913573,In Transit
PO0735,SUPPLIER0735,PROD0182,2025-03-28,464.67707533835255,918.2548379247312,191635.75363138545,Delivered
PO0736,SUPPLIER0736,PROD0182,2025-04-24,852.1003596996476,8825.538647391122,7536873.881001739,Delivered
PO0737,SUPPLIER0737,PROD0182,2025-07-31,1029.2805568780673,17752.765613461663,17990952.345811028,Delivered
PO0738,SUPPLIER0738,PROD0182,2025-10-20,794.7728671678982,21570.07030221761,15770540.682681512,Pending
PO0739,SUPPLIER0739,PROD0182,2025-05-10,33.34533007922127,7882.204260960676,483511.819653603,Delivered
PO0740,SUPPLIER0740,PROD0182,2026-08-11,1761.5688512403415,9999.307112435536,17445771.56505489,Delivered
PO0741,SUPPLIER0741,PROD0182,2025-11-27,2044.0037480552833,21692.165262014434,44673188.55100735,Delivered
PO0742,SUPPLIER0742,PROD0182,2025-03-27,830.9956558667559,12626.694261395285,10572952.69795428,Pending
PO0743,SUPPLIER0743,PROD0182,2025-12-22,1156.6494052572832,16964.137209587392,19162665.615539823,Pending
PO0744,SUPPLIER0744,PROD0182,2025-02-19,1079.8126121247626,8934.294196791527,9768954.369992265,In Transit
PO0745,SUPPLIER0745,PROD0182,2025-10-23,2004.32623245418,15620.797565092613,30955009.113102034,Delivered
PO0746,SUPPLIER0746,PROD0161,2026-06-10,800.8216143066652,13885.55590056261,10794770.125324493,Delivered
PO0747,SUPPLIER0747,PROD0161,2026-04-30,2347.3946622862672,3868.827547731296,8607142.248069758,Delivered
PO0748,SUPPLIER0748,PROD0161,2026-04-25,850.5793488872423,4861.646877714333,3623234.9924466764,Pending
PO0749,SUPPLIER0749,PROD0161,2025-01-31,637.2906514535715,14853.293473012729,9511387.93846331,In Transit
PO0750,SUPPLIER0750,PROD0161,2026-02-19,726.753263595588,11029.929921074137,7953716.818076909,In Transit
PO0751,SUPPLIER0751,PROD0161,2025-02-19,197.74828083171155,9876.556280238785,2044706.6699866534,Pending
PO0752,SUPPLIER0752,PROD0161,2025-11-22,946.430848449424,2117.35704197859,1832944.9257097004,Delivered
PO0753,SUPPLIER0753,PROD0161,2025-04-21,1590.1559582557434,7828.995304050867,11668399.636927957,Pending
PO0754,SUPPLIER0754,PROD0161,2026-03-17,512.4516947241044,1779.8539900429762,676033.8550062282,Partially Received
PO0755,SUPPLIER0755,PROD0161,2025-06-29,1050.5108696292748,16823.730955697192,17069265.12038841,Delivered
PO0756,SUPPLIER0756,PROD0161,2025-06-10,772.6159663181534,26079.568202915903,22934407.056903504,Pending
PO0757,SUPPLIER0757,PROD0161,2025-09-15,2428.526001832726,8229.304252610129,20076075.79804991,Partially Received
PO0758,SUPPLIER0758,PROD0079,2025-08-12,1193.3574374731566,13282.192253473018,15671512.112358186,Delivered
PO0759,SUPPLIER0759,PROD0079,2025-04-04,1408.6542026994318,24034.292524333887,32983437.524770044,Partially Received
PO0760,SUPPLIER0760,PROD0079,2026-04-28,2074.0944649704034,7888.735252429275,15551443.039952973,Partially Received
PO0761,SUPPLIER0761,PROD0079,2025-04-21,1301.4641237268202,12620.186033376665,15765252.742254576,Delivered
PO0762,SUPPLIER0762,PROD0079,2026-05-17,1640.059277527361,16139.995147938213,27337185.76634848,Delivered
PO0763,SUPPLIER0763,PROD0079,2026-08-04,1349.9877272107758,11457.68627666952,15700581.976922961,Delivered
PO0764,SUPPLIER0764,PROD0079,2026-03-18,125.6143170236195,17783.671868956215,2347029.4220802323,In Transit
PO0765,SUPPLIER0765,PROD0079,2025-12-01,1024.3544826140735,4950.925810901164,5240478.899679183,Partially Received
PO0766,SUPPLIER0766,PROD0079,2025-10-28,725.4296138051358,9570.981493852947,6924416.524529715,Cancelled
PO0767,SUPPLIER0767,PROD0079,2026-07-27,2231.0859056690397,1631.9838616481218,3307145.8807501104,Delivered
PO0768,SUPPLIER0768,PROD0079,2025-03-08,1264.3413318540986,11198.885756775579,14189289.588263968,Pending
PO0769,SUPPLIER0769,PROD0079,2026-04-03,823.0514821732246,7683.388340510189,6030487.20274208,Pending
PO0770,SUPPLIER0770,PROD0139,2026-08-09,1393.7308881534805,9186.493694347982,11607055.39497555,Cancelled
PO0771,SUPPLIER0771,PROD0139,2026-08-31,2186.969570233812,10115.539362511803,23511777.842322603,In Transit
PO0772,SUPPLIER0772,PROD0139,2026-06-15,2482.1680937865904,5077.208333296798,14011978.147527987,Partially Received
PO0773,SUPPLIER0773,PROD0139,2025-07-06,767.407985478611,16761.63757473362,12469853.338472366,Delivered
PO0774,SUPPLIER0774,PROD0139,2025-07-19,2233.7420468408504,14880.024732487132,30887705.11026733,Partially Received
PO0775,SUPPLIER0775,PROD0139,2026-06-28,333.29249048360293,23394.40842906972,7754986.97641396,Delivered
PO0776,SUPPLIER0776,PROD0139,2026-08-26,1680.093210014941,2022.6430547932785,2819774.3642927767,Partially Received
PO0777,SUPPLIER0777,PROD0139,2025-07-24,1593.5082330059956,15782.74996315172,23612788.600523345,Delivered
PO0778,SUPPLIER0778,PROD0139,2026-06-16,1688.1741861536698,11882.672159801486,20471536.859186605,Partially Received
PO0779,SUPPLIER0779,PROD0139,2025-01-09,1196.0455930907715,10392.74885117085,12641685.68363915,Partially Received
PO0780,SUPPLIER0780,PROD0139,2026-04-11,905.453325261118,10958.990957128883,10665867.240950769,Partially Received
PO0781,SUPPLIER0781,PROD0139,2025-09-09,308.49555312346445,19068.879533126492,5657857.234139152,Partially Received
PO0782,SUPPLIER0782,PROD0109,2025-08-16,1022.5417682639786,22223.907597379988,22150852.211841304,Pending
PO0783,SUPPLIER0783,PROD0109,2025-02-17,824.2894039873694,13318.818686582179,10710755.012375386,Pending
PO0784,SUPPLIER0784,PROD0109,2025-11-07,997.3342527255342,12406.0199090589,12509460.243756715,In Transit
PO0785,SUPPLIER0785,PROD0109,2026-05-12,180.2443297842619,16952.908903323983,2765870.1140015135,Delivered
PO0786,SUPPLIER0786,PROD0109,2026-04-25,1712.5532124342315,9971.649227700438,16470940.540259011,In Transit
PO0787,SUPPLIER0787,PROD0109,2025-08-14,1249.4813938307138,12960.997972113493,16398812.274976568,Delivered
PO0788,SUPPLIER0788,PROD0109,2025-04-02,1087.4794620379323,26560.34107013427,32812471.68948668,Pending
PO0789,SUPPLIER0789,PROD0109,2025-11-04,1163.7909178440802,2504.6885833482875,2992809.1322024185,Delivered
PO0790,SUPPLIER0790,PROD0109,2026-01-23,907.8536360808102,22389.190408868653,20332554.973075967,In Transit
PO0791,SUPPLIER0791,PROD0109,2026-02-05,1377.5358666926331,16438.04763703551,22678866.43300023,Partially Received
PO0792,SUPPLIER0792,PROD0109,2025-08-04,2298.4305755909922,10620.110907241291,24169432.907013953,In Transit
PO0793,SUPPLIER0793,PROD0109,2026-05-17,303.3439123758816,18017.13767625189,5204128.064585248,Partially Received
PO0794,SUPPLIER0794,PROD0024,2025-12-14,595.2291480085249,12597.771808929976,6749442.215604962,Partially Received
PO0795,SUPPLIER0795,PROD0024,2026-01-03,1357.9932607146684,12470.525628784368,18113819.167109437,Delivered
PO0796,SUPPLIER0796,PROD0024,2026-02-19,502.61845748425276,14486.439878924748,7315168.07713963,Pending
PO0797,SUPPLIER0797,PROD0024,2025-03-01,1717.877107787345,1773.0664631164461,2537740.1306849467,Delivered
PO0798,SUPPLIER0798,PROD0024,2026-03-21,47.73410167886084,11472.333093437166,524359.1565210266,Pending
PO0799,SUPPLIER0799,PROD0024,2025-12-24,88.80257956334553,19224.68024971218,1362463.6154188612,Cancelled
PO0800,SUPPLIER0800,PROD0024,2025-05-19,697.176468073958,21138.551726017235,13875155.334363801,Delivered
PO0801,SUPPLIER0801,PROD0024,2025-03-12,2154.044569782341,4667.782034115553,9909073.879112778,Pending
PO0802,SUPPLIER0802,PROD0024,2025-07-24,1028.2996311129361,19418.824032542638,20296094.58808772,Partially Received
PO0803,SUPPLIER0803,PROD0024,2025-12-14,1095.5062186098514,8682.570304410498,8370244.791435861,Delivered
PO0804,SUPPLIER0804,PROD0024,2026-07-07,1476.0288462844537,13631.239948043036,19951324.96023887,Delivered
PO0805,SUPPLIER0805,PROD0055,2025-09-22,1603.006545282945,19301.36638924519,30579936.337826323,Delivered
PO0806,SUPPLIER0806,PROD0055,2025-12-01,2310.8746711948074,18008.21225572567,40921293.32950076,Delivered
PO0807,SUPPLIER0807,PROD0055,2025-05-14,1939.949576206868,21994.906444819164,42503696.10245169,In Transit
PO0808,SUPPLIER0808,PROD0055,2025-09-03,2020.4201045999507,17807.480589404986,35769678.4027197,Pending
PO0809,SUPPLIER0809,PROD0055,2025-08-23,862.5983015397156,12993.390788244847,11328169.817462804,Delivered
PO0810,SUPPLIER0810,PROD0055,2025-06-20,1437.8209580873593,10099.189023056588,14153490.274401106,Delivered
PO0811,SUPPLIER0811,PROD0055,2025-09-26,1063.8547540783934,8601.133122381814,9316017.991758423,Partially Received
PO0812,SUPPLIER0812,PROD0055,2025-10-16,2298.102008957563,8765.920791182258,19651518.311956953,Delivered
PO0813,SUPPLIER0813,PROD0055,2025-06-29,87.19084422935019,8897.336755901784,762052.7049805992,Partially Received
PO0814,SUPPLIER0814,PROD0055,2026-03-06,879.7234726660241,15910.093004797765,13995761.366343897,Delivered
PO0815,SUPPLIER0815,PROD0055,2025-10-10,225.58396062030448,6631.997711481414,1752272.603626585,In Transit
PO0816,SUPPLIER0816,PROD0037,2025-01-14,1585.7953624818495,1588.6471486237083,1707159.9281451972,Delivered
PO0817,SUPPLIER0817,PROD0037,2025-02-15,276.0380733489319,14892.398631573244,4282360.256300669,Delivered
PO0818,SUPPLIER0818,PROD0037,2026-08-11,1364.261838339329,13913.774003766903,18796269.048121415,In Transit
PO0819,SUPPLIER0819,PROD0037,2026-07-07,847.3685554221385,15027.732675101777,12853735.440894077,Pending
PO0820,SUPPLIER0820,PROD0037,2025-09-05,949.856689615366,14733.341680925294,14386749.923471369,In Transit
PO0821,SUPPLIER0821,PROD0037,2025-06-06,1237.2813097592307,20245.014718262475,24036791.162949678,Pending
PO0822,SUPPLIER0822,PROD0037,2026-01-22,768.9892314165843,14860.98068184514,11303099.321433567,In Transit
PO0823,SUPPLIER0823,PROD0037,2025-04-21,859.6554220342857,21524.761979324037,18044079.691650335,In Transit
PO0824,SUPPLIER0824,PROD0037,2025-07-24,607.5927184419145,16015.045573142068,9898133.235584794,Delivered
PO0825,SUPPLIER0825,PROD0037,2026-06-01,2409.3703929696035,12199.822404386605,29514299.28247868,Partially Received
PO0826,SUPPLIER0826,PROD0037,2025-03-14,1737.9797841038694,8027.0831461394955,13832385.837594088,In Transit
PO0827,SUPPLIER0827,PROD0117,2025-03-15,1345.525117741026,16551.590831774003,22150581.235016264,Partially Received
PO0828,SUPPLIER0828,PROD0117,2025-11-25,363.17047399922143,4172.597928615489,1434413.782032492,Partially Received
PO0829,SUPPLIER0829,PROD0117,2026-02-20,1043.1577687920453,21353.919017241893,22333874.468193356,In Transit
PO0830,SUPPLIER0830,PROD0117,2025-05-07,459.0162639071554,3881.594825939024,1566690.3733350523,Delivered
PO0831,SUPPLIER0831,PROD0117,2025-07-24,1307.1954397486268,2993.5507877263617,3729230.091032006,Delivered
PO0832,SUPPLIER0832,PROD0117,2025-01-13,1218.4057143228747,12518.735419095443,14751314.596840648,Pending
PO0833,SUPPLIER0833,PROD0117,2026-05-24,2094.235028650884,7206.644142164135,14728887.429028803,Delivered
PO0834,SUPPLIER0834,PROD0117,2026-07-20,1281.7483605353116,24197.381183557067,30529072.889491756,Delivered
PO0835,SUPPLIER0835,PROD0117,2025-03-01,51.98373151946933,8513.555627891263,279436.9024324531,Pending
PO0836,SUPPLIER0836,PROD0117,2026-04-08,1150.6166762508776,15313.172271924934,17004392.30983756,Delivered
PO0837,SUPPLIER0837,PROD0117,2025-08-17,248.26849010788465,8605.949322815552,1788184.476499648,Cancelled
PO0838,SUPPLIER0838,PROD0148,2026-03-23,672.5732600040028,10697.64554495347,6036006.732768095,Pending
PO0839,SUPPLIER0839,PROD0148,2026-05-17,548.8148322732541,3556.770522861356,2125552.056560993,Delivered
PO0840,SUPPLIER0840,PROD0148,2026-04-19,1446.6549568128964,12070.690293138126,18493420.291607637,Partially Received
PO0841,SUPPLIER0841,PROD0148,2025-09-06,538.7572459490868,16926.625242915812,8522155.419031335,Delivered
PO0842,SUPPLIER0842,PROD0148,2025-08-03,107.1598964668485,14438.650424853387,1342026.7155048456,In Transit
PO0843,SUPPLIER0843,PROD0148,2026-02-19,1093.3383243751587,25735.523753405538,29348540.906570863,In Transit
PO0844,SUPPLIER0844,PROD0148,2025-10-12,1890.4741874866795,6421.083575574128,12043026.451862462,Partially Received
PO0845,SUPPLIER0845,PROD0148,2026-08-22,2218.255228269045,22107.997387255105,48563772.46727377,In Transit
PO0846,SUPPLIER0846,PROD0148,2025-07-22,1619.2085211961332,3064.9583140264467,4690892.902122323,Pending
PO0847,SUPPLIER0847,PROD0148,2026-04-16,308.12021390224066,11202.846968048358,3406413.1041850788,Delivered
PO0848,SUPPLIER0848,PROD0148,2025-02-23,1192.06956019586,10264.699415750973,12295729.466725983,Delivered
PO0849,SUPPLIER0849,PROD0015,2025-07-01,1692.1881772275915,18435.170751849906,31189365.81988798,Delivered
PO0850,SUPPLIER0850,PROD0015,2026-07-09,769.9751039595538,8210.290568267796,6114665.011060998,Partially Received
PO0851,SUPPLIER0851,PROD0015,2026-08-16,1996.1855023657613,18278.249441465665,35904483.99408324,Delivered
PO0852,SUPPLIER0852,PROD0015,2026-01-14,2459.8613975249486,3057.684375235502,8584900.774386799,Partially Received
PO0853,SUPPLIER0853,PROD0015,2025-10-03,1251.1263780177865,7330.692010919981,8484032.750033265,Partially Received
PO0854,SUPPLIER0854,PROD0015,2025-05-07,2359.7034590609846,9784.834223250491,21533950.576036498,Partially Received
PO0855,SUPPLIER0855,PROD0015,2026-04-19,923.8967390646033,2459.9005079015947,2200262.361046939,In Transit
PO0856,SUPPLIER0856,PROD0015,2026-05-05,1545.197436488269,4359.074634916198,6883328.284687816,In Transit
PO0857,SUPPLIER0857,PROD0015,2026-08-26,1036.9023677492785,15278.483220405113,15769731.859568186,Delivered
PO0858,SUPPLIER0858,PROD0015,2025-03-30,1674.1729118846868,1026.1804024501976,786327.9527681912,Delivered
PO0859,SUPPLIER0859,PROD0015,2025-12-17,455.1218358499135,10449.088233583469,4778833.402640851,Pending
PO0860,SUPPLIER0860,PROD0199,2026-04-23,493.62227862119397,13824.5628306294,6896862.304123572,In Transit
PO0861,SUPPLIER0861,PROD0199,2026-02-23,2128.7500054405223,26557.135622952697,57141230.86775587,In Transit
PO0862,SUPPLIER0862,PROD0199,2025-03-07,2045.3452681348697,18688.517832624075,36744203.94950148,Cancelled
PO0863,SUPPLIER0863,PROD0199,2025-03-12,423.17007518400186,11838.227203008833,5255771.315148732,Partially Received
PO0864,SUPPLIER0864,PROD0199,2025-02-26,1007.9928375180295,23179.29157821356,23614250.69178493,In Transit
PO0865,SUPPLIER0865,PROD0199,2025-12-05,1732.6758404658046,1750.3943652942235,2497317.9580729096,In Transit
PO0866,SUPPLIER0866,PROD0199,2025-10-15,580.4662378682889,16551.44189336202,10086432.6879248,In Transit
PO0867,SUPPLIER0867,PROD0199,2025-10-28,2251.6904098924265,21541.536504734977,47121135.2831493,Delivered
PO0868,SUPPLIER0868,PROD0199,2025-05-24,1028.3069927064375,8282.455196050196,8530127.171848252,Delivered
PO0869,SUPPLIER0869,PROD0199,2026-05-05,370.0800685687858,1326.066381831672,709171.5378521148,Delivered
PO0870,SUPPLIER0870,PROD0199,2025-04-21,1528.524243969535,13971.383040627386,20481644.690466624,Delivered
PO0871,SUPPLIER0871,PROD0085,2025-08-20,1057.4001619549858,5066.973402388663,4945613.393152082,Delivered
PO0872,SUPPLIER0872,PROD0085,2025-06-30,1950.2941809527647,4361.888225297773,8640121.861741697,Partially Received
PO0873,SUPPLIER0873,PROD0085,2025-02-27,463.1094501644923,12786.887410028894,5641500.718937955,In Transit
PO0874,SUPPLIER0874,PROD0085,2025-07-19,557.136677848072,25119.903612827675,14774575.387397828,Partially Received
PO0875,SUPPLIER0875,PROD0085,2025-11-22,731.0685215400327,15999.829629278762,11732749.991057917,Delivered
PO0876,SUPPLIER0876,PROD0085,2026-07-05,2280.5480205397575,13900.096802375987,31865857.908829797,Delivered
PO0877,SUPPLIER0877,PROD0085,2026-08-16,1064.4551287805843,3005.628634551348,3170677.619233248,Delivered
PO0878,SUPPLIER0878,PROD0085,2026-02-26,569.0427617220673,14951.131492014827,8771484.277486827,Delivered
PO0879,SUPPLIER0879,PROD0085,2025-01-18,501.1864348346619,11031.920248927228,6022847.43651043,Partially Received
PO0880,SUPPLIER0880,PROD0085,2026-08-18,215.6429839102088,12929.500540373661,2788917.309141359,Delivered
PO0881,SUPPLIER0881,PROD0085,2026-08-03,1526.371254948591,14025.522513828844,21849064.868048422,Delivered
PO0882,SUPPLIER0882,PROD0005,2025-07-30,1966.3041897787448,6530.32412818983,12744518.420747044,Delivered
PO0883,SUPPLIER0883,PROD0005,2025-03-16,1452.2700247078187,15944.566348288034,24187050.31745386,Delivered
PO0884,SUPPLIER0884,PROD0005,2025-03-18,437.80103595004186,20418.96694047227,8693970.865156185,Delivered
PO0885,SUPPLIER0885,PROD0005,2025-03-09,568.4876116310469,21070.15833269244,11642129.211738164,Delivered
PO0886,SUPPLIER0886,PROD0005,2025-05-30,1519.636676313394,13102.03795016179,19860678.132357366,In Transit
PO0887,SUPPLIER0887,PROD0005,2025-07-06,1224.343395422964,8855.357773721327,10221110.359032128,Delivered
PO0888,SUPPLIER0888,PROD0005,2025-03-04,583.362708855467,8618.572617409038,5294492.152818928,Pending
PO0889,SUPPLIER0889,PROD0005,2025-02-05,1822.251314203476,9599.04011383014,17878965.726910297,Pending
PO0890,SUPPLIER0890,PROD0005,2025-05-25,1670.4283239085119,11005.921011600567,19397736.679388773,Delivered
PO0891,SUPPLIER0891,PROD0005,2026-05-04,110.23033947061586,6054.592035594146,848211.7604890811,Delivered
PO0892,SUPPLIER0892,PROD0005,2025-11-17,812.1130043681765,7095.872704968544,5061191.6780022485,Delivered
PO0893,SUPPLIER0893,PROD0099,2025-11-12,435.0137795278516,26331.299118485073,12586985.15471777,Delivered
PO0894,SUPPLIER0894,PROD0099,2025-11-08,2026.56221775855,9254.907747806952,18000280.99008908,Delivered
PO0895,SUPPLIER0895,PROD0099,2025-09-18,735.1551684065187,26791.695298688148,25931285.150322992,Pending
PO0896,SUPPLIER0896,PROD0099,2025-03-18,1723.3278115189726,8296.677193764908,14055708.178573923,In Transit
PO0897,SUPPLIER0897,PROD0099,2026-08-18,286.78291041316857,15322.634766064002,4896016.609821954,In Transit
PO0898,SUPPLIER0898,PROD0099,2026-05-27,1214.6016110260193,8214.155908485382,9544520.95188365,Partially Received
PO0899,SUPPLIER0899,PROD0099,2026-05-28,665.9242409616954,15851.493127995529,10532893.646862691,Delivered
PO0900,SUPPLIER0900,PROD0099,2026-01-02,849.5099775659653,10060.643684411967,8954070.55586384,Delivered
PO0901,SUPPLIER0901,PROD0099,2025-06-29,1596.6086209908383,20030.900361986776,30134009.372740366,Pending
PO0902,SUPPLIER0902,PROD0099,2025-11-24,896.5424520003218,12318.821208911751,11571158.11927108,Delivered
PO0903,SUPPLIER0903,PROD0099,2026-08-22,1197.9842513853898,21775.94131238483,26646070.82582516,In Transit
PO0904,SUPPLIER0904,PROD0171,2025-10-27,680.3685502873724,17414.778052873695,12240320.335179795,In Transit
PO0905,SUPPLIER0905,PROD0171,2025-08-26,2348.221738477758,18249.58183760559,42666409.352439485,Delivered
PO0906,SUPPLIER0906,PROD0171,2026-04-17,2180.123675368139,25711.282980545093,55398914.491514124,Partially Received
PO0907,SUPPLIER0907,PROD0171,2025-04-29,890.3783829347642,25593.21361200226,23686575.016372047,Delivered
PO0908,SUPPLIER0908,PROD0171,2026-08-15,795.7783666796091,13030.309662010173,9723364.931448722,Delivered
PO0909,SUPPLIER0909,PROD0171,2025-07-27,2187.8562265248443,9120.294217662422,19350876.779149286,Delivered
PO0910,SUPPLIER0910,PROD0171,2026-03-18,962.8066393238745,15212.380580069621,15303376.772601334,In Transit
PO0911,SUPPLIER0911,PROD0171,2025-11-23,950.1200004946498,13377.73535584292,13500288.663954886,Pending
PO0912,SUPPLIER0912,PROD0171,2026-01-27,1773.8988720239463,15417.471210343869,27501905.175647434,Partially Received
PO0913,SUPPLIER0913,PROD0171,2026-07-30,551.5027199990038,8958.52655475047,5141507.6595004015,In Transit
PO0914,SUPPLIER0914,PROD0171,2025-09-24,1368.2466592523353,17332.16419291859,24170254.75637849,Partially Received
PO0915,SUPPLIER0915,PROD0130,2026-06-30,2486.5412134789417,5381.0924862051625,17001325.64735253,Partially Received
PO0916,SUPPLIER0916,PROD0130,2026-01-03,62.99544542056542,15448.431338998525,738229.6233582603,Partially Received
PO0917,SUPPLIER0917,PROD0130,2026-03-26,309.4755885214717,11470.12659415478,3009088.412951726,Pending
PO0918,SUPPLIER0918,PROD0130,2025-04-14,466.14468052682076,16211.234942035602,7638452.743620692,Delivered
PO0919,SUPPLIER0919,PROD0130,2026-01-18,1261.9025685279867,844.1744688601619,530239.2888393111,Pending
PO0920,SUPPLIER0920,PROD0130,2026-01-21,475.9577776054396,1596.4588206248438,823613.8784892939,In Transit
PO0921,SUPPLIER0921,PROD0130,2025-07-12,1335.8239079544157,19061.724531740383,25204362.86710859,Delivered
PO0922,SUPPLIER0922,PROD0130,2026-03-24,910.8516462255642,14818.653591638249,13465095.184755402,Partially Received
PO0923,SUPPLIER0923,PROD0130,2025-07-19,2236.057165995314,14144.410208691002,30272029.930371933,Partially Received
PO0924,SUPPLIER0924,PROD0130,2026-05-19,370.80997332855696,10848.989864235891,3967058.5238272334,Partially Received
PO0925,SUPPLIER0925,PROD0130,2026-01-19,1453.3843182968606,4974.882119305384,7168120.478320529,Partially Received
PO0926,SUPPLIER0926,PROD0191,2025-07-12,1159.525187778055,19118.32633663974,21652513.66338902,Partially Received
PO0927,SUPPLIER0927,PROD0191,2026-05-27,1972.377711060724,12189.893158293262,23612759.63597642,Delivered
PO0928,SUPPLIER0928,PROD0191,2025-01-31,581.7406342736389,11279.681219561358,6154787.652564413,Pending
PO0929,SUPPLIER0929,PROD0191,2026-07-21,1986.1793818836943,7893.372611950601,15848543.91134687,Pending
PO0930,SUPPLIER0930,PROD0191,2026-04-23,886.1310287409088,18714.877346897847,16395008.88930074,Pending
PO0931,SUPPLIER0931,PROD0191,2025-08-23,1773.840049274255,12090.863392654463,20083430.706450257,In Transit
PO0932,SUPPLIER0932,PROD0191,2026-07-30,1038.258686055515,14892.797499269149,14389637.955352604,Cancelled
PO0933,SUPPLIER0933,PROD0191,2026-02-13,825.5855708691497,4661.055049268184,3751054.4909935696,Partially Received
PO0934,SUPPLIER0934,PROD0191,2026-04-17,2279.4110823576175,11158.720479229483,24876069.813390534,Partially Received
PO0935,SUPPLIER0935,PROD0191,2025-07-30,1682.3623421347968,10375.63884873491,17840055.165007938,Delivered
PO0936,SUPPLIER0936,PROD0191,2026-08-01,1132.5410849227494,8497.45082951501,9731972.689884445,Partially Received
PO0937,SUPPLIER0937,PROD0128,2025-03-18,1096.0789226340587,4130.137773745682,4355891.687088586,In Transit
PO0938,SUPPLIER0938,PROD0128,2025-11-11,2113.802568441441,12522.640439306113,25228427.045946833,Delivered
PO0939,SUPPLIER0939,PROD0128,2026-06-23,1585.1863986532555,11501.7854450544,18157717.678891823,Delivered
PO0940,SUPPLIER0940,PROD0128,2025-12-14,1441.4822722006036,20287.08249235201,26655761.609906636,In Transit
PO0941,SUPPLIER0941,PROD0128,2025-10-18,1064.124735371681,12028.853672136567,12000099.812391287,In Transit
PO0942,SUPPLIER0942,PROD0128,2025-06-27,1638.0022502656468,9078.581593891322,14977120.577522665,Partially Received
PO0943,SUPPLIER0943,PROD0128,2025-05-18,935.7946138480706,23303.569166717047,21367535.11668699,Delivered
PO0944,SUPPLIER0944,PROD0128,2026-08-04,682.0929981632801,22410.05036315481,14442702.736293973,In Transit
PO0945,SUPPLIER0945,PROD0128,2025-06-24,1057.5124337668576,23006.63766702102,23555244.356573127,Delivered
PO0946,SUPPLIER0946,PROD0128,2025-07-14,612.5734138891122,3889.139274782588,2693259.030470861,Delivered
PO0947,SUPPLIER0947,PROD0128,2026-01-17,1059.5571480058038,23892.588534627415,24687882.652192093,Delivered
PO0948,SUPPLIER0948,PROD0048,2025-01-20,1954.2035159652012,1249.9711319533453,1709647.6264116226,Pending
PO0949,SUPPLIER0949,PROD0048,2025-09-19,1196.0404828235216,6189.119920097524,7195017.243963724,In Transit
PO0950,SUPPLIER0950,PROD0048,2026-02-05,2337.9379251907467,3008.560739514132,7439462.823352216,Delivered
PO0951,SUPPLIER0951,PROD0048,2026-02-10,1587.8098761520873,5512.7645438530235,9093280.46289881,In Transit
PO0952,SUPPLIER0952,PROD0048,2025-05-31,605.455382833513,21053.866841697683,13281558.60676551,Delivered
PO0953,SUPPLIER0953,PROD0048,2026-05-02,1083.348079603205,24983.779695479523,27918010.8757821,Pending
PO0954,SUPPLIER0954,PROD0048,2025-09-18,1692.0118646632793,14397.805684050572,24435785.03916428,Delivered
PO0955,SUPPLIER0955,PROD0048,2025-05-23,800.0817710090757,10301.463635487318,8281308.680180107,Delivered
PO0956,SUPPLIER0956,PROD0048,2026-08-01,1804.074408458727,2339.833937011906,4213126.86031551,Delivered
PO0957,SUPPLIER0957,PROD0048,2025-09-01,1050.39762279022,12950.213632408393,13364583.78613491,Pending
PO0958,SUPPLIER0958,PROD0048,2026-02-27,1752.6089898559844,2124.567782978794,3002362.8801905825,Partially Received
PO0959,SUPPLIER0959,PROD0006,2025-08-12,835.8382210158014,3503.4851416251054,2913816.216620095,Delivered
PO0960,SUPPLIER0960,PROD0006,2026-08-24,1245.463983730182,14668.587035873217,17450003.909563404,Pending
PO0961,SUPPLIER0961,PROD0006,2025-06-20,1287.578000268568,23442.425954265935,31801762.944872387,In Transit
PO0962,SUPPLIER0962,PROD0006,2025-12-30,1483.5152918825033,22022.10846333119,31832793.50127338,Cancelled
PO0963,SUPPLIER0963,PROD0006,2026-03-15,177.67473395441183,7531.195694356288,1478199.593841949,Pending
PO0964,SUPPLIER0964,PROD0006,2025-03-12,1091.5241757145407,9394.5907094326,10069057.754008474,Pending
PO0965,SUPPLIER0965,PROD0006,2026-03-30,2363.9390162912327,2699.4444169820817,6145216.711127726,Delivered
PO0966,SUPPLIER0966,PROD0006,2025-12-31,1581.885774978565,8015.842303842407,12690217.681128709,Cancelled
PO0967,SUPPLIER0967,PROD0006,2025-12-04,1387.5668693029963,14246.274097102452,18994396.52383882,Delivered
PO0968,SUPPLIER0968,PROD0006,2025-06-10,1826.587837395773,4318.177491421509,8129370.63843682,Pending
PO0969,SUPPLIER0969,PROD0006,2026-04-08,1495.9392087913848,14333.534285381784,21594880.93977739,In Transit
PO0970,SUPPLIER0970,PROD0173,2025-08-25,939.3249418644433,19543.205503579145,18043061.869356457,Delivered
PO0971,SUPPLIER0971,PROD0173,2025-12-24,1038.8625022386495,7633.0298167798,7353110.916931188,Pending
PO0972,SUPPLIER0972,PROD0173,2025-01-12,613.3724398586206,4748.532071778107,2837545.7111848276,Delivered
PO0973,SUPPLIER0973,PROD0173,2025-05-22,310.66699896580764,14869.22285720822,4888177.580718716,In Transit
PO0974,SUPPLIER0974,PROD0173,2026-02-01,1409.8566950653956,7449.526790118435,10112219.692851879,Delivered
PO0975,SUPPLIER0975,PROD0173,2026-03-02,486.5444272515234,4494.438381128554,2246647.0887225256,Delivered
PO0976,SUPPLIER0976,PROD0173,2025-08-25,1110.504300792449,13847.804225532298,15741209.720452068,Delivered
PO0977,SUPPLIER0977,PROD0173,2026-05-07,763.3259895300303,19531.579418564845,14296518.739324696,Delivered
PO0978,SUPPLIER0978,PROD0173,2026-05-16,1686.1620280210834,16552.644484368524,26998559.26024788,In Transit
PO0979,SUPPLIER0979,PROD0173,2025-12-19,745.6968480078336,8454.813020507694,6638523.313249497,Pending
PO0980,SUPPLIER0980,PROD0173,2026-07-27,740.2164102337969,16467.170562685988,12385577.741342528,In Transit
PO0981,SUPPLIER0981,PROD0058,2025-06-22,2451.9162604214066,10503.181719733297,26337286.107941218,Partially Received
PO0982,SUPPLIER0982,PROD0058,2026-07-13,886.2878039511407,11817.45434476572,10865423.54802892,Delivered
PO0983,SUPPLIER0983,PROD0058,2026-02-21,1497.09792879155,7313.751837756863,11044127.207254667,Partially Received
PO0984,SUPPLIER0984,PROD0058,2025-12-23,44.59728905076404,5959.95759544705,523565.2096150182,Partially Received
PO0985,SUPPLIER0985,PROD0058,2026-08-15,1091.8996166102681,12627.350220662736,12668387.627853924,Partially Received
PO0986,SUPPLIER0986,PROD0058,2025-05-14,1641.518288740934,17748.878290196557,29075681.86017032,Delivered
PO0987,SUPPLIER0987,PROD0058,2026-03-31,973.3073537021661,1446.2091651536398,1194749.4148445353,Delivered
PO0988,SUPPLIER0988,PROD0058,2025-02-26,157.33991363259614,12472.920325640574,1922618.8147828197,Delivered
PO0989,SUPPLIER0989,PROD0058,2025-01-01,1086.0068198309013,10651.89097706823,11318305.315979574,Cancelled
PO0990,SUPPLIER0990,PROD0058,2025-03-12,1814.805429979898,4375.268263331461,7985567.939015897,In Transit
PO0991,SUPPLIER0991,PROD0058,2025-09-29,756.1565003783578,13640.078466703866,10278991.516247373,Partially Received
PO0992,SUPPLIER0992,PROD0091,2025-03-14,2379.089762789113,15816.022910416417,36710562.62108445,Delivered
PO0993,SUPPLIER0993,PROD0091,2026-08-10,824.3865646831993,14745.90565280513,11994225.15577957,Delivered
PO0994,SUPPLIER0994,PROD0091,2026-07-23,1570.3169312635039,3048.3145217621336,4024384.566672662,Pending
PO0995,SUPPLIER0995,PROD0091,2025-08-13,1812.138912217944,16194.62170469369,29635203.99672497,Delivered
PO0996,SUPPLIER0996,PROD0091,2026-03-03,1173.4492123222635,17061.522662945186,20354494.05048158,Partially Received
PO0997,SUPPLIER0997,PROD0091,2026-08-27,198.39472910726462,8634.143580900654,1643684.0917006414,Partially Received
PO0998,SUPPLIER0998,PROD0091,2025-04-12,205.87185014089349,15871.974214883967,3023022.677671982,Pending
PO0999,SUPPLIER0999,PROD0091,2026-04-07,1405.8269153730607,20616.980619729988,28228133.677147765,Delivered
PO1000,SUPPLIER1000,PROD0091,2026-07-15,1408.1708058287754,7004.767078034555,9107651.908083076,Delivered
PO1001,SUPPLIER1001,PROD0091,2026-01-20,2051.217884307267,4901.319847463076,8922738.80555828,Delivered
PO1002,SUPPLIER1002,PROD0091,2025-03-16,378.3928171450936,11336.968602942114,4326283.242690536,Partially Received
PO1003,SUPPLIER1003,PROD0145,2025-01-31,1546.6749962819747,8996.274402301095,13280885.246171568,In Transit
PO1004,SUPPLIER1004,PROD0145,2026-06-23,730.3831838623958,5294.719732084183,3918361.899460966,Delivered
PO1005,SUPPLIER1005,PROD0145,2025-12-22,929.6055973466471,13284.013239734424,12491541.492013227,Delivered
PO1006,SUPPLIER1006,PROD0145,2025-02-12,1168.9986555054445,6617.367695389885,7075149.484058378,Partially Received
PO1007,SUPPLIER1007,PROD0145,2026-06-01,1804.9266068420425,22726.68041086241,40141858.70939214,Delivered
PO1008,SUPPLIER1008,PROD0145,2025-08-04,679.6905076332338,10145.315196181624,7176506.6677263025,Partially Received
PO1009,SUPPLIER1009,PROD0145,2025-02-10,2005.2130114205022,23656.11716292517,46358098.73748264,Delivered
PO1010,SUPPLIER1010,PROD0145,2026-07-05,282.23756467886454,1980.4406474303048,587019.414471078,Partially Received
PO1011,SUPPLIER1011,PROD0145,2025-06-16,1648.1935452899838,11724.116159679284,18695159.10340055,In Transit
PO1012,SUPPLIER1012,PROD0145,2025-05-01,303.43853128591746,23258.348845865192,6760371.305317237,Delivered
PO1013,SUPPLIER1013,PROD0145,2025-04-01,591.1444923269067,9380.140396147799,5748275.115791696,In Transit
PO1014,SUPPLIER1014,PROD0185,2025-12-16,1806.0333112298306,14532.192586204319,26540525.74582207,Pending
PO1015,SUPPLIER1015,PROD0185,2026-07-03,1108.9105222479532,13410.332194180046,15165069.559420101,Delivered
PO1016,SUPPLIER1016,PROD0185,2026-04-19,272.0403033242043,14805.944943103812,3968042.5343571347,Delivered
PO1017,SUPPLIER1017,PROD0185,2025-12-06,1552.319615978733,4267.9265152168355,6498277.921143733,Delivered
PO1018,SUPPLIER1018,PROD0185,2025-04-27,257.3417555785112,20791.848228518204,5252091.525658684,Delivered
PO1019,SUPPLIER1019,PROD0185,2025-05-28,1081.1684860636547,6145.021883668841,5805612.977736272,Cancelled
PO1020,SUPPLIER1020,PROD0185,2025-10-15,1368.9344010227449,3049.2005560022676,4372625.6864435915,Delivered
PO1021,SUPPLIER1021,PROD0185,2025-12-28,152.3184425296581,18218.75068033085,2506669.9801451135,Partially Received
PO1022,SUPPLIER1022,PROD0185,2025-05-04,1725.2968711934252,17282.27407398805,30078713.730385993,Delivered
PO1023,SUPPLIER1023,PROD0185,2025-11-27,2199.379563967988,12934.65371640438,28006375.002084505,In Transit
PO1024,SUPPLIER1024,PROD0185,2025-01-11,1866.1554889295394,5047.402355762472,9054497.976922877,Delivered
PO1025,SUPPLIER1025,PROD0197,2025-11-21,156.9867158456215,5252.151701211272,921177.0650638979,Delivered
PO1026,SUPPLIER1026,PROD0197,2026-06-30,1929.8734834532866,18444.133036526204,35855795.978320666,Pending
PO1027,SUPPLIER1027,PROD0197,2025-05-02,888.484524437618,12966.41455833384,11004789.810782146,Pending
PO1028,SUPPLIER1028,PROD0197,2025-11-22,464.86176006310194,26358.539668421246,14261285.369222641,Delivered
PO1029,SUPPLIER1029,PROD0197,2026-05-10,2371.3230575313214,23438.26983492749,54903468.01492684,In Transit
PO1030,SUPPLIER1030,PROD0197,2026-02-11,1322.7523367813435,16534.710844356636,21844484.0574005,In Transit
PO1031,SUPPLIER1031,PROD0197,2025-02-16,1452.9997441372693,18354.554569483014,26824504.169922434,In Transit
PO1032,SUPPLIER1032,PROD0197,2025-04-02,1897.4709478677833,19532.0834660775,37435215.74715949,In Transit
PO1033,SUPPLIER1033,PROD0197,2025-06-26,976.0186675157772,6362.129565318461,6481369.497693933,Delivered
PO1034,SUPPLIER1034,PROD0197,2026-05-02,2429.456916205435,9561.474264469993,22882976.56226272,Partially Received
PO1035,SUPPLIER1035,PROD0197,2025-03-16,702.9256368077764,17005.43856980065,12119728.181006562,Partially Received
PO1036,SUPPLIER1036,PROD0057,2026-05-06,2203.757167356968,17904.91529999038,38478017.08935537,Partially Received
PO1037,SUPPLIER1037,PROD0057,2026-05-03,1761.443585406893,25068.18204844023,43549293.90940934,In Transit
PO1038,SUPPLIER1038,PROD0057,2025-10-02,1401.9409432254813,5557.012594647195,7390487.987693442,In Transit
PO1039,SUPPLIER1039,PROD0057,2025-12-12,1109.193601944117,9354.3865692034,9773328.72076274,Partially Received
PO1040,SUPPLIER1040,PROD0057,2026-07-03,2486.176909586188,15401.704814542323,41376883.77627894,Partially Received
PO1041,SUPPLIER1041,PROD0057,2026-02-02,1553.643647771219,6198.208944252484,9682570.52914752,Delivered
PO1042,SUPPLIER1042,PROD0057,2025-04-12,1242.7632849255365,8234.086776801369,9629367.420668494,Delivered
PO1043,SUPPLIER1043,PROD0057,2026-05-11,2023.7753605281048,6215.870129326599,12720263.583013095,Delivered
PO1044,SUPPLIER1044,PROD0057,2026-03-30,40.90222019405485,16205.185353958797,286772.74773625575,Delivered
PO1045,SUPPLIER1045,PROD0057,2025-10-21,1329.0527706690816,14834.301866279222,19456540.596288845,Partially Received
PO1046,SUPPLIER1046,PROD0057,2025-04-20,1408.03110253822,18359.004448145428,27064011.936729703,In Transit
PO1047,SUPPLIER1047,PROD0158,2026-07-27,2059.4538768149464,1842.4752176660757,3554875.5973421945,Cancelled
PO1048,SUPPLIER1048,PROD0158,2025-06-02,1999.5439110988762,24434.336116210154,48095362.77011556,In Transit
PO1049,SUPPLIER1049,PROD0158,2025-08-14,1271.8664297841146,25486.79188105324,33579417.43767405,Delivered
PO1050,SUPPLIER1050,PROD0158,2025-09-28,71.89384615583907,15119.472393456072,1046234.5274193954,Delivered
PO1051,SUPPLIER1051,PROD0158,2025-02-20,467.26900439830905,13514.972094835863,6902589.002367903,In Transit
PO1052,SUPPLIER1052,PROD0158,2025-03-20,1195.2622348395457,22262.728100583477,26957748.05602168,Delivered
PO1053,SUPPLIER1053,PROD0158,2026-04-12,1535.1755262926276,17758.86997934025,27949815.918737356,Delivered
PO1054,SUPPLIER1054,PROD0158,2026-02-06,833.8029912592343,7422.280827779097,5695108.734175971,Partially Received
PO1055,SUPPLIER1055,PROD0158,2025-10-19,549.0669444284555,7941.057967988485,4544750.392629133,Delivered
PO1056,SUPPLIER1056,PROD0158,2025-08-03,2470.454977107715,12979.96774079529,34721483.41149771,In Transit
PO1057,SUPPLIER1057,PROD0158,2026-08-15,1174.13460166922,1243.0677802233768,1110140.1044725773,Delivered
PO1058,SUPPLIER1058,PROD0177,2025-12-08,2016.4687733200794,11887.80622982583,24077752.455144674,Pending
PO1059,SUPPLIER1059,PROD0177,2026-08-09,725.5399640483735,7505.953260251115,5647375.011771106,Delivered
PO1060,SUPPLIER1060,PROD0177,2025-10-05,2209.7476509806415,22452.89112879728,49503004.82804723,Delivered
PO1061,SUPPLIER1061,PROD0177,2025-11-22,486.9061369644665,2438.1903260671934,1020204.9691291843,Partially Received
PO1062,SUPPLIER1062,PROD0177,2025-03-20,2213.4655471740552,11009.910613222626,23643300.238836512,Partially Received
PO1063,SUPPLIER1063,PROD0177,2026-07-05,1299.1991984320882,13241.75057266153,17478397.758102946,Delivered
PO1064,SUPPLIER1064,PROD0177,2025-11-27,209.65659824662504,10957.81609460108,2344102.0666675223,Delivered
PO1065,SUPPLIER1065,PROD0177,2025-06-06,2417.9048735173633,15788.432739687569,39224206.56330098,Delivered
PO1066,SUPPLIER1066,PROD0177,2026-01-18,1621.0869085685868,19498.481005499987,30847042.793526653,In Transit
PO1067,SUPPLIER1067,PROD0177,2025-02-19,969.5383198441587,16348.186806139718,15981658.335722635,Partially Received
PO1068,SUPPLIER1068,PROD0177,2026-02-21,1993.354257582622,16297.586693699166,31970348.213754322,Delivered
PO1069,SUPPLIER1069,PROD0022,2026-04-08,469.5759002532387,4353.487187175521,1915381.5186638713,In Transit
PO1070,SUPPLIER1070,PROD0022,2025-04-18,492.4837276066225,2046.8039392944152,1182676.8342749816,Delivered
PO1071,SUPPLIER1071,PROD0022,2025-04-19,1000.633371144957,6262.259033230945,5920079.366459914,Pending
PO1072,SUPPLIER1072,PROD0022,2025-05-01,1492.0216022238158,19731.414902694713,29390112.61768484,Delivered
PO1073,SUPPLIER1073,PROD0022,2026-06-30,712.4066511729743,12852.93894907348,9547036.765735188,Delivered
PO1074,SUPPLIER1074,PROD0022,2026-05-12,726.380362379638,18424.822882554654,13231054.227275832,Delivered
PO1075,SUPPLIER1075,PROD0022,2025-01-24,492.05211012870325,9684.147012598754,5335937.522336886,Delivered
PO1076,SUPPLIER1076,PROD0022,2026-05-26,237.7978721972271,5345.61862874055,1336868.6084009479,Delivered
PO1077,SUPPLIER1077,PROD0022,2025-04-13,188.12321411098705,23013.689026197433,4546247.902260055,In Transit
PO1078,SUPPLIER1078,PROD0022,2025-09-03,835.5971467848129,7835.243417170005,6063837.7298196275,Cancelled
PO1079,SUPPLIER1079,PROD0022,2025-12-04,806.398012376168,22161.622366078307,18176086.800884273,In Transit
PO1080,SUPPLIER1080,PROD0018,2025-06-02,644.2088583213169,23832.41235882393,14947777.348273698,Partially Received
PO1081,SUPPLIER1081,PROD0018,2026-03-02,511.3433015223279,7892.889866174333,3893723.226258278,Delivered
PO1082,SUPPLIER1082,PROD0018,2026-07-22,422.87075893197664,2000.4035875800935,796463.0525062795,In Transit
PO1083,SUPPLIER1083,PROD0018,2025-09-14,731.8235330913701,20709.6878136822,14740696.650922226,Partially Received
PO1084,SUPPLIER1084,PROD0018,2025-08-15,115.52023884412175,5375.254226184874,727672.1702741177,In Transit
PO1085,SUPPLIER1085,PROD0018,2025-11-23,1241.0414861542622,11246.774031990011,14337190.6073682,Partially Received
PO1086,SUPPLIER1086,PROD0018,2025-03-09,1915.2331455276442,19632.40060337929,37386064.706676364,In Transit
PO1087,SUPPLIER1087,PROD0018,2025-07-06,2406.996218027447,7907.927296528508,20666109.168328878,In Transit
PO1088,SUPPLIER1088,PROD0018,2025-08-17,1732.9014073424678,14293.86772614355,23657798.656954877,Cancelled
PO1089,SUPPLIER1089,PROD0018,2026-08-01,1541.2054148975462,22330.978476086457,33519043.91025729,Pending
PO1090,SUPPLIER1090,PROD0153,2025-03-09,851.7483762813279,22268.091246497934,19299634.020324335,Delivered
PO1091,SUPPLIER1091,PROD0153,2025-03-29,2083.150975066708,9448.48191714623,17731071.93556019,Delivered
PO1092,SUPPLIER1092,PROD0153,2025-03-16,1826.5253480208812,15863.623191586408,28924864.3842763,Delivered
PO1093,SUPPLIER1093,PROD0153,2025-01-17,392.2370242500442,8378.228467673667,3268379.110910225,In Transit
PO1094,SUPPLIER1094,PROD0153,2026-07-07,603.0863416857928,6301.855103928235,3716740.3658475173,Delivered
PO1095,SUPPLIER1095,PROD0153,2025-10-29,858.484274405265,11020.415265350943,9890754.628994776,Delivered
PO1096,SUPPLIER1096,PROD0153,2026-04-06,1312.2449109814322,19500.474233380133,25548904.508460473,Delivered
PO1097,SUPPLIER1097,PROD0153,2026-04-26,374.48198932870787,4327.757551342726,1703381.2493206458,Partially Received
PO1098,SUPPLIER1098,PROD0153,2025-10-28,510.7284964392884,4798.180061681567,2948385.8650527704,Delivered
PO1099,SUPPLIER1099,PROD0153,2026-01-20,871.7610122871432,14322.83015798293,12267098.73732049,Pending
PO1100,SUPPLIER1100,PROD0134,2025-04-02,842.049903040195,18991.231859499938,14371908.894728862,Pending
PO1101,SUPPLIER1101,PROD0134,2025-11-01,867.6400969331573,11220.216410501545,9238751.090365035,Pending
PO1102,SUPPLIER1102,PROD0134,2026-07-26,1765.7331934925026,14037.653471405998,25688802.86991623,Delivered
PO1103,SUPPLIER1103,PROD0134,2026-02-15,1482.5686980127682,16014.958169804908,22184104.9581075,Pending
PO1104,SUPPLIER1104,PROD0134,2025-01-05,1036.5105304113276,13429.218685239419,13048117.795618428,Cancelled
PO1105,SUPPLIER1105,PROD0134,2025-12-14,991.8333265217758,17846.724180107267,16865168.10279291,In Transit
PO1106,SUPPLIER1106,PROD0134,2025-01-10,2005.336653281877,9033.243576985877,17280116.908440057,Pending
PO1107,SUPPLIER1107,PROD0134,2026-07-17,2360.324438401462,22026.07634050934,51655847.989168875,Partially Received
PO1108,SUPPLIER1108,PROD0134,2026-06-18,1500.2630285547023,20549.972673945034,31125596.967464775,Delivered
PO1109,SUPPLIER1109,PROD0134,2025-01-28,780.0644460284913,13426.78813249964,10390856.592138452,Pending
PO1110,SUPPLIER1110,PROD0065,2025-03-15,1206.2819867840021,3247.1986449113006,3482882.8112093946,Delivered
PO1111,SUPPLIER1111,PROD0065,2026-06-06,95.12356232648926,16406.27203352443,1449592.1549717647,Partially Received
PO1112,SUPPLIER1112,PROD0065,2026-05-02,2201.2016624542816,21608.28451353374,47490035.54533553,Delivered
PO1113,SUPPLIER1113,PROD0065,2026-05-26,2056.228528325359,10567.53215409485,21593354.020990204,In Transit
PO1114,SUPPLIER1114,PROD0065,2025-06-16,930.8872325983698,9903.814355429851,9244600.047089659,In Transit
PO1115,SUPPLIER1115,PROD0065,2025-03-03,1636.972842824043,3199.1549991515267,5400597.15646712,Partially Received
PO1116,SUPPLIER1116,PROD0065,2025-01-15,240.8716556766539,18554.57416599101,4322251.880889413,In Transit
PO1117,SUPPLIER1117,PROD0065,2026-06-14,409.68823429097927,22367.18277564549,8804983.094954299,In Transit
PO1118,SUPPLIER1118,PROD0065,2026-02-19,1326.794361373863,25261.40109368211,32882690.27452595,Delivered
PO1119,SUPPLIER1119,PROD0065,2026-07-23,1322.6728919704792,15580.057902170773,20894542.393316995,Delivered
PO1120,SUPPLIER1120,PROD0187,2025-12-04,2128.944791095792,13257.4702070208,27274835.1975763,Partially Received
PO1121,SUPPLIER1121,PROD0187,2025-05-14,1937.8881100538713,3615.3700610732694,6749445.375970639,Delivered
PO1122,SUPPLIER1122,PROD0187,2026-05-03,1190.5430259007192,1249.4551343978374,733422.4459638562,In Transit
PO1123,SUPPLIER1123,PROD0187,2026-03-21,1210.0877698646113,22292.014991276097,25637843.793499466,Pending
PO1124,SUPPLIER1124,PROD0187,2025-12-18,416.1898653707201,8707.259594594623,3723171.746144433,Delivered
PO1125,SUPPLIER1125,PROD0187,2026-03-26,1335.3457587110925,7655.703733114475,10057784.050911225,Delivered
PO1126,SUPPLIER1126,PROD0187,2025-02-12,1058.1008577574994,8254.556125109078,8686687.273635125,Delivered
PO1127,SUPPLIER1127,PROD0187,2026-05-26,2297.875259826546,800.2088718380691,602317.8616971588,Delivered
PO1128,SUPPLIER1128,PROD0187,2025-05-03,1498.4663569185145,14686.481897285294,22807773.79049056,Pending
PO1129,SUPPLIER1129,PROD0187,2026-01-21,1409.1486364949646,4914.830752805847,6349100.8746951865,Pending
PO1130,SUPPLIER1130,PROD0175,2025-07-31,846.5105850891275,3128.9488347947376,2591088.0780101866,Delivered
PO1131,SUPPLIER1131,PROD0175,2025-05-22,2002.6183715630673,14826.543234832221,28639406.189462997,In Transit
PO1132,SUPPLIER1132,PROD0175,2025-02-16,1133.8744123593533,982.0534946629492,599552.6009876978,Delivered
PO1133,SUPPLIER1133,PROD0175,2026-01-03,40.841605103027135,4808.614550024815,258296.2124172637,Pending
PO1134,SUPPLIER1134,PROD0175,2025-11-12,1285.7431908107233,10968.043374621851,12667264.047944237,Cancelled
PO1135,SUPPLIER1135,PROD0175,2026-08-18,985.6249575450016,25043.436367138907,25927138.67596267,Pending
PO1136,SUPPLIER1136,PROD0175,2025-05-04,1418.530400212473,11891.634890413956,15388797.663647974,Cancelled
PO1137,SUPPLIER1137,PROD0175,2026-02-03,2301.7301393130174,1670.6393826569015,3382669.3690535463,Partially Received
PO1138,SUPPLIER1138,PROD0175,2026-06-09,1205.202614286666,8004.875844361397,8892642.477562401,Partially Received
PO1139,SUPPLIER1139,PROD0175,2026-06-15,919.2155751887294,4667.467958110027,3989960.5425781677,Delivered
PO1140,SUPPLIER1140,PROD0075,2025-04-26,1375.396194063081,8964.296717312549,11693563.926272744,Pending
PO1141,SUPPLIER1141,PROD0075,2025-11-12,1474.260991178422,6555.80412169452,9207331.112230333,Partially Received
PO1142,SUPPLIER1142,PROD0075,2025-02-10,1380.0102874883298,13636.505012688638,18729540.943221193,Delivered
PO1143,SUPPLIER1143,PROD0075,2025-05-25,1409.7801138739626,15566.585522483529,22978289.979975447,In Transit
PO1144,SUPPLIER1144,PROD0075,2025-10-24,910.077349041973,1841.1083339126064,1570994.552162794,Partially Received
PO1145,SUPPLIER1145,PROD0075,2026-04-13,653.4739994152803,9771.219370996336,6517644.427302018,Delivered
PO1146,SUPPLIER1146,PROD0075,2026-02-18,2264.7391684391546,21299.092686056338,47385161.74939501,In Transit
PO1147,SUPPLIER1147,PROD0075,2026-01-08,1777.098509987313,13502.26749379119,24544189.89206046,Cancelled
PO1148,SUPPLIER1148,PROD0075,2026-03-30,1879.8880190668517,3623.235282444399,6661210.037557156,Delivered
PO1149,SUPPLIER1149,PROD0075,2026-07-17,1452.5104266719695,18989.76026738698,26877937.41665637,Pending
PO1150,SUPPLIER1150,PROD0094,2026-03-12,1293.9798411394606,7322.5081353807855,8922614.746676445,Pending
PO1151,SUPPLIER1151,PROD0094,2025-10-28,501.88678942392784,20554.7542436461,10509365.344974814,Delivered
PO1152,SUPPLIER1152,PROD0094,2025-04-03,1247.8047054279891,10173.271070397006,12282625.885445073,Partially Received
PO1153,SUPPLIER1153,PROD0094,2026-06-01,1616.9365167203528,11790.55637624491,18807557.932155576,Partially Received
PO1154,SUPPLIER1154,PROD0094,2025-08-28,2366.481838388489,7726.277826740739,20113061.097520962,Cancelled
PO1155,SUPPLIER1155,PROD0094,2025-03-18,912.8601958812404,22946.020261862333,21467134.418865163,In Transit
PO1156,SUPPLIER1156,PROD0094,2025-04-17,1304.9183553889027,9358.602729167838,11280300.31974283,Partially Received
PO1157,SUPPLIER1157,PROD0094,2025-04-18,1555.157212181834,11188.316173250729,16969953.580636,In Transit
PO1158,SUPPLIER1158,PROD0094,2025-04-06,44.416379513963456,2079.9084242039576,174598.3107094713,In Transit
PO1159,SUPPLIER1159,PROD0094,2025-06-12,694.0935399674637,4235.176671916559,2916228.9983287663,Pending
PO1160,SUPPLIER1160,PROD0082,2025-02-27,934.2133201256203,19043.96812661427,18265065.77332687,Delivered
PO1161,SUPPLIER1161,PROD0082,2026-01-21,1483.6475417824543,17884.563711919465,25499415.003221687,Partially Received
PO1162,SUPPLIER1162,PROD0082,2025-05-18,1697.7222675593116,1055.4037737494339,735702.9974358961,Delivered
PO1163,SUPPLIER1163,PROD0082,2026-07-03,102.61113657127517,18327.621285265453,1943403.0215886373,Partially Received
PO1164,SUPPLIER1164,PROD0082,2025-09-03,1568.6668264980935,10109.656254764908,16470533.70126041,Delivered
PO1165,SUPPLIER1165,PROD0082,2026-07-01,649.7093719005627,15616.859636040388,10129833.649249582,Pending
PO1166,SUPPLIER1166,PROD0082,2026-01-26,677.9749571199179,11052.276564725511,7443400.341371484,Delivered
PO1167,SUPPLIER1167,PROD0082,2025-02-25,266.75376692574497,12460.772694132027,3055427.1949328696,Partially Received
PO1168,SUPPLIER1168,PROD0082,2025-04-22,268.5184054321651,18817.00564353427,4357761.94733038,Delivered
PO1169,SUPPLIER1169,PROD0082,2025-06-26,108.55885123157654,9015.358383147413,1213548.797301264,Delivered
PO1170,SUPPLIER1170,PROD0059,2025-02-25,1249.3930458429631,11633.72022540508,15944272.52691872,Partially Received
PO1171,SUPPLIER1171,PROD0059,2026-01-27,1293.5154155056944,24400.179877570354,32157071.775826238,Delivered
PO1172,SUPPLIER1172,PROD0059,2026-06-11,1557.0035543554775,10612.016309553574,16623139.236406727,Partially Received
PO1173,SUPPLIER1173,PROD0059,2026-06-16,509.2267108393553,2212.0428226084127,998902.7999258642,Delivered
PO1174,SUPPLIER1174,PROD0059,2025-10-15,1626.6163195018717,12137.499238573251,19928997.630588554,In Transit
PO1175,SUPPLIER1175,PROD0059,2026-02-16,1318.0395505093782,16176.340981156782,21436263.06152185,Cancelled
PO1176,SUPPLIER1176,PROD0059,2026-02-05,1939.5373099432322,14629.147853400733,28737328.614377778,Delivered
PO1177,SUPPLIER1177,PROD0059,2026-08-24,979.2518758654958,2475.488866708088,2535580.4623519713,Partially Received
PO1178,SUPPLIER1178,PROD0059,2025-08-01,1216.3891674038891,5843.536935208651,6910560.010895237,In Transit
PO1179,SUPPLIER1179,PROD0059,2026-08-10,647.3387165487057,18188.622123059038,11212415.533601519,Delivered
PO1180,SUPPLIER1180,PROD0129,2026-06-22,214.55045518470558,24501.139121986234,5303473.141443245,Delivered
PO1181,SUPPLIER1181,PROD0129,2025-07-28,1134.8888834150164,11990.864372320968,13307335.927352533,Delivered
PO1182,SUPPLIER1182,PROD0129,2025-06-29,921.1206085786902,24550.984322830627,21983015.387051523,Pending
PO1183,SUPPLIER1183,PROD0129,2025-10-27,25.335318688400662,8456.80717461866,263538.3137640368,In Transit
PO1184,SUPPLIER1184,PROD0129,2026-07-16,1277.537166466717,5946.911040554468,6976414.1891294755,Pending
PO1185,SUPPLIER1185,PROD0129,2025-09-23,856.6306712320069,19765.683864209917,16580886.014613807,Delivered
PO1186,SUPPLIER1186,PROD0129,2025-04-11,2126.982091739802,7952.937524220574,16869115.53743288,Pending
PO1187,SUPPLIER1187,PROD0129,2025-06-18,1657.6197815511277,1910.1880667271814,3010615.8812064035,Partially Received
PO1188,SUPPLIER1188,PROD0129,2025-06-23,1675.6176654355074,8694.819215973908,14118186.251704184,Delivered
PO1189,SUPPLIER1189,PROD0129,2025-06-09,1859.0216283961975,3429.6906219843518,6400269.585957474,Partially Received
PO1190,SUPPLIER1190,PROD0140,2025-11-27,1622.0105916641508,1507.3946526895002,2009823.6895466559,Delivered
PO1191,SUPPLIER1191,PROD0140,2026-04-16,1471.267411975195,13328.853370588837,20145592.430592973,Delivered
PO1192,SUPPLIER1192,PROD0140,2026-02-05,622.9995774472648,12317.976994626428,7686157.6234553885,Delivered
PO1193,SUPPLIER1193,PROD0140,2026-02-23,566.6868131060917,14087.702526393772,8084281.062103181,Delivered
PO1194,SUPPLIER1194,PROD0140,2025-02-19,678.7175260160899,16997.879444717102,11725723.375785839,In Transit
PO1195,SUPPLIER1195,PROD0140,2025-12-02,1171.8090379333007,9990.64685233347,11479215.49402313,Partially Received
PO1196,SUPPLIER1196,PROD0140,2026-05-19,669.3254790688565,5521.624637082164,3631000.3881995715,Pending
PO1197,SUPPLIER1197,PROD0140,2025-12-19,841.6602435514562,2244.56628609865,1894849.7229433681,Delivered
PO1198,SUPPLIER1198,PROD0140,2026-04-01,1663.3207297041945,15653.475818508206,26453370.965496644,Partially Received
PO1199,SUPPLIER1199,PROD0140,2025-06-24,1632.7497544475077,18086.805681994778,28983159.532321688,In Transit
PO1200,SUPPLIER1200,PROD0141,2025-08-04,1836.8966350917628,6784.061303254692,12605888.641766796,Pending
PO1201,SUPPLIER1201,PROD0141,2025-02-23,2147.364148589387,9326.383557107161,19463995.45278462,Delivered
PO1202,SUPPLIER1202,PROD0141,2025-05-27,1272.7660927071743,7737.773465417876,9500095.074085822,Delivered
PO1203,SUPPLIER1203,PROD0141,2026-01-29,1756.7975667290618,18896.394120121822,33078684.792441245,In Transit
PO1204,SUPPLIER1204,PROD0141,2025-09-23,2114.508577824417,7170.495342291966,14629893.927897902,Delivered
PO1205,SUPPLIER1205,PROD0141,2026-05-16,1758.0225931259847,8667.430774587148,15077143.614315666,In Transit
PO1206,SUPPLIER1206,PROD0141,2025-01-26,1333.1061373930957,12956.522378830761,18321365.705094073,Delivered
PO1207,SUPPLIER1207,PROD0141,2026-08-01,1669.7853592906208,6266.508384457418,9540183.068472521,Delivered
PO1208,SUPPLIER1208,PROD0141,2025-11-05,1511.3043136936278,8915.928690308296,13530687.356071146,Delivered
PO1209,SUPPLIER1209,PROD0141,2026-06-28,882.491922387668,11814.923724304479,9595827.508862529,Partially Received
PO1210,SUPPLIER1210,PROD0189,2026-08-20,890.5263725267964,16741.1318438735,14544287.040997818,Partially Received
PO1211,SUPPLIER1211,PROD0189,2025-05-02,2220.473325802585,12628.847618285276,26080956.60271687,Partially Received
PO1212,SUPPLIER1212,PROD0189,2026-01-20,1255.307968425757,23711.190331306258,28888722.306507096,Delivered
PO1213,SUPPLIER1213,PROD0189,2026-01-02,1449.363069275369,8320.101847219072,11537431.046627613,In Transit
PO1214,SUPPLIER1214,PROD0189,2025-12-06,1621.2036508862611,14637.065756924827,24245097.845027573,Partially Received
PO1215,SUPPLIER1215,PROD0189,2025-01-27,768.4973006014978,1271.1285989528437,703384.5994664779,Delivered
PO1216,SUPPLIER1216,PROD0189,2025-05-02,1011.5297069510738,11885.348089787743,11780577.152455684,Partially Received
PO1217,SUPPLIER1217,PROD0189,2025-07-23,1340.1509219722136,4308.588242995057,5022128.509821577,Cancelled
PO1218,SUPPLIER1218,PROD0189,2025-09-14,1675.5777242587133,11702.176307008725,20000795.55001798,Partially Received
PO1219,SUPPLIER1219,PROD0189,2025-05-26,492.1305155748441,24366.88601652574,12317175.648864603,Cancelled
PO1220,SUPPLIER1220,PROD0061,2026-05-29,1097.989401169941,15313.31972951521,17166751.040597852,In Transit
PO1221,SUPPLIER1221,PROD0061,2026-01-27,2020.4578329777753,15358.617966982898,29885985.574504282,Partially Received
PO1222,SUPPLIER1222,PROD0061,2026-07-28,565.042526434699,15903.837139388066,8516105.853539325,Pending
PO1223,SUPPLIER1223,PROD0061,2026-03-16,899.3017523094848,17707.917500551255,16271566.714162419,Pending
PO1224,SUPPLIER1224,PROD0061,2025-02-27,1403.1723146628049,25915.322634236283,37194490.13416548,Delivered
PO1225,SUPPLIER1225,PROD0061,2025-09-13,1723.1727119034956,14898.57673290793,26571759.317228623,Delivered
PO1226,SUPPLIER1226,PROD0061,2026-08-11,1072.5348237996152,4046.727273259678,4491518.126149727,Partially Received
PO1227,SUPPLIER1227,PROD0061,2026-06-01,1749.1834802035373,13875.392689950784,23612288.910919145,Cancelled
PO1228,SUPPLIER1228,PROD0061,2026-03-05,1619.3556427415747,3364.8270267267244,5234897.187284427,Delivered
PO1229,SUPPLIER1229,PROD0061,2026-02-23,1770.4425173948994,10812.500905506935,19608635.432787795,In Transit
PO1230,SUPPLIER1230,PROD0039,2026-06-30,1330.8897065947954,3109.864883496811,4078258.9465552736,Delivered
PO1231,SUPPLIER1231,PROD0039,2025-11-12,1090.1566076664578,12166.360335577678,13123610.19617361,Partially Received
PO1232,SUPPLIER1232,PROD0039,2025-04-03,1514.4299792654585,22546.787823080274,33379504.746130433,In Transit
PO1233,SUPPLIER1233,PROD0039,2025-11-22,1426.4306462946295,8393.71798573834,12414012.280158974,Partially Received
PO1234,SUPPLIER1234,PROD0039,2026-02-28,701.3783321554437,21372.79098481761,15070560.21794356,Delivered
PO1235,SUPPLIER1235,PROD0039,2025-01-13,1607.4716074457526,3007.1338535402206,4746554.628272088,Delivered
PO1236,SUPPLIER1236,PROD0039,2025-08-25,2078.363617445964,9816.4109366173,19307673.449918445,In Transit
PO1237,SUPPLIER1237,PROD0039,2025-11-17,1923.1660904732335,24072.290319668595,44542903.09618499,Delivered
PO1238,SUPPLIER1238,PROD0039,2026-01-04,1092.0455289741196,12601.587424641551,13268466.38996948,Delivered
PO1239,SUPPLIER1239,PROD0039,2025-03-16,1696.019175454975,20996.295987538106,35003468.83268046,Pending
PO1240,SUPPLIER1240,PROD0068,2026-06-29,532.5851697624446,13780.774549634381,7462887.726125802,Partially Received
PO1241,SUPPLIER1241,PROD0068,2026-08-15,1391.0419579703646,19315.303932322502,25357780.789333317,Delivered
PO1242,SUPPLIER1242,PROD0068,2025-08-11,2369.7694444992285,17637.852701616866,42106522.1600049,Partially Received
PO1243,SUPPLIER1243,PROD0068,2025-07-28,1473.3496521697916,21012.92049969105,29861276.32029476,In Transit
PO1244,SUPPLIER1244,PROD0068,2026-01-21,876.8021194370169,14748.631756304505,12525295.996865366,Partially Received
PO1245,SUPPLIER1245,PROD0068,2025-01-05,906.534419841848,26238.05161609937,25763299.695877932,In Transit
PO1246,SUPPLIER1246,PROD0068,2025-02-12,1646.0374228108112,18207.184286370113,29091681.108627394,Pending
PO1247,SUPPLIER1247,PROD0068,2025-08-04,1427.1847380942525,11609.174318719053,17714308.05381613,Partially Received
PO1248,SUPPLIER1248,PROD0068,2025-12-24,1372.0896346712682,7228.191191825656,10101135.425412377,Delivered
PO1249,SUPPLIER1249,PROD0068,2026-06-20,2491.8090469981785,22406.260710507173,58643015.76282223,In Transit
PO1250,SUPPLIER1250,PROD0200,2025-07-21,2024.8715260562462,5816.365836492324,11235163.591717478,Partially Received
PO1251,SUPPLIER1251,PROD0200,2026-03-30,2114.9370846230154,12706.902960865526,25105164.516221207,Cancelled
PO1252,SUPPLIER1252,PROD0200,2026-02-23,1100.6166787625875,18464.165157608426,20129895.624838676,Delivered
PO1253,SUPPLIER1253,PROD0200,2026-08-16,2298.743603070192,4059.92665633965,10470392.226639798,Cancelled
PO1254,SUPPLIER1254,PROD0200,2025-10-11,843.9324196924271,19238.758582238253,16372523.824032243,Partially Received
PO1255,SUPPLIER1255,PROD0200,2025-09-30,2055.2506563674774,18236.143886465212,38075741.76002943,Partially Received
PO1256,SUPPLIER1256,PROD0200,2025-09-12,1197.558139669592,15051.80987875239,18424187.10834976,Delivered
PO1257,SUPPLIER1257,PROD0200,2025-07-19,2245.575089801668,13530.862035648577,28465418.980895367,Delivered
PO1258,SUPPLIER1258,PROD0200,2026-05-17,1582.4176538299046,4447.159109010296,6154524.79817495,Delivered
PO1259,SUPPLIER1259,PROD0200,2025-02-04,1470.2921137408314,13460.924820350903,20144891.51286197,Partially Received
PO1260,SUPPLIER1260,PROD0023,2026-06-27,1486.8156214826588,20899.923102375036,30718077.73151092,Pending
PO1261,SUPPLIER1261,PROD0023,2025-10-06,857.710245741228,11281.541609001577,9436502.369490292,Pending
PO1262,SUPPLIER1262,PROD0023,2025-10-09,1455.3564729343477,19641.23311723447,28305978.864557944,Partially Received
PO1263,SUPPLIER1263,PROD0023,2025-01-09,1262.3196073437869,17703.578516054917,22964449.70783342,Pending
PO1264,SUPPLIER1264,PROD0023,2026-01-13,2156.5426410685504,13211.431557194306,26441964.649702404,Delivered
PO1265,SUPPLIER1265,PROD0023,2026-05-02,1915.4605036192777,18885.718701239683,36066555.63188161,Delivered
PO1266,SUPPLIER1266,PROD0023,2025-02-01,1154.2367652408982,24553.660810383713,28285576.133884996,Pending
PO1267,SUPPLIER1267,PROD0023,2026-02-16,1205.9045425933505,6946.925451725384,8533076.05167479,In Transit
PO1268,SUPPLIER1268,PROD0023,2026-01-04,1596.2491898165588,25310.02079590119,39569685.05739233,Delivered
PO1269,SUPPLIER1269,PROD0023,2026-06-10,1898.2609947987607,12903.729008487722,24174729.01857328,Delivered
PO1270,SUPPLIER1270,PROD0180,2025-01-06,1260.8753151010455,4992.476889482651,6286730.407843626,Delivered
PO1271,SUPPLIER1271,PROD0180,2025-06-28,1133.1421817946236,10278.960560047888,11867857.447168294,In Transit
PO1272,SUPPLIER1272,PROD0180,2026-08-29,1067.4118520747393,12263.221240235745,12389116.492896331,Pending
PO1273,SUPPLIER1273,PROD0180,2026-08-09,1295.1301600199438,15748.814593147035,21250137.540200774,Delivered
PO1274,SUPPLIER1274,PROD0180,2025-04-07,666.542710443361,24850.267724870824,18200657.780318677,In Transit
PO1275,SUPPLIER1275,PROD0180,2026-06-10,1679.665840238536,2206.720598007332,3754679.679930393,Partially Received
PO1276,SUPPLIER1276,PROD0180,2025-01-08,1144.7146915418143,23695.468757307328,27842569.421648923,Partially Received
PO1277,SUPPLIER1277,PROD0180,2025-12-07,2071.151060246237,7552.718899139838,14248233.919062484,Delivered
PO1278,SUPPLIER1278,PROD0180,2025-08-15,945.6618682994402,5919.1157536052015,5623282.4277711455,In Transit
PO1279,SUPPLIER1279,PROD0180,2025-08-31,1032.8942191266297,14724.044957547741,15720518.51089946,In Transit
PO1280,SUPPLIER1280,PROD0095,2025-03-12,1054.295267668102,11998.38818232177,13439207.988402914,Pending
PO1281,SUPPLIER1281,PROD0095,2025-03-19,632.4220676613903,11249.646769038616,6598186.696862624,In Transit
PO1282,SUPPLIER1282,PROD0095,2025-01-24,674.1657793763354,11713.85720046496,8410039.498262044,Partially Received
PO1283,SUPPLIER1283,PROD0095,2026-01-16,1411.5211205536743,25360.60500215276,35897398.35958949,Delivered
PO1284,SUPPLIER1284,PROD0095,2025-05-12,765.1035567322685,13004.913394660633,10302021.71247297,In Transit
PO1285,SUPPLIER1285,PROD0095,2026-02-21,872.4713097369412,8338.099661963666,7152960.114126179,Pending
PO1286,SUPPLIER1286,PROD0095,2026-04-12,815.7546041035031,17244.72754901052,13539755.568443442,Partially Received
PO1287,SUPPLIER1287,PROD0095,2026-08-11,135.1176975237551,8456.378850564937,1267478.872626888,In Transit
PO1288,SUPPLIER1288,PROD0095,2026-08-07,2112.509054232167,8052.723219574891,15657865.117052337,In Transit
PO1289,SUPPLIER1289,PROD0095,2025-01-11,1666.7340723590332,1810.7090438632588,2705554.574257261,Cancelled
PO1290,SUPPLIER1290,PROD0160,2026-04-06,1751.973908734437,13118.444867910432,22917124.28688622,Partially Received
PO1291,SUPPLIER1291,PROD0160,2025-12-18,1669.7537891382474,25202.75278511145,42299207.42902658,In Transit
PO1292,SUPPLIER1292,PROD0160,2025-05-09,1278.864589438801,23962.828839635305,32556531.676166162,In Transit
PO1293,SUPPLIER1293,PROD0160,2025-08-15,2419.357098216868,11766.193090149382,28994551.683331177,Delivered
PO1294,SUPPLIER1294,PROD0160,2026-05-19,1793.5285575560067,20177.027361606313,36742104.135516375,Delivered
PO1295,SUPPLIER1295,PROD0160,2025-05-10,1563.2803716483033,21047.267410558274,33275889.12358678,Delivered
PO1296,SUPPLIER1296,PROD0160,2026-03-12,792.0380006889729,14301.904640388773,11588069.566834195,Partially Received
PO1297,SUPPLIER1297,PROD0160,2026-06-05,616.9403973641286,6658.14904946586,3638186.868105572,Delivered
PO1298,SUPPLIER1298,PROD0160,2026-06-12,895.9880706677216,25948.084254991503,23660695.8383577,In Transit
PO1299,SUPPLIER1299,PROD0160,2026-02-11,1710.8459968700902,19374.90898571084,32917611.53196171,Delivered
PO1300,SUPPLIER1300,PROD0054,2026-08-12,1550.798509637139,2660.014293155586,3868449.034171655,Pending
PO1301,SUPPLIER1301,PROD0054,2026-08-06,1002.8441667541955,8408.726669549247,8363449.474263802,Delivered
PO1302,SUPPLIER1302,PROD0054,2026-01-01,652.2623779719638,17524.390782040853,11165806.814971803,Partially Received
PO1303,SUPPLIER1303,PROD0054,2025-04-23,41.85689444127911,24896.473345907183,1018501.4423722615,Delivered
PO1304,SUPPLIER1304,PROD0054,2025-06-15,2287.915370356985,10645.755663488693,23233873.010266427,Delivered
PO1305,SUPPLIER1305,PROD0054,2026-06-01,1479.5456370406735,5072.074073396801,7062215.999095018,Cancelled
PO1306,SUPPLIER1306,PROD0054,2026-02-12,373.15420090387556,13092.289073367736,5276664.022699268,In Transit
PO1307,SUPPLIER1307,PROD0054,2026-06-25,1636.584963182488,12186.734005694709,19980035.755517494,Partially Received
PO1308,SUPPLIER1308,PROD0054,2025-11-25,665.1892775501611,9670.034069089515,6226103.876761117,Delivered
PO1309,SUPPLIER1309,PROD0054,2025-10-22,1669.9267118051087,16661.27536060391,28239420.580170512,In Transit
PO1310,SUPPLIER1310,PROD0193,2025-04-11,439.93095469522007,1447.6752013355604,679607.2952975717,Delivered
PO1311,SUPPLIER1311,PROD0193,2025-07-01,246.25585580524796,11552.661878215862,2980255.5440895855,Delivered
PO1312,SUPPLIER1312,PROD0193,2026-06-27,372.21256029932186,21640.293423832667,8498885.829446897,In Transit
PO1313,SUPPLIER1313,PROD0193,2025-11-02,680.1588382121708,11997.058345364901,8332662.900267694,In Transit
PO1314,SUPPLIER1314,PROD0193,2025-11-05,1604.6108323515687,12600.743743242843,19853603.38056297,In Transit
PO1315,SUPPLIER1315,PROD0193,2025-03-10,1210.0058123951326,5396.7495524975575,5971659.819130062,Pending
PO1316,SUPPLIER1316,PROD0193,2026-08-20,463.56872122320897,24740.04993968474,11056889.404263021,Partially Received
PO1317,SUPPLIER1317,PROD0193,2026-01-28,1761.6776721974113,13890.1069965499,24244907.90371159,Delivered
PO1318,SUPPLIER1318,PROD0193,2025-11-03,1631.2868153434692,21349.328439491892,34473866.27195421,Delivered
PO1319,SUPPLIER1319,PROD0193,2025-07-26,919.6226535060559,6332.817871996294,5348798.481103888,Delivered
PO1320,SUPPLIER1320,PROD0051,2025-05-15,1288.1458170763412,18662.30461530119,24161602.24106574,In Transit
PO1321,SUPPLIER1321,PROD0051,2026-02-09,1277.5734195046634,14143.727873131264,17804781.055187427,Delivered
PO1322,SUPPLIER1322,PROD0051,2025-12-29,1478.4484541114496,16612.431671710965,23907621.98803497,Delivered
PO1323,SUPPLIER1323,PROD0051,2026-04-27,1133.2987776222833,2426.6026904111804,2498669.87987536,Delivered
PO1324,SUPPLIER1324,PROD0051,2026-04-02,1058.139314173189,8573.751818679564,9066812.555601396,Delivered
PO1325,SUPPLIER1325,PROD0051,2026-05-21,815.333098449597,17187.51886186417,13777085.77189337,Delivered
PO1326,SUPPLIER1326,PROD0051,2026-04-18,902.2765473842902,7731.327319783658,7282388.0833904445,In Transit
PO1327,SUPPLIER1327,PROD0051,2025-01-15,53.333653762092645,8954.387015794697,777078.7558419564,In Transit
PO1328,SUPPLIER1328,PROD0051,2025-06-11,866.6528650539137,9368.710393461512,7400158.000345093,Partially Received
PO1329,SUPPLIER1329,PROD0051,2026-06-20,1077.4786607429219,8948.819657793796,9378194.424147397,In Transit
PO1330,SUPPLIER1330,PROD0014,2025-05-17,1781.7768614692413,8981.577496675469,15671459.272385448,Delivered
PO1331,SUPPLIER1331,PROD0014,2025-06-04,2307.823379449858,10045.920056999243,23981698.27096019,Cancelled
PO1332,SUPPLIER1332,PROD0014,2025-05-21,1948.7355172055525,10993.766013970435,21583872.207372557,Delivered
PO1333,SUPPLIER1333,PROD0014,2025-03-22,1498.9230781301912,12646.424148182297,19557922.395089548,Pending
PO1334,SUPPLIER1334,PROD0014,2025-11-11,1446.2351771281462,13500.019787712376,19785454.786287006,Partially Received
PO1335,SUPPLIER1335,PROD0014,2025-12-29,394.3645684968743,22814.364012986043,8714981.127183601,Delivered
PO1336,SUPPLIER1336,PROD0014,2025-03-10,1565.2255281478356,17065.025127524532,27395790.97241126,In Transit
PO1337,SUPPLIER1337,PROD0014,2025-01-29,1987.7383982025933,20175.214318730257,39962467.327924736,Delivered
PO1338,SUPPLIER1338,PROD0014,2025-11-16,370.21548588138285,6356.66063285581,2535388.4091496635,Partially Received
PO1339,SUPPLIER1339,PROD0194,2025-04-14,1778.811960438564,12826.393012533124,22593659.45602851,Delivered
PO1340,SUPPLIER1340,PROD0194,2026-06-16,166.17768083907205,20117.815124518896,3455280.329449323,Delivered
PO1341,SUPPLIER1341,PROD0194,2025-03-05,611.0141681180764,13358.685804749037,7759866.682449817,Delivered
PO1342,SUPPLIER1342,PROD0194,2026-02-18,857.5707997834168,19362.000572685687,16376293.610655786,Partially Received
PO1343,SUPPLIER1343,PROD0194,2026-03-05,381.1113014626182,16997.983137775802,6085241.028534916,Partially Received
PO1344,SUPPLIER1344,PROD0194,2026-07-16,190.79566411386313,9017.465762843658,1518896.7540256681,Pending
PO1345,SUPPLIER1345,PROD0194,2025-11-12,388.2562903258019,18022.264692455406,6862403.948412978,Partially Received
PO1346,SUPPLIER1346,PROD0194,2025-02-03,771.7192356289496,17108.739710549282,12985438.818216348,Partially Received
PO1347,SUPPLIER1347,PROD0194,2025-10-11,891.2843526354781,13588.743424701152,11906242.001866486,Pending
PO1348,SUPPLIER1348,PROD0113,2025-09-28,1604.3795501234226,9485.289580352463,15000903.559123108,Pending
PO1349,SUPPLIER1349,PROD0113,2025-09-30,988.1002071335668,23864.121784164916,24447859.10283782,Partially Received
PO1350,SUPPLIER1350,PROD0113,2026-07-07,1759.2362429359239,16146.096189900478,28138177.11144731,Delivered
PO1351,SUPPLIER1351,PROD0113,2026-02-22,1750.7727438417828,15909.69414110125,27622439.47744366,Delivered
PO1352,SUPPLIER1352,PROD0113,2025-03-01,619.9934342340616,5972.95722517024,3813244.288734187,Delivered
PO1353,SUPPLIER1353,PROD0113,2025-11-16,1998.8472297168792,17888.6410661605,36041341.24011135,Delivered
PO1354,SUPPLIER1354,PROD0113,2026-01-02,26.962294902568228,13876.857103780461,139635.5007667417,Delivered
PO1355,SUPPLIER1355,PROD0113,2025-08-25,932.5599323650168,3139.740104792812,2860754.1923946305,Partially Received
PO1356,SUPPLIER1356,PROD0113,2025-08-31,355.51213165118634,24387.270810542872,9333369.494162526,Partially Received
PO1357,SUPPLIER1357,PROD0090,2026-05-19,1206.6354343461635,13567.629764287856,16187696.0495768,Delivered
PO1358,SUPPLIER1358,PROD0090,2025-01-24,1403.9431680989007,24152.037639670896,33395239.231794648,Partially Received
PO1359,SUPPLIER1359,PROD0090,2026-03-05,1956.7370017806672,8227.132402009538,15364020.49658976,Pending
PO1360,SUPPLIER1360,PROD0090,2025-10-14,1022.07574803915,22086.36334882707,21683588.82720744,Delivered
PO1361,SUPPLIER1361,PROD0090,2026-06-25,441.66523030798555,19965.425296756144,8788560.638025494,Delivered
PO1362,SUPPLIER1362,PROD0090,2026-01-01,689.9023728827834,20488.920688297898,15639761.33402272,In Transit
PO1363,SUPPLIER1363,PROD0090,2026-06-12,1289.9759233627,14244.947151676912,18448428.110378604,Delivered
PO1364,SUPPLIER1364,PROD0090,2026-02-13,2144.5304673479986,25638.353439433387,52985005.65964664,In Transit
PO1365,SUPPLIER1365,PROD0090,2026-02-15,1453.7223420273124,17971.120839129533,25384793.55217732,Partially Received
PO1366,SUPPLIER1366,PROD0164,2025-08-04,1579.5937562054874,11849.73125724588,19499223.25331063,Partially Received
PO1367,SUPPLIER1367,PROD0164,2025-10-25,1032.1310510739022,9750.737753637703,10126787.73734249,Pending
PO1368,SUPPLIER1368,PROD0164,2025-02-22,1267.3230563581521,18156.403485989948,22966720.63121791,Partially Received
PO1369,SUPPLIER1369,PROD0164,2026-07-21,1736.6081273158807,8962.8555745769,15135158.721012665,In Transit
PO1370,SUPPLIER1370,PROD0164,2026-03-12,435.6045875405658,3455.215838191355,1769478.8209695632,Partially Received
PO1371,SUPPLIER1371,PROD0164,2026-06-28,498.72310971762056,14903.55294241429,7446399.7250887565,Delivered
PO1372,SUPPLIER1372,PROD0164,2026-02-01,860.5626053729079,3988.5652357909557,2912457.103998649,Cancelled
PO1373,SUPPLIER1373,PROD0164,2025-11-23,2121.664903726308,7946.559942889882,16415593.456375618,Delivered
PO1374,SUPPLIER1374,PROD0164,2025-05-08,1589.3562436181028,10452.135309171555,16064470.277309397,In Transit
PO1375,SUPPLIER1375,PROD0110,2026-03-19,1703.4298536500369,24231.491724075473,41588060.01697714,Delivered
PO1376,SUPPLIER1376,PROD0110,2026-06-24,1004.5956482430831,5904.839968429415,5673772.458420019,Partially Received
PO1377,SUPPLIER1377,PROD0110,2026-05-16,2230.3721058505766,6863.536846593473,14638647.32518194,In Transit
PO1378,SUPPLIER1378,PROD0110,2026-04-19,1559.0917635230953,13366.52566124385,21765762.546428062,Delivered
PO1379,SUPPLIER1379,PROD0110,2026-08-10,1384.9632934086892,4838.291474922482,6711827.279674551,Delivered
PO1380,SUPPLIER1380,PROD0110,2025-08-07,1998.777989217501,19433.419093319266,37426912.82145271,In Transit
PO1381,SUPPLIER1381,PROD0110,2026-06-09,2280.9472977596743,7456.920545604533,17636117.328285076,Pending
PO1382,SUPPLIER1382,PROD0110,2025-09-26,2302.412153752746,8290.455450342866,18822013.66938846,Delivered
PO1383,SUPPLIER1383,PROD0110,2025-03-16,1724.2735351514498,11296.389424650188,19276321.416468244,In Transit
PO1384,SUPPLIER1384,PROD0149,2025-09-04,1042.5017834035532,20796.178604389035,21108216.80356519,Partially Received
PO1385,SUPPLIER1385,PROD0149,2025-09-24,1822.5318338276327,18877.364136652002,34752093.43566777,Delivered
PO1386,SUPPLIER1386,PROD0149,2026-01-02,1358.3003010443695,10861.725203547601,14810269.272683604,Pending
PO1387,SUPPLIER1387,PROD0149,2025-10-29,1409.9344187534432,18820.24286462575,26120778.39675205,In Transit
PO1388,SUPPLIER1388,PROD0149,2025-12-09,1699.2568206282217,13968.257262531224,23496846.3871307,Delivered
PO1389,SUPPLIER1389,PROD0149,2025-01-17,733.9038600790535,8728.47534884303,6080804.32289485,Delivered
PO1390,SUPPLIER1390,PROD0149,2026-07-19,165.29066058376998,10334.010578523088,1701800.0060761392,Delivered
PO1391,SUPPLIER1391,PROD0149,2026-03-18,2365.34513804184,23869.001221297982,55887238.180139996,Delivered
PO1392,SUPPLIER1392,PROD0149,2026-05-23,839.6700613330765,13435.194215851014,11321114.038276665,Partially Received
PO1393,SUPPLIER1393,PROD0115,2026-07-14,1387.978668860351,15761.144383781548,21472911.69307552,In Transit
PO1394,SUPPLIER1394,PROD0115,2026-01-06,1614.996019253991,7620.734005230385,12046601.75723845,Pending
PO1395,SUPPLIER1395,PROD0115,2025-04-13,716.548778339406,23508.09978168493,17410800.373559732,Delivered
PO1396,SUPPLIER1396,PROD0115,2025-01-24,409.07114304142937,12790.990065275466,5092369.4767406685,Partially Received
PO1397,SUPPLIER1397,PROD0115,2025-03-08,2165.461598975243,4943.283560338098,10843052.703893466,In Transit
PO1398,SUPPLIER1398,PROD0115,2026-01-20,70.79585984698244,15737.143216355576,1172221.557941297,Delivered
PO1399,SUPPLIER1399,PROD0115,2025-11-02,1629.376145411824,15936.517320926767,25572218.81550806,In Transit
PO1400,SUPPLIER1400,PROD0115,2025-07-30,151.6195801748939,25405.896826786313,5001408.998094683,Delivered
PO1401,SUPPLIER1401,PROD0115,2025-04-01,1983.9610227583714,13219.436400193366,25932009.40282496,In Transit
PO1402,SUPPLIER1402,PROD0192,2025-01-15,1096.5619076616194,962.4538755005855,495218.0268794675,Delivered
PO1403,SUPPLIER1403,PROD0192,2025-09-05,1484.0290509957183,2216.9443826171396,2946080.165363858,Pending
PO1404,SUPPLIER1404,PROD0192,2025-12-18,2249.735105488723,5985.36756385688,12445909.832817838,Delivered
PO1405,SUPPLIER1405,PROD0192,2025-07-19,567.4295197827171,8091.958514607509,4584212.021141208,Delivered
PO1406,SUPPLIER1406,PROD0192,2026-06-10,476.0171325976149,5404.942478833631,2935485.314548736,Delivered
PO1407,SUPPLIER1407,PROD0192,2026-06-18,1534.0027926041346,15611.513064818564,24359052.798906587,In Transit
PO1408,SUPPLIER1408,PROD0192,2025-11-02,1569.0997999191948,3625.725537501576,5329961.854827819,Delivered
PO1409,SUPPLIER1409,PROD0192,2026-05-07,1550.416136745237,14543.987718022714,22916886.155878786,Delivered
PO1410,SUPPLIER1410,PROD0192,2025-07-29,1140.1050432790646,14661.076302370175,17429392.0105573,Pending
PO1411,SUPPLIER1411,PROD0033,2026-04-15,875.60474744075,18264.107018384526,17104661.02434292,In Transit
PO1412,SUPPLIER1412,PROD0033,2025-08-28,869.9962659595587,11243.204287890509,9501867.796700913,Partially Received
PO1413,SUPPLIER1413,PROD0033,2026-08-13,1742.3659004718013,12203.020269391634,21590348.346245773,Partially Received
PO1414,SUPPLIER1414,PROD0033,2025-10-13,1117.2587291010166,16484.35992517096,18954168.837108374,Delivered
PO1415,SUPPLIER1415,PROD0033,2025-09-07,1342.834752565552,9265.87322226963,12258193.823708043,In Transit
PO1416,SUPPLIER1416,PROD0033,2026-01-16,1195.8306460975994,17993.9566554044,21008975.551297937,Delivered
PO1417,SUPPLIER1417,PROD0033,2025-04-20,83.26145203207068,9385.655744264555,749587.7430001748,Delivered
PO1418,SUPPLIER1418,PROD0033,2026-02-21,1877.9031966220616,1013.9571836511775,961341.2139461006,Pending
PO1419,SUPPLIER1419,PROD0033,2026-02-06,1690.0966556556923,20065.549858871895,33819432.42392183,Delivered
PO1420,SUPPLIER1420,PROD0131,2026-05-29,1167.0276353225606,16748.15497515637,18847064.186641067,In Transit
PO1421,SUPPLIER1421,PROD0131,2025-08-16,1504.590202657116,12528.84621133456,17856289.24204452,Delivered
PO1422,SUPPLIER1422,PROD0131,2025-10-11,678.00787406083,22960.364173069993,14889041.447676642,Delivered
PO1423,SUPPLIER1423,PROD0131,2026-08-25,772.2272301920889,12580.298463462539,9457962.661982019,Pending
PO1424,SUPPLIER1424,PROD0131,2025-07-09,1444.2416777103836,9935.830276775792,13742108.214818373,Pending
PO1425,SUPPLIER1425,PROD0131,2025-01-08,1344.6947030688973,16110.86263197772,21849193.015407067,Delivered
PO1426,SUPPLIER1426,PROD0131,2025-03-19,236.08418517997706,3954.2131786131613,889010.3572916441,Cancelled
PO1427,SUPPLIER1427,PROD0131,2026-02-12,1801.2385211401129,15859.17258521732,28114519.325309724,Partially Received
PO1428,SUPPLIER1428,PROD0131,2025-12-07,1324.1863919000461,2323.3466082608325,2748046.069119797,Delivered
PO1429,SUPPLIER1429,PROD0034,2025-02-27,410.674585882417,23444.501017283692,9914853.214858431,Partially Received
PO1430,SUPPLIER1430,PROD0034,2025-03-14,1079.50591310225,24562.804952282935,26770232.01403465,Partially Received
PO1431,SUPPLIER1431,PROD0034,2025-11-12,1255.965630115339,18935.885841741423,23349901.009456318,In Transit
PO1432,SUPPLIER1432,PROD0034,2025-09-26,1318.5119802216448,10389.802948121842,12916358.150639381,Pending
PO1433,SUPPLIER1433,PROD0034,2025-08-20,1413.425222787914,20309.824232632436,28253441.867700376,Delivered
PO1434,SUPPLIER1434,PROD0034,2025-10-29,2331.0341520699203,23286.714264857343,54456713.15582358,Delivered
PO1435,SUPPLIER1435,PROD0034,2026-02-19,1366.1958433775676,8439.808551688562,11909587.460978992,Partially Received
PO1436,SUPPLIER1436,PROD0034,2025-06-27,1350.1490473268502,21383.04085839589,28554930.464312136,In Transit
PO1437,SUPPLIER1437,PROD0034,2026-01-01,1696.394379367633,8454.375613366115,13981452.259775242,Partially Received
PO1438,SUPPLIER1438,PROD0106,2026-08-30,2238.7232112829947,16749.37696331858,36710418.17366849,In Transit
PO1439,SUPPLIER1439,PROD0106,2025-12-05,1131.6274036627756,14379.668954246008,17138973.212754715,Delivered
PO1440,SUPPLIER1440,PROD0106,2026-05-16,672.1886154616531,27138.601185276842,23518497.889291745,Cancelled
PO1441,SUPPLIER1441,PROD0106,2026-08-09,380.96847642599903,1866.7370659726012,647932.2807116064,Partially Received
PO1442,SUPPLIER1442,PROD0106,2026-05-12,324.8317526879043,13926.590031100124,4380232.923396127,Delivered
PO1443,SUPPLIER1443,PROD0106,2026-05-28,1858.532718854625,26226.94486044442,49242861.186976306,Delivered
PO1444,SUPPLIER1444,PROD0106,2026-07-13,774.3770527602405,13275.569175298368,10485934.158029549,Delivered
PO1445,SUPPLIER1445,PROD0106,2026-04-03,1008.7003276022872,3952.9216646450636,3862479.514936769,Partially Received
PO1446,SUPPLIER1446,PROD0106,2025-09-26,1454.9157910831345,11461.732481990326,16611343.016112182,Delivered
PO1447,SUPPLIER1447,PROD0184,2025-04-21,951.5118198887059,23934.106355346375,21925934.33660039,Delivered
PO1448,SUPPLIER1448,PROD0184,2025-08-24,2257.4815797766105,20431.127879884727,44859332.31440802,Delivered
PO1449,SUPPLIER1449,PROD0184,2026-04-14,320.8049220057405,23349.550900644736,7441659.624983659,Delivered
PO1450,SUPPLIER1450,PROD0184,2025-07-20,871.1715540853618,4092.376209227753,3006148.852827876,Cancelled
PO1451,SUPPLIER1451,PROD0184,2025-10-06,1824.902877075225,10149.665915088455,18401092.247138277,Delivered
PO1452,SUPPLIER1452,PROD0184,2025-10-26,2391.4381325636805,7739.007872581367,17699574.760271706,Partially Received
PO1453,SUPPLIER1453,PROD0184,2026-07-13,1721.7626538105617,4035.0343741418906,7106934.023020421,Partially Received
PO1454,SUPPLIER1454,PROD0184,2025-06-26,1116.0582969855113,14574.430317294318,16088952.409150328,Cancelled
PO1455,SUPPLIER1455,PROD0184,2025-03-22,1546.965090681815,2917.366461574422,3817799.6910089515,Pending
PO1456,SUPPLIER1456,PROD0012,2025-04-16,2303.8398619229893,19246.297867234236,44103481.09882267,Partially Received
PO1457,SUPPLIER1457,PROD0012,2026-02-10,545.8675266910659,19729.642593315126,9824907.623598645,Partially Received
PO1458,SUPPLIER1458,PROD0012,2026-02-02,2265.183837842839,11370.6693471517,24878119.75384322,Delivered
PO1459,SUPPLIER1459,PROD0012,2025-01-26,1541.8723202359035,11803.760255545203,17410440.88083972,Cancelled
PO1460,SUPPLIER1460,PROD0012,2026-07-09,951.1573109706844,8213.051128233988,7793355.749825413,In Transit
PO1461,SUPPLIER1461,PROD0012,2026-07-06,309.74987232361605,18971.587004943533,5677247.060458478,Delivered
PO1462,SUPPLIER1462,PROD0012,2025-04-07,1454.6416001368605,17480.30785742901,25237619.617683787,Partially Received
PO1463,SUPPLIER1463,PROD0012,2025-11-04,1787.254926323629,21630.689652091995,38861460.74527342,Delivered
PO1464,SUPPLIER1464,PROD0012,2025-11-21,920.991055711528,23161.945417187344,20940335.857694816,In Transit
PO1465,SUPPLIER1465,PROD0016,2025-06-06,753.6544803084836,4885.446075370648,3223580.487209978,Delivered
PO1466,SUPPLIER1466,PROD0016,2026-06-06,252.80043470472145,16363.41669999379,4014598.6815393665,Cancelled
PO1467,SUPPLIER1467,PROD0016,2026-06-16,471.45294495444665,16172.923852366264,7653325.52028254,Delivered
PO1468,SUPPLIER1468,PROD0016,2026-03-25,2428.549995003548,5141.766613029384,15511307.246990222,In Transit
PO1469,SUPPLIER1469,PROD0016,2025-05-05,2235.316748486993,12838.027827892738,27619497.52259001,Delivered
PO1470,SUPPLIER1470,PROD0016,2025-02-23,982.9541212329125,24658.819352659997,24784588.474630997,Pending
PO1471,SUPPLIER1471,PROD0016,2025-06-09,1381.3267891229168,11765.206480421391,17316419.174417242,Delivered
PO1472,SUPPLIER1472,PROD0016,2025-06-09,1307.555079074201,16730.35655675288,22101210.86595364,Pending
PO1473,SUPPLIER1473,PROD0016,2025-05-19,1432.5758417582338,13683.405769765492,19926357.34564035,Partially Received
PO1474,SUPPLIER1474,PROD0107,2026-03-19,468.53221772195144,14532.879331721362,6752703.391487104,Delivered
PO1475,SUPPLIER1475,PROD0107,2025-07-10,2398.62537577964,1144.5504359001407,2378000.953287608,Delivered
PO1476,SUPPLIER1476,PROD0107,2025-01-27,1180.249058231296,13004.80737161677,15137131.497042239,In Transit
PO1477,SUPPLIER1477,PROD0107,2025-07-06,1062.5695557319823,7727.316012656537,7909550.05712026,Partially Received
PO1478,SUPPLIER1478,PROD0107,2026-04-03,748.496454529123,7536.31017016456,5608275.525316836,In Transit
PO1479,SUPPLIER1479,PROD0107,2026-08-31,1549.0305301860465,24148.657518684377,36587945.0525357,Delivered
PO1480,SUPPLIER1480,PROD0107,2026-05-14,1553.5155022301262,5935.013385546695,8617840.302183915,Delivered
PO1481,SUPPLIER1481,PROD0107,2026-06-06,259.8011616373113,13936.644242115362,3836334.030283902,Partially Received
PO1482,SUPPLIER1482,PROD0107,2025-11-22,1844.1582856399662,21385.768319686413,38419323.35817822,In Transit
PO1483,SUPPLIER1483,PROD0028,2026-06-21,853.20978788278,18518.593485429363,16006072.730631923,Delivered
PO1484,SUPPLIER1484,PROD0028,2026-06-25,2443.0398777841715,11537.642986711315,30810359.593365543,Cancelled
PO1485,SUPPLIER1485,PROD0028,2026-05-26,2333.3321998766396,4802.885678533427,11152589.863639656,Delivered
PO1486,SUPPLIER1486,PROD0028,2026-04-16,1482.8712900940484,25778.700914158588,38852804.81890001,Pending
PO1487,SUPPLIER1487,PROD0028,2025-06-13,2459.7626349488087,2336.4629637555317,6757732.587177661,Partially Received
PO1488,SUPPLIER1488,PROD0028,2025-12-24,1295.1032253211067,18503.34295104696,24664162.556221183,Delivered
PO1489,SUPPLIER1489,PROD0028,2025-03-14,295.63634575453176,10443.407418570057,3104208.9228574364,In Transit
PO1490,SUPPLIER1490,PROD0028,2026-02-13,1986.8679195347722,17020.164522674946,33268889.157872923,Cancelled
PO1491,SUPPLIER1491,PROD0028,2025-03-14,793.1432029601227,2323.5939938265474,1771144.3311261132,Pending
PO1492,SUPPLIER1492,PROD0064,2025-09-14,2168.1094492727875,3056.843854303599,6571647.451907542,Delivered
PO1493,SUPPLIER1493,PROD0064,2026-08-28,2270.7826460763645,3609.7667168854464,8380959.760895936,Pending
PO1494,SUPPLIER1494,PROD0064,2026-07-04,1022.1263469022924,3214.804113364393,2986247.638315767,Partially Received
PO1495,SUPPLIER1495,PROD0064,2026-07-17,1842.8011601924677,2929.718414078514,5043027.5079558715,Pending
PO1496,SUPPLIER1496,PROD0064,2025-03-08,918.1144023745022,14877.900988691783,14554106.568658745,Partially Received
PO1497,SUPPLIER1497,PROD0064,2025-11-25,888.6348287020386,2921.8121512059106,2448301.3656378193,Partially Received
PO1498,SUPPLIER1498,PROD0064,2026-04-16,651.2725094211366,15056.763589074179,10304070.442703512,In Transit
PO1499,SUPPLIER1499,PROD0064,2026-04-23,450.5488896160404,21093.23854635112,9274928.160145119,Partially Received
PO1500,SUPPLIER1500,PROD0064,2025-11-11,652.7768468521015,21765.632142929335,14111052.148946572,Delivered
PO1501,SUPPLIER1501,PROD0004,2026-06-17,1051.9304476114155,3972.854429217668,4185044.168821849,In Transit
PO1502,SUPPLIER1502,PROD0004,2025-02-25,1217.1518324307171,5212.017685695963,5875182.132488167,Partially Received
PO1503,SUPPLIER1503,PROD0004,2025-09-22,1411.4836984153596,17472.635441184215,23625804.844896253,Pending
PO1504,SUPPLIER1504,PROD0004,2025-09-29,1021.6667825482108,16388.50564486858,16872143.39182951,Pending
PO1505,SUPPLIER1505,PROD0004,2026-02-07,239.12004774490939,12766.655450407012,3075888.4135216293,In Transit
PO1506,SUPPLIER1506,PROD0004,2025-07-21,986.4279805902971,24940.140391982633,24802318.69938018,In Transit
PO1507,SUPPLIER1507,PROD0004,2026-02-05,416.35910324286465,4159.853022206528,1796925.6040713647,Delivered
PO1508,SUPPLIER1508,PROD0004,2026-02-28,1680.4948825567633,8938.46769065583,14613888.15490584,Partially Received
PO1509,SUPPLIER1509,PROD0004,2026-05-16,1101.2049400878827,7722.166894092705,8474939.763006974,In Transit
PO1510,SUPPLIER1510,PROD0010,2025-03-18,1014.9189843672299,5590.841452907089,5549055.381538307,Pending
PO1511,SUPPLIER1511,PROD0010,2025-07-25,892.8195910694299,22788.50434405651,19602707.29853209,Cancelled
PO1512,SUPPLIER1512,PROD0010,2025-01-28,1286.9033903123227,7962.627101265709,10247645.17202536,Delivered
PO1513,SUPPLIER1513,PROD0010,2026-04-01,795.0419232516397,21154.17294767676,15697175.341392003,Pending
PO1514,SUPPLIER1514,PROD0010,2025-06-12,1179.628038122327,26980.656770719375,37189621.069854796,Pending
PO1515,SUPPLIER1515,PROD0010,2026-07-27,1420.4369316589346,17981.62020184668,25759060.80788796,Partially Received
PO1516,SUPPLIER1516,PROD0010,2025-01-24,501.48621488350693,7543.826927834733,3998099.173464137,Delivered
PO1517,SUPPLIER1517,PROD0010,2025-01-21,710.099749321334,16890.755086325244,11474841.074474726,Delivered
PO1518,SUPPLIER1518,PROD0010,2025-08-30,1835.2314206488084,3927.454472555039,7119845.79662386,Delivered
PO1519,SUPPLIER1519,PROD0052,2025-02-04,1650.593244755374,14712.854296519798,24508617.34006392,Pending
PO1520,SUPPLIER1520,PROD0052,2025-09-08,1959.6379471507964,15866.43213920106,30436810.582259472,In Transit
PO1521,SUPPLIER1521,PROD0052,2025-10-25,785.3577420096882,19245.16114696667,15065409.729996951,Delivered
PO1522,SUPPLIER1522,PROD0052,2025-11-26,658.4869892177002,3725.980017121975,2507188.0404239716,Partially Received
PO1523,SUPPLIER1523,PROD0052,2025-01-27,1065.9720811276804,12690.751549309645,13921956.270225525,Partially Received
PO1524,SUPPLIER1524,PROD0052,2026-08-09,1699.6267343109594,18111.056888546118,31372055.344321348,Delivered
PO1525,SUPPLIER1525,PROD0052,2025-08-16,211.56443202107351,2829.901499048857,683931.1900072995,Delivered
PO1526,SUPPLIER1526,PROD0052,2026-05-09,1434.5857931152937,6747.044846697132,8716210.076419069,Pending
PO1527,SUPPLIER1527,PROD0052,2026-02-18,1657.0608762007828,10996.807804602708,18290896.95807446,Delivered
PO1528,SUPPLIER1528,PROD0046,2025-04-22,109.72132943971445,20195.10929611071,2130726.9002577257,Delivered
PO1529,SUPPLIER1529,PROD0046,2025-03-18,363.0877672542732,18340.980635316588,6620856.720687329,Delivered
PO1530,SUPPLIER1530,PROD0046,2025-03-10,971.1122378215687,10830.925433782495,10425916.244821716,Delivered
PO1531,SUPPLIER1531,PROD0046,2025-04-17,396.91218448715654,6354.876861672425,2279541.2444978748,Pending
PO1532,SUPPLIER1532,PROD0046,2026-08-05,1026.7649264589986,10926.270256042695,10942860.102697268,Cancelled
PO1533,SUPPLIER1533,PROD0046,2025-11-12,1899.0177651430076,25891.28545608077,49093204.15963999,Pending
PO1534,SUPPLIER1534,PROD0046,2026-06-07,1605.9107005957746,1949.6659181889197,2656007.241889014,Delivered
PO1535,SUPPLIER1535,PROD0046,2026-08-31,1927.5548251232633,17420.62864333928,34004026.0424341,Delivered
PO1536,SUPPLIER1536,PROD0046,2025-02-16,2319.8098404335656,7608.263963769306,18861607.93656117,In Transit
PO1537,SUPPLIER1537,PROD0186,2025-11-22,1315.8548128461457,14398.72702708296,19465399.476713914,Pending
PO1538,SUPPLIER1538,PROD0186,2026-05-28,1461.0269446518334,25815.517437946277,37053650.82253556,In Transit
PO1539,SUPPLIER1539,PROD0186,2026-04-24,1457.0895981885249,15710.703377486538,22625482.88582697,Delivered
PO1540,SUPPLIER1540,PROD0186,2026-03-15,467.7834391421149,17263.82531633673,8140503.644179495,In Transit
PO1541,SUPPLIER1541,PROD0186,2025-01-27,1054.0567129467272,17298.917707441156,18384854.390731245,Partially Received
PO1542,SUPPLIER1542,PROD0186,2025-08-29,1213.0772905768647,5653.842653180966,7045415.845715828,Pending
PO1543,SUPPLIER1543,PROD0186,2026-08-16,1390.8287201057424,20764.360864775983,28683610.765041616,Delivered
PO1544,SUPPLIER1544,PROD0186,2025-08-27,1039.3652962587269,9823.703716273581,9309065.99837392,Delivered
PO1545,SUPPLIER1545,PROD0186,2026-08-28,2142.0949307634746,23598.900144384705,49474608.90577513,Partially Received
PO1546,SUPPLIER1546,PROD0074,2025-01-02,1324.9342188238702,8008.095571644854,10695906.68132908,Delivered
PO1547,SUPPLIER1547,PROD0074,2025-01-06,1736.557109494606,11343.349812994618,19140915.337175652,Cancelled
PO1548,SUPPLIER1548,PROD0074,2026-06-01,1684.0291670729828,12826.77843327162,22878476.00070329,In Transit
PO1549,SUPPLIER1549,PROD0074,2026-08-25,2418.5754443427895,15132.106592616221,36355171.090819076,Partially Received
PO1550,SUPPLIER1550,PROD0074,2026-07-29,1572.4122032721148,25829.18148918704,41671581.71001831,In Transit
PO1551,SUPPLIER1551,PROD0074,2025-10-22,1336.4708562481592,11490.511038318526,16095019.26691683,Partially Received
PO1552,SUPPLIER1552,PROD0074,2025-12-05,1370.5129709354005,19739.82151994319,27841001.355435878,In Transit
PO1553,SUPPLIER1553,PROD0074,2026-01-01,1615.523014711539,12397.925514780749,20405595.77948157,In Transit
PO1554,SUPPLIER1554,PROD0074,2026-06-10,1462.2738114892172,4835.268910769664,6729288.585050246,Delivered
PO1555,SUPPLIER1555,PROD0056,2025-05-03,1230.8419833854896,9597.27316047094,12053125.589344602,Partially Received
PO1556,SUPPLIER1556,PROD0056,2026-03-04,381.9738639366785,19779.432010424374,7579287.747335936,Delivered
PO1557,SUPPLIER1557,PROD0056,2025-05-17,1592.0685043087115,13306.605488744533,21544466.89760707,Partially Received
PO1558,SUPPLIER1558,PROD0056,2025-08-17,721.1644919176492,2699.7087455868586,1959947.059064635,In Transit
PO1559,SUPPLIER1559,PROD0056,2026-08-05,1816.7844717677856,15717.138204736953,28704477.0288959,Delivered
PO1560,SUPPLIER1560,PROD0056,2026-03-20,2001.5113445139825,19743.516267574825,39786196.623655766,Delivered
PO1561,SUPPLIER1561,PROD0056,2025-10-08,560.91955618214,26416.243133924414,16282903.47271066,Delivered
PO1562,SUPPLIER1562,PROD0056,2025-05-10,209.34735793440566,14780.033986633249,3326101.3962530945,Delivered
PO1563,SUPPLIER1563,PROD0047,2025-04-06,1946.1419055520546,20022.433319670996,38974996.38308159,Delivered
PO1564,SUPPLIER1564,PROD0047,2025-10-30,922.5541754528708,7001.461554241395,6401929.2819525795,In Transit
PO1565,SUPPLIER1565,PROD0047,2026-02-02,1697.0965625858848,6871.545453008605,11435094.949555982,Delivered
PO1566,SUPPLIER1566,PROD0047,2025-03-27,1024.175424935848,19077.063533241573,19126074.159146894,Delivered
PO1567,SUPPLIER1567,PROD0047,2026-04-22,939.8134489648342,6034.470657468848,5545924.986057247,In Transit
PO1568,SUPPLIER1568,PROD0047,2025-05-06,925.3956055651008,11772.1760482165,11184022.203590922,Delivered
PO1569,SUPPLIER1569,PROD0047,2026-05-25,1750.860469308845,16764.493381447734,29387459.52743726,In Transit
PO1570,SUPPLIER1570,PROD0047,2026-05-16,1130.8357988425423,19883.80334150428,22207685.671770055,Partially Received
PO1571,SUPPLIER1571,PROD0156,2025-05-28,2453.197965126178,16361.14562267597,42056040.06147184,Delivered
PO1572,SUPPLIER1572,PROD0156,2025-09-12,1295.0274784211315,9645.199061073568,12831284.363518648,Partially Received
PO1573,SUPPLIER1573,PROD0156,2025-07-25,633.4281919246858,15110.136591080138,9486966.29519239,In Transit
PO1574,SUPPLIER1574,PROD0156,2026-08-10,669.6835471736897,7165.6506644319625,5197415.814591667,Delivered
PO1575,SUPPLIER1575,PROD0156,2025-04-19,1332.1461722406912,4669.514835649611,5816447.347630248,Delivered
PO1576,SUPPLIER1576,PROD0156,2025-12-12,1622.826730949544,5413.825958876075,9245974.809246402,Partially Received
PO1577,SUPPLIER1577,PROD0156,2026-05-10,68.20580369352075,13264.468365508732,921642.9728905413,In Transit
PO1578,SUPPLIER1578,PROD0156,2026-02-28,1231.4601264540438,21694.0337139141,25783592.0713427,Delivered
PO1579,SUPPLIER1579,PROD0089,2026-03-12,2080.245103082888,22246.832395391713,47183747.63424887,Delivered
PO1580,SUPPLIER1580,PROD0089,2025-08-03,1277.2168982706119,9099.661474522543,11954607.349421622,In Transit
PO1581,SUPPLIER1581,PROD0089,2025-09-08,1493.4947567889553,9112.983499692671,12878595.125148855,Partially Received
PO1582,SUPPLIER1582,PROD0089,2025-03-01,1996.7215492743371,22924.708889271475,45548034.84356723,Delivered
PO1583,SUPPLIER1583,PROD0089,2025-09-20,2158.2732885471896,15312.189627840855,32608993.18349304,Partially Received
PO1584,SUPPLIER1584,PROD0089,2025-12-06,1992.6751200717986,23419.040044956804,45643910.623264216,Partially Received
PO1585,SUPPLIER1585,PROD0089,2026-05-05,2448.24292485528,5454.46869635101,14882449.097705007,Pending
PO1586,SUPPLIER1586,PROD0089,2025-03-08,226.6310867822213,9280.929879418933,2501517.1318672798,In Transit
PO1587,SUPPLIER1587,PROD0135,2025-07-24,514.6229629128056,20627.51118839867,10947850.847309235,Delivered
PO1588,SUPPLIER1588,PROD0135,2026-08-14,117.27417983387448,14818.474781901132,1622709.1848573193,Delivered
PO1589,SUPPLIER1589,PROD0135,2026-06-18,1082.7796640748404,16559.01087714773,17956432.217140753,Delivered
PO1590,SUPPLIER1590,PROD0135,2025-10-22,457.7744369542923,13865.85146117572,6698214.772207501,In Transit
PO1591,SUPPLIER1591,PROD0135,2025-08-27,1177.771605078201,1068.8089484695358,722175.5184289226,Delivered
PO1592,SUPPLIER1592,PROD0135,2025-04-25,2071.8675210950905,3211.7483775366763,6491300.736870423,Delivered
PO1593,SUPPLIER1593,PROD0135,2026-03-10,140.56888607188932,15051.35974767111,2211980.994855222,Delivered
PO1594,SUPPLIER1594,PROD0135,2026-07-27,1933.0911704551668,5142.674145401721,9652081.823544255,Partially Received
PO1595,SUPPLIER1595,PROD0030,2026-07-17,2185.985076562418,3807.4720616279756,8537346.755125739,Delivered
PO1596,SUPPLIER1596,PROD0030,2025-08-31,2367.774401571941,14825.770711311372,33233967.070140198,Delivered
PO1597,SUPPLIER1597,PROD0030,2026-01-01,752.3897245090103,5139.186780158349,3601729.2504593143,Partially Received
PO1598,SUPPLIER1598,PROD0030,2025-12-18,966.3471907105218,21163.753637835718,20749133.31681639,In Transit
PO1599,SUPPLIER1599,PROD0030,2025-06-07,638.987678894777,23308.708313628744,17967779.823346477,In Transit
PO1600,SUPPLIER1600,PROD0030,2026-01-01,1170.4632565730642,17863.357334684326,20565498.310475618,Pending
PO1601,SUPPLIER1601,PROD0030,2025-06-30,1097.7942302825682,18923.79877652137,20856891.441314206,Delivered
PO1602,SUPPLIER1602,PROD0030,2026-03-17,631.7678234086918,3021.6476820711405,1879242.71253835,Delivered
PO1603,SUPPLIER1603,PROD0125,2025-02-20,827.6227372078048,26449.13019733511,25410915.37056519,Delivered
PO1604,SUPPLIER1604,PROD0125,2026-01-26,456.69437487258796,11993.875184905113,5973942.680364333,In Transit
PO1605,SUPPLIER1605,PROD0125,2025-04-02,618.2833105496019,9445.50199252005,6065069.554608596,In Transit
PO1606,SUPPLIER1606,PROD0125,2025-04-30,962.8682254002476,4753.848263275375,4222255.49068095,Pending
PO1607,SUPPLIER1607,PROD0125,2025-01-14,1251.23455586895,21946.821301319775,26519611.67663389,Partially Received
PO1608,SUPPLIER1608,PROD0125,2025-09-13,701.2481445909856,6196.379805796386,4439034.866725015,In Transit
PO1609,SUPPLIER1609,PROD0125,2025-03-25,751.85434081069,24742.51336610404,20111593.091836777,Delivered
PO1610,SUPPLIER1610,PROD0125,2025-11-27,907.9406690869996,15161.385944506212,13948068.663429763,In Transit
PO1611,SUPPLIER1611,PROD0157,2026-01-15,2073.1496140789254,4850.167996352021,9969199.868318994,In Transit
PO1612,SUPPLIER1612,PROD0157,2026-04-06,2487.639917257401,14073.277462221531,39676840.6670263,Delivered
PO1613,SUPPLIER1613,PROD0157,2026-08-02,1199.3746976910777,15540.502851233694,17289992.42946328,Delivered
PO1614,SUPPLIER1614,PROD0157,2026-02-18,1066.227545457848,7653.307735714127,8601248.890725287,Partially Received
PO1615,SUPPLIER1615,PROD0157,2025-03-07,1785.769003862868,23298.705445187374,41266499.9749706,In Transit
PO1616,SUPPLIER1616,PROD0157,2025-08-09,1590.9968912517268,9493.63256157385,14709200.478619827,In Transit
PO1617,SUPPLIER1617,PROD0157,2025-09-04,1344.1080994336805,13551.908022019381,18662048.907012865,Delivered
PO1618,SUPPLIER1618,PROD0157,2025-02-10,540.6085818798449,13969.081677880908,8043429.378333232,Delivered
PO1619,SUPPLIER1619,PROD0174,2026-01-16,1844.638715618732,24693.501853644626,44749956.55030126,Delivered
PO1620,SUPPLIER1620,PROD0174,2025-02-15,865.5137595870498,14028.95612575866,12620614.557787297,Pending
PO1621,SUPPLIER1621,PROD0174,2026-07-20,603.6139094588214,20592.268815775427,12577455.924026204,Partially Received
PO1622,SUPPLIER1622,PROD0174,2026-01-20,1463.2154006174646,8535.41155922551,12763000.06163961,Delivered
PO1623,SUPPLIER1623,PROD0174,2026-01-14,1222.8937579767362,12401.383637043855,15174426.446127852,Delivered
PO1624,SUPPLIER1624,PROD0174,2025-08-04,1060.7293611250113,18215.78634404434,18670200.67426713,Delivered
PO1625,SUPPLIER1625,PROD0174,2026-04-16,538.7008553512516,19240.466812815546,9524959.78988581,Pending
PO1626,SUPPLIER1626,PROD0174,2025-02-11,675.7050292039819,25840.603033544987,19436286.605174214,Delivered
PO1627,SUPPLIER1627,PROD0133,2025-02-23,1030.4501196250621,21974.796645432245,22498639.547765173,Delivered
PO1628,SUPPLIER1628,PROD0133,2025-01-28,1997.75778472095,20660.837185486726,40343329.21456712,Pending
PO1629,SUPPLIER1629,PROD0133,2026-02-03,1735.8271251937435,5774.82625327674,9573067.785987983,Delivered
PO1630,SUPPLIER1630,PROD0133,2026-03-11,761.7980088225623,10330.083931595052,7546471.95853425,Delivered
PO1631,SUPPLIER1631,PROD0133,2025-01-30,2469.9843556645365,18041.91314584702,46995977.68080355,Delivered
PO1632,SUPPLIER1632,PROD0133,2025-07-12,1370.2991071733734,5757.337966209857,7694325.410792923,In Transit
PO1633,SUPPLIER1633,PROD0133,2025-10-09,1340.9705837247916,19068.118352544625,24524686.427184768,Delivered
PO1634,SUPPLIER1634,PROD0133,2025-02-27,2425.012825491129,3488.001554909147,9020194.01333547,Delivered
PO1635,SUPPLIER1635,PROD0019,2026-07-30,1865.304848179323,13425.115729253792,24808845.255123068,Partially Received
PO1636,SUPPLIER1636,PROD0019,2025-03-29,1759.9187566856485,15837.39933536664,27134644.874317933,In Transit
PO1637,SUPPLIER1637,PROD0019,2026-03-10,526.0036394177538,11667.910384572357,5986180.604524266,In Transit
PO1638,SUPPLIER1638,PROD0019,2025-12-06,712.6423840440086,7064.565034842272,5403275.941404676,Delivered
PO1639,SUPPLIER1639,PROD0019,2025-06-03,718.8337470295444,9285.449670001315,6680862.569046288,Delivered
PO1640,SUPPLIER1640,PROD0019,2025-07-20,1294.5660245670922,15393.032164705917,20512503.13216304,Partially Received
PO1641,SUPPLIER1641,PROD0019,2025-05-16,382.79647732780603,8278.777636796583,3426425.168709296,Delivered
PO1642,SUPPLIER1642,PROD0019,2025-02-16,681.6258527980647,12589.013979019042,8147276.773201753,In Transit
PO1643,SUPPLIER1643,PROD0142,2025-09-03,2074.206907133725,18294.614610392706,36778230.08359493,Partially Received
PO1644,SUPPLIER1644,PROD0142,2025-09-30,1074.4287601215062,19585.468551383263,21632051.64245544,Delivered
PO1645,SUPPLIER1645,PROD0142,2026-04-30,2139.8182709202442,8526.903694794908,17707200.86497778,In Transit
PO1646,SUPPLIER1646,PROD0142,2025-06-26,948.7215154283534,10507.375186064593,10181997.985631915,Partially Received
PO1647,SUPPLIER1647,PROD0142,2025-12-28,1389.8641469005372,14104.457522723373,19460978.5686449,Partially Received
PO1648,SUPPLIER1648,PROD0142,2026-03-29,1547.8066516136641,12076.369981821712,18727428.684431802,Pending
PO1649,SUPPLIER1649,PROD0142,2026-06-20,1340.4198127818713,4168.828853169562,5138268.280134433,Pending
PO1650,SUPPLIER1650,PROD0142,2025-04-17,1855.0059620760976,3472.0839793986406,6448518.751084229,Pending
PO1651,SUPPLIER1651,PROD0040,2026-08-19,914.1430435169702,12208.048763561857,10600317.190795556,In Transit
PO1652,SUPPLIER1652,PROD0040,2025-09-17,1158.294950686135,9782.245778273782,11531432.603298541,Delivered
PO1653,SUPPLIER1653,PROD0040,2026-04-08,2319.060567701727,7105.636293336174,16989184.689529087,Pending
PO1654,SUPPLIER1654,PROD0040,2025-12-02,774.815441985149,4313.172811157908,3090393.736030859,Cancelled
PO1655,SUPPLIER1655,PROD0040,2026-06-22,1928.3079405576839,4278.277288044342,7995965.892407751,In Transit
PO1656,SUPPLIER1656,PROD0040,2025-12-11,1991.228574318706,11329.020242133169,20136636.204129294,Delivered
PO1657,SUPPLIER1657,PROD0040,2025-09-13,561.0109329669698,11255.973775544278,6272713.72515398,Partially Received
PO1658,SUPPLIER1658,PROD0040,2025-05-10,459.0888212478904,9940.786223970255,4629860.172780334,In Transit
PO1659,SUPPLIER1659,PROD0087,2025-09-12,2150.6563145993186,16670.03512128467,35694407.093239605,In Transit
PO1660,SUPPLIER1660,PROD0087,2026-04-07,890.4092212697828,18178.525700459682,15925280.84555302,In Transit
PO1661,SUPPLIER1661,PROD0087,2025-09-03,968.8778761225857,19062.860526636032,18151790.28896381,Delivered
PO1662,SUPPLIER1662,PROD0087,2026-06-08,1688.1189576934444,12927.373150473912,22679428.485264078,Delivered
PO1663,SUPPLIER1663,PROD0087,2025-04-20,2092.464147554341,14464.388031742244,28146509.681593798,In Transit
PO1664,SUPPLIER1664,PROD0087,2026-08-03,1604.0109884419585,10125.919575032705,16160424.66769822,Delivered
PO1665,SUPPLIER1665,PROD0087,2026-04-03,1454.2458478422907,18979.35423996829,27220325.545356873,Delivered
PO1666,SUPPLIER1666,PROD0087,2025-06-20,1569.791470980446,6503.48567141608,9584958.836142741,Cancelled
PO1667,SUPPLIER1667,PROD0165,2026-02-26,541.4812921573888,12133.856468480255,6978930.2517957045,In Transit
PO1668,SUPPLIER1668,PROD0165,2025-02-22,706.8697621809027,8100.944538590852,6018553.413269951,Delivered
PO1669,SUPPLIER1669,PROD0165,2025-04-21,1715.633739621464,6809.904339179978,11869241.004787348,In Transit
PO1670,SUPPLIER1670,PROD0165,2025-07-24,1109.9607926525987,14890.657343324392,16489071.511993892,In Transit
PO1671,SUPPLIER1671,PROD0165,2025-10-26,93.96782458602647,11346.545449624758,988180.825828467,Delivered
PO1672,SUPPLIER1672,PROD0165,2025-07-11,602.8635116855506,20465.662347601217,12580625.252593515,Delivered
PO1673,SUPPLIER1673,PROD0165,2026-04-20,508.211900196423,10157.771470517622,5438251.80896945,In Transit
PO1674,SUPPLIER1674,PROD0165,2026-03-11,183.2492724132686,18702.757853258583,2966435.92734438,Cancelled
PO1675,SUPPLIER1675,PROD0071,2025-06-27,945.9586257296363,8320.42019909911,8200450.631520049,Delivered
PO1676,SUPPLIER1676,PROD0071,2025-03-30,851.202080355984,15798.635084307905,13412254.22985694,Partially Received
PO1677,SUPPLIER1677,PROD0071,2025-09-02,245.43607519413266,14256.507519177638,2998308.780557952,Partially Received
PO1678,SUPPLIER1678,PROD0071,2026-07-13,1447.5943007277388,20505.092391337937,28603257.99229647,Partially Received
PO1679,SUPPLIER1679,PROD0071,2026-02-05,1324.5735096030912,8004.276761583463,10348336.482542489,Delivered
PO1680,SUPPLIER1680,PROD0071,2025-12-07,2406.604451285723,11242.282007583231,28523841.297252297,Pending
PO1681,SUPPLIER1681,PROD0071,2025-03-05,1059.245225384266,19913.67801705364,20796802.63755228,Delivered
PO1682,SUPPLIER1682,PROD0071,2026-07-23,671.1829377353245,19664.6410299293,13574333.572381694,Delivered
PO1683,SUPPLIER1683,PROD0070,2025-12-09,961.0468735838293,13514.50501778503,12230334.50071745,Pending
PO1684,SUPPLIER1684,PROD0070,2026-06-08,1485.0557784021992,14636.088904781484,21461934.690457314,Partially Received
PO1685,SUPPLIER1685,PROD0070,2025-03-29,330.42172475749476,13894.286689352864,4684531.372945355,Delivered
PO1686,SUPPLIER1686,PROD0070,2025-04-19,334.87427426966207,19304.959220664045,6154117.836964801,Delivered
PO1687,SUPPLIER1687,PROD0070,2026-03-15,842.606823648764,13930.41056600022,11688014.161308585,Pending
PO1688,SUPPLIER1688,PROD0070,2025-05-19,145.78844488834835,12218.288973033677,1914111.445639574,Pending
PO1689,SUPPLIER1689,PROD0070,2026-05-04,1974.5783495592461,12734.706885908854,23953118.15083504,Cancelled
PO1690,SUPPLIER1690,PROD0070,2025-08-30,1199.955414213194,26143.124075512158,34441828.19006241,In Transit
PO1691,SUPPLIER1691,PROD0096,2025-02-06,743.0568565173969,2269.7123675656535,1783815.118214622,Delivered
PO1692,SUPPLIER1692,PROD0096,2026-07-04,1122.5355007335297,24851.18223100167,28415750.297302157,Delivered
PO1693,SUPPLIER1693,PROD0096,2026-03-11,724.3521269361329,4687.109144539431,2927109.417139962,Cancelled
PO1694,SUPPLIER1694,PROD0096,2025-02-05,950.4920153155516,20981.85022830349,20053562.90903103,Cancelled
PO1695,SUPPLIER1695,PROD0096,2026-05-05,183.27603798574623,7964.265535795348,1547295.8277514016,Pending
PO1696,SUPPLIER1696,PROD0096,2025-02-09,2246.1913904652743,14455.594495990299,32753313.973034833,In Transit
PO1697,SUPPLIER1697,PROD0096,2025-09-19,783.7295703607208,10712.835518500351,7769901.535030267,Partially Received
PO1698,SUPPLIER1698,PROD0096,2025-11-25,1065.6405685669934,6905.2552979077345,6788445.59260964,Delivered
PO1699,SUPPLIER1699,PROD0008,2025-06-16,1123.0924577408964,6725.901677474094,7541984.231316801,Delivered
PO1700,SUPPLIER1700,PROD0008,2025-03-09,2459.809714609631,4948.303461779889,13402989.69825642,Delivered
PO1701,SUPPLIER1701,PROD0008,2026-01-30,1699.4642723530653,16464.926001202093,28803795.273997784,Partially Received
PO1702,SUPPLIER1702,PROD0008,2025-11-15,53.49270211186945,9065.737282213895,758734.3200757403,In Transit
PO1703,SUPPLIER1703,PROD0008,2026-02-23,203.64645015646002,21863.381790308165,4700948.897329111,Delivered
PO1704,SUPPLIER1704,PROD0008,2025-12-16,610.2495840100278,15967.033708039262,10069341.913838483,Delivered
PO1705,SUPPLIER1705,PROD0008,2025-01-13,827.4508424215693,12830.689638476244,10361124.909641635,Pending
PO1706,SUPPLIER1706,PROD0008,2025-01-13,971.6767256517775,4237.270618332589,4031444.005680142,Delivered
PO1707,SUPPLIER1707,PROD0020,2025-04-07,1051.2702121722043,4126.398855868043,4305216.046329919,In Transit
PO1708,SUPPLIER1708,PROD0020,2026-05-14,874.0512484243726,12201.714113780523,10995991.351376312,Delivered
PO1709,SUPPLIER1709,PROD0020,2025-09-05,1426.7462836897319,4790.396982833422,6505113.071317378,Delivered
PO1710,SUPPLIER1710,PROD0020,2025-02-15,76.94176910706675,8445.668332525798,620554.7939429281,Delivered
PO1711,SUPPLIER1711,PROD0020,2026-04-07,1927.8660502904795,24158.135194083716,46204501.507268526,Delivered
PO1712,SUPPLIER1712,PROD0020,2025-05-07,922.348885575664,10907.340084912308,10010539.200475726,Delivered
PO1713,SUPPLIER1713,PROD0020,2026-08-31,207.56243198643296,4424.330244743037,1029393.6789498117,Delivered
PO1714,SUPPLIER1714,PROD0020,2025-02-09,2409.8740582614532,16312.25518651639,39355564.37785498,Partially Received
PO1715,SUPPLIER1715,PROD0073,2025-11-24,13.599247853073315,5663.341485732859,35815.6,Partially Received
PO1716,SUPPLIER1716,PROD0073,2026-08-10,2148.0199253795763,17539.501338342565,36858509.280932024,Delivered
PO1717,SUPPLIER1717,PROD0073,2025-04-23,1458.3986544911281,18202.467974174815,26104454.87809949,Partially Received
PO1718,SUPPLIER1718,PROD0073,2025-04-26,1733.7849037772357,24165.762730271283,41598857.412747085,Partially Received
PO1719,SUPPLIER1719,PROD0073,2025-11-21,1185.8689139415092,2803.4141513338695,3327166.0027804263,In Transit
PO1720,SUPPLIER1720,PROD0073,2025-03-01,1353.0277571391803,26837.050710916345,40325504.94148454,Partially Received
PO1721,SUPPLIER1721,PROD0073,2026-02-02,469.6796966420352,1846.5796887959816,857302.8411820274,Delivered
PO1722,SUPPLIER1722,PROD0073,2026-05-02,1945.6930971116155,12316.714321050387,24424015.767695233,Delivered
PO1723,SUPPLIER1723,PROD0188,2026-02-25,1195.0895252521038,16822.102749721784,19228177.436121434,Pending
PO1724,SUPPLIER1724,PROD0188,2026-03-11,1588.2538447014354,21973.946735920763,33229529.320262242,In Transit
PO1725,SUPPLIER1725,PROD0188,2025-01-23,2475.637882336041,15830.162288274849,40377690.36559546,Partially Received
PO1726,SUPPLIER1726,PROD0188,2026-05-28,489.84705398417674,5044.789627757714,2350108.2516995547,Partially Received
PO1727,SUPPLIER1727,PROD0188,2026-07-05,1349.3597983405234,18209.879931443742,24425977.378618326,Delivered
PO1728,SUPPLIER1728,PROD0188,2025-01-24,2376.8125878893397,6048.954772764977,13936519.983941175,Partially Received
PO1729,SUPPLIER1729,PROD0188,2026-05-06,2149.4097358266704,1156.2216988814712,1777420.3836169292,In Transit
PO1730,SUPPLIER1730,PROD0188,2025-10-23,1693.9252376340503,6664.2543178834785,11165118.332117341,Delivered
PO1731,SUPPLIER1731,PROD0069,2025-04-21,1240.2338405275937,10385.490396319801,12168068.475732919,Partially Received
PO1732,SUPPLIER1732,PROD0069,2026-01-18,918.0621642931704,7233.679410224615,6390187.933673439,Partially Received
PO1733,SUPPLIER1733,PROD0069,2026-08-16,1611.7811857071315,14737.655824464473,23912876.082150735,Delivered
PO1734,SUPPLIER1734,PROD0069,2025-07-23,374.9597944726436,23481.102141446994,9469937.29058791,Partially Received
PO1735,SUPPLIER1735,PROD0069,2026-07-13,1381.8475859432062,2144.615216813731,2582764.4303166554,In Transit
PO1736,SUPPLIER1736,PROD0069,2025-01-13,1899.291564246431,20825.21988436527,38709622.793957554,Pending
PO1737,SUPPLIER1737,PROD0069,2026-05-20,912.0307900195963,5018.277740165492,4795468.99914387,Pending
PO1738,SUPPLIER1738,PROD0069,2025-09-18,854.8806623434834,7635.03908450849,6613920.250407826,In Transit
PO1739,SUPPLIER1739,PROD0120,2026-03-31,616.171730311348,15925.38838066445,10357319.747955639,In Transit
PO1740,SUPPLIER1740,PROD0120,2026-08-13,1918.9713645683298,20813.12816564818,40107331.67980855,In Transit
PO1741,SUPPLIER1741,PROD0120,2025-04-23,2179.3498879297576,2502.4932184674085,5654132.285467498,Pending
PO1742,SUPPLIER1742,PROD0120,2025-07-26,1532.6498679170747,8962.276385730025,13740953.260719327,Delivered
PO1743,SUPPLIER1743,PROD0120,2026-04-18,1115.0835152335887,18842.467800599195,21446713.81068078,In Transit
PO1744,SUPPLIER1744,PROD0120,2026-05-16,1829.2194573577005,16022.27625086932,30761407.43870011,In Transit
PO1745,SUPPLIER1745,PROD0120,2026-03-21,331.194085590282,14566.376936425348,4931170.86046222,In Transit
PO1746,SUPPLIER1746,PROD0120,2025-05-25,1389.1359382105675,20108.28751642017,27468041.378874034,Pending
PO1747,SUPPLIER1747,PROD0132,2025-12-29,1605.3425671859068,12851.736780488827,19790596.205074884,Partially Received
PO1748,SUPPLIER1748,PROD0132,2026-03-28,795.349284612822,16120.70965406159,12716450.273305787,Partially Received
PO1749,SUPPLIER1749,PROD0132,2025-02-16,1746.6632668261127,23004.511446308723,39614788.59560377,In Transit
PO1750,SUPPLIER1750,PROD0132,2025-06-15,711.795921551241,4576.299356282348,3515699.398530489,In Transit
PO1751,SUPPLIER1751,PROD0132,2026-03-16,1845.9156871175564,24057.573406040723,44076461.679600194,Delivered
PO1752,SUPPLIER1752,PROD0132,2026-07-21,800.3081237208006,4784.150418211752,3889089.0363118113,Delivered
PO1753,SUPPLIER1753,PROD0132,2025-03-21,1772.7078717981597,12937.856585412555,23317723.701702382,Delivered
PO1754,SUPPLIER1754,PROD0132,2025-10-11,1381.0407225223746,10150.763235423286,15123516.746503247,Partially Received
PO1755,SUPPLIER1755,PROD0086,2026-01-26,1893.6645662925941,3092.605135620653,5675847.442956958,Delivered
PO1756,SUPPLIER1756,PROD0086,2025-06-18,1747.9452264329789,17919.00254605056,30807752.538821813,Delivered
PO1757,SUPPLIER1757,PROD0086,2026-03-04,2414.0062796901193,4597.654250537316,12056655.162053604,Partially Received
PO1758,SUPPLIER1758,PROD0086,2026-01-23,1065.7493910911285,10841.519407511943,11908672.29245419,Partially Received
PO1759,SUPPLIER1759,PROD0086,2026-05-14,1555.0271127407586,6188.36634504868,9355489.08357809,Delivered
PO1760,SUPPLIER1760,PROD0086,2025-04-26,1018.1996233880958,7124.148057782824,6624393.748423455,In Transit
PO1761,SUPPLIER1761,PROD0086,2025-06-11,789.9959412455604,8847.111473581472,7003463.889422592,Delivered
PO1762,SUPPLIER1762,PROD0147,2025-07-29,1667.8696581949243,9037.94817829097,15213748.426953841,Partially Received
PO1763,SUPPLIER1763,PROD0147,2026-04-24,1484.3131849343877,16203.743880269909,23547862.97684353,Partially Received
PO1764,SUPPLIER1764,PROD0147,2026-03-11,661.3980555049302,15394.203418783572,10145980.375975562,Pending
PO1765,SUPPLIER1765,PROD0147,2025-08-21,138.9062360531413,2652.9016968434066,396504.95886792574,Delivered
PO1766,SUPPLIER1766,PROD0147,2025-02-17,2070.342264922102,16276.8525087811,33447367.740310792,In Transit
PO1767,SUPPLIER1767,PROD0147,2025-04-20,1477.152822900543,17656.52727676142,25421471.010299943,In Transit
PO1768,SUPPLIER1768,PROD0147,2025-11-02,516.3740010108311,4927.206031510382,2654933.770596551,Pending
PO1769,SUPPLIER1769,PROD0169,2025-03-30,1518.1886022618676,13425.371824385114,21513422.189627398,In Transit
PO1770,SUPPLIER1770,PROD0169,2026-08-24,537.0399449761487,10762.458884145943,5267986.984956593,Pending
PO1771,SUPPLIER1771,PROD0169,2025-12-08,250.92031787997675,16679.939988043814,4604958.288157256,Delivered
PO1772,SUPPLIER1772,PROD0169,2025-01-06,311.38684681793995,10118.34562705525,3092248.787159763,Pending
PO1773,SUPPLIER1773,PROD0169,2025-03-14,142.18870729045202,8854.331228097624,1486760.7501270599,In Transit
PO1774,SUPPLIER1774,PROD0169,2025-05-16,541.5231575357712,2262.666491274246,1317775.6422040428,Partially Received
PO1775,SUPPLIER1775,PROD0169,2025-06-02,1774.7746635521346,11943.457869931899,22305906.610293068,In Transit
PO1776,SUPPLIER1776,PROD0178,2026-04-01,1776.6303461416,18695.868907046133,33730787.70133792,In Transit
PO1777,SUPPLIER1777,PROD0178,2026-03-05,880.595715636615,8572.286587223205,7716600.2973190285,Partially Received
PO1778,SUPPLIER1778,PROD0178,2025-08-16,2113.0563518794393,21219.0125752705,45254065.598643236,In Transit
PO1779,SUPPLIER1779,PROD0178,2025-04-07,1491.0271415932325,1167.0501590055808,1280257.9901070758,Cancelled
PO1780,SUPPLIER1780,PROD0178,2026-01-29,1777.9362703684192,3560.9996019399778,6811744.692347885,Partially Received
PO1781,SUPPLIER1781,PROD0178,2026-06-14,668.1291098682252,16786.02039531075,11212520.362953171,Delivered
PO1782,SUPPLIER1782,PROD0178,2025-04-04,1538.1367110260198,9076.761844199389,13745983.4169623,In Transit
PO1783,SUPPLIER1783,PROD0011,2026-01-23,496.7510231663133,3681.2688886648343,1611726.398381739,Pending
PO1784,SUPPLIER1784,PROD0011,2025-06-28,1064.5428970759106,5144.924123740737,5083893.877511378,Delivered
PO1785,SUPPLIER1785,PROD0011,2026-07-18,1662.9235530189662,12691.373858265348,20313559.688291166,Delivered
PO1786,SUPPLIER1786,PROD0011,2025-10-10,63.057211782242206,24490.813410596602,1603649.3539774416,Delivered
PO1787,SUPPLIER1787,PROD0011,2025-06-09,299.71384956803803,16727.097313246068,4768177.206537402,Delivered
PO1788,SUPPLIER1788,PROD0011,2026-04-17,1079.5054676734767,9760.034481043644,9693008.519968478,Pending
PO1789,SUPPLIER1789,PROD0011,2025-11-22,2345.6807847743803,13005.359690683152,28919355.105943777,Delivered
PO1790,SUPPLIER1790,PROD0198,2025-04-01,430.6582589359635,9226.700476626453,4076777.2568926094,Partially Received
PO1791,SUPPLIER1791,PROD0198,2026-06-24,671.6356755015887,7275.449306544435,5133970.199463529,In Transit
PO1792,SUPPLIER1792,PROD0198,2025-11-12,1903.5328196026294,3107.63452500885,5387352.834493895,Partially Received
PO1793,SUPPLIER1793,PROD0198,2026-08-26,1374.0762186111056,24039.36595902525,32588552.209871426,Delivered
PO1794,SUPPLIER1794,PROD0198,2026-01-14,669.5031633592496,19329.889513720525,13003573.766049726,Delivered
PO1795,SUPPLIER1795,PROD0198,2025-03-23,1339.9287673434792,1046.721338214815,755955.9858005052,In Transit
PO1796,SUPPLIER1796,PROD0198,2026-03-05,814.8876269997272,5778.178908076481,4965377.564845453,Delivered
PO1797,SUPPLIER1797,PROD0190,2025-12-02,1534.9448899719962,24716.001425796807,38203260.851268,Pending
PO1798,SUPPLIER1798,PROD0190,2026-04-14,1301.2487045883904,11201.931626266554,14877009.586928485,Partially Received
PO1799,SUPPLIER1799,PROD0190,2026-08-25,1365.2084162340022,20132.71951601596,27065358.84598655,In Transit
PO1800,SUPPLIER1800,PROD0190,2026-05-12,752.5191263568532,24557.556717555988,22318846.483856633,In Transit
PO1801,SUPPLIER1801,PROD0190,2025-03-23,883.5577991469894,9352.343685611355,8096942.089756569,In Transit
PO1802,SUPPLIER1802,PROD0190,2025-07-12,323.12055106476555,11848.476787115149,3805579.386669991,Delivered
PO1803,SUPPLIER1803,PROD0190,2025-05-03,897.7401733956825,8123.690334156595,7489030.993683315,Pending
PO1804,SUPPLIER1804,PROD0067,2025-08-04,1302.9673731916182,7232.176847715319,9870048.30673763,Partially Received
PO1805,SUPPLIER1805,PROD0067,2026-04-23,685.3909276516291,16315.449431417665,11451710.137685912,In Transit
PO1806,SUPPLIER1806,PROD0067,2026-05-13,190.53991738928,11352.062499067813,2322918.5683923024,Delivered
PO1807,SUPPLIER1807,PROD0067,2026-01-30,1228.4792343937254,10524.671092512614,12890666.51937833,Delivered
PO1808,SUPPLIER1808,PROD0067,2026-02-07,1392.374167600724,4034.8125349039005,5561050.168535311,Delivered
PO1809,SUPPLIER1809,PROD0067,2025-05-24,1731.565448281438,7881.427310767385,13536960.369064767,Delivered
PO1810,SUPPLIER1810,PROD0067,2026-08-22,2072.7108522807375,21915.30284416177,44064180.42412769,Pending
PO1811,SUPPLIER1811,PROD0083,2026-03-05,707.9318595945061,21921.36594052381,15766033.210619994,Partially Received
PO1812,SUPPLIER1812,PROD0083,2025-11-12,444.1418823358024,13268.079992826564,5546591.907347206,Cancelled
PO1813,SUPPLIER1813,PROD0083,2025-01-31,2064.1663206806666,15387.679052602825,31225414.783652216,Delivered
PO1814,SUPPLIER1814,PROD0083,2025-08-24,1827.7680052950184,24087.428099823985,43292054.9156802,In Transit
PO1815,SUPPLIER1815,PROD0083,2025-09-03,2085.7431290397417,10204.463833542655,20294081.058936372,Pending
PO1816,SUPPLIER1816,PROD0083,2026-05-03,1343.6593550081654,6627.900592974616,8680509.819433896,Delivered
PO1817,SUPPLIER1817,PROD0083,2025-08-26,140.27114534605752,17807.404346145777,2355214.1289125327,Delivered
PO1818,SUPPLIER1818,PROD0043,2026-01-16,1628.334388543968,10290.747883597582,16544603.050855098,Delivered
PO1819,SUPPLIER1819,PROD0043,2025-02-15,1511.0249116340358,1808.3127338026086,2261835.1864471035,Partially Received
PO1820,SUPPLIER1820,PROD0043,2026-04-21,704.9447060444561,13944.532931385313,9840639.931117758,Delivered
PO1821,SUPPLIER1821,PROD0043,2025-02-01,153.45197289665919,14693.658329213582,2216472.947376552,Partially Received
PO1822,SUPPLIER1822,PROD0043,2026-05-24,160.95370800420133,11500.630974671007,1678621.0643352005,Delivered
PO1823,SUPPLIER1823,PROD0043,2026-03-15,807.998938470366,9320.196134825372,7715296.247838328,Pending
PO1824,SUPPLIER1824,PROD0043,2025-03-23,1483.9017518332892,20705.165518094036,30382240.73970158,Delivered
PO1825,SUPPLIER1825,PROD0112,2025-01-26,123.38023137549357,16179.84553422453,1740782.8572269212,Partially Received
PO1826,SUPPLIER1826,PROD0112,2025-01-17,1174.8157989854735,3882.895409923012,4146352.702531436,Pending
PO1827,SUPPLIER1827,PROD0112,2025-08-29,642.747067279177,20149.78930822569,12621671.215142986,Partially Received
PO1828,SUPPLIER1828,PROD0112,2026-08-18,2409.680109664129,7429.827124537084,17443563.80868617,Partially Received
PO1829,SUPPLIER1829,PROD0112,2026-08-15,880.9087396974086,2159.64646265354,1621359.4328719585,Delivered
PO1830,SUPPLIER1830,PROD0112,2026-04-28,603.7600124964318,22962.713430625703,13673922.027468065,Delivered
PO1831,SUPPLIER1831,PROD0112,2026-03-11,2081.9458255551012,9124.822203379315,18353698.00770348,In Transit
PO1832,SUPPLIER1832,PROD0092,2025-10-31,231.81141153211723,11424.70131698528,2812228.184767009,Pending
PO1833,SUPPLIER1833,PROD0092,2025-09-09,1024.8214707876145,18214.50688423018,19201889.23571003,Partially Received
PO1834,SUPPLIER1834,PROD0092,2025-11-06,1068.856545294194,17587.533922518513,19235105.72577416,In Transit
PO1835,SUPPLIER1835,PROD0092,2026-06-06,1309.1292210690365,6339.375936727054,7034224.366770175,Pending
PO1836,SUPPLIER1836,PROD0092,2025-11-21,70.67455667947088,7437.411836609676,278669.5056845871,Delivered
PO1837,SUPPLIER1837,PROD0092,2025-07-19,1202.5456245790042,3878.575093818533,4507586.525228899,Delivered
PO1838,SUPPLIER1838,PROD0092,2025-05-18,757.099320590416,16359.415152070529,12226681.519611662,Pending
PO1839,SUPPLIER1839,PROD0049,2025-01-04,2216.632155733705,8553.836377372058,18819555.016216252,Delivered
PO1840,SUPPLIER1840,PROD0049,2025-11-20,768.5307535317517,4815.790158076069,3538919.9850915587,Delivered
PO1841,SUPPLIER1841,PROD0049,2025-01-13,106.14222117346041,15427.899695677324,1515956.5127251595,Partially Received
PO1842,SUPPLIER1842,PROD0049,2025-10-13,1470.1182140569072,2100.536050709683,2768793.5046699597,Cancelled
PO1843,SUPPLIER1843,PROD0049,2025-11-03,1398.128607271287,13128.749945146574,18196141.7832744,Partially Received
PO1844,SUPPLIER1844,PROD0049,2025-11-03,1713.1774033029367,10683.958961124883,18364284.031064227,Delivered
PO1845,SUPPLIER1845,PROD0049,2026-08-24,1747.1512339195563,17228.140070223442,30718855.160490062,Pending
PO1846,SUPPLIER1846,PROD0105,2025-09-15,647.217241273273,5671.080082281456,4051243.200846301,Delivered
PO1847,SUPPLIER1847,PROD0105,2025-03-19,1189.2346545183982,9319.283831408158,11493192.05737543,Partially Received
PO1848,SUPPLIER1848,PROD0105,2026-06-17,767.0880962251466,14133.356284901587,11290547.823033024,Pending
PO1849,SUPPLIER1849,PROD0105,2026-01-23,141.3847004123426,13333.611440575552,1793180.746919537,Pending
PO1850,SUPPLIER1850,PROD0105,2025-03-16,1274.5648469882613,21721.940849491446,26848455.770420898,In Transit
PO1851,SUPPLIER1851,PROD0105,2026-07-06,2382.358331515207,24081.110866138788,55961779.73383982,In Transit
PO1852,SUPPLIER1852,PROD0105,2025-03-01,1681.9200988703672,17937.71241121404,30560095.90378683,Partially Received
PO1853,SUPPLIER1853,PROD0035,2026-02-10,523.535828631867,20995.710475423686,12709975.23403921,In Transit
PO1854,SUPPLIER1854,PROD0035,2025-03-30,470.228337271243,6273.021745755622,2702735.1150141493,In Transit
PO1855,SUPPLIER1855,PROD0035,2025-02-17,835.4242159578417,2700.1150157804045,1895432.7930363056,Delivered
PO1856,SUPPLIER1856,PROD0035,2025-03-21,1696.8753064523853,10379.342652495521,18208479.897425156,Delivered
PO1857,SUPPLIER1857,PROD0035,2026-02-02,1971.926452275298,6307.155634560935,11942972.806807384,Delivered
PO1858,SUPPLIER1858,PROD0035,2025-08-11,969.1082848209733,9383.732236854943,8996959.433545483,Partially Received
PO1859,SUPPLIER1859,PROD0035,2025-09-24,1096.5723395186399,3472.864763525545,3851234.0646555647,Delivered
PO1860,SUPPLIER1860,PROD0152,2026-08-31,1916.1015430466705,14238.737174123795,27412075.26129413,Delivered
PO1861,SUPPLIER1861,PROD0152,2026-06-15,1203.4871927329066,22064.248942209204,26813167.53014819,Cancelled
PO1862,SUPPLIER1862,PROD0152,2026-08-02,780.7298586903727,25695.92734173971,21632820.952350385,Partially Received
PO1863,SUPPLIER1863,PROD0152,2025-11-04,1746.1753472836722,6828.640213242049,11936291.04740741,Delivered
PO1864,SUPPLIER1864,PROD0152,2025-06-12,1272.73742966225,15870.555139896795,20182701.318158247,Cancelled
PO1865,SUPPLIER1865,PROD0152,2026-01-04,1572.0114470289677,14226.801551201981,22324532.36822114,Delivered
PO1866,SUPPLIER1866,PROD0152,2025-10-15,1010.1081379624203,10257.51181669248,10246300.321578458,In Transit
PO1867,SUPPLIER1867,PROD0150,2026-08-11,1225.7000701737072,14720.745394324225,17884697.650371708,Pending
PO1868,SUPPLIER1868,PROD0150,2025-07-02,813.8701851651376,12737.491564482769,10063994.308184516,Cancelled
PO1869,SUPPLIER1869,PROD0150,2025-01-09,615.866418944979,4713.984482552855,2927174.751689663,Delivered
PO1870,SUPPLIER1870,PROD0150,2026-03-02,1646.4931136871978,17281.354479632,28245245.6997329,Delivered
PO1871,SUPPLIER1871,PROD0150,2026-04-16,288.72933457200025,7355.10453674619,2362779.7372197057,In Transit
PO1872,SUPPLIER1872,PROD0150,2025-10-05,1800.1328495713035,16589.105607172824,30578256.381048776,Delivered
PO1873,SUPPLIER1873,PROD0150,2025-07-23,1064.677321991666,7764.112473522862,8513991.05830787,Delivered
PO1874,SUPPLIER1874,PROD0195,2025-04-12,1675.5882422352515,17921.83900755975,30190632.87830173,Pending
PO1875,SUPPLIER1875,PROD0195,2025-03-01,1522.5805908868692,10179.668404583968,15639889.995594308,Partially Received
PO1876,SUPPLIER1876,PROD0195,2026-06-18,525.0920360569202,13926.771809138689,7905044.997854486,In Transit
PO1877,SUPPLIER1877,PROD0195,2026-08-02,1151.587127354374,22620.84080673867,25215915.176799543,Delivered
PO1878,SUPPLIER1878,PROD0195,2025-11-11,1692.5648173800075,16241.962598599494,28186191.44038394,Partially Received
PO1879,SUPPLIER1879,PROD0195,2025-12-07,2247.8462084958796,23681.61667856517,53127485.35945792,In Transit
PO1880,SUPPLIER1880,PROD0013,2025-08-15,2407.9367400216747,6759.68886776688,17410724.65299143,Pending
PO1881,SUPPLIER1881,PROD0013,2025-08-24,223.76943736889868,16677.884755002822,3621246.9172594054,Partially Received
PO1882,SUPPLIER1882,PROD0013,2025-01-23,1567.7667031574615,11261.867546201496,16679370.353974665,Delivered
PO1883,SUPPLIER1883,PROD0013,2025-07-31,257.4187756796532,14813.208375181724,4025289.84232835,In Transit
PO1884,SUPPLIER1884,PROD0013,2026-08-11,530.5872449020734,3949.165095834637,2052373.0520039257,Pending
PO1885,SUPPLIER1885,PROD0013,2025-11-29,743.3570451527219,21547.43870840057,16309473.689802872,Pending
PO1886,SUPPLIER1886,PROD0124,2026-01-17,1104.8487355283319,6989.689546294063,7283763.753493633,Delivered
PO1887,SUPPLIER1887,PROD0124,2025-07-11,2024.8181250315993,13315.442708887733,26610319.677080415,Delivered
PO1888,SUPPLIER1888,PROD0124,2026-03-18,298.9869597833081,19463.320578850366,6295217.92677262,In Transit
PO1889,SUPPLIER1889,PROD0124,2025-04-08,1623.1420945797995,1151.2507086611788,1259855.9363138839,Pending
PO1890,SUPPLIER1890,PROD0124,2025-09-22,568.6911449650128,7167.906631908366,4214214.53971241,Delivered
PO1891,SUPPLIER1891,PROD0124,2025-12-30,1383.2086192296297,11818.440829520006,16698202.024356207,Delivered
PO1892,SUPPLIER1892,PROD0123,2026-05-14,2403.553932251416,18254.132811879204,44882765.0903786,Delivered
PO1893,SUPPLIER1893,PROD0123,2025-04-15,1064.5982232942001,2571.5171869129285,2962434.613087973,In Transit
PO1894,SUPPLIER1894,PROD0123,2026-05-26,132.9211237003105,9874.203936019394,1683286.1892942775,Pending
PO1895,SUPPLIER1895,PROD0123,2025-12-29,1280.1892252266755,17736.36189930371,21941669.000865754,Delivered
PO1896,SUPPLIER1896,PROD0123,2025-09-19,1493.0334434741517,5129.988231265615,7568790.110258468,In Transit
PO1897,SUPPLIER1897,PROD0123,2025-09-30,1172.194527399302,7332.049496324962,8598226.128486086,Delivered
PO1898,SUPPLIER1898,PROD0100,2025-03-30,1344.6764735481388,7965.606899309127,10845287.554159664,In Transit
PO1899,SUPPLIER1899,PROD0100,2025-05-03,1013.5116140342261,16327.353461893405,17022965.545315042,Delivered
PO1900,SUPPLIER1900,PROD0100,2025-05-01,745.7660985828905,15179.57043614748,11967249.743484607,In Transit
PO1901,SUPPLIER1901,PROD0100,2025-07-30,2145.592751056592,1329.7210368980002,2110731.7736392985,Cancelled
PO1902,SUPPLIER1902,PROD0100,2026-04-03,1087.5098080084651,7059.9285344354175,7238517.210242433,Delivered
PO1903,SUPPLIER1903,PROD0100,2026-08-18,643.6294974914341,6420.717626697038,4250026.575531424,Delivered
PO1904,SUPPLIER1904,PROD0003,2025-03-16,878.5158381470617,17900.631627786817,15638918.536132755,Delivered
PO1905,SUPPLIER1905,PROD0003,2026-05-27,1465.7024213621146,13502.943932989576,19824945.22374492,Partially Received
PO1906,SUPPLIER1906,PROD0003,2026-05-04,1859.8816130199643,11005.82805949322,20727946.92417832,In Transit
PO1907,SUPPLIER1907,PROD0003,2026-04-13,1242.960469649176,4226.304679255996,5245941.488351334,In Transit
PO1908,SUPPLIER1908,PROD0003,2026-02-05,1764.0268862423723,11370.313949832655,20510858.840204068,Delivered
PO1909,SUPPLIER1909,PROD0003,2025-01-04,548.4758513093008,6077.009389240893,3572385.123912419,Partially Received
PO1910,SUPPLIER1910,PROD0136,2025-06-09,884.5925086922159,5522.010324260144,4938959.164568102,Delivered
PO1911,SUPPLIER1911,PROD0136,2025-02-27,915.2036686639236,4978.337393414485,4698135.087844105,In Transit
PO1912,SUPPLIER1912,PROD0136,2026-05-06,917.127069368133,9158.927970026501,8068743.979017882,Delivered
PO1913,SUPPLIER1913,PROD0136,2025-07-10,80.99389861026778,7197.1267955431285,661867.313534141,Partially Received
PO1914,SUPPLIER1914,PROD0136,2026-08-05,1677.4850229972049,4433.603590476267,7777557.927660169,Pending
PO1915,SUPPLIER1915,PROD0136,2025-12-14,2241.4621534640683,8935.462398254898,20152668.17307517,Delivered
PO1916,SUPPLIER1916,PROD0072,2026-05-29,613.8376786381115,10852.862525464061,7007708.376347084,Pending
PO1917,SUPPLIER1917,PROD0072,2025-09-13,1407.853132107492,6178.9289245273285,8923456.53315811,Delivered
PO1918,SUPPLIER1918,PROD0072,2026-06-08,1082.690292539887,14669.259436565037,16329183.589183988,Partially Received
PO1919,SUPPLIER1919,PROD0072,2025-12-14,905.6849338886705,19073.837649669782,16202959.674193764,Partially Received
PO1920,SUPPLIER1920,PROD0072,2026-03-20,175.27029725987197,5890.192603406087,1166036.3953914207,In Transit
PO1921,SUPPLIER1921,PROD0072,2025-07-23,996.9906322866019,6831.496961468994,6775246.30682979,Partially Received
PO1922,SUPPLIER1922,PROD0080,2026-02-23,507.03300538975293,13489.0621706537,7599344.948605572,In Transit
PO1923,SUPPLIER1923,PROD0080,2026-05-29,1209.6827420593725,4779.840933890998,5681837.37019229,Delivered
PO1924,SUPPLIER1924,PROD0080,2025-12-16,329.4001878857726,12375.763033209334,3666809.853098769,Delivered
PO1925,SUPPLIER1925,PROD0080,2026-03-11,2102.1193101665217,15432.179965650588,31605654.1758619,Pending
PO1926,SUPPLIER1926,PROD0080,2026-08-14,2218.6817565530814,17593.64083550833,37368515.3047265,Delivered
PO1927,SUPPLIER1927,PROD0080,2026-01-23,138.52132319271135,17704.100630086028,2277110.1242811815,Delivered
PO1928,SUPPLIER1928,PROD0009,2025-10-21,1765.7805546954457,6395.079180633908,12394236.297577972,In Transit
PO1929,SUPPLIER1929,PROD0009,2025-09-16,712.1908715413394,1469.6462354997382,1063900.6490564956,Delivered
PO1930,SUPPLIER1930,PROD0009,2026-02-24,1854.9034547506085,26391.15013146417,50773020.82797694,Pending
PO1931,SUPPLIER1931,PROD0009,2025-06-26,863.2897462382319,13126.909024318778,12114604.481305975,Partially Received
PO1932,SUPPLIER1932,PROD0009,2026-08-30,1429.9883904739243,7643.62436083035,10490321.425541243,Delivered
PO1933,SUPPLIER1933,PROD0009,2025-03-15,695.8796616318151,6493.944016749097,4631216.543322729,Partially Received
PO1934,SUPPLIER1934,PROD0162,2025-10-20,1957.704888839663,7707.973697242271,14277539.241398374,Delivered
PO1935,SUPPLIER1935,PROD0162,2025-12-24,1669.317374599194,10761.230999853446,17820582.47334498,Delivered
PO1936,SUPPLIER1936,PROD0162,2026-06-24,541.0020096740537,3020.009845225905,1291323.2143551237,Pending
PO1937,SUPPLIER1937,PROD0162,2026-06-11,736.2962548374426,4952.053280429906,3405549.8304380435,Delivered
PO1938,SUPPLIER1938,PROD0162,2026-03-05,860.4793504132284,6770.837051288135,5915609.31737607,In Transit
PO1939,SUPPLIER1939,PROD0162,2025-10-29,1167.8253529443746,10515.977019234519,11482275.320905687,Cancelled
PO1940,SUPPLIER1940,PROD0007,2025-01-05,488.7105967333738,14694.484180248224,7300150.646123846,Delivered
PO1941,SUPPLIER1941,PROD0007,2026-01-14,120.45623539900278,1935.8892620260528,44338.48499171171,Pending
PO1942,SUPPLIER1942,PROD0007,2026-06-15,211.28758387479178,7560.196284171941,1467655.594090381,Delivered
PO1943,SUPPLIER1943,PROD0007,2026-02-26,1009.2485867821032,6043.246410005351,6206629.139063787,Delivered
PO1944,SUPPLIER1944,PROD0007,2025-09-15,1126.488396210329,17113.89597967578,19134042.672360834,Delivered
PO1945,SUPPLIER1945,PROD0007,2025-01-05,1871.7127402539306,8218.914174200385,15222566.294313436,Partially Received
PO1946,SUPPLIER1946,PROD0121,2025-11-16,867.1185664932757,13226.151352928313,11389829.7405626,In Transit
PO1947,SUPPLIER1947,PROD0121,2026-06-29,2366.7577745504327,13640.354791354312,32377709.02528146,In Transit
PO1948,SUPPLIER1948,PROD0121,2026-05-11,2408.691947542045,19549.46715777518,46663864.24221332,Partially Received
PO1949,SUPPLIER1949,PROD0121,2025-12-19,1478.2022760931316,7511.168097797403,10856776.236694535,Delivered
PO1950,SUPPLIER1950,PROD0121,2025-02-09,708.853221136973,15679.666473583362,10549549.319568954,Pending
PO1951,SUPPLIER1951,PROD0121,2026-02-05,939.7426555440803,14415.671428129026,13503508.16752012,Pending
PO1952,SUPPLIER1952,PROD0066,2026-08-24,540.3843363856948,13363.438815571466,7120131.256607289,Partially Received
PO1953,SUPPLIER1953,PROD0066,2026-03-30,2416.5479903012083,17304.38351663319,41592682.914162494,In Transit
PO1954,SUPPLIER1954,PROD0066,2025-02-10,2247.826477949977,12515.43238135038,27020385.73192491,Delivered
PO1955,SUPPLIER1955,PROD0066,2026-05-26,1001.050203585379,11590.717194502471,12713148.77533969,Partially Received
PO1956,SUPPLIER1956,PROD0066,2025-05-06,1362.1330847074782,9867.073447773555,13278130.45798562,Pending
PO1957,SUPPLIER1957,PROD0084,2025-12-29,275.24339367573276,9632.03434126702,2481704.3107989337,Delivered
PO1958,SUPPLIER1958,PROD0084,2025-07-02,1048.5854398826755,8381.303681144598,9208510.088193553,Partially Received
PO1959,SUPPLIER1959,PROD0084,2026-02-09,701.5247365877734,17419.93228471342,11093379.853791235,Pending
PO1960,SUPPLIER1960,PROD0084,2025-10-06,2086.0521887750688,25606.69150488711,52989768.53413767,Pending
PO1961,SUPPLIER1961,PROD0084,2025-04-21,773.64395649451,18885.457942177556,13648689.691752274,Pending
PO1962,SUPPLIER1962,PROD0062,2026-04-06,1775.2607132865123,22805.414208133563,39533238.818830915,Partially Received
PO1963,SUPPLIER1963,PROD0062,2025-09-16,2184.454545197818,15441.183580371164,33460289.851242557,Delivered
PO1964,SUPPLIER1964,PROD0062,2026-07-26,1143.1418464818153,14494.962987369616,15670611.478323895,Cancelled
PO1965,SUPPLIER1965,PROD0062,2025-11-30,2463.2477591858715,5729.191092601023,17075751.979781985,Delivered
PO1966,SUPPLIER1966,PROD0062,2025-02-23,1496.4384206246775,8284.038585317783,12629480.100646894,In Transit
PO1967,SUPPLIER1967,PROD0104,2026-02-18,1850.6013059569939,12049.147093152862,22764007.221381214,Partially Received
PO1968,SUPPLIER1968,PROD0104,2025-05-14,2393.9203938320984,1391.7426001681263,3264268.5801221877,Pending
PO1969,SUPPLIER1969,PROD0104,2025-02-09,670.3928883720247,12956.215399057131,8832316.27831947,Delivered
PO1970,SUPPLIER1970,PROD0104,2026-08-09,1154.332208983885,7697.979113604907,9329713.307906382,Partially Received
PO1971,SUPPLIER1971,PROD0104,2026-02-27,1102.907464642291,15569.562473678325,17296039.517243434,Delivered
PO1972,SUPPLIER1972,PROD0154,2026-08-28,1322.1856173492881,1905.4172645991496,2069809.3274742283,In Transit
PO1973,SUPPLIER1973,PROD0154,2026-01-04,1782.865518891714,3031.1545434261643,5199359.274184199,Partially Received
PO1974,SUPPLIER1974,PROD0154,2025-05-12,1686.9498931081712,23135.04578761649,37558043.94394394,Delivered
PO1975,SUPPLIER1975,PROD0154,2025-10-29,1447.5488579198159,4986.7561083642095,7324042.630100076,Delivered
PO1976,SUPPLIER1976,PROD0154,2025-01-18,805.638057706021,6998.455260709989,5733977.944675656,Delivered
PO1977,SUPPLIER1977,PROD0137,2025-09-05,2248.210344126705,21362.333689545318,48671464.21178318,In Transit
PO1978,SUPPLIER1978,PROD0137,2026-02-11,877.1140048314963,6478.159559813493,5516910.543855888,Delivered
PO1979,SUPPLIER1979,PROD0137,2026-01-14,182.94069416072392,1939.6069679594193,283416.01582005306,Delivered
PO1980,SUPPLIER1980,PROD0137,2026-05-27,236.9543360356251,8969.228171146386,2260621.875953937,In Transit
PO1981,SUPPLIER1981,PROD0137,2026-03-17,1357.5141962230605,9188.143350288885,12517914.129421953,Partially Received
PO1982,SUPPLIER1982,PROD0108,2025-03-03,714.480175186861,14291.098546982013,11365025.801127924,In Transit
PO1983,SUPPLIER1983,PROD0108,2025-12-03,2247.194390320075,17650.80697957217,38753293.43873741,In Transit
PO1984,SUPPLIER1984,PROD0108,2025-10-30,403.6163387239448,15438.868677785142,6386732.849988597,Delivered
PO1985,SUPPLIER1985,PROD0108,2026-05-05,1505.6408245504977,13314.149204939562,20319153.984696567,Partially Received
PO1986,SUPPLIER1986,PROD0001,2025-01-18,548.5252901867327,19758.5675742884,12052653.639234198,In Transit
PO1987,SUPPLIER1987,PROD0001,2026-07-03,2095.274785706071,15126.335686917808,31678545.61812463,In Transit
PO1988,SUPPLIER1988,PROD0001,2025-07-10,1692.6397497900525,17396.09704766624,29164405.43453434,Delivered
PO1989,SUPPLIER1989,PROD0001,2025-09-15,1794.9980539128887,19530.62885063187,34413606.9896203,Delivered
PO1990,SUPPLIER1990,PROD0088,2025-09-13,369.6429994760827,4202.564388962707,1586204.2922100988,Pending
PO1991,SUPPLIER1991,PROD0088,2025-05-11,2411.635788527509,13842.411936804101,33860123.02111749,In Transit
PO1992,SUPPLIER1992,PROD0088,2026-03-10,2201.8318866679433,10640.189978342807,23048755.43370602,Partially Received
PO1993,SUPPLIER1993,PROD0088,2026-04-20,2195.1309198934878,12934.452673604228,28098217.983782016,In Transit
PO1994,SUPPLIER1994,PROD0111,2026-03-01,2352.1907007006794,11225.648808180344,26209914.03683667,Delivered
PO1995,SUPPLIER1995,PROD0111,2025-10-21,2277.4856176881553,23982.57634298812,52586012.945093326,Pending
PO1996,SUPPLIER1996,PROD0111,2026-01-07,1328.6451801938426,14962.142826328263,20216952.88698985,Partially Received
PO1997,SUPPLIER1997,PROD0111,2025-07-02,2146.5638155765623,4863.251907356986,10415279.206609474,Delivered
PO1998,SUPPLIER1998,PROD0021,2025-04-20,753.8833407606477,4891.773408887965,3844996.178980145,Pending
PO1999,SUPPLIER1999,PROD0021,2026-05-04,1196.4249029922414,1442.2816008795116,1401148.9962455088,Delivered
PO2000,SUPPLIER2000,PROD0021,2025-11-23,151.8687178072635,2046.3041338787227,163932.18787669626,Delivered
