po_id,supplier_id,product_id,po_date,quantity,unit_cost,total_value,order_status
PO00001,SUP0065,PROD0155,2026-04-10,1772,6736.17,11936493.24,In Transit
PO00002,SUP0093,PROD0056,2026-07-19,1771,21022.02,37229997.42,Delivered
PO00003,SUP0059,PROD0103,2025-12-14,1713,15808.74,27080371.62,Delivered
PO00004,SUP0086,PROD0066,2025-11-17,1543,881.77,1360571.11,In Transit
PO00005,SUP0009,PROD0024,2026-05-01,359,4027.39,1445833.01,Delivered
PO00006,SUP0017,PROD0143,2026-01-17,255,17735.06,4522440.3,Partially Received
PO00007,SUP0086,PROD0032,2025-12-04,1692,8152.44,13793928.48,In Transit
PO00008,SUP0093,PROD0014,2026-03-10,1188,14605.79,17351678.52,Delivered
PO00009,SUP0065,PROD0055,2026-08-15,643,2048.08,1316915.44,Delivered
PO00010,SUP0045,PROD0143,2025-04-21,1515,15768.63,23889474.45,Delivered
PO00011,SUP0055,PROD0144,2025-08-20,2290,17655.03,40430018.7,Pending
PO00012,SUP0004,PROD0047,2025-10-01,1129,19657.61,22193441.69,Delivered
PO00013,SUP0045,PROD0002,2025-12-14,753,7646.18,5757573.54,Partially Received
PO00014,SUP0009,PROD0037,2026-02-15,135,8622.52,1164040.2,Partially Received
PO00015,SUP0054,PROD0117,2026-01-21,1406,10093.59,14191587.54,Delivered
PO00016,SUP0100,PROD0146,2025-11-29,2452,15370.08,37687436.16,Delivered
PO00017,SUP0097,PROD0159,2025-06-11,213,6589.73,1403612.49,Delivered
PO00018,SUP0063,PROD0156,2026-03-11,1820,6777.53,12335104.6,Delivered
PO00019,SUP0015,PROD0089,2026-06-09,1770,8666.34,15339421.8,In Transit
PO00020,SUP0063,PROD0135,2026-08-31,1273,2285.0,2908805.0,Delivered
PO00021,SUP0001,PROD0053,2025-02-26,1244,3070.28,3819428.32,In Transit
PO00022,SUP0038,PROD0084,2025-09-19,501,7557.84,3786477.84,In Transit
PO00023,SUP0017,PROD0098,2025-06-29,2191,14317.74,31370168.34,Delivered
PO00024,SUP0010,PROD0102,2025-12-29,183,12359.64,2261814.12,Delivered
PO00025,SUP0041,PROD0148,2025-03-21,1768,23229.83,41070339.44,In Transit
PO00026,SUP0038,PROD0030,2026-03-04,1669,10758.27,17955552.63,Delivered
PO00027,SUP0089,PROD0093,2026-04-17,370,4344.42,1607435.4,Delivered
PO00028,SUP0076,PROD0103,2026-03-23,2156,13467.91,29036813.96,Pending
PO00029,SUP0029,PROD0086,2025-12-14,698,1730.3,1207749.4,Partially Received
PO00030,SUP0066,PROD0050,2026-06-28,1441,3110.17,4481754.97,Cancelled
PO00031,SUP0031,PROD0027,2025-06-01,609,14448.45,8799106.05,Delivered
PO00032,SUP0098,PROD0195,2025-06-06,318,7008.01,2228547.18,In Transit
PO00033,SUP0060,PROD0194,2026-05-21,2319,13423.75,31129676.25,Delivered
PO00034,SUP0083,PROD0163,2026-08-02,1333,3668.32,4889870.56,Partially Received
PO00035,SUP0057,PROD0018,2025-06-04,1930,20191.12,38968861.6,Delivered
PO00036,SUP0076,PROD0015,2025-10-09,1451,7242.62,10509041.62,Delivered
PO00037,SUP0005,PROD0015,2026-04-08,1520,7805.44,11864268.8,Delivered
PO00038,SUP0079,PROD0153,2025-04-03,2086,20558.74,42885531.64,Partially Received
PO00039,SUP0058,PROD0147,2025-02-12,781,1960.17,1530892.77,Delivered
PO00040,SUP0008,PROD0116,2025-06-04,433,5537.22,2397616.26,Pending
PO00041,SUP0065,PROD0166,2025-03-28,716,17895.92,12813478.72,In Transit
PO00042,SUP0068,PROD0134,2026-03-26,660,23348.2,15409812.0,Pending
PO00043,SUP0053,PROD0199,2026-02-01,1395,7231.09,10087370.55,Delivered
PO00044,SUP0009,PROD0085,2025-12-09,397,2963.71,1176592.87,Delivered
PO00045,SUP0093,PROD0169,2025-09-16,2478,14656.45,36318683.1,Delivered
PO00046,SUP0085,PROD0037,2026-08-20,1442,9123.74,13156433.08,In Transit
PO00047,SUP0017,PROD0153,2026-02-06,357,20178.64,7203774.48,Delivered
PO00048,SUP0017,PROD0172,2025-12-03,2166,5050.42,10939209.72,In Transit
PO00049,SUP0047,PROD0005,2026-06-05,1495,22962.38,34328758.1,Cancelled
PO00050,SUP0099,PROD0125,2025-12-16,796,6507.04,5179603.84,Delivered
PO00051,SUP0038,PROD0026,2025-03-21,2089,21354.83,44610239.87,Pending
PO00052,SUP0005,PROD0170,2026-06-24,1389,15970.39,22182871.71,Partially Received
PO00053,SUP0020,PROD0042,2026-01-21,750,16009.29,12006967.5,In Transit
PO00054,SUP0093,PROD0113,2025-06-19,188,23738.05,4462753.4,In Transit
PO00055,SUP0057,PROD0157,2025-09-01,1177,19779.37,23280318.49,In Transit
PO00056,SUP0069,PROD0062,2025-08-28,1277,22479.8,28706704.6,In Transit
PO00057,SUP0048,PROD0174,2025-07-18,2346,26411.78,61962035.88,Delivered
PO00058,SUP0100,PROD0098,2025-10-16,2069,13740.45,28428991.05,Cancelled
PO00059,SUP0078,PROD0036,2025-07-24,1034,8734.02,9030976.68,Delivered
PO00060,SUP0071,PROD0027,2026-01-16,2123,16640.77,35328354.71,Delivered
PO00061,SUP0035,PROD0116,2025-06-14,2112,4716.57,9961395.84,Delivered
PO00062,SUP0058,PROD0090,2025-08-16,119,24246.04,2885278.76,Delivered
PO00063,SUP0031,PROD0099,2026-01-18,344,1803.71,620476.24,Delivered
PO00064,SUP0092,PROD0167,2025-04-12,1383,20193.31,27927347.73,Delivered
PO00065,SUP0061,PROD0179,2025-10-21,578,950.91,549625.98,Delivered
PO00066,SUP0011,PROD0005,2025-01-06,1058,22424.0,23724592.0,Delivered
PO00067,SUP0055,PROD0029,2026-06-25,1190,6127.31,7291498.9,Delivered
PO00068,SUP0054,PROD0164,2025-09-02,1882,11264.26,21199337.32,Pending
PO00069,SUP0077,PROD0138,2026-05-27,77,17891.41,1377638.57,Partially Received
PO00070,SUP0038,PROD0110,2025-05-28,16,22045.88,352734.08,Delivered
PO00071,SUP0024,PROD0171,2026-03-03,360,11895.87,4282513.2,Delivered
PO00072,SUP0070,PROD0130,2026-06-23,2089,23629.84,49362735.76,Delivered
PO00073,SUP0006,PROD0163,2026-04-27,1594,3762.88,5998030.72,Delivered
PO00074,SUP0046,PROD0018,2025-01-17,1422,19203.0,27306666.0,In Transit
PO00075,SUP0099,PROD0149,2025-04-17,1371,14570.93,19976745.03,Delivered
PO00076,SUP0083,PROD0045,2025-12-13,1913,9174.14,17550129.82,Delivered
PO00077,SUP0018,PROD0017,2025-07-06,1884,14665.18,27629199.12,Delivered
PO00078,SUP0006,PROD0081,2025-07-24,1280,1218.73,1559974.4,Cancelled
PO00079,SUP0061,PROD0065,2026-07-11,159,6531.37,1038487.83,Delivered
PO00080,SUP0100,PROD0013,2026-01-01,1369,9982.9,13666590.1,Pending
PO00081,SUP0052,PROD0191,2026-03-24,1811,8920.14,16154373.54,Delivered
PO00082,SUP0064,PROD0178,2025-07-11,2047,20191.65,41332307.55,Pending
PO00083,SUP0011,PROD0187,2025-10-01,1748,17738.83,31007474.84,Partially Received
PO00084,SUP0070,PROD0076,2025-07-04,1325,5269.44,6982008.0,Delivered
PO00085,SUP0040,PROD0115,2025-10-30,2478,9570.68,23716145.04,Delivered
PO00086,SUP0045,PROD0115,2026-03-31,183,9590.66,1755090.78,Pending
PO00087,SUP0036,PROD0164,2026-03-22,244,11301.21,2757495.24,Partially Received
PO00088,SUP0066,PROD0192,2026-01-08,665,3590.78,2387868.7,Delivered
PO00089,SUP0005,PROD0033,2026-03-25,285,3595.48,1024711.8,In Transit
PO00090,SUP0050,PROD0146,2026-01-06,142,17501.03,2485146.26,In Transit
PO00091,SUP0048,PROD0114,2026-01-15,324,11798.11,3822587.64,Partially Received
PO00092,SUP0041,PROD0167,2026-02-12,1151,17739.29,20417922.79,Delivered
PO00093,SUP0064,PROD0133,2025-07-10,1595,13656.63,21782324.85,Delivered
PO00094,SUP0091,PROD0115,2025-09-24,888,10179.07,9039014.16,Delivered
PO00095,SUP0026,PROD0032,2026-05-18,565,9164.79,5178106.35,Delivered
PO00096,SUP0012,PROD0175,2026-04-01,1319,2602.81,3433106.39,In Transit
PO00097,SUP0070,PROD0075,2026-07-18,1238,19078.89,23619665.82,In Transit
PO00098,SUP0047,PROD0131,2025-06-28,928,8749.1,8119164.8,Delivered
PO00099,SUP0031,PROD0127,2025-05-23,117,20250.49,2369307.33,Partially Received
PO00100,SUP0071,PROD0034,2026-04-24,363,1505.43,546471.09,Delivered
PO00101,SUP0068,PROD0106,2026-05-06,1687,1166.58,1968020.46,Delivered
PO00102,SUP0083,PROD0019,2025-11-21,1853,20014.08,37086090.24,Delivered
PO00103,SUP0100,PROD0142,2025-05-12,2417,17575.99,42481167.83,Cancelled
PO00104,SUP0065,PROD0015,2026-03-20,518,7261.3,3761353.4,Delivered
PO00105,SUP0042,PROD0182,2025-06-15,933,9632.03,8986683.99,Pending
PO00106,SUP0011,PROD0065,2025-10-18,814,6356.65,5174313.1,Partially Received
PO00107,SUP0081,PROD0078,2025-05-09,2195,16682.22,36617472.9,In Transit
PO00108,SUP0075,PROD0040,2026-08-30,711,10142.53,7211338.83,In Transit
PO00109,SUP0073,PROD0011,2025-12-12,126,16205.53,2041896.78,Pending
PO00110,SUP0034,PROD0167,2026-08-14,873,20082.69,17532188.37,Delivered
PO00111,SUP0064,PROD0161,2025-02-01,2244,8709.33,19543736.52,Cancelled
PO00112,SUP0032,PROD0176,2026-05-10,1673,10831.32,18120798.36,Delivered
PO00113,SUP0021,PROD0113,2025-03-03,1712,24165.32,41371027.84,Delivered
PO00114,SUP0041,PROD0184,2025-05-28,1317,20793.48,27385013.16,Pending
PO00115,SUP0017,PROD0195,2026-02-13,1527,7623.94,11641756.38,Delivered
PO00116,SUP0060,PROD0032,2025-09-05,1105,8347.11,9223556.55,Delivered
PO00117,SUP0038,PROD0099,2025-02-21,1722,1747.19,3008661.18,Pending
PO00118,SUP0042,PROD0148,2025-06-13,1290,21128.41,27255648.9,Delivered
PO00119,SUP0060,PROD0128,2026-06-12,1273,11200.89,14258732.97,Delivered
PO00120,SUP0065,PROD0118,2026-02-07,996,22667.44,22576770.24,Delivered
PO00121,SUP0037,PROD0127,2025-02-21,2457,22872.29,56197216.53,In Transit
PO00122,SUP0037,PROD0138,2026-04-27,43,18787.18,807848.74,Delivered
PO00123,SUP0094,PROD0094,2025-09-28,1661,9930.14,16493962.54,Delivered
PO00124,SUP0072,PROD0050,2026-08-07,1494,3266.63,4880345.22,Delivered
PO00125,SUP0058,PROD0196,2026-06-01,2262,20074.18,45407795.16,Cancelled
PO00126,SUP0017,PROD0025,2025-05-02,1623,13545.39,21984167.97,Cancelled
PO00127,SUP0047,PROD0194,2026-07-26,600,11723.04,7033824.0,Delivered
PO00128,SUP0006,PROD0012,2026-05-28,169,7493.43,1266389.67,Delivered
PO00129,SUP0067,PROD0117,2026-05-01,620,11278.32,6992558.4,Delivered
PO00130,SUP0079,PROD0082,2025-12-02,675,15565.28,10506564.0,Partially Received
PO00131,SUP0076,PROD0087,2025-11-03,2087,21892.59,45689835.33,Partially Received
PO00132,SUP0039,PROD0122,2026-07-31,78,12357.91,963916.98,In Transit
PO00133,SUP0075,PROD0079,2026-03-03,119,21313.55,2536312.45,Delivered
PO00134,SUP0074,PROD0059,2026-08-16,220,20984.88,4616673.6,Delivered
PO00135,SUP0019,PROD0175,2026-01-25,1002,2220.74,2225181.48,Pending
PO00136,SUP0025,PROD0005,2025-04-23,1816,22990.26,41750312.16,Delivered
PO00137,SUP0053,PROD0129,2025-07-28,1941,15071.57,29253917.37,In Transit
PO00138,SUP0091,PROD0036,2025-03-05,2134,9098.43,19416049.62,Delivered
PO00139,SUP0068,PROD0097,2026-05-05,1295,18371.37,23790924.15,Delivered
PO00140,SUP0044,PROD0140,2026-06-30,1461,1015.75,1484010.75,Pending
PO00141,SUP0079,PROD0124,2025-09-28,797,4088.89,3258845.33,Delivered
PO00142,SUP0029,PROD0077,2025-11-02,1193,19506.91,23271743.63,In Transit
PO00143,SUP0041,PROD0123,2026-05-16,1438,24863.48,35753684.24,Pending
PO00144,SUP0037,PROD0032,2025-10-08,2358,8807.48,20768037.84,Delivered
PO00145,SUP0045,PROD0198,2026-02-09,609,7699.32,4688885.88,Delivered
PO00146,SUP0045,PROD0114,2025-03-22,1060,12280.59,13017425.4,Delivered
PO00147,SUP0035,PROD0144,2026-07-06,1122,18185.78,20404445.16,Partially Received
PO00148,SUP0031,PROD0063,2026-08-24,217,11380.21,2469505.57,Partially Received
PO00149,SUP0007,PROD0026,2025-08-27,1702,19234.62,32737323.24,Delivered
PO00150,SUP0001,PROD0141,2025-05-21,656,24378.73,15992446.88,Pending
PO00151,SUP0062,PROD0167,2026-05-03,826,20032.64,16546960.64,Delivered
PO00152,SUP0083,PROD0016,2025-10-20,376,11494.64,4321984.64,Delivered
PO00153,SUP0023,PROD0107,2025-02-08,730,18014.75,13150767.5,Delivered
PO00154,SUP0064,PROD0048,2026-02-11,1195,17753.74,21215719.3,Delivered
PO00155,SUP0078,PROD0028,2026-08-05,1382,10613.48,14667829.36,Cancelled
PO00156,SUP0068,PROD0127,2026-07-11,559,22715.02,12697696.18,Delivered
PO00157,SUP0015,PROD0085,2025-07-17,675,3085.19,2082503.25,In Transit
PO00158,SUP0002,PROD0189,2025-07-10,1390,6767.78,9407214.2,Partially Received
PO00159,SUP0023,PROD0157,2025-07-17,1670,20113.27,33589160.9,Delivered
PO00160,SUP0052,PROD0172,2025-03-30,400,5173.08,2069232.0,Delivered
PO00161,SUP0032,PROD0002,2025-11-28,1078,6826.56,7359031.68,Delivered
PO00162,SUP0043,PROD0078,2025-10-01,2395,19474.88,46642337.6,Delivered
PO00163,SUP0089,PROD0061,2026-01-04,264,4649.3,1227415.2,Delivered
PO00164,SUP0052,PROD0176,2025-06-13,2068,12540.87,25934519.16,Pending
PO00165,SUP0089,PROD0031,2025-11-15,1218,1946.96,2371397.28,Delivered
PO00166,SUP0062,PROD0040,2025-05-17,1873,10351.23,19387853.79,Partially Received
PO00167,SUP0090,PROD0141,2026-03-02,1938,26475.99,51310468.62,Pending
PO00168,SUP0098,PROD0064,2025-08-12,2450,23212.58,56870821.0,Delivered
PO00169,SUP0068,PROD0181,2026-04-03,1491,22041.46,32863816.86,Partially Received
PO00170,SUP0071,PROD0130,2025-03-05,838,23733.69,19888832.22,Delivered
PO00171,SUP0067,PROD0114,2025-12-02,486,12094.07,5877718.02,In Transit
PO00172,SUP0012,PROD0131,2026-05-16,1834,10336.61,18957342.74,Delivered
PO00173,SUP0054,PROD0117,2026-06-10,2319,9830.5,22796929.5,Delivered
PO00174,SUP0093,PROD0006,2025-11-12,1631,14065.76,22941254.56,Delivered
PO00175,SUP0075,PROD0019,2025-08-12,195,19810.01,3862951.95,In Transit
PO00176,SUP0008,PROD0018,2026-07-09,1943,18174.04,35312159.72,Delivered
PO00177,SUP0099,PROD0165,2025-05-19,1731,22169.4,38375231.4,Pending
PO00178,SUP0049,PROD0097,2026-04-05,338,17282.78,5841579.64,In Transit
PO00179,SUP0018,PROD0168,2026-07-07,1434,8353.5,11978919.0,Cancelled
PO00180,SUP0068,PROD0033,2026-02-07,922,4147.17,3823690.74,In Transit
PO00181,SUP0060,PROD0173,2025-11-02,2240,15962.98,35757075.2,Delivered
PO00182,SUP0032,PROD0118,2025-08-24,1427,22316.94,31846273.38,Delivered
PO00183,SUP0005,PROD0170,2025-04-26,1727,15051.23,25993474.21,Pending
PO00184,SUP0031,PROD0053,2025-01-17,285,2508.13,714817.05,Delivered
PO00185,SUP0032,PROD0190,2025-02-19,191,3285.62,627553.42,Delivered
PO00186,SUP0097,PROD0199,2025-08-11,241,6334.58,1526633.78,Cancelled
PO00187,SUP0094,PROD0148,2025-08-28,1316,23252.16,30599842.56,In Transit
PO00188,SUP0031,PROD0078,2025-11-25,596,20640.89,12301970.44,Partially Received
PO00189,SUP0039,PROD0071,2026-02-28,259,11401.63,2953022.17,Partially Received
PO00190,SUP0081,PROD0174,2025-06-29,1759,23977.99,42177284.41,Delivered
PO00191,SUP0083,PROD0172,2025-12-19,1571,5980.35,9395129.85,Delivered
PO00192,SUP0053,PROD0039,2026-03-03,1238,5383.49,6664760.62,In Transit
PO00193,SUP0031,PROD0058,2026-04-30,1241,1952.72,2423325.52,Delivered
PO00194,SUP0008,PROD0144,2026-04-20,1700,22156.28,37665676.0,Partially Received
PO00195,SUP0050,PROD0063,2025-05-18,1054,10155.99,10704413.46,In Transit
PO00196,SUP0048,PROD0024,2026-04-06,2203,4703.66,10362162.98,Delivered
PO00197,SUP0049,PROD0173,2025-10-02,2487,16660.67,41435086.29,Pending
PO00198,SUP0098,PROD0151,2025-07-12,2299,3743.95,8607341.05,Delivered
PO00199,SUP0039,PROD0004,2025-12-07,877,3264.28,2862773.56,Cancelled
PO00200,SUP0096,PROD0194,2025-05-01,1971,13892.48,27382078.08,In Transit
PO00201,SUP0051,PROD0062,2025-07-29,2271,19354.64,43954387.44,Delivered
PO00202,SUP0069,PROD0167,2026-04-23,1481,18005.68,26666412.08,Delivered
PO00203,SUP0060,PROD0026,2026-05-25,1933,21310.34,41192887.22,Delivered
PO00204,SUP0048,PROD0081,2025-07-28,1705,1081.86,1844571.3,Pending
PO00205,SUP0003,PROD0067,2025-05-30,2276,5925.93,13487416.68,Partially Received
PO00206,SUP0038,PROD0040,2026-03-04,813,9371.38,7618931.94,Delivered
PO00207,SUP0064,PROD0141,2025-09-09,1392,23483.55,32689101.6,Pending
PO00208,SUP0059,PROD0044,2026-05-18,1452,6042.15,8773201.8,In Transit
PO00209,SUP0024,PROD0139,2026-05-16,250,9604.71,2401177.5,Pending
PO00210,SUP0086,PROD0013,2025-03-18,36,10335.54,372079.44,Pending
PO00211,SUP0009,PROD0182,2025-08-25,628,8823.39,5541088.92,Delivered
PO00212,SUP0008,PROD0159,2026-01-18,1989,6567.44,13062638.16,Delivered
PO00213,SUP0071,PROD0106,2026-06-29,58,957.01,55506.58,In Transit
PO00214,SUP0037,PROD0005,2026-07-03,2067,25875.13,53483893.71,In Transit
PO00215,SUP0014,PROD0025,2025-07-03,2157,12793.33,27595212.81,Delivered
PO00216,SUP0033,PROD0091,2026-06-24,1104,25705.16,28378496.64,Delivered
PO00217,SUP0059,PROD0145,2026-02-20,1006,12084.89,12157399.34,Delivered
PO00218,SUP0084,PROD0167,2025-03-24,139,17032.17,2367471.63,Delivered
PO00219,SUP0061,PROD0015,2026-07-20,48,7581.86,363929.28,Delivered
PO00220,SUP0083,PROD0085,2026-03-21,2327,3257.91,7581156.57,Cancelled
PO00221,SUP0006,PROD0059,2026-06-25,875,22553.73,19734513.75,In Transit
PO00222,SUP0061,PROD0070,2026-08-04,200,13502.93,2700586.0,In Transit
PO00223,SUP0070,PROD0145,2025-10-15,144,9980.62,1437209.28,Pending
PO00224,SUP0027,PROD0151,2025-01-17,600,4259.93,2555958.0,In Transit
PO00225,SUP0010,PROD0077,2026-02-12,675,18878.0,12742650.0,Partially Received
PO00226,SUP0087,PROD0139,2026-02-03,1368,9283.61,12699978.48,In Transit
PO00227,SUP0065,PROD0191,2025-03-22,1426,7275.58,10374977.08,Delivered
PO00228,SUP0044,PROD0155,2025-03-19,2449,7268.37,17800238.13,In Transit
PO00229,SUP0082,PROD0070,2025-01-31,1855,12227.72,22682420.6,Delivered
PO00230,SUP0056,PROD0048,2026-01-20,2409,16909.43,40734816.87,Delivered
PO00231,SUP0032,PROD0183,2025-10-30,311,2127.31,661593.41,Delivered
PO00232,SUP0095,PROD0100,2025-06-07,1307,18117.38,23679415.66,Delivered
PO00233,SUP0057,PROD0093,2025-11-12,1114,3990.3,4445194.2,Delivered
PO00234,SUP0058,PROD0143,2026-03-18,2282,17426.39,39767021.98,Delivered
PO00235,SUP0046,PROD0142,2025-04-02,391,19471.05,7613180.55,In Transit
PO00236,SUP0002,PROD0075,2026-01-30,1704,17121.35,29174780.4,Delivered
PO00237,SUP0032,PROD0147,2026-07-27,2144,1885.49,4042490.56,Delivered
PO00238,SUP0035,PROD0078,2025-05-23,1109,18455.52,20467171.68,Delivered
PO00239,SUP0036,PROD0108,2026-03-22,1237,10900.84,13484339.08,Delivered
PO00240,SUP0032,PROD0185,2025-09-15,2040,5310.65,10833726.0,Delivered
PO00241,SUP0018,PROD0078,2025-04-20,37,20477.3,757660.1,Delivered
PO00242,SUP0043,PROD0113,2026-01-25,1381,23853.07,32941089.67,Pending
PO00243,SUP0039,PROD0083,2025-05-20,2480,15929.94,39506251.2,Delivered
PO00244,SUP0023,PROD0102,2025-11-18,1317,11923.52,15703275.84,In Transit
PO00245,SUP0074,PROD0063,2026-05-18,1344,10609.25,14258832.0,Pending
PO00246,SUP0047,PROD0030,2026-02-07,2319,11280.33,26159085.27,Cancelled
PO00247,SUP0088,PROD0197,2025-07-04,2263,15808.27,35774115.01,In Transit
PO00248,SUP0057,PROD0075,2025-08-03,293,18942.09,5550032.37,Pending
PO00249,SUP0087,PROD0128,2026-02-23,580,11566.62,6708639.6,Delivered
PO00250,SUP0092,PROD0109,2025-06-07,1554,7856.4,12208845.6,Cancelled
PO00251,SUP0075,PROD0103,2026-05-06,2198,15006.85,32985056.3,Pending
PO00252,SUP0070,PROD0010,2026-03-05,1482,11351.92,16823545.44,Pending
PO00253,SUP0014,PROD0197,2025-03-29,1026,18507.56,18988756.56,Delivered
PO00254,SUP0073,PROD0166,2025-02-15,1646,22375.77,36830517.42,Delivered
PO00255,SUP0014,PROD0003,2026-03-17,413,15135.47,6250949.11,Delivered
PO00256,SUP0072,PROD0149,2026-06-16,2366,14906.91,35269749.06,Delivered
PO00257,SUP0099,PROD0174,2026-04-20,2420,24742.26,59876269.2,Delivered
PO00258,SUP0062,PROD0027,2025-01-26,1220,15037.81,18346128.2,Cancelled
PO00259,SUP0094,PROD0037,2025-04-29,1436,9127.54,13107147.44,Delivered
PO00260,SUP0067,PROD0124,2025-07-31,1436,3663.4,5260642.4,Delivered
PO00261,SUP0041,PROD0018,2026-04-09,1239,18237.67,22596473.13,In Transit
PO00262,SUP0044,PROD0166,2025-01-24,457,20976.9,9586443.3,Delivered
PO00263,SUP0067,PROD0045,2025-09-07,2270,7554.11,17147829.7,Partially Received
PO00264,SUP0030,PROD0104,2026-04-19,765,5843.54,4470308.1,In Transit
PO00265,SUP0004,PROD0189,2026-02-10,818,6249.74,5112287.32,Delivered
PO00266,SUP0091,PROD0055,2025-01-05,852,1868.83,1592243.16,In Transit
PO00267,SUP0074,PROD0027,2025-03-06,2209,14194.26,31355120.34,Delivered
PO00268,SUP0015,PROD0068,2026-04-14,2014,22164.02,44638336.28,Partially Received
PO00269,SUP0079,PROD0101,2026-02-02,2414,2884.57,6963351.98,Delivered
PO00270,SUP0080,PROD0045,2026-04-14,1228,9051.48,11115217.44,Partially Received
PO00271,SUP0041,PROD0031,2025-05-18,987,1916.96,1892039.52,Delivered
PO00272,SUP0066,PROD0100,2025-05-25,1723,19177.81,33043366.63,Partially Received
PO00273,SUP0024,PROD0125,2026-03-10,2211,7287.39,16112419.29,In Transit
PO00274,SUP0072,PROD0043,2025-06-27,2015,3286.2,6621693.0,Delivered
PO00275,SUP0080,PROD0014,2026-04-07,1480,15808.71,23396890.8,Delivered
PO00276,SUP0050,PROD0144,2025-07-19,2080,20651.69,42955515.2,Delivered
PO00277,SUP0054,PROD0182,2026-05-19,1828,9974.51,18233404.28,Delivered
PO00278,SUP0098,PROD0057,2025-02-01,1206,17386.94,20968649.64,Delivered
PO00279,SUP0022,PROD0200,2025-10-23,1883,25257.91,47560644.53,In Transit
PO00280,SUP0071,PROD0131,2026-05-23,473,9791.58,4631417.34,Delivered
PO00281,SUP0047,PROD0139,2026-07-11,180,10145.75,1826235.0,Delivered
PO00282,SUP0055,PROD0027,2025-08-12,1023,14602.19,14938040.37,Cancelled
PO00283,SUP0034,PROD0090,2026-04-06,366,24389.63,8926604.58,Cancelled
PO00284,SUP0027,PROD0189,2025-08-31,2418,6613.46,15991346.28,Pending
PO00285,SUP0022,PROD0158,2026-03-15,580,21435.8,12432764.0,Pending
PO00286,SUP0073,PROD0090,2025-03-02,2190,23451.14,51357996.6,Partially Received
PO00287,SUP0091,PROD0075,2025-11-28,1195,17902.3,21393248.5,Cancelled
PO00288,SUP0087,PROD0025,2026-06-11,565,15522.19,8770037.35,In Transit
PO00289,SUP0036,PROD0168,2025-03-02,529,9639.62,5099358.98,Delivered
PO00290,SUP0092,PROD0083,2025-05-30,1023,15288.43,15640063.89,In Transit
PO00291,SUP0019,PROD0148,2026-05-17,1110,23527.94,26116013.4,Delivered
PO00292,SUP0082,PROD0197,2025-03-19,391,17417.25,6810144.75,In Transit
PO00293,SUP0059,PROD0125,2026-01-13,1350,7101.07,9586444.5,Pending
PO00294,SUP0094,PROD0118,2025-04-06,1477,26375.23,38956214.71,Pending
PO00295,SUP0028,PROD0110,2026-02-12,877,21427.5,18791917.5,Delivered
PO00296,SUP0044,PROD0141,2025-10-18,2377,22725.1,54017562.7,Pending
PO00297,SUP0088,PROD0196,2025-12-18,208,18885.02,3928084.16,Partially Received
PO00298,SUP0003,PROD0032,2026-04-16,657,8330.26,5472980.82,Delivered
PO00299,SUP0026,PROD0177,2026-03-15,550,20281.17,11154643.5,Delivered
PO00300,SUP0012,PROD0168,2025-10-08,1486,8644.26,12845370.36,Delivered
PO00301,SUP0007,PROD0102,2025-06-19,1261,13232.54,16686232.94,In Transit
PO00302,SUP0084,PROD0024,2026-03-16,399,3928.69,1567547.31,Delivered
PO00303,SUP0076,PROD0058,2025-05-16,2137,1876.08,4009182.96,Delivered
PO00304,SUP0016,PROD0109,2025-12-18,551,8704.35,4796096.85,Delivered
PO00305,SUP0094,PROD0027,2025-04-02,432,14659.81,6333037.92,Pending
PO00306,SUP0049,PROD0199,2025-05-21,555,7168.98,3978783.9,In Transit
PO00307,SUP0068,PROD0145,2025-03-12,44,11098.99,488355.56,Delivered
PO00308,SUP0093,PROD0055,2025-12-26,630,2172.74,1368826.2,Partially Received
PO00309,SUP0028,PROD0023,2026-03-30,421,20396.26,8586825.46,Delivered
PO00310,SUP0045,PROD0110,2026-01-29,1298,22953.5,29793643.0,Delivered
PO00311,SUP0032,PROD0142,2025-03-28,2471,19485.13,48147756.23,Partially Received
PO00312,SUP0085,PROD0078,2025-01-28,851,18564.78,15798627.78,Delivered
PO00313,SUP0038,PROD0166,2026-02-06,233,21491.99,5007633.67,Pending
PO00314,SUP0064,PROD0099,2025-09-03,471,1743.98,821414.58,Partially Received
PO00315,SUP0068,PROD0004,2025-03-14,1489,3261.99,4857103.11,Delivered
PO00316,SUP0054,PROD0094,2026-08-06,2247,10710.75,24067055.25,In Transit
PO00317,SUP0003,PROD0151,2025-03-16,286,3548.04,1014739.44,Delivered
PO00318,SUP0051,PROD0130,2025-03-03,1183,24046.47,28446974.01,Delivered
PO00319,SUP0055,PROD0180,2026-03-02,1657,10043.21,16641598.97,Partially Received
PO00320,SUP0036,PROD0022,2025-06-06,1279,11147.06,14257089.74,Pending
PO00321,SUP0069,PROD0084,2025-06-09,1610,8748.18,14084569.8,In Transit
PO00322,SUP0040,PROD0179,2025-03-09,1801,944.7,1701404.7,Pending
PO00323,SUP0032,PROD0023,2025-03-01,1789,20267.53,36258611.17,Partially Received
PO00324,SUP0040,PROD0171,2025-02-26,729,10748.8,7835875.2,In Transit
PO00325,SUP0021,PROD0128,2025-01-12,1430,11269.84,16115871.2,In Transit
PO00326,SUP0022,PROD0096,2025-09-23,529,1964.93,1039447.97,Pending
PO00327,SUP0099,PROD0008,2025-05-01,1382,24153.72,33380441.04,Delivered
PO00328,SUP0034,PROD0183,2025-03-07,2371,2436.87,5777818.77,Delivered
PO00329,SUP0047,PROD0015,2026-06-08,2056,7853.44,16146672.64,Delivered
PO00330,SUP0033,PROD0198,2025-06-11,431,8874.15,3824758.65,In Transit
PO00331,SUP0030,PROD0190,2025-04-29,2094,2962.87,6204249.78,Pending
PO00332,SUP0032,PROD0012,2025-01-13,1942,7940.51,15420470.42,Pending
PO00333,SUP0005,PROD0142,2025-07-03,1727,17770.32,30689342.64,Delivered
PO00334,SUP0035,PROD0020,2025-11-24,2351,5992.78,14089025.78,Delivered
PO00335,SUP0023,PROD0058,2025-02-23,2122,2006.19,4257135.18,Cancelled
PO00336,SUP0060,PROD0073,2025-03-12,1282,8891.52,11398928.64,Partially Received
PO00337,SUP0048,PROD0052,2025-01-09,1204,15445.57,18596466.28,Delivered
PO00338,SUP0060,PROD0095,2025-09-06,2433,994.56,2419764.48,Cancelled
PO00339,SUP0094,PROD0140,2025-07-20,1014,892.88,905380.32,Pending
PO00340,SUP0030,PROD0139,2025-01-25,1428,9861.4,14082079.2,In Transit
PO00341,SUP0043,PROD0001,2025-01-10,1551,6107.27,9472375.77,In Transit
PO00342,SUP0027,PROD0136,2025-04-17,985,10098.52,9947042.2,Cancelled
PO00343,SUP0092,PROD0072,2025-05-26,391,4988.94,1950675.54,Delivered
PO00344,SUP0053,PROD0180,2026-06-17,1535,11050.54,16962578.9,In Transit
PO00345,SUP0013,PROD0130,2026-08-18,556,24094.87,13396747.72,Delivered
PO00346,SUP0073,PROD0016,2026-08-30,1791,11521.64,20635257.24,Delivered
PO00347,SUP0034,PROD0081,2025-10-26,1619,1272.75,2060582.25,In Transit
PO00348,SUP0058,PROD0070,2025-11-22,966,11004.39,10630240.74,Delivered
PO00349,SUP0014,PROD0040,2026-08-22,442,8983.32,3970627.44,Delivered
PO00350,SUP0016,PROD0138,2026-02-21,1477,19276.07,28470755.39,Delivered
PO00351,SUP0060,PROD0068,2025-11-12,501,19853.27,9946488.27,Pending
PO00352,SUP0091,PROD0179,2025-11-08,2481,796.52,1976166.12,Pending
PO00353,SUP0019,PROD0024,2025-12-02,1026,4964.82,5093905.32,Delivered
PO00354,SUP0087,PROD0077,2025-02-20,1075,20020.91,21522478.25,Delivered
PO00355,SUP0058,PROD0143,2026-02-19,2263,16331.42,36958003.46,Delivered
PO00356,SUP0016,PROD0004,2025-05-24,262,3188.57,835405.34,Cancelled
PO00357,SUP0026,PROD0103,2025-05-14,1534,15652.94,24011609.96,Pending
PO00358,SUP0075,PROD0151,2025-03-28,1070,4419.16,4728501.2,Delivered
PO00359,SUP0026,PROD0166,2025-03-08,1826,21615.12,39469209.12,Delivered
PO00360,SUP0016,PROD0011,2025-12-06,1898,16073.28,30507085.44,Pending
PO00361,SUP0093,PROD0102,2026-03-20,2042,11134.37,22736383.54,In Transit
PO00362,SUP0046,PROD0055,2025-06-26,776,1867.23,1448970.48,Delivered
PO00363,SUP0005,PROD0158,2025-06-02,1016,20773.34,21105713.44,Delivered
PO00364,SUP0062,PROD0016,2026-07-18,369,10503.2,3875680.8,Delivered
PO00365,SUP0083,PROD0135,2025-07-24,1030,2645.31,2724669.3,Pending
PO00366,SUP0049,PROD0183,2025-01-20,1480,2352.97,3482395.6,In Transit
PO00367,SUP0073,PROD0129,2025-12-19,1327,13463.19,17865653.13,Delivered
PO00368,SUP0077,PROD0057,2025-11-23,130,21443.36,2787636.8,In Transit
PO00369,SUP0061,PROD0136,2025-03-01,1474,10956.09,16149276.66,Cancelled
PO00370,SUP0013,PROD0064,2025-06-13,997,20110.91,20050577.27,Pending
PO00371,SUP0098,PROD0057,2025-02-27,2368,21211.84,50229637.12,Pending
PO00372,SUP0023,PROD0046,2025-12-30,978,6507.98,6364804.44,Pending
PO00373,SUP0076,PROD0008,2026-01-03,1450,24912.01,36122414.5,Partially Received
PO00374,SUP0025,PROD0127,2026-07-31,2230,19989.82,44577298.6,Delivered
PO00375,SUP0008,PROD0060,2025-04-03,2474,14844.49,36725268.26,Partially Received
PO00376,SUP0043,PROD0158,2025-01-01,835,21539.8,17985733.0,Delivered
PO00377,SUP0042,PROD0016,2025-07-01,99,10151.72,1005020.28,In Transit
PO00378,SUP0100,PROD0029,2025-05-26,2165,7105.07,15382476.55,Cancelled
PO00379,SUP0091,PROD0170,2026-01-18,1630,14949.62,24367880.6,Delivered
PO00380,SUP0018,PROD0041,2025-11-27,1799,24605.6,44265474.4,Cancelled
PO00381,SUP0023,PROD0182,2025-11-21,2311,10466.26,24187526.86,Pending
PO00382,SUP0029,PROD0171,2026-01-01,2422,12721.94,30812538.68,Delivered
PO00383,SUP0017,PROD0046,2025-10-29,17,7052.35,119889.95,Pending
PO00384,SUP0099,PROD0146,2026-02-05,142,15767.99,2239054.58,Delivered
PO00385,SUP0082,PROD0145,2025-08-15,436,11945.94,5208429.84,Delivered
PO00386,SUP0031,PROD0089,2025-03-21,1318,8797.1,11594577.8,Pending
PO00387,SUP0091,PROD0172,2025-04-01,1385,5524.79,7651834.15,Delivered
PO00388,SUP0089,PROD0018,2025-09-13,1445,19279.32,27858617.4,Delivered
PO00389,SUP0007,PROD0099,2025-01-02,1804,1963.33,3541847.32,Cancelled
PO00390,SUP0064,PROD0097,2026-02-28,1448,16739.56,24238882.88,Delivered
PO00391,SUP0074,PROD0167,2026-05-06,933,17345.42,16183276.86,Delivered
PO00392,SUP0038,PROD0006,2025-02-04,1315,14089.68,18527929.2,Delivered
PO00393,SUP0022,PROD0097,2025-12-17,669,17478.5,11693116.5,Partially Received
PO00394,SUP0044,PROD0153,2025-04-06,1987,22182.79,44077203.73,Delivered
PO00395,SUP0078,PROD0112,2025-06-18,653,2030.75,1326079.75,Delivered
PO00396,SUP0053,PROD0179,2025-07-14,2279,943.0,2149097.0,In Transit
PO00397,SUP0085,PROD0073,2025-09-29,1228,8691.71,10673419.88,Delivered
PO00398,SUP0071,PROD0126,2026-08-09,639,6017.53,3845201.67,Delivered
PO00399,SUP0038,PROD0170,2025-03-31,2468,14578.09,35978726.12,Delivered
PO00400,SUP0022,PROD0164,2025-07-31,1205,14025.6,16900848.0,Delivered
PO00401,SUP0040,PROD0102,2025-04-29,1938,12518.92,24261666.96,In Transit
PO00402,SUP0083,PROD0140,2025-04-04,1597,900.9,1438737.3,Pending
PO00403,SUP0024,PROD0115,2026-01-14,192,8578.83,1647135.36,Delivered
PO00404,SUP0035,PROD0145,2025-08-20,262,9907.38,2595733.56,In Transit
PO00405,SUP0011,PROD0172,2025-04-10,1418,6010.4,8522747.2,Delivered
PO00406,SUP0030,PROD0142,2026-08-27,259,20584.77,5331455.43,Pending
PO00407,SUP0069,PROD0176,2026-03-05,1954,11583.48,22634119.92,Delivered
PO00408,SUP0011,PROD0102,2025-11-03,152,12558.1,1908831.2,Pending
PO00409,SUP0087,PROD0159,2026-08-09,613,5749.15,3524228.95,In Transit
PO00410,SUP0022,PROD0055,2025-06-27,799,1796.75,1435603.25,Delivered
PO00411,SUP0026,PROD0161,2026-03-22,615,9907.83,6093315.45,Delivered
PO00412,SUP0012,PROD0100,2025-03-10,2288,18282.27,41829833.76,Delivered
PO00413,SUP0067,PROD0118,2025-10-10,60,26004.1,1560246.0,Partially Received
PO00414,SUP0054,PROD0029,2026-06-20,1707,5989.21,10223581.47,Partially Received
PO00415,SUP0098,PROD0026,2026-08-20,442,20352.95,8996003.9,Delivered
PO00416,SUP0069,PROD0089,2025-10-20,1693,9017.91,15267321.63,In Transit
PO00417,SUP0078,PROD0122,2026-08-09,163,11757.15,1916415.45,Delivered
PO00418,SUP0005,PROD0102,2026-02-16,1367,13125.68,17942804.56,Delivered
PO00419,SUP0035,PROD0096,2026-05-02,92,1781.66,163912.72,Pending
PO00420,SUP0036,PROD0126,2025-11-15,412,7502.02,3090832.24,Delivered
PO00421,SUP0096,PROD0114,2025-11-04,1324,10950.93,14499031.32,Delivered
PO00422,SUP0025,PROD0114,2025-04-02,875,12742.7,11149862.5,Delivered
PO00423,SUP0098,PROD0133,2026-05-12,1541,13380.76,20619751.16,Delivered
PO00424,SUP0009,PROD0080,2025-06-12,2085,4446.14,9270201.9,In Transit
PO00425,SUP0073,PROD0008,2026-06-21,721,20836.9,15023404.9,Pending
PO00426,SUP0032,PROD0009,2025-03-01,1879,15829.08,29742841.32,Delivered
PO00427,SUP0036,PROD0095,2025-07-23,1911,894.49,1709370.39,Partially Received
PO00428,SUP0088,PROD0008,2025-05-07,1000,21807.11,21807110.0,Partially Received
PO00429,SUP0061,PROD0151,2025-07-01,2268,3871.92,8781514.56,Delivered
PO00430,SUP0096,PROD0177,2025-09-22,380,17619.06,6695242.8,Delivered
PO00431,SUP0074,PROD0200,2025-06-16,887,26997.31,23946613.97,In Transit
PO00432,SUP0035,PROD0167,2025-07-31,1687,18933.62,31941016.94,Pending
PO00433,SUP0061,PROD0034,2025-01-10,719,1721.37,1237665.03,Delivered
PO00434,SUP0078,PROD0079,2025-09-16,1137,20448.21,23249614.77,Delivered
PO00435,SUP0059,PROD0065,2025-12-24,903,6107.87,5515406.61,In Transit
PO00436,SUP0075,PROD0027,2026-02-11,40,15389.71,615588.4,In Transit
PO00437,SUP0072,PROD0166,2026-01-19,2442,20648.09,50422635.78,Delivered
PO00438,SUP0062,PROD0017,2025-04-21,1387,18432.3,25565600.1,In Transit
PO00439,SUP0034,PROD0168,2025-10-11,1233,8507.37,10489587.21,Delivered
PO00440,SUP0008,PROD0154,2025-09-04,1665,2843.28,4734061.2,In Transit
PO00441,SUP0084,PROD0128,2025-01-27,1220,10560.84,12884224.8,Delivered
PO00442,SUP0095,PROD0010,2026-02-02,2398,11368.64,27261998.72,Partially Received
PO00443,SUP0044,PROD0186,2025-07-14,920,5705.73,5249271.6,Partially Received
PO00444,SUP0086,PROD0092,2026-05-03,2087,6354.89,13262655.43,Delivered
PO00445,SUP0024,PROD0076,2026-07-26,409,5784.16,2365721.44,In Transit
PO00446,SUP0098,PROD0047,2026-07-27,1384,19440.48,26905624.32,Delivered
PO00447,SUP0096,PROD0079,2025-08-17,1732,22269.26,38570358.32,Delivered
PO00448,SUP0075,PROD0076,2025-09-24,1909,6316.01,12057263.09,Delivered
PO00449,SUP0075,PROD0159,2026-08-21,301,6283.45,1891318.45,Delivered
PO00450,SUP0088,PROD0098,2025-05-03,2180,12989.88,28317938.4,Delivered
PO00451,SUP0018,PROD0052,2025-06-04,1413,14881.07,21026951.91,Partially Received
PO00452,SUP0019,PROD0081,2026-04-14,748,1295.54,969063.92,Delivered
PO00453,SUP0041,PROD0163,2025-07-01,247,2972.43,734190.21,Delivered
PO00454,SUP0074,PROD0196,2025-06-22,658,21141.66,13911212.28,In Transit
PO00455,SUP0017,PROD0158,2025-04-01,1786,20706.94,36982594.84,Delivered
PO00456,SUP0050,PROD0002,2026-05-04,164,7079.73,1161075.72,In Transit
PO00457,SUP0042,PROD0194,2025-01-15,2185,11697.32,25558644.2,In Transit
PO00458,SUP0029,PROD0178,2025-09-12,1420,19915.09,28279427.8,Delivered
PO00459,SUP0076,PROD0079,2026-05-31,694,18655.98,12947250.12,Delivered
PO00460,SUP0059,PROD0187,2025-10-25,2141,20189.4,43225505.4,Delivered
PO00461,SUP0044,PROD0126,2025-05-18,1481,7142.4,10577894.4,Delivered
PO00462,SUP0003,PROD0059,2026-02-18,928,21694.11,20132134.08,Delivered
PO00463,SUP0076,PROD0130,2025-01-23,702,21216.99,14894326.98,In Transit
PO00464,SUP0049,PROD0164,2025-02-08,1057,13403.99,14168017.43,Partially Received
PO00465,SUP0085,PROD0028,2025-02-19,90,9978.67,898080.3,Delivered
PO00466,SUP0049,PROD0032,2026-03-31,2251,7947.91,17890745.41,In Transit
PO00467,SUP0089,PROD0176,2025-07-30,48,10841.38,520386.24,In Transit
PO00468,SUP0035,PROD0160,2026-06-17,2490,8153.34,20301816.6,Delivered
PO00469,SUP0066,PROD0185,2025-04-18,492,4922.87,2422052.04,In Transit
PO00470,SUP0026,PROD0156,2026-05-25,828,7381.69,6112039.32,Pending
PO00471,SUP0046,PROD0181,2025-07-26,1688,23320.17,39364446.96,Delivered
PO00472,SUP0027,PROD0177,2026-05-24,1978,17822.08,35252074.24,Delivered
PO00473,SUP0015,PROD0147,2025-04-02,2033,1875.45,3812789.85,Delivered
PO00474,SUP0010,PROD0186,2026-06-08,424,5992.08,2540641.92,In Transit
PO00475,SUP0038,PROD0068,2026-04-13,1911,19640.1,37532231.1,Pending
PO00476,SUP0038,PROD0093,2025-02-10,1290,4333.08,5589673.2,Delivered
PO00477,SUP0002,PROD0036,2025-02-16,708,9383.36,6643418.88,Pending
PO00478,SUP0094,PROD0024,2025-10-02,1536,4800.47,7373521.92,Delivered
PO00479,SUP0052,PROD0117,2026-02-15,1123,11883.95,13345675.85,In Transit
PO00480,SUP0054,PROD0167,2026-05-05,693,17120.75,11864679.75,In Transit
PO00481,SUP0021,PROD0027,2025-03-02,1714,16861.99,28901450.86,Delivered
PO00482,SUP0087,PROD0113,2026-08-06,752,24905.09,18728627.68,In Transit
PO00483,SUP0088,PROD0187,2025-01-30,545,19652.87,10710814.15,Delivered
PO00484,SUP0057,PROD0012,2026-02-26,269,7738.85,2081750.65,Delivered
PO00485,SUP0099,PROD0191,2026-06-22,2371,8585.99,20357382.29,Delivered
PO00486,SUP0067,PROD0134,2025-12-13,400,23747.61,9499044.0,In Transit
PO00487,SUP0045,PROD0170,2026-05-09,1586,13412.14,21271654.04,Pending
PO00488,SUP0002,PROD0165,2025-02-25,652,22888.64,14923393.28,Delivered
PO00489,SUP0022,PROD0020,2026-05-23,2023,5915.38,11966813.74,Delivered
PO00490,SUP0007,PROD0130,2025-10-12,922,23609.37,21767839.14,Delivered
PO00491,SUP0011,PROD0118,2025-08-29,1829,26090.0,47718610.0,Delivered
PO00492,SUP0058,PROD0081,2026-05-26,496,1354.33,671747.68,In Transit
PO00493,SUP0014,PROD0104,2025-01-19,1698,5615.21,9534626.58,Partially Received
PO00494,SUP0078,PROD0159,2025-04-04,1257,6917.87,8695762.59,Partially Received
PO00495,SUP0044,PROD0094,2026-04-13,232,11039.85,2561245.2,Pending
PO00496,SUP0072,PROD0197,2025-12-06,2467,17718.05,43710429.35,In Transit
PO00497,SUP0015,PROD0025,2026-04-09,918,12301.45,11292731.1,Delivered
PO00498,SUP0071,PROD0134,2025-10-26,1541,25307.31,38998564.71,Delivered
PO00499,SUP0064,PROD0036,2025-06-18,1686,8862.68,14942478.48,Partially Received
PO00500,SUP0016,PROD0101,2025-07-12,893,3146.12,2809485.16,In Transit
PO00501,SUP0014,PROD0194,2025-12-13,1707,11260.4,19221502.8,Partially Received
PO00502,SUP0016,PROD0198,2026-08-26,1855,8024.12,14884742.6,Partially Received
PO00503,SUP0018,PROD0128,2026-06-01,27,11289.64,304820.28,Delivered
PO00504,SUP0075,PROD0124,2026-03-20,2092,3933.03,8227898.76,Pending
PO00505,SUP0023,PROD0188,2026-08-16,535,19428.53,10394263.55,In Transit
PO00506,SUP0065,PROD0099,2025-11-26,1724,2073.53,3574765.72,Pending
PO00507,SUP0036,PROD0102,2025-09-12,1414,13969.09,19752293.26,Delivered
PO00508,SUP0018,PROD0106,2025-05-17,2477,1134.54,2810255.58,In Transit
PO00509,SUP0090,PROD0141,2025-11-03,1295,26203.83,33933959.85,Pending
PO00510,SUP0026,PROD0054,2025-08-11,1200,17719.05,21262860.0,Pending
PO00511,SUP0091,PROD0167,2025-05-16,738,18891.1,13941631.8,In Transit
PO00512,SUP0091,PROD0030,2025-11-27,1452,12337.86,17914572.72,Partially Received
PO00513,SUP0087,PROD0192,2026-03-04,2196,3072.42,6747034.32,Pending
PO00514,SUP0067,PROD0028,2025-01-14,113,10872.17,1228555.21,Delivered
PO00515,SUP0026,PROD0069,2025-02-27,669,26456.72,17699545.68,In Transit
PO00516,SUP0008,PROD0177,2025-05-30,1218,17257.61,21019768.98,Partially Received
PO00517,SUP0058,PROD0027,2026-01-03,2311,16691.14,38573224.54,In Transit
PO00518,SUP0050,PROD0061,2026-07-29,2102,4774.29,10035557.58,Pending
PO00519,SUP0089,PROD0171,2025-10-22,202,13039.99,2634077.98,Delivered
PO00520,SUP0071,PROD0014,2025-11-17,63,15096.16,951058.08,Delivered
PO00521,SUP0029,PROD0163,2026-03-30,1516,3579.96,5427219.36,Partially Received
PO00522,SUP0100,PROD0186,2025-07-21,802,5191.73,4163767.46,Delivered
PO00523,SUP0024,PROD0045,2025-03-18,2114,7473.6,15799190.4,Delivered
PO00524,SUP0072,PROD0068,2025-10-13,542,20225.84,10962405.28,Pending
PO00525,SUP0043,PROD0120,2025-01-06,644,5052.44,3253771.36,Pending
PO00526,SUP0100,PROD0161,2025-02-22,1243,9151.54,11375364.22,Partially Received
PO00527,SUP0010,PROD0182,2026-01-02,1311,10062.6,13192068.6,Cancelled
PO00528,SUP0009,PROD0130,2026-06-18,662,22856.03,15130691.86,Partially Received
PO00529,SUP0045,PROD0057,2025-04-05,883,20350.94,17969880.02,Delivered
PO00530,SUP0028,PROD0193,2025-10-28,2182,11875.95,25913322.9,Partially Received
PO00531,SUP0015,PROD0172,2025-01-10,1427,5523.49,7882020.23,Pending
PO00532,SUP0006,PROD0175,2025-09-07,1324,2430.79,3218365.96,Pending
PO00533,SUP0050,PROD0066,2025-04-27,2222,837.95,1861924.9,Delivered
PO00534,SUP0099,PROD0096,2026-06-14,2116,1988.53,4207729.48,Delivered
PO00535,SUP0038,PROD0167,2025-02-14,798,18059.54,14411512.92,Delivered
PO00536,SUP0022,PROD0198,2025-04-09,2213,8171.64,18083839.32,Partially Received
PO00537,SUP0086,PROD0162,2025-08-04,883,8941.98,7895768.34,Delivered
PO00538,SUP0027,PROD0138,2025-04-17,1792,17952.21,32170360.32,Pending
PO00539,SUP0004,PROD0118,2025-06-07,1368,21632.35,29593054.8,Delivered
PO00540,SUP0033,PROD0143,2025-07-02,298,17687.09,5270752.82,Delivered
PO00541,SUP0053,PROD0100,2025-09-22,1857,19329.82,35895475.74,Delivered
PO00542,SUP0050,PROD0173,2025-01-18,494,16394.98,8099120.12,In Transit
PO00543,SUP0097,PROD0191,2025-03-06,2408,7259.59,17481092.72,Pending
PO00544,SUP0065,PROD0028,2026-01-02,1197,11962.8,14319471.6,Delivered
PO00545,SUP0037,PROD0196,2025-03-30,1802,20591.46,37105810.92,Pending
PO00546,SUP0061,PROD0041,2025-02-01,2195,21448.98,47080511.1,In Transit
PO00547,SUP0038,PROD0163,2026-07-13,600,3209.92,1925952.0,Pending
PO00548,SUP0002,PROD0142,2026-01-18,2283,17390.63,39702808.29,Delivered
PO00549,SUP0077,PROD0101,2026-08-10,2210,3215.15,7105481.5,Delivered
PO00550,SUP0096,PROD0190,2025-08-04,1418,3131.77,4440849.86,Pending
PO00551,SUP0019,PROD0042,2026-06-09,763,13836.2,10557020.6,Pending
PO00552,SUP0015,PROD0047,2025-07-18,2333,20330.44,47430916.52,Pending
PO00553,SUP0060,PROD0166,2026-07-17,2261,18060.12,40833931.32,In Transit
PO00554,SUP0013,PROD0051,2025-09-14,2388,17456.84,41686933.92,Delivered
PO00555,SUP0086,PROD0168,2025-05-12,970,8312.48,8063105.6,Partially Received
PO00556,SUP0041,PROD0125,2025-07-18,1855,6677.19,12386187.45,In Transit
PO00557,SUP0020,PROD0145,2026-08-22,2331,10461.06,24384730.86,Delivered
PO00558,SUP0022,PROD0002,2026-03-15,1292,6594.98,8520714.16,Delivered
PO00559,SUP0036,PROD0093,2026-03-23,560,4601.56,2576873.6,Delivered
PO00560,SUP0060,PROD0115,2026-05-07,1479,9695.34,14339407.86,Delivered
PO00561,SUP0023,PROD0166,2025-04-22,2494,18102.76,45148283.44,Delivered
PO00562,SUP0069,PROD0051,2025-05-24,1088,18492.16,20119470.08,Partially Received
PO00563,SUP0003,PROD0130,2025-03-19,137,25076.98,3435546.26,Partially Received
PO00564,SUP0028,PROD0010,2026-08-28,2269,10205.84,23157050.96,Pending
PO00565,SUP0061,PROD0168,2026-07-07,618,8899.0,5499582.0,Delivered
PO00566,SUP0094,PROD0075,2026-08-27,558,17446.09,9734918.22,Delivered
PO00567,SUP0047,PROD0129,2026-02-11,53,14373.89,761816.17,Pending
PO00568,SUP0097,PROD0132,2025-06-19,584,18397.49,10744134.16,Delivered
PO00569,SUP0085,PROD0038,2026-08-03,1990,20844.12,41479798.8,Delivered
PO00570,SUP0030,PROD0017,2026-05-15,1092,15981.57,17451874.44,Delivered
PO00571,SUP0067,PROD0093,2025-07-31,1599,4379.32,7002532.68,Delivered
PO00572,SUP0006,PROD0167,2025-02-17,1337,17076.22,22830906.14,Cancelled
PO00573,SUP0095,PROD0068,2025-10-08,2380,22251.93,52959593.4,Delivered
PO00574,SUP0047,PROD0151,2026-01-23,328,4032.81,1322761.68,Delivered
PO00575,SUP0067,PROD0104,2025-08-17,1455,6800.29,9894421.95,Delivered
PO00576,SUP0078,PROD0002,2026-05-09,2065,7666.7,15831735.5,Delivered
PO00577,SUP0010,PROD0132,2025-08-24,1160,17347.63,20123250.8,Delivered
PO00578,SUP0078,PROD0184,2026-01-06,494,20448.14,10101381.16,Delivered
PO00579,SUP0093,PROD0030,2025-12-05,1982,12667.39,25106766.98,Delivered
PO00580,SUP0021,PROD0166,2026-08-28,1693,17815.29,30161285.97,Delivered
PO00581,SUP0076,PROD0042,2026-08-11,561,15291.03,8578267.83,Delivered
PO00582,SUP0019,PROD0015,2026-08-10,691,6810.43,4706007.13,Delivered
PO00583,SUP0077,PROD0145,2026-02-20,86,11794.96,1014366.56,In Transit
PO00584,SUP0011,PROD0056,2025-10-18,1849,21813.09,40332403.41,Delivered
PO00585,SUP0022,PROD0057,2026-05-09,1692,20057.21,33936799.32,Pending
PO00586,SUP0080,PROD0169,2025-07-06,2102,12691.17,26676839.34,In Transit
PO00587,SUP0059,PROD0153,2025-12-17,2429,18956.94,46046407.26,Delivered
PO00588,SUP0014,PROD0005,2025-05-16,838,24197.54,20277538.52,Pending
PO00589,SUP0020,PROD0156,2026-03-06,404,6384.31,2579261.24,Pending
PO00590,SUP0069,PROD0129,2025-02-09,491,12483.13,6129216.83,In Transit
PO00591,SUP0001,PROD0199,2026-07-07,1777,6970.08,12385832.16,Delivered
PO00592,SUP0090,PROD0136,2025-02-14,1767,9628.18,17012994.06,Pending
PO00593,SUP0045,PROD0151,2026-01-26,2369,3628.94,8596958.86,Delivered
PO00594,SUP0099,PROD0060,2026-05-04,353,15090.75,5327034.75,Pending
PO00595,SUP0033,PROD0049,2026-02-23,32,5301.46,169646.72,In Transit
PO00596,SUP0067,PROD0031,2026-08-15,2138,1773.06,3790802.28,In Transit
PO00597,SUP0053,PROD0093,2025-11-20,446,4045.93,1804484.78,In Transit
PO00598,SUP0034,PROD0138,2025-09-17,1744,17611.37,30714229.28,Partially Received
PO00599,SUP0097,PROD0053,2026-02-11,1702,2808.51,4780084.02,Partially Received
PO00600,SUP0048,PROD0144,2025-07-03,2282,19842.26,45280037.32,Cancelled
PO00601,SUP0045,PROD0199,2026-08-15,1640,7325.75,12014230.0,Pending
PO00602,SUP0096,PROD0059,2025-05-02,1839,21970.31,40403400.09,Pending
PO00603,SUP0028,PROD0131,2025-04-13,1650,10284.38,16969227.0,Pending
PO00604,SUP0021,PROD0100,2025-02-23,31,20113.26,623511.06,Pending
PO00605,SUP0077,PROD0112,2026-04-28,371,2036.5,755541.5,Delivered
PO00606,SUP0078,PROD0010,2025-03-23,1584,11947.15,18924285.6,Delivered
PO00607,SUP0037,PROD0183,2026-06-18,2457,2113.37,5192550.09,In Transit
PO00608,SUP0082,PROD0127,2025-06-29,1808,18489.76,33429486.08,Pending
PO00609,SUP0037,PROD0050,2026-06-15,147,3445.24,506450.28,Delivered
PO00610,SUP0079,PROD0044,2025-08-26,157,6342.17,995720.69,In Transit
PO00611,SUP0012,PROD0071,2025-06-11,1646,10852.01,17862408.46,Delivered
PO00612,SUP0026,PROD0133,2026-08-24,72,13130.02,945361.44,Delivered
PO00613,SUP0071,PROD0073,2025-04-03,2300,10199.9,23459770.0,Delivered
PO00614,SUP0029,PROD0156,2025-10-11,806,6844.91,5516997.46,Delivered
PO00615,SUP0034,PROD0045,2025-01-05,1677,8237.31,13813968.87,Partially Received
PO00616,SUP0038,PROD0088,2026-05-31,489,3252.24,1590345.36,Cancelled
PO00617,SUP0074,PROD0065,2026-07-05,1823,6845.77,12479838.71,Partially Received
PO00618,SUP0097,PROD0087,2025-09-07,1889,21178.11,40005449.79,Pending
PO00619,SUP0062,PROD0030,2025-01-29,1066,10894.51,11613547.66,Partially Received
PO00620,SUP0087,PROD0180,2025-08-14,951,11965.9,11379570.9,Delivered
PO00621,SUP0067,PROD0138,2025-12-28,49,18178.03,890723.47,Delivered
PO00622,SUP0012,PROD0103,2025-10-22,1410,13458.5,18976485.0,Pending
PO00623,SUP0041,PROD0091,2026-05-03,905,26277.73,23781345.65,Delivered
PO00624,SUP0064,PROD0189,2025-07-14,827,5923.74,4898932.98,Delivered
PO00625,SUP0027,PROD0059,2025-09-29,840,22226.22,18670024.8,Pending
PO00626,SUP0020,PROD0200,2025-12-31,446,22597.6,10078529.6,Delivered
PO00627,SUP0079,PROD0002,2026-05-20,2227,7794.72,17358841.44,Pending
PO00628,SUP0080,PROD0081,2026-01-16,2026,1330.27,2695127.02,Pending
PO00629,SUP0036,PROD0126,2026-08-12,759,7521.26,5708636.34,Pending
PO00630,SUP0051,PROD0057,2025-10-14,2372,17836.03,42307063.16,Partially Received
PO00631,SUP0062,PROD0139,2026-03-10,143,9555.5,1366436.5,Delivered
PO00632,SUP0059,PROD0031,2025-06-28,2132,1991.62,4246133.84,In Transit
PO00633,SUP0087,PROD0054,2025-01-13,1564,17289.22,27040340.08,Delivered
PO00634,SUP0024,PROD0141,2025-09-23,1086,23362.73,25371924.78,Delivered
PO00635,SUP0047,PROD0048,2025-12-18,2052,15984.39,32799968.28,Delivered
PO00636,SUP0047,PROD0103,2026-01-17,1155,14805.89,17100802.95,Partially Received
PO00637,SUP0088,PROD0059,2026-08-13,419,21662.74,9076688.06,Pending
PO00638,SUP0056,PROD0098,2026-07-23,813,12490.23,10154556.99,Cancelled
PO00639,SUP0061,PROD0003,2025-06-03,733,15763.12,11554366.96,Delivered
PO00640,SUP0069,PROD0185,2026-06-14,1303,5549.39,7230855.17,Delivered
PO00641,SUP0073,PROD0013,2026-07-30,1641,9541.4,15657437.4,Delivered
PO00642,SUP0033,PROD0122,2025-08-09,404,12607.51,5093434.04,Delivered
PO00643,SUP0047,PROD0144,2026-01-05,2293,21984.45,50410343.85,Delivered
PO00644,SUP0053,PROD0032,2025-01-21,1448,9194.28,13313317.44,Cancelled
PO00645,SUP0074,PROD0148,2025-07-23,2215,21044.61,46613811.15,In Transit
PO00646,SUP0042,PROD0173,2025-12-30,2100,16210.25,34041525.0,In Transit
PO00647,SUP0049,PROD0158,2025-03-22,1183,19889.59,23529384.97,Cancelled
PO00648,SUP0082,PROD0087,2025-06-21,1737,20933.02,36360655.74,Partially Received
PO00649,SUP0011,PROD0042,2025-03-15,1417,13862.65,19643375.05,Delivered
PO00650,SUP0091,PROD0069,2025-10-26,2489,24528.66,61051834.74,Delivered
PO00651,SUP0100,PROD0093,2026-04-01,2414,4433.6,10702710.4,Delivered
PO00652,SUP0024,PROD0006,2025-06-21,522,15763.62,8228609.64,In Transit
PO00653,SUP0027,PROD0043,2025-03-23,1636,3131.81,5123641.16,Delivered
PO00654,SUP0071,PROD0014,2026-04-30,117,15189.48,1777169.16,Partially Received
PO00655,SUP0014,PROD0068,2025-03-27,646,19820.98,12804353.08,Pending
PO00656,SUP0040,PROD0059,2026-02-04,1023,21745.58,22245728.34,Delivered
PO00657,SUP0017,PROD0135,2025-05-10,708,2274.63,1610438.04,In Transit
PO00658,SUP0061,PROD0120,2025-11-30,2224,6272.29,13949572.96,Partially Received
PO00659,SUP0090,PROD0139,2025-05-19,735,9758.01,7172137.35,Delivered
PO00660,SUP0056,PROD0135,2026-08-01,2196,2447.66,5375061.36,Delivered
PO00661,SUP0030,PROD0023,2026-07-07,1819,21295.63,38736750.97,Delivered
PO00662,SUP0039,PROD0003,2025-06-09,10,16155.62,161556.2,In Transit
PO00663,SUP0045,PROD0074,2025-05-20,1931,25125.95,48518209.45,In Transit
PO00664,SUP0097,PROD0123,2026-05-19,1237,21620.49,26744546.13,Delivered
PO00665,SUP0077,PROD0060,2025-10-27,39,16102.98,628016.22,Delivered
PO00666,SUP0056,PROD0102,2026-07-29,1033,11537.39,11918123.87,In Transit
PO00667,SUP0049,PROD0057,2026-02-04,1087,17605.56,19137243.72,Partially Received
PO00668,SUP0098,PROD0157,2026-06-14,1123,17685.92,19861288.16,In Transit
PO00669,SUP0053,PROD0049,2025-10-03,290,4663.29,1352354.1,Delivered
PO00670,SUP0080,PROD0116,2026-04-12,1124,5400.58,6070251.92,Delivered
PO00671,SUP0003,PROD0039,2025-11-25,213,6173.43,1314940.59,Delivered
PO00672,SUP0037,PROD0069,2025-04-15,522,24930.05,13013486.1,In Transit
PO00673,SUP0012,PROD0039,2025-08-27,70,5539.44,387760.8,Delivered
PO00674,SUP0064,PROD0096,2025-11-16,1909,1941.42,3706170.78,Delivered
PO00675,SUP0097,PROD0038,2025-03-24,239,17799.89,4254173.71,Delivered
PO00676,SUP0061,PROD0047,2026-07-11,797,20525.92,16359158.24,Delivered
PO00677,SUP0002,PROD0032,2026-01-26,1029,8215.71,8453965.59,Cancelled
PO00678,SUP0095,PROD0009,2025-09-11,825,17576.15,14500323.75,In Transit
PO00679,SUP0086,PROD0054,2026-06-18,1946,16508.19,32124937.74,Cancelled
PO00680,SUP0021,PROD0162,2025-11-27,182,8704.74,1584262.68,Partially Received
PO00681,SUP0033,PROD0124,2025-05-06,1233,3418.07,4214480.31,Pending
PO00682,SUP0015,PROD0061,2025-08-12,1788,4281.1,7654606.8,Delivered
PO00683,SUP0075,PROD0031,2025-10-10,1631,2150.43,3507351.33,Delivered
PO00684,SUP0075,PROD0177,2025-02-13,1956,19417.36,37980356.16,Delivered
PO00685,SUP0032,PROD0041,2025-04-02,2057,20740.01,42662200.57,Partially Received
PO00686,SUP0008,PROD0092,2025-03-03,640,6997.51,4478406.4,Pending
PO00687,SUP0063,PROD0060,2025-05-09,1307,17759.03,23211052.21,In Transit
PO00688,SUP0057,PROD0188,2025-12-22,800,19004.94,15203952.0,Delivered
PO00689,SUP0033,PROD0011,2025-05-18,1997,18909.71,37762690.87,Partially Received
PO00690,SUP0090,PROD0126,2026-07-10,787,6845.8,5387644.6,Partially Received
PO00691,SUP0094,PROD0120,2025-11-28,1137,6180.7,7027455.9,Partially Received
PO00692,SUP0021,PROD0018,2026-07-22,2185,18779.9,41034081.5,Delivered
PO00693,SUP0070,PROD0094,2025-09-27,1869,9030.8,16878565.2,Partially Received
PO00694,SUP0094,PROD0048,2026-01-24,86,16749.46,1440453.56,Delivered
PO00695,SUP0042,PROD0185,2025-09-02,269,5391.03,1450187.07,Partially Received
PO00696,SUP0025,PROD0135,2026-02-01,2047,2728.39,5585014.33,Delivered
PO00697,SUP0042,PROD0105,2025-10-17,1329,13335.78,17723251.62,Partially Received
PO00698,SUP0006,PROD0034,2025-03-10,741,1831.22,1356934.02,Delivered
PO00699,SUP0025,PROD0026,2026-05-13,140,20393.03,2855024.2,Pending
PO00700,SUP0068,PROD0160,2026-05-17,2427,7322.98,17772872.46,Delivered
PO00701,SUP0002,PROD0054,2025-03-14,2022,18703.21,37817890.62,Pending
PO00702,SUP0082,PROD0016,2026-04-25,1488,11243.73,16730670.24,Pending
PO00703,SUP0048,PROD0182,2026-03-02,248,10778.51,2673070.48,Delivered
PO00704,SUP0094,PROD0019,2025-02-11,1254,18135.45,22741854.3,Delivered
PO00705,SUP0013,PROD0026,2026-06-16,956,20203.66,19314698.96,Delivered
PO00706,SUP0085,PROD0064,2026-06-23,2344,21945.49,51440228.56,Delivered
PO00707,SUP0054,PROD0192,2026-07-26,442,3445.81,1523048.02,Partially Received
PO00708,SUP0090,PROD0171,2026-04-15,1759,12916.04,22719314.36,Delivered
PO00709,SUP0071,PROD0103,2025-07-04,2077,14398.78,29906266.06,Delivered
PO00710,SUP0046,PROD0081,2026-03-30,2263,1357.47,3071954.61,Delivered
PO00711,SUP0053,PROD0196,2026-01-16,1773,22853.74,40519681.02,Delivered
PO00712,SUP0073,PROD0140,2025-09-04,886,945.39,837615.54,Partially Received
PO00713,SUP0047,PROD0116,2025-09-18,1842,5721.31,10538653.02,Delivered
PO00714,SUP0037,PROD0153,2025-02-05,76,21234.33,1613809.08,Cancelled
PO00715,SUP0001,PROD0077,2025-11-06,918,17320.08,15899833.44,Delivered
PO00716,SUP0071,PROD0131,2025-10-10,2288,9786.85,22392312.8,Partially Received
PO00717,SUP0005,PROD0118,2025-04-07,1466,22322.69,32725063.54,Delivered
PO00718,SUP0032,PROD0060,2026-08-20,1059,17107.24,18116567.16,Delivered
PO00719,SUP0073,PROD0056,2026-02-14,326,22410.61,7305858.86,Pending
PO00720,SUP0063,PROD0177,2025-06-27,2370,20001.92,47404550.4,Delivered
PO00721,SUP0005,PROD0188,2025-11-04,2370,20861.07,49440735.9,In Transit
PO00722,SUP0045,PROD0112,2025-12-09,1716,2509.31,4305975.96,Delivered
PO00723,SUP0096,PROD0168,2025-08-21,2477,10141.07,25119430.39,Partially Received
PO00724,SUP0007,PROD0079,2026-01-27,2157,18535.48,39981030.36,Partially Received
PO00725,SUP0042,PROD0129,2025-06-03,914,12682.36,11591677.04,In Transit
PO00726,SUP0058,PROD0193,2026-02-07,2447,12163.85,29764940.95,Delivered
PO00727,SUP0038,PROD0101,2026-03-19,616,2898.27,1785334.32,Delivered
PO00728,SUP0096,PROD0013,2026-08-09,2255,10302.09,23231212.95,Delivered
PO00729,SUP0056,PROD0199,2026-05-29,544,7369.43,4008969.92,Delivered
PO00730,SUP0063,PROD0102,2025-07-22,2350,11636.29,27345281.5,Partially Received
PO00731,SUP0032,PROD0063,2026-06-21,303,10321.11,3127296.33,Delivered
PO00732,SUP0012,PROD0029,2026-08-13,1704,6419.06,10938078.24,Delivered
PO00733,SUP0045,PROD0153,2025-11-25,109,22513.55,2453976.95,Delivered
PO00734,SUP0079,PROD0114,2025-12-25,607,11426.81,6936073.67,Pending
PO00735,SUP0026,PROD0176,2025-08-28,1541,10444.85,16095513.85,In Transit
PO00736,SUP0015,PROD0190,2025-03-29,233,3157.05,735592.65,Partially Received
PO00737,SUP0037,PROD0004,2025-06-01,1416,3091.73,4377889.68,Delivered
PO00738,SUP0061,PROD0006,2026-04-06,1369,13902.73,19032837.37,Partially Received
PO00739,SUP0070,PROD0134,2025-07-28,1069,24419.3,26104231.7,Partially Received
PO00740,SUP0089,PROD0179,2025-05-25,85,868.78,73846.3,Pending
PO00741,SUP0006,PROD0066,2026-06-24,707,711.25,502853.75,Delivered
PO00742,SUP0007,PROD0120,2025-10-05,44,5088.77,223905.88,In Transit
PO00743,SUP0014,PROD0005,2026-01-04,1208,26188.5,31635708.0,In Transit
PO00744,SUP0049,PROD0131,2025-08-25,417,10556.44,4402035.48,Delivered
PO00745,SUP0012,PROD0048,2026-06-29,824,16284.13,13418123.12,Delivered
PO00746,SUP0006,PROD0064,2025-01-23,2178,20307.26,44229212.28,Delivered
PO00747,SUP0003,PROD0089,2025-06-10,1451,9227.23,13388710.73,Delivered
PO00748,SUP0036,PROD0016,2026-05-29,1065,12097.13,12883443.45,Pending
PO00749,SUP0072,PROD0072,2025-01-31,933,5133.89,4789919.37,Pending
PO00750,SUP0012,PROD0187,2025-05-21,1575,19831.12,31234014.0,In Transit
PO00751,SUP0054,PROD0062,2025-08-21,2356,18535.15,43668813.4,Cancelled
PO00752,SUP0058,PROD0139,2025-12-04,549,8877.73,4873873.77,Delivered
PO00753,SUP0088,PROD0052,2026-07-09,575,14515.26,8346274.5,In Transit
PO00754,SUP0018,PROD0111,2026-06-21,604,7534.7,4550958.8,Partially Received
PO00755,SUP0041,PROD0018,2025-06-11,2292,20637.08,47300187.36,In Transit
PO00756,SUP0041,PROD0038,2025-07-08,130,20057.85,2607520.5,Pending
PO00757,SUP0053,PROD0078,2026-02-28,1824,19575.71,35706095.04,Pending
PO00758,SUP0020,PROD0200,2025-10-08,779,22519.38,17542597.02,Delivered
PO00759,SUP0078,PROD0146,2025-10-01,955,17465.25,16679313.75,Delivered
PO00760,SUP0046,PROD0021,2025-01-27,1962,9493.86,18626953.32,Pending
PO00761,SUP0092,PROD0167,2026-04-26,1541,17441.99,26878106.59,Delivered
PO00762,SUP0018,PROD0042,2026-05-01,801,13855.72,11098431.72,Delivered
PO00763,SUP0035,PROD0106,2025-01-16,921,1145.54,1055042.34,Cancelled
PO00764,SUP0009,PROD0046,2025-07-29,1809,6927.58,12531992.22,Delivered
PO00765,SUP0059,PROD0064,2025-11-29,1761,20818.26,36660955.86,Delivered
PO00766,SUP0093,PROD0081,2026-01-25,1624,1246.74,2024705.76,In Transit
PO00767,SUP0068,PROD0165,2026-07-04,167,22971.38,3836220.46,Delivered
PO00768,SUP0032,PROD0133,2025-02-13,2213,12112.34,26804608.42,In Transit
PO00769,SUP0050,PROD0133,2026-07-26,211,11498.83,2426253.13,Delivered
PO00770,SUP0100,PROD0074,2025-11-08,1899,22921.7,43528308.3,Delivered
PO00771,SUP0089,PROD0133,2025-02-25,592,12314.99,7290474.08,In Transit
PO00772,SUP0093,PROD0129,2025-04-03,473,12770.59,6040489.07,Partially Received
PO00773,SUP0018,PROD0101,2026-07-14,1703,3044.2,5184272.6,Delivered
PO00774,SUP0076,PROD0183,2026-04-10,837,2581.59,2160790.83,Delivered
PO00775,SUP0089,PROD0167,2025-11-28,681,19862.62,13526444.22,Delivered
PO00776,SUP0091,PROD0116,2025-04-27,1496,4639.84,6941200.64,In Transit
PO00777,SUP0079,PROD0041,2026-06-08,1561,23272.83,36328887.63,Delivered
PO00778,SUP0043,PROD0145,2025-06-24,624,9935.91,6200007.84,Delivered
PO00779,SUP0054,PROD0079,2025-02-22,1277,21979.67,28068038.59,Cancelled
PO00780,SUP0081,PROD0047,2025-10-23,491,20538.71,10084506.61,Cancelled
PO00781,SUP0080,PROD0196,2025-01-04,1046,18713.42,19574237.32,Delivered
PO00782,SUP0070,PROD0002,2026-05-26,2500,7667.82,19169550.0,Delivered
PO00783,SUP0085,PROD0122,2026-08-26,1868,12485.91,23323679.88,Delivered
PO00784,SUP0032,PROD0141,2025-01-07,1149,25652.6,29474837.4,Partially Received
PO00785,SUP0007,PROD0048,2025-08-01,617,14542.97,8973012.49,Delivered
PO00786,SUP0005,PROD0171,2025-05-29,2377,12788.83,30399048.91,Delivered
PO00787,SUP0007,PROD0028,2025-03-31,1717,12518.4,21494092.8,Delivered
PO00788,SUP0079,PROD0170,2025-10-19,2446,14901.34,36448677.64,Partially Received
PO00789,SUP0096,PROD0149,2026-04-12,1485,17631.04,26182094.4,Delivered
PO00790,SUP0042,PROD0095,2025-11-03,1562,962.06,1502737.72,In Transit
PO00791,SUP0009,PROD0075,2026-07-18,1938,16051.9,31108582.2,In Transit
PO00792,SUP0043,PROD0135,2025-10-09,1704,2579.99,4396302.96,In Transit
PO00793,SUP0014,PROD0147,2025-03-01,2176,2287.34,4977251.84,Delivered
PO00794,SUP0055,PROD0156,2025-10-22,1306,6520.89,8516282.34,Partially Received
PO00795,SUP0017,PROD0158,2025-12-29,2314,20046.79,46388272.06,In Transit
PO00796,SUP0064,PROD0047,2026-05-25,963,19684.11,18955797.93,Cancelled
PO00797,SUP0016,PROD0007,2025-01-02,1914,15644.0,29942616.0,Delivered
PO00798,SUP0079,PROD0107,2025-08-01,1705,14535.88,24783675.4,Delivered
PO00799,SUP0002,PROD0164,2025-08-06,834,13158.65,10974314.1,Delivered
PO00800,SUP0040,PROD0077,2025-03-11,2085,18815.68,39230692.8,In Transit
PO00801,SUP0088,PROD0086,2025-04-27,1408,1878.08,2644336.64,Partially Received
PO00802,SUP0023,PROD0050,2025-01-30,1363,3483.85,4748487.55,Pending
PO00803,SUP0061,PROD0010,2026-05-06,566,10779.84,6101389.44,Partially Received
PO00804,SUP0043,PROD0119,2026-07-04,1705,8627.17,14709324.85,Delivered
PO00805,SUP0039,PROD0145,2026-06-18,1302,10955.9,14264581.8,Delivered
PO00806,SUP0088,PROD0085,2026-08-15,1458,2618.73,3818108.34,Delivered
PO00807,SUP0044,PROD0097,2025-02-01,2198,17917.26,39382137.48,Partially Received
PO00808,SUP0024,PROD0153,2026-02-03,488,22995.21,11221662.48,In Transit
PO00809,SUP0091,PROD0009,2025-11-19,1122,17376.16,19496051.52,Delivered
PO00810,SUP0048,PROD0116,2025-09-01,1249,4801.64,5997248.36,Delivered
PO00811,SUP0048,PROD0010,2025-04-25,837,11902.11,9962066.07,Delivered
PO00812,SUP0062,PROD0129,2025-01-26,641,12805.25,8208165.25,Pending
PO00813,SUP0040,PROD0199,2026-06-21,1350,6339.84,8558784.0,Pending
PO00814,SUP0087,PROD0034,2026-06-13,850,1771.16,1505486.0,Delivered
PO00815,SUP0015,PROD0002,2026-06-19,1283,7751.48,9945148.84,In Transit
PO00816,SUP0043,PROD0120,2025-03-31,198,5138.53,1017428.94,In Transit
PO00817,SUP0003,PROD0148,2025-11-16,1288,23588.41,30381872.08,Delivered
PO00818,SUP0025,PROD0074,2025-07-25,1143,25109.06,28699655.58,In Transit
PO00819,SUP0035,PROD0039,2025-05-01,655,5246.58,3436509.9,Delivered
PO00820,SUP0066,PROD0027,2026-07-28,856,15503.95,13271381.2,Partially Received
PO00821,SUP0019,PROD0181,2025-10-05,1170,24960.77,29204100.9,Delivered
PO00822,SUP0079,PROD0087,2025-11-15,2224,20019.2,44522700.8,Delivered
PO00823,SUP0087,PROD0013,2026-04-28,443,10262.58,4546322.94,Delivered
PO00824,SUP0023,PROD0181,2026-02-06,2451,26827.74,65754790.74,Partially Received
PO00825,SUP0079,PROD0092,2026-04-02,1289,6406.38,8257823.82,Delivered
PO00826,SUP0011,PROD0194,2026-07-01,1917,12841.24,24616657.08,Delivered
PO00827,SUP0013,PROD0117,2026-04-25,1281,11484.78,14712003.18,In Transit
PO00828,SUP0061,PROD0060,2026-04-22,926,14557.62,13480356.12,Pending
PO00829,SUP0047,PROD0101,2025-09-22,761,3331.18,2535027.98,In Transit
PO00830,SUP0059,PROD0125,2025-11-29,133,6237.65,829607.45,Delivered
PO00831,SUP0060,PROD0044,2026-05-06,1166,6985.15,8144684.9,Partially Received
PO00832,SUP0066,PROD0027,2025-05-11,1671,16516.96,27599840.16,Pending
PO00833,SUP0072,PROD0167,2025-11-30,300,20198.06,6059418.0,Partially Received
PO00834,SUP0076,PROD0106,2026-02-15,987,1113.98,1099498.26,Partially Received
PO00835,SUP0050,PROD0017,2026-05-09,1405,15343.28,21557308.4,In Transit
PO00836,SUP0056,PROD0146,2026-03-18,1411,17252.89,24343827.79,Delivered
PO00837,SUP0095,PROD0183,2025-03-21,2361,2555.6,6033771.6,Delivered
PO00838,SUP0042,PROD0143,2026-04-20,409,18717.31,7655379.79,Delivered
PO00839,SUP0009,PROD0154,2026-02-20,455,2859.69,1301158.95,Partially Received
PO00840,SUP0042,PROD0127,2026-01-24,261,18891.11,4930579.71,Pending
PO00841,SUP0097,PROD0163,2026-08-18,10,3581.56,35815.6,In Transit
PO00842,SUP0069,PROD0075,2026-04-09,1607,18083.19,29059686.33,Delivered
PO00843,SUP0088,PROD0082,2025-07-30,1237,16245.16,20095262.92,Pending
PO00844,SUP0056,PROD0184,2025-11-08,1420,22003.47,31244927.4,Partially Received
PO00845,SUP0052,PROD0033,2026-06-07,1214,3435.55,4170757.7,Pending
PO00846,SUP0001,PROD0181,2025-02-24,2303,26412.65,60828332.95,Delivered
PO00847,SUP0004,PROD0061,2025-10-16,1778,4686.24,8332134.72,Delivered
PO00848,SUP0092,PROD0098,2025-11-22,1673,13262.48,22188129.04,Partially Received
PO00849,SUP0061,PROD0036,2025-06-27,780,9915.92,7734417.6,Pending
PO00850,SUP0054,PROD0040,2026-01-04,1191,10936.79,13025716.89,In Transit
PO00851,SUP0002,PROD0019,2025-05-18,74,18455.39,1365698.86,Pending
PO00852,SUP0018,PROD0022,2026-03-24,572,12823.19,7334864.68,Delivered
PO00853,SUP0090,PROD0155,2026-04-12,1753,7673.6,13451820.8,Delivered
PO00854,SUP0071,PROD0116,2026-03-11,1585,4973.74,7883377.9,Delivered
PO00855,SUP0074,PROD0128,2025-01-08,979,11778.57,11531220.03,Delivered
PO00856,SUP0074,PROD0094,2026-07-14,147,11437.89,1681369.83,Partially Received
PO00857,SUP0015,PROD0149,2026-01-13,1982,17747.06,35174672.92,Delivered
PO00858,SUP0097,PROD0200,2026-06-24,1154,24656.86,28454016.44,Delivered
PO00859,SUP0032,PROD0121,2025-04-01,329,16937.53,5572447.37,Partially Received
PO00860,SUP0040,PROD0157,2026-08-17,226,20456.11,4623080.86,Partially Received
PO00861,SUP0061,PROD0117,2025-01-12,2109,12069.63,25454849.67,Partially Received
PO00862,SUP0054,PROD0091,2025-12-06,1216,22791.45,27714403.2,Delivered
PO00863,SUP0094,PROD0145,2025-11-08,1076,9674.57,10409837.32,Delivered
PO00864,SUP0074,PROD0014,2025-06-23,1205,15319.42,18459901.1,Partially Received
PO00865,SUP0063,PROD0022,2025-10-21,529,12416.53,6568344.37,Pending
PO00866,SUP0033,PROD0034,2025-10-12,1160,1589.92,1844307.2,Delivered
PO00867,SUP0078,PROD0045,2025-04-25,2433,8696.72,21159119.76,In Transit
PO00868,SUP0023,PROD0067,2026-01-14,977,5346.61,5223637.97,Pending
PO00869,SUP0044,PROD0022,2025-02-03,604,12684.22,7661268.88,Pending
PO00870,SUP0097,PROD0106,2026-05-23,1579,1014.48,1601863.92,Delivered
PO00871,SUP0027,PROD0148,2025-06-21,1423,20386.01,29009292.23,Delivered
PO00872,SUP0007,PROD0043,2025-04-29,1910,3377.51,6451044.1,Delivered
PO00873,SUP0030,PROD0098,2026-06-30,1607,13567.24,21802554.68,Delivered
PO00874,SUP0002,PROD0074,2026-03-22,1848,24210.46,44740930.08,Delivered
PO00875,SUP0088,PROD0011,2026-06-27,408,19822.43,8087551.44,Partially Received
PO00876,SUP0079,PROD0167,2026-03-19,1126,18125.92,20409785.92,Delivered
PO00877,SUP0033,PROD0168,2025-04-11,2402,8954.91,21509693.82,In Transit
PO00878,SUP0094,PROD0173,2025-09-05,2421,17314.58,41918598.18,Delivered
PO00879,SUP0041,PROD0141,2025-07-04,53,25970.0,1376410.0,Pending
PO00880,SUP0053,PROD0026,2025-01-13,2161,18145.18,39211733.98,Delivered
PO00881,SUP0093,PROD0073,2025-08-13,1041,8592.71,8945011.11,Delivered
PO00882,SUP0008,PROD0153,2025-04-05,898,23431.11,21041136.78,Partially Received
PO00883,SUP0012,PROD0155,2025-05-03,542,7231.26,3919342.92,In Transit
PO00884,SUP0024,PROD0029,2026-08-03,764,6151.94,4700082.16,Delivered
PO00885,SUP0082,PROD0117,2025-03-19,1142,11708.82,13371472.44,In Transit
PO00886,SUP0033,PROD0042,2025-11-28,313,14037.29,4393671.77,Delivered
PO00887,SUP0043,PROD0016,2026-02-02,1067,12301.87,13126095.29,Delivered
PO00888,SUP0009,PROD0126,2026-03-28,831,6916.31,5747453.61,Delivered
PO00889,SUP0014,PROD0037,2026-05-19,2224,10175.56,22630445.44,Delivered
PO00890,SUP0057,PROD0184,2025-04-19,1070,17812.51,19059385.7,Delivered
PO00891,SUP0094,PROD0065,2026-08-09,1836,5445.96,9998782.56,Delivered
PO00892,SUP0005,PROD0171,2025-01-01,1609,11166.11,17966270.99,In Transit
PO00893,SUP0074,PROD0001,2026-02-05,2121,5916.03,12547899.63,In Transit
PO00894,SUP0056,PROD0104,2026-05-05,297,6380.03,1894868.91,Delivered
PO00895,SUP0016,PROD0146,2026-05-09,2202,18852.8,41513865.6,Delivered
PO00896,SUP0052,PROD0015,2025-11-07,381,6996.26,2665575.06,Pending
PO00897,SUP0011,PROD0118,2025-12-15,1197,25193.84,30157026.48,Delivered
PO00898,SUP0050,PROD0170,2025-02-10,792,13940.2,11040638.4,Delivered
PO00899,SUP0081,PROD0177,2025-04-20,1481,18517.17,27423928.77,Pending
PO00900,SUP0095,PROD0049,2026-03-25,583,4485.55,2615075.65,Delivered
PO00901,SUP0031,PROD0126,2026-08-31,1602,6031.25,9662062.5,Partially Received
PO00902,SUP0064,PROD0137,2025-11-12,1850,21745.4,40228990.0,Delivered
PO00903,SUP0008,PROD0087,2025-12-14,185,19833.44,3669186.4,Delivered
PO00904,SUP0059,PROD0174,2026-06-20,2207,21667.39,47819929.73,Partially Received
PO00905,SUP0005,PROD0189,2025-03-15,589,6309.44,3716260.16,Delivered
PO00906,SUP0032,PROD0180,2025-02-16,544,9860.88,5364318.72,Partially Received
PO00907,SUP0013,PROD0117,2025-11-11,709,11883.01,8425054.09,Delivered
PO00908,SUP0015,PROD0128,2025-04-19,2447,12012.71,29395101.37,Delivered
PO00909,SUP0055,PROD0087,2025-07-27,1656,19437.6,32188665.6,Cancelled
PO00910,SUP0070,PROD0036,2026-08-13,1327,10575.89,14034206.03,Pending
PO00911,SUP0076,PROD0045,2025-02-16,1384,7362.8,10190115.2,Delivered
PO00912,SUP0022,PROD0179,2026-03-02,1525,906.77,1382824.25,Delivered
PO00913,SUP0006,PROD0035,2026-08-19,419,12507.46,5240625.74,Partially Received
PO00914,SUP0100,PROD0041,2026-01-21,74,25090.06,1856664.44,Delivered
PO00915,SUP0023,PROD0023,2025-01-08,2441,24398.18,59555957.38,Delivered
PO00916,SUP0089,PROD0033,2026-05-03,854,3509.88,2997437.52,Delivered
PO00917,SUP0053,PROD0062,2026-04-07,724,20756.75,15027887.0,Delivered
PO00918,SUP0092,PROD0128,2025-07-04,370,11550.09,4273533.3,In Transit
PO00919,SUP0054,PROD0002,2025-12-23,2294,6577.22,15088142.68,Delivered
PO00920,SUP0013,PROD0159,2026-06-27,1492,6876.3,10259439.6,Cancelled
PO00921,SUP0029,PROD0119,2026-06-04,862,7404.08,6382316.96,Delivered
PO00922,SUP0088,PROD0122,2025-06-02,2047,11769.78,24092739.66,In Transit
PO00923,SUP0007,PROD0166,2025-02-14,1501,19083.51,28644348.51,Delivered
PO00924,SUP0079,PROD0195,2025-12-09,1866,6764.01,12621642.66,In Transit
PO00925,SUP0023,PROD0041,2026-07-05,129,22912.54,2955717.66,Delivered
PO00926,SUP0093,PROD0114,2025-08-29,2437,11814.36,28791595.32,Delivered
PO00927,SUP0030,PROD0200,2025-11-30,461,23828.5,10984938.5,Delivered
PO00928,SUP0026,PROD0097,2026-02-27,913,14862.06,13569060.78,Partially Received
PO00929,SUP0056,PROD0038,2025-02-25,895,20793.04,18609770.8,Delivered
PO00930,SUP0048,PROD0035,2026-02-01,1884,12307.6,23187518.4,Partially Received
PO00931,SUP0026,PROD0086,2025-10-04,531,1709.83,907919.73,Partially Received
PO00932,SUP0018,PROD0029,2025-10-15,1916,6474.04,12404260.64,Delivered
PO00933,SUP0029,PROD0076,2025-12-18,2482,5345.2,13266786.4,Pending
PO00934,SUP0074,PROD0142,2025-06-24,950,17139.91,16282914.5,Pending
PO00935,SUP0028,PROD0152,2026-05-16,1949,8144.32,15873279.68,Delivered
PO00936,SUP0095,PROD0064,2026-03-15,1025,20421.63,20932170.75,Partially Received
PO00937,SUP0020,PROD0147,2026-08-29,30,2007.48,60224.4,Delivered
PO00938,SUP0094,PROD0197,2026-04-27,2075,15836.97,32861712.75,Partially Received
PO00939,SUP0090,PROD0026,2026-05-06,1863,20028.61,37313300.43,Delivered
PO00940,SUP0089,PROD0188,2025-01-13,1675,23790.06,39848350.5,Delivered
PO00941,SUP0031,PROD0166,2025-10-30,381,17783.82,6775635.42,In Transit
PO00942,SUP0091,PROD0118,2025-06-15,2346,25774.83,60467751.18,Delivered
PO00943,SUP0060,PROD0198,2026-04-11,577,8835.1,5097852.7,Delivered
PO00944,SUP0081,PROD0119,2026-01-15,15,8500.59,127508.85,Delivered
PO00945,SUP0068,PROD0009,2025-12-07,1224,17427.4,21331137.6,Delivered
PO00946,SUP0074,PROD0054,2026-07-10,341,17449.78,5950374.98,Delivered
PO00947,SUP0066,PROD0173,2025-02-26,1500,17773.01,26659515.0,Delivered
PO00948,SUP0060,PROD0159,2026-01-10,177,6121.54,1083512.58,Delivered
PO00949,SUP0091,PROD0018,2026-07-27,2306,21503.8,49587762.8,Delivered
PO00950,SUP0031,PROD0139,2025-12-09,475,9891.42,4698424.5,In Transit
PO00951,SUP0090,PROD0054,2026-08-18,933,16228.73,15141405.09,Pending
PO00952,SUP0088,PROD0109,2026-05-31,1145,7815.43,8948667.35,Delivered
PO00953,SUP0063,PROD0129,2026-04-09,2167,14927.95,32348867.65,Delivered
PO00954,SUP0087,PROD0137,2026-06-29,1207,19330.23,23331587.61,Delivered
PO00955,SUP0025,PROD0118,2025-03-09,367,21879.27,8029692.09,Pending
PO00956,SUP0010,PROD0028,2025-10-23,684,10590.33,7243785.72,In Transit
PO00957,SUP0020,PROD0053,2026-05-24,2142,3074.79,6586200.18,Delivered
PO00958,SUP0088,PROD0139,2026-03-03,550,9490.02,5219511.0,Delivered
PO00959,SUP0038,PROD0049,2025-01-22,267,4469.0,1193223.0,Pending
PO00960,SUP0083,PROD0086,2026-06-17,1696,1962.51,3328416.96,In Transit
PO00961,SUP0063,PROD0152,2025-12-01,2181,8153.22,17782172.82,Delivered
PO00962,SUP0073,PROD0034,2025-11-08,1265,1548.18,1958447.7,Delivered
PO00963,SUP0048,PROD0074,2026-05-11,203,22813.17,4631073.51,Delivered
PO00964,SUP0080,PROD0042,2025-06-20,2202,14065.62,30972495.24,Cancelled
PO00965,SUP0021,PROD0061,2025-06-07,488,3977.15,1940849.2,Delivered
PO00966,SUP0057,PROD0067,2025-05-10,1524,4959.71,7558598.04,Partially Received
PO00967,SUP0086,PROD0082,2025-02-05,1418,14625.87,20739483.66,Delivered
PO00968,SUP0069,PROD0078,2025-06-16,507,20351.35,10318134.45,Delivered
PO00969,SUP0099,PROD0038,2026-05-27,1886,20792.7,39215032.2,Delivered
PO00970,SUP0065,PROD0085,2026-07-14,1220,2904.75,3543795.0,Delivered
PO00971,SUP0086,PROD0038,2026-08-11,2325,19890.89,46246319.25,Pending
PO00972,SUP0089,PROD0029,2025-12-13,1971,7167.07,14126294.97,Delivered
PO00973,SUP0015,PROD0079,2026-07-19,111,20337.35,2257445.85,Pending
PO00974,SUP0046,PROD0024,2026-04-02,1346,3986.48,5365802.08,In Transit
PO00975,SUP0068,PROD0057,2026-08-21,1148,18153.14,20839804.72,Delivered
PO00976,SUP0087,PROD0172,2026-04-02,367,6235.6,2288465.2,Delivered
PO00977,SUP0041,PROD0155,2026-05-18,2488,7473.81,18594839.28,Delivered
PO00978,SUP0051,PROD0038,2026-01-05,1761,18266.6,32167482.6,Delivered
PO00979,SUP0045,PROD0090,2025-10-19,1271,27588.25,35064665.75,Pending
PO00980,SUP0028,PROD0187,2025-03-31,1829,20876.86,38183776.94,Delivered
PO00981,SUP0037,PROD0042,2026-03-30,1746,15643.62,27313760.52,Delivered
PO00982,SUP0077,PROD0023,2026-08-25,598,20759.38,12414109.24,Delivered
PO00983,SUP0043,PROD0017,2026-06-22,2429,17512.68,42538299.72,Delivered
PO00984,SUP0082,PROD0070,2026-02-24,1707,11299.13,19287614.91,Delivered
PO00985,SUP0097,PROD0036,2026-08-05,826,9048.32,7473912.32,Delivered
PO00986,SUP0063,PROD0011,2026-07-22,1246,19463.0,24250898.0,Delivered
PO00987,SUP0095,PROD0119,2026-07-27,929,6935.42,6443005.18,Delivered
PO00988,SUP0039,PROD0164,2025-09-26,1945,11449.62,22269510.9,In Transit
PO00989,SUP0054,PROD0046,2025-10-22,2024,6988.18,14144076.32,In Transit
PO00990,SUP0016,PROD0196,2025-01-30,1145,21159.33,24227432.85,Cancelled
PO00991,SUP0075,PROD0124,2026-01-06,2326,3627.95,8438611.7,Delivered
PO00992,SUP0089,PROD0031,2026-05-03,1538,2016.94,3102053.72,Partially Received
PO00993,SUP0021,PROD0149,2025-09-23,249,14619.74,3640315.26,Delivered
PO00994,SUP0046,PROD0042,2025-05-19,226,14020.86,3168714.36,Delivered
PO00995,SUP0007,PROD0075,2025-12-31,1204,17720.2,21335120.8,Pending
PO00996,SUP0025,PROD0197,2026-06-11,760,18965.89,14414076.4,Partially Received
PO00997,SUP0070,PROD0083,2025-06-21,1305,15514.05,20245835.25,In Transit
PO00998,SUP0035,PROD0176,2025-11-05,1494,10280.47,15359022.18,Partially Received
PO00999,SUP0002,PROD0036,2025-05-28,2132,9272.4,19768756.8,In Transit
PO01000,SUP0044,PROD0042,2026-02-26,429,13825.84,5931285.36,Delivered
PO01001,SUP0072,PROD0158,2025-07-12,2163,21730.6,47003287.8,In Transit
PO01002,SUP0054,PROD0118,2025-04-27,322,22091.79,7113556.38,Delivered
PO01003,SUP0062,PROD0090,2025-01-18,1286,25886.49,33290026.14,Delivered
PO01004,SUP0077,PROD0134,2026-03-29,1411,22237.78,31377507.58,Delivered
PO01005,SUP0029,PROD0033,2025-05-02,593,4011.95,2379086.35,Delivered
PO01006,SUP0017,PROD0021,2025-08-03,1750,10884.51,19047892.5,In Transit
PO01007,SUP0003,PROD0199,2025-03-21,1993,7361.61,14671688.73,Delivered
PO01008,SUP0005,PROD0169,2025-04-21,2113,13752.18,29058356.34,Delivered
PO01009,SUP0006,PROD0017,2025-09-17,1245,17162.14,21366864.3,In Transit
PO01010,SUP0078,PROD0053,2025-05-07,2416,3040.89,7346790.24,Delivered
PO01011,SUP0004,PROD0024,2025-12-26,606,4833.57,2929143.42,Pending
PO01012,SUP0045,PROD0091,2026-08-17,667,26052.01,17376690.67,In Transit
PO01013,SUP0065,PROD0146,2025-09-05,289,15428.04,4458703.56,Partially Received
PO01014,SUP0068,PROD0056,2025-01-15,794,23639.21,18769532.74,Delivered
PO01015,SUP0001,PROD0186,2026-07-05,414,6017.58,2491278.12,Pending
PO01016,SUP0047,PROD0179,2026-05-02,2424,827.63,2006175.12,In Transit
PO01017,SUP0024,PROD0091,2025-04-20,1564,23568.57,36861243.48,Delivered
PO01018,SUP0015,PROD0195,2026-02-22,1297,6910.41,8962801.77,Delivered
PO01019,SUP0064,PROD0196,2025-05-20,1489,22236.09,33109538.01,Partially Received
PO01020,SUP0011,PROD0084,2025-02-11,2032,7779.97,15808899.04,Delivered
PO01021,SUP0088,PROD0114,2025-11-16,935,11742.45,10979190.75,Delivered
PO01022,SUP0025,PROD0018,2026-03-15,1958,22632.77,44314963.66,Delivered
PO01023,SUP0087,PROD0126,2025-01-14,440,6570.36,2890958.4,Partially Received
PO01024,SUP0016,PROD0037,2025-03-29,1627,9331.11,15181715.97,Partially Received
PO01025,SUP0095,PROD0044,2025-04-15,275,6348.42,1745815.5,Delivered
PO01026,SUP0077,PROD0104,2025-07-25,512,5914.04,3027988.48,Delivered
PO01027,SUP0036,PROD0196,2026-05-27,2393,21671.05,51858822.65,In Transit
PO01028,SUP0046,PROD0122,2026-02-14,2480,14139.71,35066480.8,Cancelled
PO01029,SUP0036,PROD0038,2026-06-08,1872,17082.74,31978889.28,Delivered
PO01030,SUP0030,PROD0161,2026-05-25,561,8137.09,4564907.49,In Transit
PO01031,SUP0064,PROD0174,2025-03-11,119,26341.55,3134644.45,Delivered
PO01032,SUP0020,PROD0078,2025-12-01,404,19640.32,7934689.28,In Transit
PO01033,SUP0099,PROD0127,2026-06-17,1918,19451.22,37307439.96,In Transit
PO01034,SUP0065,PROD0067,2026-05-18,2231,5164.63,11522289.53,Pending
PO01035,SUP0003,PROD0196,2026-07-14,139,23690.79,3293019.81,Pending
PO01036,SUP0050,PROD0116,2025-05-02,1298,5589.05,7254586.9,Delivered
PO01037,SUP0005,PROD0046,2025-02-06,2290,6610.19,15137335.1,In Transit
PO01038,SUP0063,PROD0111,2025-06-18,560,6935.51,3883885.6,Delivered
PO01039,SUP0073,PROD0173,2025-04-23,2019,16883.7,34088190.3,In Transit
PO01040,SUP0061,PROD0122,2026-08-09,2312,13846.35,32012761.2,Delivered
PO01041,SUP0034,PROD0127,2026-02-05,2430,23317.43,56661354.9,Partially Received
PO01042,SUP0099,PROD0073,2025-12-28,1322,8299.62,10972097.64,Partially Received
PO01043,SUP0047,PROD0090,2025-05-12,2401,21941.19,52680797.19,Pending
PO01044,SUP0049,PROD0025,2025-12-16,1763,13451.33,23714694.79,Delivered
PO01045,SUP0008,PROD0170,2025-12-26,1010,13760.02,13897620.2,In Transit
PO01046,SUP0011,PROD0177,2026-08-30,278,20222.28,5621793.84,Delivered
PO01047,SUP0003,PROD0138,2025-06-23,1345,15416.71,20735474.95,In Transit
PO01048,SUP0073,PROD0132,2026-03-09,1735,17594.11,30525780.85,In Transit
PO01049,SUP0003,PROD0082,2026-08-26,1557,16245.46,25294181.22,Delivered
PO01050,SUP0063,PROD0026,2025-04-11,853,19261.92,16430417.76,Delivered
PO01051,SUP0022,PROD0158,2025-12-14,1236,19406.04,23985865.44,Delivered
PO01052,SUP0082,PROD0020,2026-05-24,2204,5757.3,12689089.2,Delivered
PO01053,SUP0074,PROD0103,2025-11-01,935,15431.02,14428003.7,Cancelled
PO01054,SUP0013,PROD0152,2026-08-16,1389,7125.08,9896736.12,Partially Received
PO01055,SUP0061,PROD0110,2026-06-28,869,20668.52,17960943.88,Delivered
PO01056,SUP0065,PROD0077,2025-11-06,1783,19321.98,34451090.34,Delivered
PO01057,SUP0052,PROD0065,2026-03-01,2120,6087.97,12906496.4,In Transit
PO01058,SUP0003,PROD0161,2025-07-04,2124,9970.8,21177979.2,Partially Received
PO01059,SUP0085,PROD0191,2025-08-07,1924,7694.55,14804314.2,Partially Received
PO01060,SUP0073,PROD0187,2026-03-21,255,19838.47,5058809.85,Delivered
PO01061,SUP0031,PROD0039,2025-06-01,1239,6006.19,7441669.41,Delivered
PO01062,SUP0082,PROD0053,2025-03-07,1699,2618.66,4449103.34,Delivered
PO01063,SUP0033,PROD0176,2025-06-14,2472,10663.81,26360938.32,Delivered
PO01064,SUP0025,PROD0008,2025-06-03,1015,24099.39,24460880.85,Delivered
PO01065,SUP0072,PROD0112,2026-05-13,1738,2354.65,4092381.7,Delivered
PO01066,SUP0035,PROD0035,2025-06-13,129,11012.94,1420669.26,Pending
PO01067,SUP0023,PROD0165,2026-07-18,182,25402.41,4623238.62,Delivered
PO01068,SUP0008,PROD0022,2025-01-21,1295,12702.24,16449400.8,Pending
PO01069,SUP0047,PROD0172,2026-02-21,379,5457.98,2068574.42,Pending
PO01070,SUP0031,PROD0029,2025-05-24,2348,6907.04,16217729.92,Pending
PO01071,SUP0086,PROD0149,2026-06-19,2161,15024.92,32468852.12,Pending
PO01072,SUP0077,PROD0032,2025-09-01,1293,8103.14,10477360.02,Partially Received
PO01073,SUP0096,PROD0191,2026-02-04,976,9000.05,8784048.8,Delivered
PO01074,SUP0023,PROD0055,2025-04-20,1134,1945.16,2205811.44,Delivered
PO01075,SUP0008,PROD0126,2026-08-27,2195,6535.32,14345027.4,Pending
PO01076,SUP0070,PROD0109,2025-11-21,1955,9134.99,17858905.45,Cancelled
PO01077,SUP0047,PROD0122,2025-05-29,1516,13745.32,20837905.12,Delivered
PO01078,SUP0095,PROD0170,2025-02-05,233,15317.55,3568989.15,In Transit
PO01079,SUP0033,PROD0142,2025-09-03,1585,18157.37,28779431.45,Cancelled
PO01080,SUP0088,PROD0032,2026-01-07,2200,9193.44,20225568.0,Pending
PO01081,SUP0002,PROD0101,2026-02-02,1056,3026.98,3196490.88,Pending
PO01082,SUP0039,PROD0054,2025-08-30,666,18652.28,12422418.48,Partially Received
PO01083,SUP0005,PROD0071,2026-02-21,338,12121.03,4096908.14,Pending
PO01084,SUP0095,PROD0106,2026-04-28,1372,1139.05,1562776.6,Pending
PO01085,SUP0021,PROD0179,2025-04-13,1078,896.65,966588.7,Delivered
PO01086,SUP0095,PROD0084,2026-07-15,1866,8971.92,16741602.72,In Transit
PO01087,SUP0081,PROD0114,2025-07-08,567,10209.91,5789018.97,Delivered
PO01088,SUP0041,PROD0148,2025-11-09,346,20695.56,7160663.76,Delivered
PO01089,SUP0077,PROD0176,2025-05-14,1690,12184.4,20591636.0,Delivered
PO01090,SUP0095,PROD0035,2026-05-05,1077,10774.68,11604330.36,Partially Received
PO01091,SUP0037,PROD0051,2025-12-02,355,17151.34,6088725.7,Delivered
PO01092,SUP0074,PROD0058,2026-01-22,94,1991.81,187230.14,Pending
PO01093,SUP0012,PROD0119,2025-08-23,822,7376.58,6063548.76,Pending
PO01094,SUP0052,PROD0159,2025-02-20,1766,6478.03,11440200.98,Delivered
PO01095,SUP0022,PROD0146,2026-01-12,490,15079.84,7389121.6,Partially Received
PO01096,SUP0087,PROD0127,2026-04-10,495,19564.61,9684481.95,Delivered
PO01097,SUP0037,PROD0192,2025-09-30,2034,3147.15,6401303.1,Delivered
PO01098,SUP0077,PROD0056,2025-07-31,1169,22426.57,26216660.33,Delivered
PO01099,SUP0053,PROD0038,2025-07-04,127,17907.1,2274201.7,Delivered
PO01100,SUP0032,PROD0095,2026-04-07,2397,932.9,2236161.3,Delivered
PO01101,SUP0061,PROD0035,2025-01-11,1334,13021.9,17371214.6,Delivered
PO01102,SUP0092,PROD0099,2025-08-06,1743,1964.9,3424820.7,Delivered
PO01103,SUP0072,PROD0016,2025-04-08,223,10644.48,2373719.04,Delivered
PO01104,SUP0078,PROD0172,2025-12-29,2460,5877.95,14459757.0,Pending
PO01105,SUP0033,PROD0130,2025-01-06,1570,22221.04,34887032.8,Delivered
PO01106,SUP0017,PROD0144,2026-01-15,178,20304.69,3614234.82,Delivered
PO01107,SUP0064,PROD0087,2026-05-31,1927,18500.93,35651292.11,Delivered
PO01108,SUP0056,PROD0037,2026-06-28,1076,8680.07,9339755.32,Delivered
PO01109,SUP0064,PROD0072,2025-05-11,1486,6175.27,9176451.22,Delivered
PO01110,SUP0079,PROD0195,2025-09-27,1090,7627.57,8314051.3,Delivered
PO01111,SUP0041,PROD0189,2025-06-18,2022,6726.64,13601266.08,Delivered
PO01112,SUP0007,PROD0049,2026-03-27,618,4508.41,2786197.38,Delivered
PO01113,SUP0034,PROD0042,2026-04-27,1923,14603.71,28082934.33,Cancelled
PO01114,SUP0006,PROD0114,2026-05-22,1470,12952.44,19040086.8,Partially Received
PO01115,SUP0064,PROD0029,2026-04-14,616,5948.42,3664226.72,Delivered
PO01116,SUP0024,PROD0044,2025-10-18,2093,7071.2,14800021.6,Partially Received
PO01117,SUP0028,PROD0150,2026-08-23,26,22621.16,588150.16,Partially Received
PO01118,SUP0010,PROD0064,2026-03-03,2050,22209.25,45528962.5,Pending
PO01119,SUP0037,PROD0175,2025-01-27,509,2438.47,1241181.23,Partially Received
PO01120,SUP0042,PROD0040,2025-04-19,128,8787.96,1124858.88,Pending
PO01121,SUP0059,PROD0161,2026-05-07,1113,9379.72,10439628.36,Delivered
PO01122,SUP0084,PROD0160,2025-02-14,1865,7451.75,13897513.75,In Transit
PO01123,SUP0017,PROD0055,2026-08-06,209,2116.68,442386.12,Delivered
PO01124,SUP0096,PROD0019,2025-02-26,2251,22368.14,50350683.14,Delivered
PO01125,SUP0033,PROD0046,2026-02-13,993,7077.2,7027659.6,Pending
PO01126,SUP0003,PROD0054,2025-04-02,677,16505.67,11174338.59,Delivered
PO01127,SUP0016,PROD0077,2025-06-07,2020,19936.18,40271083.6,In Transit
PO01128,SUP0088,PROD0155,2025-11-14,547,7201.0,3938947.0,Delivered
PO01129,SUP0066,PROD0052,2026-01-12,2015,15013.42,30252041.3,Delivered
PO01130,SUP0073,PROD0154,2025-10-02,1742,2468.55,4300214.1,Delivered
PO01131,SUP0079,PROD0048,2026-01-13,1788,16792.26,30024560.88,Delivered
PO01132,SUP0044,PROD0119,2026-06-10,928,8101.06,7517783.68,In Transit
PO01133,SUP0068,PROD0162,2026-05-23,2159,7400.91,15978564.69,Delivered
PO01134,SUP0062,PROD0077,2025-03-23,618,20753.15,12825446.7,In Transit
PO01135,SUP0032,PROD0134,2025-11-04,1761,22951.88,40418260.68,Delivered
PO01136,SUP0006,PROD0132,2025-03-20,450,18685.7,8408565.0,Delivered
PO01137,SUP0085,PROD0185,2026-04-21,2338,5583.65,13054573.7,Delivered
PO01138,SUP0011,PROD0197,2026-08-23,2072,15762.7,32660314.4,In Transit
PO01139,SUP0023,PROD0047,2026-04-19,1619,16699.82,27037008.58,Delivered
PO01140,SUP0041,PROD0151,2025-11-01,1873,4264.84,7988045.32,Delivered
PO01141,SUP0044,PROD0048,2025-09-29,874,15051.04,13154608.96,In Transit
PO01142,SUP0087,PROD0028,2025-09-23,1786,11284.51,20154134.86,Delivered
PO01143,SUP0002,PROD0044,2025-04-30,1964,6500.35,12766687.4,Delivered
PO01144,SUP0039,PROD0159,2026-05-14,1487,6615.07,9836609.09,Cancelled
PO01145,SUP0039,PROD0023,2026-02-09,522,20370.01,10633145.22,Delivered
PO01146,SUP0090,PROD0049,2025-01-17,119,4695.79,558799.01,In Transit
PO01147,SUP0056,PROD0161,2025-09-05,2216,8491.93,18818116.88,Delivered
PO01148,SUP0019,PROD0122,2026-04-20,1738,11296.58,19633456.04,Delivered
PO01149,SUP0095,PROD0180,2025-06-06,1833,12404.44,22737338.52,Delivered
PO01150,SUP0075,PROD0063,2026-04-06,834,10396.1,8670347.4,Pending
PO01151,SUP0007,PROD0086,2026-02-06,42,1742.45,73182.9,Pending
PO01152,SUP0054,PROD0127,2026-03-19,2380,21431.78,51007636.4,Partially Received
PO01153,SUP0005,PROD0125,2025-10-25,1647,6940.86,11431596.42,Partially Received
PO01154,SUP0030,PROD0183,2026-05-15,258,2380.56,614184.48,Delivered
PO01155,SUP0071,PROD0017,2025-11-20,1107,18054.22,19986021.54,Delivered
PO01156,SUP0015,PROD0127,2026-04-30,1430,20690.08,29586814.4,Delivered
PO01157,SUP0037,PROD0186,2025-06-15,797,5421.19,4320688.43,Delivered
PO01158,SUP0029,PROD0151,2026-06-04,1399,4423.31,6188210.69,Pending
PO01159,SUP0017,PROD0076,2026-04-25,1608,6467.82,10400254.56,Pending
PO01160,SUP0061,PROD0042,2026-01-04,858,14055.69,12059782.02,In Transit
PO01161,SUP0017,PROD0045,2026-05-10,827,7546.56,6241005.12,Delivered
PO01162,SUP0064,PROD0078,2026-03-02,971,17196.89,16698180.19,Delivered
PO01163,SUP0046,PROD0067,2025-01-19,1472,5593.89,8234206.08,Delivered
PO01164,SUP0005,PROD0017,2026-05-31,1393,16223.84,22599809.12,Partially Received
PO01165,SUP0072,PROD0058,2025-05-04,2002,1693.87,3391127.74,Delivered
PO01166,SUP0099,PROD0012,2025-12-30,2291,7750.43,17756235.13,Delivered
PO01167,SUP0078,PROD0172,2026-06-12,436,5873.7,2560933.2,Pending
PO01168,SUP0059,PROD0194,2026-03-25,464,14075.09,6530841.76,In Transit
PO01169,SUP0072,PROD0011,2025-04-15,2087,16310.11,34039199.57,Partially Received
PO01170,SUP0047,PROD0041,2025-07-30,1206,24143.79,29117410.74,In Transit
PO01171,SUP0094,PROD0026,2026-05-26,641,20759.16,13306621.56,Delivered
PO01172,SUP0016,PROD0052,2025-05-22,1808,16927.27,30604504.16,In Transit
PO01173,SUP0032,PROD0122,2025-01-07,1408,12108.0,17048064.0,Delivered
PO01174,SUP0048,PROD0184,2025-09-30,1709,19028.48,32519672.32,In Transit
PO01175,SUP0097,PROD0193,2025-06-05,2179,11723.59,25545702.61,Delivered
PO01176,SUP0053,PROD0105,2026-03-16,1889,16306.4,30802789.6,Delivered
PO01177,SUP0004,PROD0114,2026-01-06,606,12344.06,7480500.36,In Transit
PO01178,SUP0009,PROD0022,2026-06-14,1395,11848.74,16528992.3,Cancelled
PO01179,SUP0056,PROD0016,2025-06-18,1620,11779.13,19082190.6,In Transit
PO01180,SUP0074,PROD0015,2025-06-04,2139,8050.04,17219035.56,Delivered
PO01181,SUP0039,PROD0185,2026-07-21,1294,5703.82,7380743.08,Delivered
PO01182,SUP0068,PROD0157,2025-10-14,611,19546.2,11942728.2,Delivered
PO01183,SUP0070,PROD0160,2025-07-30,1821,8147.26,14836160.46,Pending
PO01184,SUP0100,PROD0051,2026-02-19,1245,15763.59,19625669.55,Partially Received
PO01185,SUP0093,PROD0185,2026-02-04,526,5219.24,2745320.24,Partially Received
PO01186,SUP0012,PROD0131,2025-08-07,2270,9189.99,20861277.3,Delivered
PO01187,SUP0003,PROD0008,2025-06-13,2221,22995.08,51072072.68,Delivered
PO01188,SUP0093,PROD0109,2025-11-08,2079,7933.01,16492727.79,Delivered
PO01189,SUP0034,PROD0161,2026-01-17,2088,8851.98,18482934.24,Delivered
PO01190,SUP0058,PROD0077,2025-05-08,2354,19649.52,46254970.08,Delivered
PO01191,SUP0096,PROD0149,2025-08-30,2326,16799.62,39075916.12,Pending
PO01192,SUP0077,PROD0060,2026-07-01,1444,15151.63,21878953.72,In Transit
PO01193,SUP0087,PROD0036,2026-08-10,1556,9831.95,15298514.2,Delivered
PO01194,SUP0067,PROD0150,2025-12-02,798,24222.66,19329682.68,Delivered
PO01195,SUP0019,PROD0183,2025-04-11,1753,2550.88,4471692.64,Delivered
PO01196,SUP0055,PROD0034,2025-03-05,1960,1565.54,3068458.4,Delivered
PO01197,SUP0052,PROD0151,2026-06-23,2299,4035.01,9276487.99,Delivered
PO01198,SUP0075,PROD0128,2025-09-28,1744,12543.53,21875916.32,In Transit
PO01199,SUP0094,PROD0107,2026-05-17,677,14922.97,10102850.69,Delivered
PO01200,SUP0017,PROD0181,2026-04-14,2112,26662.91,56312065.92,Delivered
PO01201,SUP0059,PROD0122,2025-08-06,143,13516.02,1932790.86,Pending
PO01202,SUP0016,PROD0155,2026-01-14,1683,6756.13,11370566.79,Delivered
PO01203,SUP0006,PROD0134,2025-10-24,637,21922.27,13964485.99,Delivered
PO01204,SUP0039,PROD0076,2026-01-19,2000,5165.12,10330240.0,Delivered
PO01205,SUP0054,PROD0013,2026-08-27,1259,11543.32,14533039.88,Delivered
PO01206,SUP0001,PROD0032,2026-05-16,2252,8142.4,18336684.8,Pending
PO01207,SUP0062,PROD0147,2026-03-04,1278,2080.21,2658508.38,Pending
PO01208,SUP0061,PROD0185,2026-01-22,2490,4736.02,11792689.8,Delivered
PO01209,SUP0098,PROD0116,2026-04-17,1849,4718.59,8724672.91,In Transit
PO01210,SUP0080,PROD0171,2025-04-02,1687,11509.06,19415784.22,Pending
PO01211,SUP0070,PROD0012,2025-12-14,1824,8673.24,15819989.76,In Transit
PO01212,SUP0091,PROD0007,2025-06-19,2352,15660.94,36834530.88,In Transit
PO01213,SUP0072,PROD0166,2025-11-13,517,20816.45,10762104.65,Delivered
PO01214,SUP0074,PROD0194,2026-07-09,226,14022.43,3169069.18,Partially Received
PO01215,SUP0065,PROD0005,2026-05-03,502,24980.43,12540175.86,Partially Received
PO01216,SUP0036,PROD0053,2025-01-20,1014,2993.3,3035206.2,Pending
PO01217,SUP0057,PROD0022,2026-08-17,2195,12717.88,27915746.6,Delivered
PO01218,SUP0063,PROD0006,2025-02-16,1402,14720.63,20638323.26,Delivered
PO01219,SUP0041,PROD0098,2026-06-25,1063,12310.64,13086210.32,Cancelled
PO01220,SUP0022,PROD0074,2026-07-09,599,23018.47,13788063.53,In Transit
PO01221,SUP0040,PROD0105,2025-06-07,703,13153.77,9247100.31,Cancelled
PO01222,SUP0004,PROD0183,2025-07-05,249,2249.88,560220.12,Delivered
PO01223,SUP0053,PROD0083,2025-05-26,1066,13955.88,14876968.08,Pending
PO01224,SUP0007,PROD0052,2025-05-04,991,16133.16,15987961.56,Partially Received
PO01225,SUP0066,PROD0193,2026-05-20,2076,11618.42,24119839.92,Delivered
PO01226,SUP0041,PROD0119,2025-03-04,2275,7649.4,17402385.0,Delivered
PO01227,SUP0082,PROD0060,2026-02-22,86,15036.85,1293169.1,Cancelled
PO01228,SUP0032,PROD0196,2025-04-14,2282,21965.58,50125453.56,Delivered
PO01229,SUP0053,PROD0115,2026-08-05,353,9851.44,3477558.32,Delivered
PO01230,SUP0048,PROD0139,2025-05-26,698,10196.22,7116961.56,Partially Received
PO01231,SUP0072,PROD0116,2026-03-10,181,4535.59,820941.79,Delivered
PO01232,SUP0084,PROD0043,2025-10-24,12,3096.23,37154.76,Pending
PO01233,SUP0077,PROD0065,2025-10-07,1567,6894.81,10804167.27,Pending
PO01234,SUP0075,PROD0131,2025-08-06,1162,8573.85,9962813.7,In Transit
PO01235,SUP0009,PROD0077,2026-07-31,377,18125.43,6833287.11,Delivered
PO01236,SUP0093,PROD0143,2025-05-24,1154,18951.89,21870481.06,Delivered
PO01237,SUP0041,PROD0175,2026-06-01,1413,2583.19,3650047.47,Cancelled
PO01238,SUP0035,PROD0063,2026-04-09,1327,10518.91,13958593.57,Delivered
PO01239,SUP0003,PROD0178,2025-12-03,557,21588.63,12024866.91,Delivered
PO01240,SUP0001,PROD0003,2026-05-03,720,15730.9,11326248.0,Pending
PO01241,SUP0098,PROD0101,2026-05-16,2214,2859.33,6330556.62,Pending
PO01242,SUP0069,PROD0008,2025-03-21,1833,23425.61,42939143.13,Delivered
PO01243,SUP0077,PROD0092,2026-01-21,1594,6157.83,9815581.02,In Transit
PO01244,SUP0016,PROD0119,2025-01-09,1527,8643.05,13197937.35,Delivered
PO01245,SUP0096,PROD0006,2025-08-15,1161,15594.24,18104912.64,In Transit
PO01246,SUP0012,PROD0158,2025-07-16,1251,21549.28,26958149.28,Delivered
PO01247,SUP0047,PROD0010,2026-05-21,1159,10809.32,12528001.88,In Transit
PO01248,SUP0001,PROD0051,2025-08-03,1632,15875.65,25909060.8,Delivered
PO01249,SUP0064,PROD0044,2026-05-28,2270,6080.74,13803279.8,In Transit
PO01250,SUP0023,PROD0017,2026-08-02,2419,15026.54,36349200.26,Delivered
PO01251,SUP0073,PROD0059,2025-09-23,2152,21702.65,46704102.8,Delivered
PO01252,SUP0089,PROD0174,2025-01-24,2192,24310.79,53289251.68,In Transit
PO01253,SUP0001,PROD0110,2026-04-10,222,23276.78,5167445.16,Delivered
PO01254,SUP0036,PROD0032,2026-02-21,2132,8381.56,17869485.92,Delivered
PO01255,SUP0093,PROD0058,2025-02-14,202,1702.55,343915.1,Delivered
PO01256,SUP0041,PROD0002,2026-04-05,1615,6508.06,10510516.9,Delivered
PO01257,SUP0004,PROD0189,2026-08-09,934,7052.2,6586754.8,Delivered
PO01258,SUP0032,PROD0051,2025-03-18,683,16792.98,11469605.34,Delivered
PO01259,SUP0004,PROD0123,2025-04-10,1779,26319.66,46822675.14,Partially Received
PO01260,SUP0033,PROD0064,2025-12-09,451,21169.58,9547480.58,Cancelled
PO01261,SUP0043,PROD0134,2025-02-25,979,26705.99,26145164.21,In Transit
PO01262,SUP0098,PROD0025,2026-03-26,1838,14235.21,26164315.98,Delivered
PO01263,SUP0005,PROD0097,2025-03-04,1293,18106.72,23411988.96,In Transit
PO01264,SUP0008,PROD0114,2025-05-11,234,11040.11,2583385.74,Partially Received
PO01265,SUP0014,PROD0174,2025-03-09,238,23997.34,5711366.92,Delivered
PO01266,SUP0052,PROD0025,2026-01-26,1693,13075.69,22137143.17,Partially Received
PO01267,SUP0059,PROD0099,2025-01-11,1911,1991.26,3805297.86,Pending
PO01268,SUP0044,PROD0167,2025-04-14,116,18665.44,2165191.04,Delivered
PO01269,SUP0014,PROD0027,2025-07-17,60,15697.86,941871.6,Delivered
PO01270,SUP0074,PROD0033,2025-07-18,2094,3614.17,7568071.98,Delivered
PO01271,SUP0024,PROD0063,2026-04-01,573,11714.0,6712122.0,Delivered
PO01272,SUP0075,PROD0112,2025-11-16,2111,2525.41,5331140.51,In Transit
PO01273,SUP0075,PROD0139,2025-11-15,606,8741.71,5297476.26,Delivered
PO01274,SUP0038,PROD0095,2025-12-18,43,897.18,38578.74,In Transit
PO01275,SUP0008,PROD0061,2025-05-29,2087,4811.7,10042017.9,Partially Received
PO01276,SUP0055,PROD0089,2025-02-25,810,10652.21,8628290.1,In Transit
PO01277,SUP0009,PROD0088,2025-07-26,785,3153.95,2475850.75,In Transit
PO01278,SUP0077,PROD0178,2026-04-24,1366,22617.56,30895586.96,Partially Received
PO01279,SUP0079,PROD0077,2025-12-10,1724,17827.86,30735230.64,Delivered
PO01280,SUP0064,PROD0057,2025-02-13,25,20235.47,505886.75,In Transit
PO01281,SUP0080,PROD0055,2026-04-23,989,1964.71,1943098.19,In Transit
PO01282,SUP0095,PROD0097,2025-12-06,850,16160.56,13736476.0,Pending
PO01283,SUP0047,PROD0003,2025-01-07,312,15517.76,4841541.12,Partially Received
PO01284,SUP0038,PROD0113,2025-05-26,806,25021.59,20167401.54,Pending
PO01285,SUP0006,PROD0008,2026-01-04,825,20864.23,17212989.75,Delivered
PO01286,SUP0093,PROD0045,2025-09-26,1401,8911.03,12484353.03,Delivered
PO01287,SUP0003,PROD0046,2025-07-20,1082,6994.08,7567594.56,Delivered
PO01288,SUP0049,PROD0168,2025-05-21,464,8838.45,4101040.8,Delivered
PO01289,SUP0031,PROD0095,2026-04-13,1535,927.89,1424311.15,Pending
PO01290,SUP0092,PROD0017,2026-03-21,495,15090.63,7469861.85,Pending
PO01291,SUP0025,PROD0137,2025-07-14,1559,20467.78,31909269.02,Delivered
PO01292,SUP0082,PROD0063,2026-03-16,199,11624.92,2313359.08,Partially Received
PO01293,SUP0038,PROD0039,2026-07-03,1352,5211.34,7045731.68,Partially Received
PO01294,SUP0017,PROD0131,2025-10-14,2402,10514.78,25256501.56,Delivered
PO01295,SUP0061,PROD0170,2025-03-25,275,13478.16,3706494.0,Delivered
PO01296,SUP0048,PROD0128,2026-06-06,2135,11111.84,23723778.4,Delivered
PO01297,SUP0068,PROD0178,2026-01-18,1989,21935.03,43628774.67,Delivered
PO01298,SUP0075,PROD0103,2025-10-02,2401,15521.52,37267169.52,Delivered
PO01299,SUP0058,PROD0061,2025-07-27,1631,4167.48,6797159.88,Delivered
PO01300,SUP0074,PROD0041,2026-01-22,1542,21640.28,33369311.76,Delivered
PO01301,SUP0038,PROD0114,2025-03-28,2135,11179.5,23868232.5,Partially Received
PO01302,SUP0066,PROD0160,2026-04-22,1387,7640.65,10597581.55,Delivered
PO01303,SUP0048,PROD0128,2026-02-23,1308,10597.4,13861399.2,Delivered
PO01304,SUP0030,PROD0068,2026-03-29,320,21272.99,6807356.8,Delivered
PO01305,SUP0066,PROD0140,2026-05-29,330,1041.48,343688.4,Pending
PO01306,SUP0016,PROD0019,2025-04-11,1485,17943.4,26645949.0,Delivered
PO01307,SUP0087,PROD0085,2025-07-21,1034,2784.65,2879328.1,Pending
PO01308,SUP0025,PROD0181,2025-10-09,2484,27455.89,68200430.76,Cancelled
PO01309,SUP0034,PROD0003,2026-07-11,1236,15224.56,18817556.16,Delivered
PO01310,SUP0052,PROD0149,2026-02-18,58,15869.23,920415.34,Delivered
PO01311,SUP0051,PROD0059,2025-06-02,939,21675.19,20353003.41,Delivered
PO01312,SUP0067,PROD0151,2025-08-28,2273,4265.1,9694572.3,In Transit
PO01313,SUP0044,PROD0022,2026-04-18,1292,13428.98,17350242.16,Delivered
PO01314,SUP0027,PROD0113,2026-03-04,1853,26311.73,48755635.69,Delivered
PO01315,SUP0074,PROD0033,2025-05-23,1261,4247.16,5355668.76,Delivered
PO01316,SUP0044,PROD0058,2025-12-30,1726,1766.34,3048702.84,In Transit
PO01317,SUP0039,PROD0084,2026-07-05,2414,7589.75,18321656.5,In Transit
PO01318,SUP0020,PROD0085,2025-05-23,2337,3014.14,7044045.18,Partially Received
PO01319,SUP0051,PROD0098,2026-08-11,846,15120.46,12791909.16,Delivered
PO01320,SUP0025,PROD0122,2026-01-31,454,12236.89,5555548.06,Cancelled
PO01321,SUP0012,PROD0044,2025-11-08,437,6838.57,2988455.09,Delivered
PO01322,SUP0004,PROD0048,2026-05-16,825,14599.34,12044455.5,Cancelled
PO01323,SUP0027,PROD0060,2025-10-18,1202,16528.42,19867160.84,Delivered
PO01324,SUP0048,PROD0133,2025-02-28,55,11445.09,629479.95,Pending
PO01325,SUP0051,PROD0041,2026-02-25,463,20948.27,9699049.01,Delivered
PO01326,SUP0050,PROD0053,2025-03-12,542,3020.43,1637073.06,Delivered
PO01327,SUP0021,PROD0155,2026-05-02,2365,8238.68,19484478.2,Partially Received
PO01328,SUP0092,PROD0176,2026-05-30,1889,10771.23,20346853.47,Delivered
PO01329,SUP0058,PROD0017,2025-05-27,1645,16913.72,27823069.4,Delivered
PO01330,SUP0073,PROD0126,2025-12-03,1894,6677.61,12647393.34,Delivered
PO01331,SUP0037,PROD0166,2025-04-04,1879,19381.56,36417951.24,Pending
PO01332,SUP0051,PROD0157,2025-11-01,727,18269.47,13281904.69,Delivered
PO01333,SUP0059,PROD0099,2026-03-19,761,1948.13,1482526.93,Delivered
PO01334,SUP0031,PROD0041,2025-02-14,1131,25106.23,28395146.13,Partially Received
PO01335,SUP0090,PROD0186,2025-03-10,899,5997.27,5391545.73,Delivered
PO01336,SUP0016,PROD0095,2026-07-21,323,948.15,306252.45,Delivered
PO01337,SUP0053,PROD0116,2025-11-30,685,4846.93,3320147.05,Delivered
PO01338,SUP0004,PROD0019,2026-04-19,1901,19603.98,37267165.98,In Transit
PO01339,SUP0051,PROD0010,2025-07-19,53,10179.83,539530.99,In Transit
PO01340,SUP0042,PROD0172,2025-05-20,1911,5576.0,10655736.0,Delivered
PO01341,SUP0085,PROD0063,2026-07-16,1802,9990.45,18002790.9,Pending
PO01342,SUP0022,PROD0005,2025-06-15,2496,21758.96,54310364.16,Delivered
PO01343,SUP0095,PROD0101,2026-07-02,699,2856.62,1996777.38,In Transit
PO01344,SUP0020,PROD0113,2025-10-07,1476,22382.07,33035935.32,In Transit
PO01345,SUP0028,PROD0114,2026-06-30,205,12528.66,2568375.3,Pending
PO01346,SUP0050,PROD0177,2025-04-16,1272,18327.6,23312707.2,Partially Received
PO01347,SUP0099,PROD0097,2025-02-19,836,18260.64,15265895.04,Delivered
PO01348,SUP0026,PROD0024,2025-09-02,75,4379.21,328440.75,Cancelled
PO01349,SUP0025,PROD0175,2025-12-12,268,2334.23,625573.64,Pending
PO01350,SUP0093,PROD0043,2025-06-21,190,3391.58,644400.2,Delivered
PO01351,SUP0042,PROD0144,2025-12-01,786,20515.94,16125528.84,Pending
PO01352,SUP0055,PROD0031,2026-02-09,961,1872.76,1799722.36,Delivered
PO01353,SUP0002,PROD0103,2025-06-27,1305,13228.19,17262787.95,Delivered
PO01354,SUP0009,PROD0169,2025-08-14,1150,13935.45,16025767.5,Delivered
PO01355,SUP0028,PROD0106,2025-03-10,1245,1152.08,1434339.6,Delivered
PO01356,SUP0092,PROD0138,2025-04-15,2341,15974.77,37396936.57,Cancelled
PO01357,SUP0081,PROD0179,2025-11-29,1601,933.52,1494565.52,Cancelled
PO01358,SUP0043,PROD0045,2025-05-17,1312,9168.61,12029216.32,In Transit
PO01359,SUP0043,PROD0005,2025-03-11,2406,23771.28,57193699.68,Delivered
PO01360,SUP0065,PROD0151,2025-08-27,64,3758.98,240574.72,Partially Received
PO01361,SUP0040,PROD0061,2025-05-08,1765,4745.26,8375383.9,Partially Received
PO01362,SUP0018,PROD0096,2025-03-03,2052,1763.31,3618312.12,Delivered
PO01363,SUP0083,PROD0010,2025-07-29,985,11928.24,11749316.4,Partially Received
PO01364,SUP0095,PROD0085,2026-03-31,559,2767.4,1546976.6,In Transit
PO01365,SUP0067,PROD0107,2025-02-10,1191,17296.71,20600381.61,Delivered
PO01366,SUP0044,PROD0063,2025-12-06,853,11037.69,9415149.57,Pending
PO01367,SUP0088,PROD0179,2025-09-12,921,918.51,845947.71,Delivered
PO01368,SUP0024,PROD0114,2025-11-26,34,10381.13,352958.42,Delivered
PO01369,SUP0007,PROD0163,2025-07-17,589,3728.26,2195945.14,Delivered
PO01370,SUP0076,PROD0141,2025-06-27,847,23357.77,19784031.19,Delivered
PO01371,SUP0040,PROD0043,2026-04-24,819,3249.72,2661520.68,Delivered
PO01372,SUP0039,PROD0074,2025-09-12,2371,24606.73,58342556.83,Partially Received
PO01373,SUP0062,PROD0021,2025-10-06,1482,10153.7,15047783.4,Delivered
PO01374,SUP0055,PROD0130,2026-03-28,1785,24784.08,44239582.8,Pending
PO01375,SUP0003,PROD0196,2026-05-09,1572,20825.37,32737481.64,Delivered
PO01376,SUP0077,PROD0138,2025-11-04,635,17562.18,11151984.3,Delivered
PO01377,SUP0060,PROD0079,2026-01-25,1867,19745.45,36864755.15,Partially Received
PO01378,SUP0010,PROD0086,2026-05-08,569,2025.46,1152486.74,Delivered
PO01379,SUP0001,PROD0004,2025-07-14,2060,3117.66,6422379.6,Delivered
PO01380,SUP0054,PROD0102,2026-02-19,1538,12202.44,18767352.72,Delivered
PO01381,SUP0010,PROD0105,2026-08-26,169,16449.85,2780024.65,Delivered
PO01382,SUP0021,PROD0050,2026-08-03,1797,3579.27,6431948.19,In Transit
PO01383,SUP0066,PROD0182,2025-12-23,2011,10325.64,20764862.04,Delivered
PO01384,SUP0084,PROD0099,2025-03-01,1746,1964.7,3430366.2,Delivered
PO01385,SUP0047,PROD0162,2025-02-05,125,8611.5,1076437.5,In Transit
PO01386,SUP0078,PROD0117,2025-09-25,613,10349.3,6344120.9,Partially Received
PO01387,SUP0002,PROD0030,2025-06-15,388,12577.44,4880046.72,Pending
PO01388,SUP0091,PROD0151,2026-02-12,339,4034.62,1367736.18,Delivered
PO01389,SUP0022,PROD0110,2026-03-10,1045,22442.5,23452412.5,Delivered
PO01390,SUP0085,PROD0098,2026-06-30,2410,13021.41,31381598.1,Delivered
PO01391,SUP0014,PROD0163,2025-04-02,2355,3597.43,8471947.65,Delivered
PO01392,SUP0035,PROD0192,2025-05-27,868,3573.08,3101433.44,Delivered
PO01393,SUP0001,PROD0044,2025-11-12,2024,5778.01,11694692.24,Delivered
PO01394,SUP0068,PROD0107,2026-03-04,1191,17228.15,20518726.65,Delivered
PO01395,SUP0024,PROD0181,2026-01-19,560,22747.29,12738482.4,Delivered
PO01396,SUP0058,PROD0146,2025-04-23,880,15782.56,13888652.8,Delivered
PO01397,SUP0098,PROD0050,2025-07-07,1072,3599.28,3858428.16,Pending
PO01398,SUP0081,PROD0160,2026-03-28,457,8466.29,3869094.53,Delivered
PO01399,SUP0011,PROD0097,2025-10-28,520,15669.62,8148202.4,Delivered
PO01400,SUP0031,PROD0123,2026-08-23,1997,25524.11,50971647.67,Delivered
PO01401,SUP0035,PROD0193,2025-03-04,39,12422.12,484462.68,In Transit
PO01402,SUP0013,PROD0055,2025-02-12,2149,2112.05,4538795.45,Delivered
PO01403,SUP0098,PROD0069,2026-06-17,2000,23553.43,47106860.0,Delivered
PO01404,SUP0044,PROD0095,2026-03-16,1415,1000.48,1415679.2,Pending
PO01405,SUP0086,PROD0103,2026-01-05,1560,15381.53,23995186.8,Cancelled
PO01406,SUP0013,PROD0001,2025-12-05,1881,6136.39,11542549.59,Delivered
PO01407,SUP0004,PROD0155,2025-05-23,513,8113.2,4162071.6,Delivered
PO01408,SUP0048,PROD0116,2025-09-12,1956,5171.11,10114691.16,In Transit
PO01409,SUP0082,PROD0083,2025-01-04,78,14847.55,1158108.9,Pending
PO01410,SUP0087,PROD0114,2025-11-30,966,11889.48,11485237.68,Delivered
PO01411,SUP0045,PROD0110,2025-03-25,1960,23961.67,46964873.2,Pending
PO01412,SUP0094,PROD0099,2025-04-13,1213,1907.36,2313627.68,In Transit
PO01413,SUP0074,PROD0184,2026-06-17,2076,17474.48,36277020.48,Delivered
PO01414,SUP0039,PROD0173,2025-03-31,2257,18160.26,40987706.82,Delivered
PO01415,SUP0015,PROD0124,2026-04-02,2224,3455.37,7684742.88,Delivered
PO01416,SUP0014,PROD0112,2025-04-02,129,2088.98,269478.42,Pending
PO01417,SUP0099,PROD0072,2026-01-28,912,5896.87,5377945.44,In Transit
PO01418,SUP0086,PROD0035,2025-05-07,2199,12065.54,26532122.46,Delivered
PO01419,SUP0029,PROD0148,2025-12-07,2470,20442.66,50493370.2,Delivered
PO01420,SUP0084,PROD0165,2026-01-26,2311,25415.91,58736168.01,Delivered
PO01421,SUP0029,PROD0067,2025-08-27,483,5096.84,2461773.72,Delivered
PO01422,SUP0095,PROD0152,2025-12-15,780,7977.28,6222278.4,Delivered
PO01423,SUP0017,PROD0081,2026-01-12,1567,1236.67,1937861.89,Delivered
PO01424,SUP0076,PROD0138,2025-03-05,787,18786.95,14785329.65,Cancelled
PO01425,SUP0099,PROD0094,2025-11-24,527,10308.9,5432790.3,Partially Received
PO01426,SUP0014,PROD0102,2025-08-16,47,12667.12,595354.64,Delivered
PO01427,SUP0038,PROD0057,2025-05-29,2057,20429.18,42022823.26,Delivered
PO01428,SUP0019,PROD0192,2025-10-18,150,3315.68,497352.0,Delivered
PO01429,SUP0036,PROD0181,2025-05-07,2360,24396.89,57576660.4,Pending
PO01430,SUP0038,PROD0181,2026-05-22,1552,21927.92,34032131.84,Pending
PO01431,SUP0092,PROD0054,2025-06-06,931,17775.2,16548711.2,Delivered
PO01432,SUP0063,PROD0187,2025-07-03,1614,18781.56,30313437.84,Pending
PO01433,SUP0003,PROD0141,2025-06-13,1616,23962.81,38723900.96,In Transit
PO01434,SUP0097,PROD0101,2025-12-23,1611,2852.22,4594926.42,In Transit
PO01435,SUP0090,PROD0050,2025-10-17,2254,3143.2,7084772.8,Delivered
PO01436,SUP0007,PROD0182,2026-08-18,1255,9899.7,12424123.5,Delivered
PO01437,SUP0057,PROD0179,2025-05-21,1986,850.4,1688894.4,Delivered
PO01438,SUP0096,PROD0051,2025-08-12,47,16931.67,795788.49,Pending
PO01439,SUP0087,PROD0038,2025-04-15,1552,20894.91,32428900.32,Delivered
PO01440,SUP0008,PROD0025,2025-06-22,1466,15560.37,22811502.42,Delivered
PO01441,SUP0016,PROD0132,2025-02-23,1396,19055.81,26601910.76,Cancelled
PO01442,SUP0032,PROD0009,2026-02-18,496,16639.41,8253147.36,Delivered
PO01443,SUP0084,PROD0191,2025-06-26,1547,8687.83,13440073.01,Cancelled
PO01444,SUP0100,PROD0119,2025-04-02,1575,7401.81,11657850.75,In Transit
PO01445,SUP0002,PROD0031,2026-01-12,487,1809.46,881207.02,Delivered
PO01446,SUP0029,PROD0006,2026-06-06,2413,15208.36,36697772.68,Partially Received
PO01447,SUP0089,PROD0191,2025-10-08,397,8724.0,3463428.0,Delivered
PO01448,SUP0083,PROD0180,2026-05-11,1786,10621.67,18970302.62,Delivered
PO01449,SUP0009,PROD0183,2025-11-30,2211,2185.68,4832538.48,Pending
PO01450,SUP0051,PROD0143,2025-01-21,2207,18556.57,40954349.99,Partially Received
PO01451,SUP0067,PROD0150,2025-03-07,2217,23634.06,52396711.02,Pending
PO01452,SUP0097,PROD0193,2025-05-08,859,13283.41,11410449.19,Pending
PO01453,SUP0077,PROD0178,2025-07-05,747,18379.6,13729561.2,Delivered
PO01454,SUP0016,PROD0011,2025-11-18,537,18340.92,9849074.04,In Transit
PO01455,SUP0072,PROD0066,2025-03-31,153,715.92,109535.76,Delivered
PO01456,SUP0047,PROD0140,2025-11-02,712,956.61,681106.32,Pending
PO01457,SUP0032,PROD0077,2025-01-01,199,20583.71,4096158.29,Delivered
PO01458,SUP0085,PROD0137,2025-10-28,1832,17865.32,32729266.24,Delivered
PO01459,SUP0067,PROD0091,2025-11-17,2492,24226.05,60371316.6,Delivered
PO01460,SUP0085,PROD0012,2025-04-12,981,7295.83,7157209.23,Delivered
PO01461,SUP0018,PROD0155,2025-08-09,2271,6945.21,15772571.91,Delivered
PO01462,SUP0094,PROD0160,2025-05-12,1738,6984.0,12138192.0,Delivered
PO01463,SUP0084,PROD0042,2026-01-26,1648,14673.61,24182109.28,Pending
PO01464,SUP0089,PROD0037,2026-03-12,2205,8879.48,19579253.4,Partially Received
PO01465,SUP0082,PROD0179,2025-10-03,799,941.37,752154.63,Partially Received
PO01466,SUP0078,PROD0042,2026-06-08,1729,15974.49,27619893.21,Delivered
PO01467,SUP0049,PROD0007,2026-03-21,2482,14266.4,35409204.8,Delivered
PO01468,SUP0015,PROD0176,2026-06-29,2256,11130.09,25109483.04,Delivered
PO01469,SUP0047,PROD0086,2025-04-02,1129,1762.64,1990020.56,Pending
PO01470,SUP0002,PROD0026,2025-10-08,1554,22358.73,34745466.42,Delivered
PO01471,SUP0016,PROD0045,2025-04-18,2166,8675.72,18791609.52,Delivered
PO01472,SUP0013,PROD0136,2026-05-17,1439,10792.04,15529745.56,Pending
PO01473,SUP0035,PROD0156,2026-07-19,415,7578.68,3145152.2,Delivered
PO01474,SUP0024,PROD0089,2026-02-03,2187,9677.56,21164823.72,Pending
PO01475,SUP0062,PROD0152,2026-02-17,532,7099.21,3776779.72,In Transit
PO01476,SUP0085,PROD0033,2025-06-09,594,3727.04,2213861.76,In Transit
PO01477,SUP0093,PROD0164,2025-02-24,1526,13211.46,20160687.96,Delivered
PO01478,SUP0091,PROD0118,2026-03-05,759,23974.38,18196554.42,Delivered
PO01479,SUP0065,PROD0074,2026-04-25,1139,27622.64,31462186.96,Partially Received
PO01480,SUP0040,PROD0163,2025-08-23,366,3735.69,1367262.54,Delivered
PO01481,SUP0012,PROD0163,2025-11-17,335,3030.7,1015284.5,Delivered
PO01482,SUP0022,PROD0148,2025-04-06,245,20551.79,5035188.55,Delivered
PO01483,SUP0002,PROD0109,2026-05-20,2093,9659.44,20217207.92,Delivered
PO01484,SUP0066,PROD0176,2026-05-25,2190,11925.48,26116801.2,Delivered
PO01485,SUP0096,PROD0002,2025-07-14,1750,7364.25,12887437.5,In Transit
PO01486,SUP0095,PROD0170,2025-09-08,2173,15294.34,33234600.82,Delivered
PO01487,SUP0022,PROD0173,2026-04-05,2154,17834.74,38416029.96,Delivered
PO01488,SUP0018,PROD0132,2026-01-11,1457,20662.07,30104635.99,Delivered
PO01489,SUP0022,PROD0096,2026-01-24,473,1781.71,842748.83,In Transit
PO01490,SUP0099,PROD0031,2026-07-07,1198,1913.97,2292936.06,Delivered
PO01491,SUP0001,PROD0189,2025-08-07,2339,6164.78,14419420.42,Pending
PO01492,SUP0005,PROD0119,2026-06-12,2009,6992.99,14048916.91,Delivered
PO01493,SUP0043,PROD0077,2026-04-17,1459,16839.68,24569093.12,Delivered
PO01494,SUP0052,PROD0091,2025-07-10,46,21709.05,998616.3,Delivered
PO01495,SUP0068,PROD0132,2025-03-28,639,18238.68,11654516.52,Pending
PO01496,SUP0020,PROD0197,2025-01-08,1034,16660.75,17227215.5,Delivered
PO01497,SUP0047,PROD0110,2025-11-03,756,21642.28,16361563.68,Delivered
PO01498,SUP0085,PROD0113,2026-03-26,672,22160.46,14891829.12,In Transit
PO01499,SUP0046,PROD0182,2025-01-06,822,9067.08,7453139.76,Delivered
PO01500,SUP0051,PROD0108,2025-05-17,1366,11995.33,16385620.78,Delivered
PO01501,SUP0062,PROD0171,2025-07-23,1098,10746.95,11800151.1,Delivered
PO01502,SUP0088,PROD0183,2026-05-23,531,2265.13,1202784.03,In Transit
PO01503,SUP0065,PROD0186,2026-02-14,1602,4978.39,7975380.78,Cancelled
PO01504,SUP0017,PROD0040,2025-01-22,1419,9770.32,13864084.08,In Transit
PO01505,SUP0007,PROD0174,2025-08-31,1411,23261.44,32821891.84,Partially Received
PO01506,SUP0056,PROD0123,2025-01-09,1195,23226.77,27755990.15,Delivered
PO01507,SUP0032,PROD0159,2026-03-16,634,6673.65,4231094.1,Delivered
PO01508,SUP0099,PROD0030,2025-10-15,1089,13598.14,14808374.46,Delivered
PO01509,SUP0026,PROD0122,2026-03-16,432,13377.13,5778920.16,Delivered
PO01510,SUP0025,PROD0152,2025-07-05,619,7045.54,4361189.26,Delivered
PO01511,SUP0036,PROD0050,2025-02-09,608,3168.38,1926375.04,Partially Received
PO01512,SUP0007,PROD0098,2025-04-04,1678,13732.3,23042799.4,In Transit
PO01513,SUP0029,PROD0087,2025-08-25,1755,20192.33,35437539.15,Delivered
PO01514,SUP0039,PROD0029,2025-02-22,1112,6324.95,7033344.4,Pending
PO01515,SUP0032,PROD0082,2026-03-05,204,14755.49,3010119.96,Delivered
PO01516,SUP0028,PROD0074,2025-11-26,1943,23601.44,45857597.92,Partially Received
PO01517,SUP0024,PROD0065,2026-03-18,2022,5955.49,12042000.78,Delivered
PO01518,SUP0086,PROD0004,2025-04-10,2270,3146.09,7141624.3,Delivered
PO01519,SUP0095,PROD0093,2026-01-05,2422,4441.99,10758499.78,Delivered
PO01520,SUP0027,PROD0150,2025-10-10,1583,20253.75,32061686.25,Delivered
PO01521,SUP0006,PROD0151,2025-05-04,790,3720.73,2939376.7,Delivered
PO01522,SUP0010,PROD0140,2025-04-12,1414,928.17,1312432.38,Delivered
PO01523,SUP0069,PROD0185,2025-07-26,639,4625.08,2955426.12,Delivered
PO01524,SUP0092,PROD0065,2026-07-18,2305,6859.17,15810386.85,Pending
PO01525,SUP0081,PROD0184,2026-04-05,490,21628.13,10597783.7,Delivered
PO01526,SUP0068,PROD0129,2026-03-06,99,12727.97,1260069.03,Delivered
PO01527,SUP0038,PROD0012,2025-05-13,2329,7343.23,17102382.67,Cancelled
PO01528,SUP0095,PROD0102,2025-07-14,2037,13108.15,26701301.55,Pending
PO01529,SUP0022,PROD0113,2025-03-18,2096,23582.56,49429045.76,In Transit
PO01530,SUP0078,PROD0070,2026-02-15,857,11326.11,9706476.27,Delivered
PO01531,SUP0076,PROD0179,2025-08-12,46,976.76,44930.96,Pending
PO01532,SUP0065,PROD0182,2026-04-12,2160,9422.75,20353140.0,Pending
PO01533,SUP0091,PROD0069,2025-10-31,2271,21538.66,48914296.86,Delivered
PO01534,SUP0031,PROD0075,2026-07-01,170,18184.72,3091402.4,Pending
PO01535,SUP0018,PROD0070,2025-10-12,221,12674.24,2801007.04,Delivered
PO01536,SUP0069,PROD0030,2025-08-04,15,12589.83,188847.45,Partially Received
PO01537,SUP0042,PROD0022,2026-01-13,2259,11697.66,26425013.94,Delivered
PO01538,SUP0042,PROD0015,2025-10-29,52,7791.97,405182.44,Delivered
PO01539,SUP0023,PROD0066,2025-10-14,74,802.34,59373.16,Cancelled
PO01540,SUP0014,PROD0185,2026-08-21,1574,5749.23,9049288.02,Delivered
PO01541,SUP0027,PROD0114,2026-07-19,913,11103.52,10137513.76,Delivered
PO01542,SUP0020,PROD0115,2026-02-09,959,9597.2,9203714.8,Delivered
PO01543,SUP0062,PROD0024,2025-06-01,2041,4121.96,8412920.36,Delivered
PO01544,SUP0025,PROD0146,2025-06-30,2019,18886.86,38132570.34,Delivered
PO01545,SUP0003,PROD0080,2025-10-16,677,4972.53,3366402.81,Pending
PO01546,SUP0009,PROD0037,2025-07-12,305,9390.24,2864023.2,Delivered
PO01547,SUP0013,PROD0186,2026-02-17,2167,4986.09,10804857.03,In Transit
PO01548,SUP0078,PROD0026,2025-01-13,1557,19493.03,30350647.71,Delivered
PO01549,SUP0098,PROD0165,2025-01-14,189,20840.25,3938807.25,In Transit
PO01550,SUP0019,PROD0161,2025-10-02,2466,8101.37,19977978.42,Cancelled
PO01551,SUP0070,PROD0189,2025-04-19,1396,6861.84,9579128.64,Delivered
PO01552,SUP0062,PROD0195,2025-05-23,2315,8312.03,19242349.45,Pending
PO01553,SUP0043,PROD0123,2025-11-11,642,23000.82,14766526.44,Partially Received
PO01554,SUP0081,PROD0140,2025-10-01,514,862.62,443386.68,Delivered
PO01555,SUP0038,PROD0027,2026-07-12,2105,16770.76,35302449.8,Delivered
PO01556,SUP0029,PROD0007,2025-01-02,938,14921.14,13996029.32,Delivered
PO01557,SUP0029,PROD0176,2025-10-21,1585,11895.11,18853749.35,In Transit
PO01558,SUP0063,PROD0044,2025-04-26,461,6129.18,2825551.98,Cancelled
PO01559,SUP0046,PROD0020,2025-10-16,1376,5615.28,7726625.28,Pending
PO01560,SUP0006,PROD0155,2025-03-28,628,6877.28,4318931.84,Partially Received
PO01561,SUP0087,PROD0109,2025-07-05,625,9576.85,5985531.25,In Transit
PO01562,SUP0045,PROD0027,2025-10-21,1120,16880.44,18906092.8,In Transit
PO01563,SUP0092,PROD0020,2025-09-29,18,6718.1,120925.8,Cancelled
PO01564,SUP0041,PROD0038,2025-05-31,1609,18615.37,29952130.33,Pending
PO01565,SUP0009,PROD0029,2026-05-05,2376,6425.2,15266275.2,In Transit
PO01566,SUP0012,PROD0083,2025-05-29,532,13287.32,7068854.24,Delivered
PO01567,SUP0064,PROD0109,2025-11-23,1981,9157.43,18140868.83,Delivered
PO01568,SUP0018,PROD0168,2025-12-08,1017,8937.32,9089254.44,Partially Received
PO01569,SUP0069,PROD0127,2026-07-06,2191,21131.98,46300168.18,Delivered
PO01570,SUP0075,PROD0184,2025-03-27,1737,19814.24,34417334.88,In Transit
PO01571,SUP0090,PROD0023,2025-08-13,973,21584.12,21001348.76,Delivered
PO01572,SUP0047,PROD0143,2025-01-18,1951,19282.71,37620567.21,Pending
PO01573,SUP0045,PROD0093,2025-03-03,580,4194.07,2432560.6,Delivered
PO01574,SUP0054,PROD0063,2026-07-19,873,11794.82,10296877.86,Delivered
PO01575,SUP0016,PROD0179,2025-05-22,596,868.96,517900.16,Delivered
PO01576,SUP0048,PROD0014,2026-03-11,444,14819.17,6579711.48,Delivered
PO01577,SUP0004,PROD0038,2025-06-11,1506,17233.17,25953154.02,Delivered
PO01578,SUP0073,PROD0107,2025-01-13,623,17354.93,10812121.39,Delivered
PO01579,SUP0096,PROD0136,2025-05-24,1236,10222.99,12635615.64,In Transit
PO01580,SUP0083,PROD0178,2026-03-31,64,19788.33,1266453.12,Delivered
PO01581,SUP0078,PROD0193,2025-02-02,720,11957.5,8609400.0,Delivered
PO01582,SUP0088,PROD0117,2026-03-10,2279,11555.85,26335782.15,Delivered
PO01583,SUP0065,PROD0079,2026-08-09,941,20447.53,19241125.73,Delivered
PO01584,SUP0067,PROD0097,2025-04-05,522,17522.8,9146901.6,Delivered
PO01585,SUP0029,PROD0101,2025-02-27,762,3424.94,2609804.28,Cancelled
PO01586,SUP0089,PROD0120,2025-03-21,1965,5424.9,10659928.5,In Transit
PO01587,SUP0022,PROD0014,2026-01-25,1531,14764.06,22603775.86,Delivered
PO01588,SUP0014,PROD0020,2025-04-22,1495,6334.57,9470182.15,Pending
PO01589,SUP0031,PROD0073,2025-01-29,676,9368.53,6333126.28,Delivered
PO01590,SUP0097,PROD0080,2025-01-12,778,4608.15,3585140.7,Partially Received
PO01591,SUP0031,PROD0069,2025-02-03,358,26417.63,9457511.54,Partially Received
PO01592,SUP0062,PROD0012,2026-08-01,206,7843.2,1615699.2,Pending
PO01593,SUP0046,PROD0193,2025-01-09,1166,13263.5,15465241.0,Delivered
PO01594,SUP0097,PROD0101,2025-11-19,1467,3540.41,5193781.47,In Transit
PO01595,SUP0043,PROD0105,2025-04-10,2072,13302.38,27562531.36,Pending
PO01596,SUP0004,PROD0151,2025-06-03,1575,3994.53,6291384.75,Pending
PO01597,SUP0038,PROD0042,2025-02-08,630,15479.07,9751814.1,Delivered
PO01598,SUP0092,PROD0060,2025-04-06,893,17093.49,15264486.57,In Transit
PO01599,SUP0065,PROD0133,2025-06-14,2153,13706.38,29509836.14,Delivered
PO01600,SUP0044,PROD0075,2025-05-15,1485,18116.55,26903076.75,Pending
PO01601,SUP0092,PROD0199,2025-02-10,1597,6499.28,10379350.16,Cancelled
PO01602,SUP0020,PROD0146,2025-03-18,2047,15421.08,31566950.76,Delivered
PO01603,SUP0071,PROD0023,2025-11-13,2053,20150.33,41368627.49,Delivered
PO01604,SUP0021,PROD0018,2025-10-30,1157,20851.09,24124711.13,Delivered
PO01605,SUP0023,PROD0182,2025-03-14,1897,9420.61,17870897.17,Delivered
PO01606,SUP0098,PROD0114,2025-09-20,585,12816.14,7497441.9,Cancelled
PO01607,SUP0006,PROD0094,2026-05-15,1184,10016.33,11859334.72,Pending
PO01608,SUP0057,PROD0094,2025-05-13,2109,11109.4,23429724.6,Cancelled
PO01609,SUP0011,PROD0175,2026-01-18,1702,2505.59,4264514.18,Delivered
PO01610,SUP0080,PROD0165,2025-02-13,243,24180.45,5875849.35,Delivered
PO01611,SUP0002,PROD0040,2026-07-29,441,9279.44,4092233.04,Delivered
PO01612,SUP0010,PROD0058,2026-02-13,1600,1959.89,3135824.0,In Transit
PO01613,SUP0060,PROD0120,2025-12-24,2201,6224.95,13701114.95,Delivered
PO01614,SUP0024,PROD0188,2025-03-29,453,23622.72,10701092.16,Pending
PO01615,SUP0026,PROD0103,2026-03-20,1356,13416.94,18193370.64,Delivered
PO01616,SUP0028,PROD0180,2026-05-13,1960,10128.66,19852173.6,Delivered
PO01617,SUP0020,PROD0121,2026-07-13,606,16766.8,10160680.8,Delivered
PO01618,SUP0077,PROD0199,2025-02-02,1567,6205.23,9723595.41,Pending
PO01619,SUP0061,PROD0055,2026-03-17,231,1837.16,424383.96,Delivered
PO01620,SUP0035,PROD0065,2026-03-10,731,5541.75,4051019.25,Delivered
PO01621,SUP0011,PROD0077,2026-02-19,1859,20249.38,37643597.42,Partially Received
PO01622,SUP0024,PROD0014,2025-09-23,388,15614.0,6058232.0,Delivered
PO01623,SUP0022,PROD0051,2025-11-01,1440,19367.96,27889862.4,Delivered
PO01624,SUP0089,PROD0042,2026-07-03,1799,14312.79,25748709.21,In Transit
PO01625,SUP0002,PROD0144,2026-02-03,2455,18478.78,45365404.9,In Transit
PO01626,SUP0079,PROD0038,2026-08-16,1336,19599.08,26184370.88,Pending
PO01627,SUP0002,PROD0039,2025-11-21,1888,6125.63,11565189.44,Delivered
PO01628,SUP0015,PROD0173,2025-11-21,1674,15333.47,25668228.78,In Transit
PO01629,SUP0017,PROD0163,2026-04-07,1850,3485.89,6448896.5,Partially Received
PO01630,SUP0028,PROD0191,2025-02-07,778,7992.28,6217993.84,Partially Received
PO01631,SUP0077,PROD0097,2025-06-20,895,15953.03,14277961.85,Cancelled
PO01632,SUP0002,PROD0095,2026-08-14,1500,789.65,1184475.0,Pending
PO01633,SUP0016,PROD0180,2026-05-30,2054,11560.73,23745739.42,Delivered
PO01634,SUP0046,PROD0091,2026-02-25,2231,23578.7,52604079.7,Cancelled
PO01635,SUP0015,PROD0046,2025-12-10,1889,6257.18,11819813.02,Delivered
PO01636,SUP0070,PROD0112,2025-06-16,1572,2157.1,3390961.2,In Transit
PO01637,SUP0082,PROD0073,2026-03-24,416,10378.79,4317576.64,Pending
PO01638,SUP0012,PROD0167,2025-04-17,77,19400.08,1493806.16,Delivered
PO01639,SUP0096,PROD0193,2026-05-24,2241,10800.18,24203203.38,Delivered
PO01640,SUP0005,PROD0171,2026-08-19,1197,12827.69,15354744.93,Delivered
PO01641,SUP0071,PROD0098,2026-04-11,478,12653.11,6048186.58,Delivered
PO01642,SUP0045,PROD0119,2025-05-08,1701,8589.99,14611572.99,In Transit
PO01643,SUP0001,PROD0096,2026-02-10,927,1857.16,1721587.32,Delivered
PO01644,SUP0040,PROD0107,2025-09-28,999,14374.03,14359655.97,Pending
PO01645,SUP0002,PROD0007,2025-02-03,638,16245.58,10364680.04,Pending
PO01646,SUP0095,PROD0154,2026-06-16,1310,2629.44,3444566.4,Cancelled
PO01647,SUP0031,PROD0143,2026-03-17,1613,16092.94,25957912.22,In Transit
PO01648,SUP0074,PROD0110,2025-02-22,537,23717.2,12736136.4,Delivered
PO01649,SUP0052,PROD0082,2025-06-27,2128,14666.12,31209503.36,Delivered
PO01650,SUP0065,PROD0031,2025-05-10,2373,2148.09,5097417.57,Pending
PO01651,SUP0071,PROD0041,2025-09-24,1330,21360.11,28408946.3,Delivered
PO01652,SUP0002,PROD0161,2026-03-24,2440,8408.57,20516910.8,Partially Received
PO01653,SUP0011,PROD0147,2026-07-11,1576,1814.57,2859762.32,In Transit
PO01654,SUP0082,PROD0162,2026-04-10,1476,7603.34,11222529.84,In Transit
PO01655,SUP0039,PROD0050,2025-08-16,2203,3488.98,7686222.94,In Transit
PO01656,SUP0099,PROD0067,2026-01-23,221,5076.22,1121844.62,Pending
PO01657,SUP0082,PROD0149,2025-01-24,433,14484.74,6271892.42,Pending
PO01658,SUP0014,PROD0037,2025-05-06,1166,9013.07,10509239.62,Delivered
PO01659,SUP0064,PROD0093,2025-03-21,861,4295.82,3698701.02,Delivered
PO01660,SUP0053,PROD0019,2025-01-23,2002,22403.58,44851967.16,Delivered
PO01661,SUP0049,PROD0081,2026-03-06,1856,1304.17,2420539.52,Delivered
PO01662,SUP0023,PROD0169,2025-01-11,2333,13874.98,32370328.34,Pending
PO01663,SUP0044,PROD0089,2025-05-01,1992,10694.44,21303324.48,Partially Received
PO01664,SUP0021,PROD0134,2025-01-06,1052,26607.72,27991321.44,Delivered
PO01665,SUP0069,PROD0006,2025-01-31,2131,14988.69,31940898.39,Delivered
PO01666,SUP0015,PROD0056,2026-01-09,130,20388.96,2650564.8,Delivered
PO01667,SUP0035,PROD0071,2025-05-10,1982,10436.56,20685261.92,Delivered
PO01668,SUP0084,PROD0076,2026-07-19,1923,6167.79,11860660.17,Delivered
PO01669,SUP0052,PROD0050,2026-06-09,1034,2972.27,3073327.18,In Transit
PO01670,SUP0051,PROD0027,2025-10-15,2400,16427.09,39425016.0,Partially Received
PO01671,SUP0027,PROD0185,2025-06-19,2008,5110.79,10262466.32,Delivered
PO01672,SUP0041,PROD0160,2025-10-06,450,7978.92,3590514.0,Delivered
PO01673,SUP0046,PROD0096,2026-08-04,273,1831.29,499942.17,Pending
PO01674,SUP0033,PROD0151,2026-06-08,1688,3817.65,6444193.2,Pending
PO01675,SUP0046,PROD0102,2026-06-28,132,11390.93,1503602.76,Pending
PO01676,SUP0024,PROD0092,2026-03-16,1014,5990.35,6074214.9,In Transit
PO01677,SUP0019,PROD0200,2026-01-16,1297,22612.08,29327867.76,Delivered
PO01678,SUP0092,PROD0085,2025-01-12,885,2898.76,2565402.6,Pending
PO01679,SUP0072,PROD0017,2025-08-27,1589,15641.75,24854740.75,Delivered
PO01680,SUP0014,PROD0144,2025-08-11,1148,20953.82,24054985.36,Pending
PO01681,SUP0074,PROD0166,2025-03-18,1737,21001.01,36478754.37,Delivered
PO01682,SUP0026,PROD0051,2025-11-24,213,18782.89,4000755.57,Delivered
PO01683,SUP0054,PROD0031,2025-10-09,518,1988.1,1029835.8,Partially Received
PO01684,SUP0050,PROD0061,2026-08-29,2370,3955.82,9375293.4,Delivered
PO01685,SUP0001,PROD0119,2026-08-13,1174,7131.12,8371934.88,Cancelled
PO01686,SUP0069,PROD0136,2025-02-07,170,9894.83,1682121.1,Delivered
PO01687,SUP0013,PROD0107,2026-04-27,1242,15433.3,19168158.6,In Transit
PO01688,SUP0011,PROD0143,2026-02-14,1292,17348.73,22414559.16,Delivered
PO01689,SUP0090,PROD0117,2025-11-02,2030,11918.16,24193864.8,Cancelled
PO01690,SUP0048,PROD0159,2025-05-05,430,5611.01,2412734.3,Delivered
PO01691,SUP0018,PROD0027,2025-01-11,1332,16678.42,22215655.44,In Transit
PO01692,SUP0022,PROD0023,2025-08-20,792,23525.85,18632473.2,Pending
PO01693,SUP0001,PROD0177,2026-07-05,225,17505.89,3938825.25,In Transit
PO01694,SUP0007,PROD0078,2025-04-24,317,17437.77,5527773.09,In Transit
PO01695,SUP0035,PROD0179,2026-01-24,707,986.58,697512.06,Partially Received
PO01696,SUP0017,PROD0082,2025-05-03,616,16945.89,10438668.24,Pending
PO01697,SUP0082,PROD0115,2026-02-28,511,9143.05,4672098.55,Delivered
PO01698,SUP0085,PROD0126,2026-05-05,1159,6449.95,7475492.05,In Transit
PO01699,SUP0012,PROD0068,2025-08-20,1223,23134.56,28293566.88,Delivered
PO01700,SUP0085,PROD0166,2025-09-06,853,21062.99,17966730.47,Delivered
PO01701,SUP0008,PROD0055,2026-05-22,63,2054.6,129439.8,Delivered
PO01702,SUP0025,PROD0125,2026-01-30,438,6697.42,2933469.96,Pending
PO01703,SUP0066,PROD0081,2026-06-25,1287,1275.01,1640937.87,In Transit
PO01704,SUP0014,PROD0034,2026-06-01,906,1848.65,1674876.9,Delivered
PO01705,SUP0080,PROD0132,2026-04-09,841,19890.62,16728011.42,Delivered
PO01706,SUP0055,PROD0043,2025-10-12,1268,3836.73,4864973.64,Partially Received
PO01707,SUP0019,PROD0119,2025-04-15,448,8283.98,3711223.04,Delivered
PO01708,SUP0024,PROD0069,2026-04-17,127,23570.54,2993458.58,Partially Received
PO01709,SUP0034,PROD0031,2025-12-27,2264,1810.15,4098179.6,Delivered
PO01710,SUP0051,PROD0129,2025-06-04,1774,13860.1,24587817.4,Delivered
PO01711,SUP0048,PROD0026,2025-10-07,211,20766.51,4381733.61,In Transit
PO01712,SUP0025,PROD0076,2026-03-09,785,5688.97,4465841.45,Partially Received
PO01713,SUP0078,PROD0127,2026-06-27,2134,20615.87,43994266.58,In Transit
PO01714,SUP0015,PROD0057,2025-09-12,481,17483.02,8409332.62,Delivered
PO01715,SUP0031,PROD0017,2025-09-30,2189,14918.78,32657209.42,Delivered
PO01716,SUP0051,PROD0101,2026-02-19,424,2965.18,1257236.32,Pending
PO01717,SUP0064,PROD0053,2025-10-02,710,2964.03,2104461.3,Delivered
PO01718,SUP0091,PROD0153,2025-10-22,1189,22331.87,26552593.43,Delivered
PO01719,SUP0090,PROD0160,2026-05-31,1962,8224.96,16137371.52,Pending
PO01720,SUP0022,PROD0081,2025-09-02,294,1117.1,328427.4,Delivered
PO01721,SUP0019,PROD0004,2026-04-12,1953,2903.21,5669969.13,Delivered
PO01722,SUP0010,PROD0044,2025-09-28,49,6711.17,328847.33,Cancelled
PO01723,SUP0001,PROD0126,2026-08-21,1023,6693.58,6847532.34,Delivered
PO01724,SUP0073,PROD0175,2025-01-18,1200,2703.4,3244080.0,Partially Received
PO01725,SUP0097,PROD0038,2025-06-21,394,17046.33,6716254.02,Pending
PO01726,SUP0058,PROD0126,2025-12-10,1446,7529.99,10888365.54,Delivered
PO01727,SUP0033,PROD0094,2026-05-14,1889,9062.42,17118911.38,Delivered
PO01728,SUP0067,PROD0199,2025-12-08,2450,6907.37,16923056.5,Delivered
PO01729,SUP0094,PROD0164,2026-06-16,94,11521.27,1082999.38,Delivered
PO01730,SUP0085,PROD0037,2025-08-14,1473,9554.13,14073233.49,Delivered
PO01731,SUP0047,PROD0053,2026-03-18,375,2570.01,963753.75,Cancelled
PO01732,SUP0036,PROD0161,2025-04-21,2241,10051.17,22524671.97,Delivered
PO01733,SUP0023,PROD0068,2026-06-24,1438,24067.82,34609525.16,Delivered
PO01734,SUP0036,PROD0080,2026-03-04,790,4050.38,3199800.2,Partially Received
PO01735,SUP0079,PROD0032,2025-12-18,1785,9048.21,16151054.85,Partially Received
PO01736,SUP0037,PROD0029,2025-12-22,44,6537.37,287644.28,In Transit
PO01737,SUP0088,PROD0039,2026-04-23,2152,6169.37,13276484.24,Partially Received
PO01738,SUP0039,PROD0125,2025-06-16,1190,6236.4,7421316.0,Delivered
PO01739,SUP0006,PROD0056,2026-04-10,1169,22930.72,26806011.68,Delivered
PO01740,SUP0040,PROD0002,2026-05-16,1772,6773.77,12003120.44,Pending
PO01741,SUP0033,PROD0036,2025-02-21,1444,10675.22,15415017.68,In Transit
PO01742,SUP0086,PROD0197,2026-05-30,2306,16356.62,37718365.72,Delivered
PO01743,SUP0019,PROD0188,2025-10-05,815,21121.33,17213883.95,Pending
PO01744,SUP0029,PROD0009,2025-10-25,1948,19586.5,38154502.0,Delivered
PO01745,SUP0055,PROD0103,2026-01-31,411,16396.39,6738916.29,Pending
PO01746,SUP0023,PROD0145,2025-11-15,1795,11277.02,20242250.9,Delivered
PO01747,SUP0018,PROD0175,2026-08-16,827,2351.91,1945029.57,Delivered
PO01748,SUP0039,PROD0079,2025-07-24,360,19815.98,7133752.8,Pending
PO01749,SUP0070,PROD0047,2026-04-18,1549,20016.21,31005109.29,Pending
PO01750,SUP0018,PROD0135,2025-04-09,1820,2684.32,4885462.4,Delivered
PO01751,SUP0060,PROD0091,2026-01-02,1761,23813.21,41935062.81,Cancelled
PO01752,SUP0004,PROD0144,2026-04-18,118,22107.07,2608634.26,Delivered
PO01753,SUP0079,PROD0078,2025-05-24,1003,18842.39,18898917.17,Delivered
PO01754,SUP0073,PROD0076,2026-07-11,229,6181.97,1415671.13,Delivered
PO01755,SUP0086,PROD0002,2026-02-17,1905,7541.04,14365681.2,Pending
PO01756,SUP0007,PROD0022,2026-04-17,234,11715.93,2741527.62,Cancelled
PO01757,SUP0043,PROD0153,2025-04-20,408,22778.75,9293730.0,Partially Received
PO01758,SUP0008,PROD0032,2025-12-06,2404,8803.0,21162412.0,In Transit
PO01759,SUP0090,PROD0053,2025-02-24,2124,2536.93,5388439.32,In Transit
PO01760,SUP0018,PROD0058,2026-05-23,643,1712.46,1101111.78,Delivered
PO01761,SUP0063,PROD0160,2025-01-07,832,7059.32,5873354.24,Delivered
PO01762,SUP0067,PROD0025,2025-05-04,1022,12979.07,13264609.54,Delivered
PO01763,SUP0057,PROD0101,2026-06-02,237,3503.93,830431.41,Delivered
PO01764,SUP0024,PROD0061,2026-05-11,2249,4212.19,9473215.31,Partially Received
PO01765,SUP0085,PROD0158,2026-03-26,514,19738.4,10145537.6,Partially Received
PO01766,SUP0019,PROD0191,2025-07-09,995,7504.54,7467017.3,In Transit
PO01767,SUP0026,PROD0122,2026-07-14,1977,12118.04,23957365.08,In Transit
PO01768,SUP0064,PROD0095,2026-08-26,1137,870.06,989258.22,In Transit
PO01769,SUP0060,PROD0107,2025-04-20,1750,14937.93,26141377.5,Delivered
PO01770,SUP0073,PROD0100,2025-05-04,55,19106.34,1050848.7,Delivered
PO01771,SUP0006,PROD0091,2026-04-01,580,23821.01,13816185.8,In Transit
PO01772,SUP0002,PROD0041,2025-10-11,1475,22998.5,33922787.5,Pending
PO01773,SUP0045,PROD0181,2025-08-04,2160,23880.94,51582830.4,Delivered
PO01774,SUP0046,PROD0168,2025-06-05,2316,8840.45,20474482.2,In Transit
PO01775,SUP0036,PROD0196,2025-05-24,1250,23348.79,29185987.5,Delivered
PO01776,SUP0049,PROD0121,2026-05-11,2491,16839.81,41947966.71,Partially Received
PO01777,SUP0100,PROD0169,2026-06-04,2162,12674.08,27401360.96,In Transit
PO01778,SUP0075,PROD0090,2026-08-26,2404,25449.43,61180429.72,Delivered
PO01779,SUP0004,PROD0188,2025-02-16,661,20088.91,13278769.51,In Transit
PO01780,SUP0087,PROD0122,2026-05-27,1335,13557.1,18098728.5,Cancelled
PO01781,SUP0014,PROD0045,2025-08-31,1583,8729.98,13819558.34,Delivered
PO01782,SUP0008,PROD0157,2025-03-07,1035,16924.1,17516443.5,Pending
PO01783,SUP0057,PROD0196,2025-03-16,1543,21736.59,33539558.37,Pending
PO01784,SUP0042,PROD0028,2025-06-28,1851,10863.47,20108282.97,Cancelled
PO01785,SUP0072,PROD0052,2026-08-11,811,14308.96,11604566.56,Delivered
PO01786,SUP0029,PROD0052,2025-10-20,673,14971.87,10076068.51,Partially Received
PO01787,SUP0012,PROD0150,2025-07-16,109,23177.43,2526339.87,In Transit
PO01788,SUP0005,PROD0036,2025-07-28,31,9455.93,293133.83,Delivered
PO01789,SUP0010,PROD0088,2026-07-14,769,3164.5,2433500.5,Cancelled
PO01790,SUP0064,PROD0049,2026-06-25,859,5133.33,4409530.47,Delivered
PO01791,SUP0046,PROD0159,2025-12-27,2298,6862.17,15769266.66,Pending
PO01792,SUP0055,PROD0161,2026-03-26,1550,9995.6,15493180.0,Partially Received
PO01793,SUP0067,PROD0077,2025-05-11,423,16887.71,7143501.33,Delivered
PO01794,SUP0043,PROD0006,2026-07-08,927,16099.22,14923976.94,Delivered
PO01795,SUP0050,PROD0181,2025-09-15,1475,21981.72,32423037.0,Pending
PO01796,SUP0010,PROD0137,2025-10-22,2366,18341.9,43396935.4,Delivered
PO01797,SUP0040,PROD0103,2026-05-28,242,15148.27,3665881.34,Pending
PO01798,SUP0061,PROD0068,2026-08-20,132,19546.01,2580073.32,Delivered
PO01799,SUP0043,PROD0196,2025-07-25,253,19359.84,4898039.52,Partially Received
PO01800,SUP0097,PROD0170,2025-12-04,265,13717.85,3635230.25,Delivered
PO01801,SUP0079,PROD0180,2026-08-01,154,10748.87,1655325.98,Delivered
PO01802,SUP0077,PROD0190,2026-03-03,340,3677.46,1250336.4,Delivered
PO01803,SUP0035,PROD0186,2025-05-13,180,4942.53,889655.4,Delivered
PO01804,SUP0084,PROD0090,2025-08-19,1777,24618.47,43747021.19,In Transit
PO01805,SUP0003,PROD0015,2025-08-22,117,7704.66,901445.22,Pending
PO01806,SUP0078,PROD0098,2026-07-02,84,13822.47,1161087.48,Delivered
PO01807,SUP0090,PROD0033,2026-01-22,1770,4024.19,7122816.3,Partially Received
PO01808,SUP0057,PROD0031,2025-04-29,1516,1939.36,2940069.76,Delivered
PO01809,SUP0031,PROD0060,2025-03-01,386,16257.34,6275333.24,Delivered
PO01810,SUP0073,PROD0012,2026-07-04,71,8943.81,635010.51,Delivered
PO01811,SUP0010,PROD0015,2025-02-28,529,7123.27,3768209.83,Delivered
PO01812,SUP0045,PROD0155,2025-11-18,1010,8344.1,8427541.0,Delivered
PO01813,SUP0062,PROD0169,2026-02-12,511,13956.91,7131981.01,Delivered
PO01814,SUP0027,PROD0127,2026-07-11,1472,22949.23,33781266.56,Pending
PO01815,SUP0092,PROD0078,2026-03-31,1512,19729.22,29830580.64,Delivered
PO01816,SUP0068,PROD0069,2025-09-08,1316,24830.92,32677490.72,Delivered
PO01817,SUP0045,PROD0106,2025-02-25,2001,1025.35,2051725.35,Delivered
PO01818,SUP0067,PROD0060,2025-05-21,1259,16842.99,21205324.41,Delivered
PO01819,SUP0093,PROD0037,2026-01-17,156,10655.51,1662259.56,In Transit
PO01820,SUP0015,PROD0006,2026-04-10,2053,16153.02,33162150.06,Delivered
PO01821,SUP0050,PROD0077,2026-08-26,356,16627.97,5919557.32,Pending
PO01822,SUP0064,PROD0005,2026-01-29,1577,23400.18,36902083.86,Delivered
PO01823,SUP0049,PROD0048,2025-07-30,1775,16408.55,29125176.25,In Transit
PO01824,SUP0070,PROD0196,2025-02-02,1434,23418.72,33582444.48,Pending
PO01825,SUP0034,PROD0193,2025-12-11,2430,11135.23,27058608.9,Delivered
PO01826,SUP0055,PROD0187,2026-03-21,243,21188.81,5148880.83,Partially Received
PO01827,SUP0069,PROD0119,2025-10-22,1746,7960.22,13898544.12,Partially Received
PO01828,SUP0034,PROD0042,2026-06-16,1571,14713.7,23115222.7,Cancelled
PO01829,SUP0017,PROD0004,2025-09-01,1159,3166.74,3670251.66,Cancelled
PO01830,SUP0032,PROD0198,2025-03-29,2233,7709.77,17215916.41,Partially Received
PO01831,SUP0079,PROD0071,2025-02-09,1491,10624.21,15840697.11,Delivered
PO01832,SUP0016,PROD0079,2025-01-13,2338,21632.82,50577533.16,Pending
PO01833,SUP0057,PROD0119,2025-07-03,80,7711.06,616884.8,Delivered
PO01834,SUP0062,PROD0164,2026-01-03,2289,11732.52,26855738.28,Delivered
PO01835,SUP0036,PROD0157,2025-03-23,2268,17817.29,40409613.72,Delivered
PO01836,SUP0034,PROD0197,2025-07-04,1141,16803.89,19173238.49,Delivered
PO01837,SUP0081,PROD0045,2025-08-21,611,8957.83,5473234.13,In Transit
PO01838,SUP0015,PROD0168,2025-08-27,167,8498.32,1419219.44,Delivered
PO01839,SUP0075,PROD0082,2026-03-27,181,16180.48,2928666.88,Delivered
PO01840,SUP0033,PROD0005,2025-09-23,1457,24299.95,35405027.15,Delivered
PO01841,SUP0045,PROD0028,2025-08-29,327,11210.81,3665934.87,Delivered
PO01842,SUP0031,PROD0053,2025-03-21,1344,2820.66,3790967.04,Pending
PO01843,SUP0010,PROD0165,2026-03-02,1756,24920.01,43759537.56,Delivered
PO01844,SUP0078,PROD0093,2025-12-01,1382,4914.44,6791756.08,Pending
PO01845,SUP0061,PROD0076,2026-01-19,137,5350.13,732967.81,Delivered
PO01846,SUP0076,PROD0007,2025-06-03,445,15584.14,6934942.3,Pending
PO01847,SUP0092,PROD0200,2026-06-08,2091,26557.81,55532380.71,In Transit
PO01848,SUP0049,PROD0150,2025-08-09,143,23328.2,3335932.6,Delivered
PO01849,SUP0010,PROD0058,2025-03-22,2325,1799.91,4184790.75,Partially Received
PO01850,SUP0094,PROD0108,2026-07-16,2217,11554.26,25615794.42,Pending
PO01851,SUP0007,PROD0156,2026-06-25,1944,7184.45,13966570.8,Partially Received
PO01852,SUP0035,PROD0050,2025-11-21,2366,3065.24,7252357.84,Delivered
PO01853,SUP0099,PROD0093,2025-09-06,955,4364.66,4168250.3,In Transit
PO01854,SUP0089,PROD0062,2025-04-29,1832,21350.06,39113309.92,Pending
PO01855,SUP0011,PROD0091,2026-01-06,2305,24038.42,55408558.1,Pending
PO01856,SUP0078,PROD0059,2026-05-11,1848,21986.09,40630294.32,Delivered
PO01857,SUP0069,PROD0063,2025-05-09,1679,11391.42,19126194.18,In Transit
PO01858,SUP0037,PROD0088,2025-09-24,1295,2753.83,3566209.85,Delivered
PO01859,SUP0019,PROD0148,2026-06-02,2034,23554.33,47909507.22,In Transit
PO01860,SUP0059,PROD0004,2025-07-04,693,2685.45,1861016.85,Delivered
PO01861,SUP0092,PROD0121,2026-07-22,423,14766.49,6246225.27,Delivered
PO01862,SUP0004,PROD0177,2026-03-18,693,20761.74,14387885.82,Delivered
PO01863,SUP0050,PROD0109,2026-06-27,1461,7968.73,11642314.53,In Transit
PO01864,SUP0092,PROD0076,2025-09-05,497,5596.87,2781644.39,Pending
PO01865,SUP0076,PROD0156,2025-12-11,451,7740.71,3491060.21,Delivered
PO01866,SUP0058,PROD0105,2025-12-30,1852,15560.92,28818823.84,Delivered
PO01867,SUP0090,PROD0035,2026-05-04,761,12318.51,9374386.11,Partially Received
PO01868,SUP0011,PROD0039,2026-06-06,41,5672.56,232574.96,Delivered
PO01869,SUP0049,PROD0083,2026-04-10,1806,13269.54,23964789.24,In Transit
PO01870,SUP0099,PROD0025,2025-10-14,961,13291.07,12772718.27,Delivered
PO01871,SUP0067,PROD0135,2026-08-01,2384,2569.88,6126593.92,Pending
PO01872,SUP0042,PROD0099,2025-10-20,1314,1974.36,2594309.04,Cancelled
PO01873,SUP0095,PROD0188,2025-02-12,872,21113.53,18410998.16,Delivered
PO01874,SUP0013,PROD0089,2025-11-18,1176,8791.83,10339192.08,Delivered
PO01875,SUP0057,PROD0058,2026-05-14,703,1707.1,1200091.3,Pending
PO01876,SUP0030,PROD0171,2025-04-19,1151,10810.01,12442321.51,Delivered
PO01877,SUP0097,PROD0044,2026-06-05,122,6718.08,819605.76,Delivered
PO01878,SUP0069,PROD0050,2026-07-07,37,3216.42,119007.54,Pending
PO01879,SUP0027,PROD0073,2026-01-14,2349,9112.37,21404957.13,Delivered
PO01880,SUP0059,PROD0076,2025-05-10,458,6127.33,2806317.14,Pending
PO01881,SUP0057,PROD0111,2025-05-03,2030,6849.4,13904282.0,Pending
PO01882,SUP0094,PROD0172,2025-10-13,487,6225.66,3031896.42,Pending
PO01883,SUP0094,PROD0020,2025-08-16,1349,5672.22,7651824.78,Delivered
PO01884,SUP0081,PROD0189,2026-04-10,2110,6587.57,13899772.7,Delivered
PO01885,SUP0005,PROD0111,2025-11-19,421,8016.0,3374736.0,Pending
PO01886,SUP0025,PROD0143,2025-11-22,155,19247.55,2983370.25,Partially Received
PO01887,SUP0018,PROD0151,2025-09-09,1550,4375.48,6781994.0,Delivered
PO01888,SUP0034,PROD0121,2025-07-20,630,16160.62,10181190.6,Delivered
PO01889,SUP0037,PROD0034,2026-05-24,823,1734.94,1427855.62,Delivered
PO01890,SUP0093,PROD0192,2026-06-13,887,2852.65,2530300.55,Delivered
PO01891,SUP0079,PROD0054,2026-07-26,739,15082.33,11145841.87,In Transit
PO01892,SUP0081,PROD0150,2026-01-25,971,23223.82,22550329.22,Delivered
PO01893,SUP0039,PROD0060,2025-07-04,1206,16560.53,19971999.18,Delivered
PO01894,SUP0077,PROD0092,2026-02-06,2235,6644.48,14850412.8,Delivered
PO01895,SUP0097,PROD0196,2025-04-26,1186,20785.68,24651816.48,Delivered
PO01896,SUP0085,PROD0109,2025-09-11,484,8071.11,3906417.24,Cancelled
PO01897,SUP0045,PROD0179,2025-04-27,1640,939.3,1540452.0,In Transit
PO01898,SUP0063,PROD0154,2026-05-11,1697,2860.82,4854811.54,Delivered
PO01899,SUP0065,PROD0056,2025-10-02,1685,19027.37,32061118.45,In Transit
PO01900,SUP0087,PROD0082,2025-09-25,1694,15559.24,26357352.56,Delivered
PO01901,SUP0034,PROD0014,2026-02-13,1109,14212.49,15761651.41,Delivered
PO01902,SUP0040,PROD0115,2025-02-16,1688,8487.18,14326359.84,Pending
PO01903,SUP0027,PROD0200,2026-07-03,461,27539.0,12695479.0,Partially Received
PO01904,SUP0017,PROD0155,2025-12-04,2220,6594.4,14639568.0,In Transit
PO01905,SUP0012,PROD0200,2026-01-24,1375,27326.25,37573593.75,In Transit
PO01906,SUP0009,PROD0168,2026-07-21,211,9236.27,1948852.97,Delivered
PO01907,SUP0021,PROD0138,2025-07-23,1630,18839.41,30708238.3,Delivered
PO01908,SUP0048,PROD0085,2025-06-15,1703,2723.54,4638188.62,In Transit
PO01909,SUP0005,PROD0006,2025-01-14,2166,13520.73,29285901.18,Delivered
PO01910,SUP0006,PROD0041,2026-05-12,1169,21899.31,25600293.39,Delivered
PO01911,SUP0005,PROD0070,2025-09-11,516,13175.97,6798800.52,Delivered
PO01912,SUP0017,PROD0190,2026-02-15,1115,3656.84,4077376.6,Delivered
PO01913,SUP0093,PROD0181,2026-06-01,1711,21700.38,37129350.18,In Transit
PO01914,SUP0078,PROD0039,2026-07-09,401,5862.06,2350686.06,Pending
PO01915,SUP0078,PROD0080,2025-07-18,1335,4469.92,5967343.2,In Transit
PO01916,SUP0036,PROD0118,2025-11-06,840,21993.19,18474279.6,Cancelled
PO01917,SUP0061,PROD0097,2026-08-14,1202,16276.68,19564569.36,Delivered
PO01918,SUP0072,PROD0072,2026-02-21,1989,5312.33,10566224.37,In Transit
PO01919,SUP0032,PROD0098,2026-06-03,80,15266.12,1221289.6,In Transit
PO01920,SUP0098,PROD0140,2026-01-17,453,963.45,436442.85,Partially Received
PO01921,SUP0051,PROD0198,2025-01-26,960,8004.07,7683907.2,Delivered
PO01922,SUP0083,PROD0080,2025-04-22,1371,4162.53,5706828.63,Partially Received
PO01923,SUP0013,PROD0144,2025-03-27,703,18522.39,13021240.17,Pending
PO01924,SUP0032,PROD0022,2026-08-31,588,12111.79,7121732.52,Pending
PO01925,SUP0093,PROD0146,2026-06-20,962,15263.46,14683448.52,Delivered
PO01926,SUP0040,PROD0190,2026-02-26,1393,3634.5,5062858.5,Delivered
PO01927,SUP0077,PROD0105,2026-08-02,32,13892.5,444560.0,Delivered
PO01928,SUP0063,PROD0140,2026-07-30,2057,930.87,1914799.59,In Transit
PO01929,SUP0060,PROD0182,2025-11-26,1988,10036.28,19952124.64,Pending
PO01930,SUP0014,PROD0109,2025-03-25,327,8490.1,2776262.7,In Transit
PO01931,SUP0067,PROD0192,2025-06-15,507,2979.35,1510530.45,Delivered
PO01932,SUP0005,PROD0109,2025-04-27,2038,8059.61,16425485.18,Pending
PO01933,SUP0018,PROD0192,2026-05-14,2250,3175.19,7144177.5,Delivered
PO01934,SUP0056,PROD0076,2025-05-01,1120,5856.44,6559212.8,Partially Received
PO01935,SUP0073,PROD0167,2026-01-16,689,17249.67,11885022.63,Partially Received
PO01936,SUP0079,PROD0183,2025-07-29,1530,2375.5,3634515.0,Delivered
PO01937,SUP0027,PROD0085,2026-04-19,564,2687.5,1515750.0,In Transit
PO01938,SUP0002,PROD0082,2026-05-01,1715,14745.81,25289064.15,Delivered
PO01939,SUP0040,PROD0180,2025-01-06,778,10356.21,8057131.38,Delivered
PO01940,SUP0043,PROD0025,2026-04-15,260,14389.58,3741290.8,Partially Received
PO01941,SUP0045,PROD0163,2025-03-10,2300,3683.78,8472694.0,Delivered
PO01942,SUP0025,PROD0071,2025-01-15,1174,12114.43,14222340.82,Pending
PO01943,SUP0094,PROD0079,2026-08-22,1514,21451.48,32477540.72,Delivered
PO01944,SUP0072,PROD0139,2025-09-18,839,8581.42,7199811.38,Delivered
PO01945,SUP0036,PROD0046,2025-08-10,1086,6463.88,7019773.68,Delivered
PO01946,SUP0076,PROD0166,2026-06-19,1578,19301.29,30457435.62,In Transit
PO01947,SUP0078,PROD0071,2026-08-30,1949,10463.74,20393829.26,Delivered
PO01948,SUP0028,PROD0024,2025-08-26,610,4081.06,2489446.6,Delivered
PO01949,SUP0042,PROD0020,2025-01-01,223,5642.91,1258368.93,Pending
PO01950,SUP0086,PROD0121,2026-03-12,1349,15452.28,20845125.72,In Transit
PO01951,SUP0072,PROD0101,2025-09-04,1555,3387.87,5268137.85,In Transit
PO01952,SUP0040,PROD0134,2025-12-30,1308,24314.36,31803182.88,Pending
PO01953,SUP0022,PROD0163,2025-08-08,1147,3544.53,4065575.91,Pending
PO01954,SUP0057,PROD0126,2026-07-28,1036,7037.7,7291057.2,Partially Received
PO01955,SUP0084,PROD0090,2026-03-22,739,21931.66,16207496.74,Delivered
PO01956,SUP0099,PROD0172,2026-04-23,1427,5903.37,8424108.99,Delivered
PO01957,SUP0025,PROD0098,2026-07-28,1542,12598.87,19427457.54,In Transit
PO01958,SUP0026,PROD0114,2025-01-11,1488,11664.79,17357207.52,Delivered
PO01959,SUP0043,PROD0025,2025-11-14,1520,15364.72,23354374.4,Delivered
PO01960,SUP0078,PROD0070,2025-01-14,147,12688.37,1865190.39,In Transit
PO01961,SUP0006,PROD0179,2026-02-12,1046,846.77,885721.42,Delivered
PO01962,SUP0004,PROD0184,2026-08-09,1938,22036.27,42706291.26,Partially Received
PO01963,SUP0023,PROD0122,2026-05-18,2244,13702.65,30748746.6,Delivered
PO01964,SUP0079,PROD0183,2025-01-30,637,2481.2,1580524.4,Delivered
PO01965,SUP0011,PROD0108,2025-05-15,499,9776.37,4878408.63,Partially Received
PO01966,SUP0041,PROD0025,2025-03-05,2238,13224.45,29596319.1,Pending
PO01967,SUP0043,PROD0173,2025-01-18,1306,17811.09,23261283.54,Delivered
PO01968,SUP0093,PROD0094,2026-08-24,2124,9063.92,19251766.08,In Transit
PO01969,SUP0086,PROD0172,2026-03-03,261,5012.14,1308168.54,Pending
PO01970,SUP0019,PROD0187,2026-05-29,1102,17762.71,19574506.42,Delivered
PO01971,SUP0078,PROD0051,2025-10-10,2080,17129.29,35628923.2,Partially Received
PO01972,SUP0040,PROD0071,2025-01-04,2306,10845.41,25009515.46,Delivered
PO01973,SUP0090,PROD0023,2026-08-05,2329,24630.49,57364411.21,Delivered
PO01974,SUP0024,PROD0187,2025-04-03,363,18244.31,6622684.53,Partially Received
PO01975,SUP0099,PROD0044,2025-01-21,52,6118.16,318144.32,Delivered
PO01976,SUP0093,PROD0064,2025-03-25,1270,23029.39,29247325.3,In Transit
PO01977,SUP0096,PROD0194,2025-07-15,553,12060.95,6669705.35,Delivered
PO01978,SUP0023,PROD0072,2025-10-21,585,5689.63,3328433.55,Delivered
PO01979,SUP0035,PROD0052,2025-07-12,735,16962.47,12467415.45,Delivered
PO01980,SUP0034,PROD0024,2026-03-27,2016,4307.95,8684827.2,Delivered
PO01981,SUP0058,PROD0162,2026-06-20,708,7307.7,5173851.6,Pending
PO01982,SUP0020,PROD0138,2026-01-30,2339,16137.94,37746641.66,In Transit
PO01983,SUP0083,PROD0175,2025-12-22,1192,2326.35,2773009.2,In Transit
PO01984,SUP0071,PROD0191,2026-05-31,1111,7348.06,8163694.66,In Transit
PO01985,SUP0028,PROD0120,2025-09-22,1078,5040.86,5434047.08,Delivered
PO01986,SUP0061,PROD0036,2025-07-10,1923,9989.67,19210135.41,Delivered
PO01987,SUP0085,PROD0151,2026-01-22,148,3845.51,569135.48,Delivered
PO01988,SUP0002,PROD0041,2026-01-03,1736,22859.75,39684526.0,Delivered
PO01989,SUP0024,PROD0092,2025-04-13,1264,6134.7,7754260.8,Partially Received
PO01990,SUP0057,PROD0158,2025-01-23,1879,20514.74,38547196.46,In Transit
PO01991,SUP0061,PROD0063,2026-02-13,1044,11520.71,12027621.24,Partially Received
PO01992,SUP0087,PROD0103,2026-05-10,1239,13329.4,16515126.6,Pending
PO01993,SUP0098,PROD0130,2025-08-28,451,22884.33,10320832.83,In Transit
PO01994,SUP0052,PROD0152,2026-08-15,126,6927.35,872846.1,Delivered
PO01995,SUP0077,PROD0179,2025-11-04,2156,830.5,1790558.0,Cancelled
PO01996,SUP0017,PROD0170,2025-05-23,1374,15661.66,21519120.84,Delivered
PO01997,SUP0040,PROD0197,2025-04-03,589,19123.39,11263676.71,Delivered
PO01998,SUP0059,PROD0001,2025-06-19,614,5230.06,3211256.84,Delivered
PO01999,SUP0011,PROD0048,2025-11-11,977,17679.57,17272939.89,Delivered
PO02000,SUP0020,PROD0176,2025-09-08,2284,12329.29,28160098.36,Delivered
