sales_order_id,customer_id,product_id,order_date,quantity,unit_price,total_value,order_status
SO00001,CUST00231,PROD0151,2026-03-17,552,5800.12,3201666.24,Delivered
SO00002,CUST00210,PROD0180,2025-01-17,110,15208.15,1672896.5,Pending
SO00003,CUST00447,PROD0111,2025-01-23,599,8332.07,4990909.93,Pending
SO00004,CUST00465,PROD0022,2026-03-27,83,14060.82,1167048.06,Shipped
SO00005,CUST00134,PROD0184,2026-06-21,459,23120.19,10612167.21,Delivered
SO00006,CUST00215,PROD0111,2026-01-03,746,9387.87,7003351.02,Shipped
SO00007,CUST00278,PROD0187,2025-03-20,518,26518.39,13736526.02,Delivered
SO00008,CUST00197,PROD0126,2025-04-09,679,8591.15,5833390.85,Processing
SO00009,CUST00105,PROD0073,2025-07-05,711,11409.17,8111919.87,Cancelled
SO00010,CUST00295,PROD0133,2026-03-22,336,14037.2,4716499.2,Cancelled
SO00011,CUST00166,PROD0195,2025-10-12,18,11108.0,199944.0,Shipped
SO00012,CUST00439,PROD0182,2026-02-23,591,15394.76,9098303.16,Delivered
SO00013,CUST00160,PROD0012,2025-12-18,139,12781.89,1776682.71,Shipped
SO00014,CUST00462,PROD0046,2025-09-28,575,8597.19,4943384.25,Delivered
SO00015,CUST00301,PROD0043,2026-07-04,340,5347.58,1818177.2,Delivered
SO00016,CUST00433,PROD0034,2025-02-04,339,1931.86,654900.54,Pending
SO00017,CUST00276,PROD0083,2025-09-04,723,23728.69,17155842.87,Delivered
SO00018,CUST00387,PROD0097,2025-06-26,309,23055.28,7124081.52,Shipped
SO00019,CUST00390,PROD0194,2026-02-26,256,17616.26,4509762.56,Delivered
SO00020,CUST00389,PROD0192,2025-09-08,417,5102.79,2127863.43,Pending
SO00021,CUST00101,PROD0083,2026-01-30,525,18786.56,9862944.0,Delivered
SO00022,CUST00012,PROD0198,2025-03-28,82,12732.75,1044085.5,Delivered
SO00023,CUST00296,PROD0097,2026-07-17,616,21469.64,13225298.24,Cancelled
SO00024,CUST00001,PROD0195,2025-08-02,302,11095.87,3350952.74,Processing
SO00025,CUST00076,PROD0182,2026-01-13,502,13638.47,6846511.94,Processing
SO00026,CUST00025,PROD0056,2026-05-02,397,27513.99,10923054.03,Delivered
SO00027,CUST00383,PROD0109,2025-07-18,221,10978.16,2426173.36,Shipped
SO00028,CUST00322,PROD0153,2025-08-05,265,28198.34,7472560.1,Shipped
SO00029,CUST00383,PROD0190,2026-01-22,736,4204.47,3094489.92,Delivered
SO00030,CUST00346,PROD0039,2025-03-15,201,6867.56,1380379.56,Delivered
SO00031,CUST00046,PROD0123,2026-03-08,732,38388.19,28100155.08,Pending
SO00032,CUST00452,PROD0057,2026-04-05,128,31128.23,3984413.44,Delivered
SO00033,CUST00237,PROD0119,2026-01-01,439,9480.38,4161886.82,Delivered
SO00034,CUST00199,PROD0063,2025-05-20,402,14822.65,5958705.3,Delivered
SO00035,CUST00261,PROD0158,2025-02-12,568,32200.13,18289673.84,Processing
SO00036,CUST00136,PROD0127,2026-05-23,384,30273.36,11624970.24,Shipped
SO00037,CUST00482,PROD0074,2025-09-03,515,37319.7,19219645.5,Delivered
SO00038,CUST00435,PROD0049,2025-12-29,457,7660.19,3500706.83,Shipped
SO00039,CUST00493,PROD0193,2025-01-29,246,16397.33,4033743.18,Delivered
SO00040,CUST00244,PROD0073,2026-07-25,26,11692.6,304007.6,Delivered
SO00041,CUST00216,PROD0120,2026-05-07,364,6603.45,2403655.8,Processing
SO00042,CUST00103,PROD0077,2025-12-26,91,21572.93,1963136.63,Shipped
SO00043,CUST00334,PROD0199,2025-08-01,213,7983.67,1700521.71,Processing
SO00044,CUST00330,PROD0184,2025-02-03,48,28006.95,1344333.6,Delivered
SO00045,CUST00408,PROD0105,2025-02-04,382,19582.93,7480679.26,Shipped
SO00046,CUST00124,PROD0191,2025-06-03,298,12245.76,3649236.48,Delivered
SO00047,CUST00491,PROD0086,2026-06-22,671,2828.19,1897715.49,Delivered
SO00048,CUST00489,PROD0047,2025-12-17,206,29588.32,6095193.92,Delivered
SO00049,CUST00221,PROD0009,2026-02-26,647,26299.91,17016041.77,Pending
SO00050,CUST00442,PROD0010,2025-01-14,267,14803.95,3952654.65,Pending
SO00051,CUST00378,PROD0021,2026-08-08,72,11987.4,863092.8,Delivered
SO00052,CUST00300,PROD0193,2025-11-12,682,15672.1,10688372.2,Delivered
SO00053,CUST00308,PROD0177,2025-03-22,613,25747.97,15783505.61,Processing
SO00054,CUST00427,PROD0081,2026-02-13,83,1415.8,117511.4,Delivered
SO00055,CUST00258,PROD0056,2025-11-22,459,32699.53,15009084.27,Delivered
SO00056,CUST00040,PROD0080,2026-03-13,748,5837.07,4366128.36,Delivered
SO00057,CUST00262,PROD0165,2025-04-06,664,30548.3,20284071.2,Processing
SO00058,CUST00144,PROD0185,2025-01-01,473,7834.89,3705902.97,Delivered
SO00059,CUST00281,PROD0038,2026-01-28,726,27256.81,19788444.06,Shipped
SO00060,CUST00189,PROD0104,2025-05-17,352,10352.78,3644178.56,Processing
SO00061,CUST00270,PROD0165,2025-01-18,634,26422.45,16751833.3,Shipped
SO00062,CUST00355,PROD0060,2025-08-27,4,23987.97,95951.88,Processing
SO00063,CUST00255,PROD0109,2025-07-10,293,13768.63,4034208.59,Delivered
SO00064,CUST00349,PROD0062,2026-05-08,639,28380.55,18135171.45,Delivered
SO00065,CUST00035,PROD0065,2025-06-09,57,8052.93,459017.01,Delivered
SO00066,CUST00273,PROD0100,2025-04-01,386,21313.51,8227014.86,Processing
SO00067,CUST00445,PROD0063,2026-04-07,219,15444.29,3382299.51,Pending
SO00068,CUST00233,PROD0188,2025-09-17,513,27912.49,14319107.37,Delivered
SO00069,CUST00443,PROD0078,2025-11-03,132,20730.44,2736418.08,Delivered
SO00070,CUST00145,PROD0027,2025-09-26,18,24753.85,445569.3,Shipped
SO00071,CUST00470,PROD0185,2025-06-20,232,7972.56,1849633.92,Processing
SO00072,CUST00430,PROD0092,2025-08-20,85,9376.7,797019.5,Shipped
SO00073,CUST00212,PROD0080,2026-02-21,509,6253.58,3183072.22,Delivered
SO00074,CUST00497,PROD0053,2025-04-03,376,3218.93,1210317.68,Shipped
SO00075,CUST00073,PROD0091,2025-01-09,527,31643.65,16676203.55,Delivered
SO00076,CUST00396,PROD0082,2026-03-05,548,24791.09,13585517.32,Delivered
SO00077,CUST00398,PROD0138,2026-06-24,374,25284.56,9456425.44,Shipped
SO00078,CUST00282,PROD0155,2026-05-16,336,9705.3,3260980.8,Processing
SO00079,CUST00415,PROD0148,2025-03-01,536,29240.05,15672666.8,Pending
SO00080,CUST00470,PROD0044,2025-03-19,568,10756.78,6109851.04,Delivered
SO00081,CUST00430,PROD0029,2026-06-16,386,8920.44,3443289.84,Shipped
SO00082,CUST00111,PROD0138,2025-07-02,211,28085.8,5926103.8,Delivered
SO00083,CUST00160,PROD0137,2025-08-14,586,22852.7,13391682.2,Pending
SO00084,CUST00375,PROD0015,2025-02-12,201,11778.03,2367384.03,Delivered
SO00085,CUST00444,PROD0099,2025-09-22,194,2338.05,453581.7,Shipped
SO00086,CUST00160,PROD0041,2025-06-27,106,34153.13,3620231.78,Pending
SO00087,CUST00238,PROD0191,2026-08-12,248,13350.14,3310834.72,Pending
SO00088,CUST00377,PROD0027,2026-08-25,178,17703.98,3151308.44,Delivered
SO00089,CUST00464,PROD0050,2026-04-29,303,3767.49,1141549.47,Delivered
SO00090,CUST00046,PROD0051,2026-02-16,256,20390.11,5219868.16,Pending
SO00091,CUST00186,PROD0051,2025-12-31,56,28449.64,1593179.84,Delivered
SO00092,CUST00098,PROD0016,2025-02-09,315,14164.61,4461852.15,Delivered
SO00093,CUST00046,PROD0172,2026-06-30,730,6564.09,4791785.7,Delivered
SO00094,CUST00185,PROD0158,2026-02-22,563,25694.78,14466161.14,Shipped
SO00095,CUST00234,PROD0105,2025-11-24,725,19845.92,14388292.0,Shipped
SO00096,CUST00167,PROD0078,2025-11-09,123,28376.71,3490335.33,Shipped
SO00097,CUST00306,PROD0152,2025-07-08,101,9003.63,909366.63,Pending
SO00098,CUST00175,PROD0040,2025-10-01,57,13101.97,746812.29,Shipped
SO00099,CUST00012,PROD0108,2025-04-16,108,17577.53,1898373.24,Shipped
SO00100,CUST00354,PROD0158,2026-01-25,96,22655.48,2174926.08,Pending
SO00101,CUST00326,PROD0034,2026-06-24,164,2473.82,405706.48,Delivered
SO00102,CUST00208,PROD0138,2025-05-07,145,23259.77,3372666.65,Processing
SO00103,CUST00078,PROD0176,2025-05-09,86,16569.37,1424965.82,Processing
SO00104,CUST00088,PROD0167,2026-02-16,391,29497.31,11533448.21,Processing
SO00105,CUST00489,PROD0038,2026-01-26,32,26407.0,845024.0,Processing
SO00106,CUST00294,PROD0182,2026-05-24,89,15154.99,1348794.11,Delivered
SO00107,CUST00118,PROD0036,2026-08-06,678,15107.41,10242823.98,Processing
SO00108,CUST00253,PROD0034,2025-12-27,136,2373.27,322764.72,Delivered
SO00109,CUST00081,PROD0038,2025-07-26,32,21585.38,690732.16,Shipped
SO00110,CUST00468,PROD0069,2026-04-20,573,30817.16,17658232.68,Processing
SO00111,CUST00131,PROD0049,2025-05-12,570,6892.8,3928896.0,Delivered
SO00112,CUST00046,PROD0076,2025-12-25,343,7099.06,2434977.58,Shipped
SO00113,CUST00170,PROD0174,2025-02-15,525,37593.04,19736346.0,Shipped
SO00114,CUST00362,PROD0038,2025-01-24,647,30590.96,19792351.12,Delivered
SO00115,CUST00023,PROD0074,2026-01-25,566,28284.72,16009151.52,Shipped
SO00116,CUST00135,PROD0004,2025-07-06,429,4535.13,1945570.77,Pending
SO00117,CUST00135,PROD0116,2026-05-04,409,7662.4,3133921.6,Processing
SO00118,CUST00022,PROD0184,2025-12-16,594,22292.4,13241685.6,Pending
SO00119,CUST00498,PROD0187,2026-05-30,599,27383.12,16402488.88,Delivered
SO00120,CUST00105,PROD0010,2025-09-23,97,17295.53,1677666.41,Delivered
SO00121,CUST00221,PROD0035,2025-12-29,226,16283.65,3680104.9,Processing
SO00122,CUST00475,PROD0131,2026-06-05,454,14491.67,6579218.18,Delivered
SO00123,CUST00357,PROD0158,2026-03-12,639,31293.67,19996655.13,Delivered
SO00124,CUST00338,PROD0014,2026-02-03,427,20865.34,8909500.18,Pending
SO00125,CUST00432,PROD0152,2025-05-22,24,11972.25,287334.0,Cancelled
SO00126,CUST00285,PROD0098,2025-07-18,10,21959.76,219597.6,Processing
SO00127,CUST00142,PROD0171,2026-08-27,458,18907.22,8659506.76,Delivered
SO00128,CUST00316,PROD0004,2026-08-15,220,4105.73,903260.6,Delivered
SO00129,CUST00390,PROD0185,2025-05-05,748,6522.62,4878919.76,Cancelled
SO00130,CUST00409,PROD0196,2026-08-24,331,31936.61,10571017.91,Processing
SO00131,CUST00149,PROD0079,2026-08-07,76,29832.15,2267243.4,Shipped
SO00132,CUST00236,PROD0145,2025-09-23,749,12384.05,9275653.45,Delivered
SO00133,CUST00226,PROD0033,2025-11-12,575,4786.34,2752145.5,Delivered
SO00134,CUST00491,PROD0189,2025-04-06,419,8675.53,3635047.07,Processing
SO00135,CUST00170,PROD0187,2026-08-01,227,23419.72,5316276.44,Shipped
SO00136,CUST00005,PROD0143,2026-05-21,262,27420.48,7184165.76,Shipped
SO00137,CUST00418,PROD0161,2026-02-18,542,13910.35,7539409.7,Delivered
SO00138,CUST00195,PROD0177,2025-12-06,677,22276.13,15080940.01,Pending
SO00139,CUST00397,PROD0170,2026-01-12,679,20556.55,13957897.45,Delivered
SO00140,CUST00270,PROD0043,2025-06-12,735,4861.36,3573099.6,Delivered
SO00141,CUST00270,PROD0056,2025-04-24,158,26588.74,4201020.92,Delivered
SO00142,CUST00460,PROD0131,2026-03-24,527,12527.17,6601818.59,Processing
SO00143,CUST00349,PROD0109,2025-11-02,497,14006.48,6961220.56,Processing
SO00144,CUST00010,PROD0157,2026-05-30,409,23640.85,9669107.65,Shipped
SO00145,CUST00246,PROD0069,2025-08-13,288,33768.85,9725428.8,Pending
SO00146,CUST00172,PROD0038,2026-05-02,82,23428.52,1921138.64,Processing
SO00147,CUST00481,PROD0123,2025-03-25,331,39102.73,12943003.63,Shipped
SO00148,CUST00308,PROD0161,2025-12-04,163,14763.76,2406492.88,Shipped
SO00149,CUST00141,PROD0138,2026-05-16,726,23626.97,17153180.22,Delivered
SO00150,CUST00362,PROD0163,2025-03-07,299,5513.82,1648632.18,Delivered
SO00151,CUST00220,PROD0114,2025-06-10,331,17656.75,5844384.25,Pending
SO00152,CUST00405,PROD0158,2025-05-01,634,27714.61,17571062.74,Delivered
SO00153,CUST00138,PROD0157,2025-08-18,417,24402.45,10175821.65,Delivered
SO00154,CUST00399,PROD0165,2026-01-02,447,29364.9,13126110.3,Delivered
SO00155,CUST00226,PROD0136,2026-02-17,614,13861.24,8510801.36,Pending
SO00156,CUST00468,PROD0013,2025-01-09,580,17170.42,9958843.6,Delivered
SO00157,CUST00419,PROD0048,2026-06-01,63,25441.4,1602808.2,Delivered
SO00158,CUST00429,PROD0010,2025-07-16,88,16480.74,1450305.12,Delivered
SO00159,CUST00334,PROD0164,2026-05-02,159,15245.8,2424082.2,Delivered
SO00160,CUST00269,PROD0072,2025-05-10,555,8625.66,4787241.3,Delivered
SO00161,CUST00246,PROD0098,2025-06-21,421,19291.52,8121729.92,Processing
SO00162,CUST00393,PROD0066,2026-06-17,447,1166.64,521488.08,Delivered
SO00163,CUST00412,PROD0163,2025-03-26,519,5513.99,2861760.81,Delivered
SO00164,CUST00101,PROD0077,2025-07-28,567,20873.06,11835025.02,Pending
SO00165,CUST00446,PROD0057,2025-12-08,450,29694.27,13362421.5,Delivered
SO00166,CUST00205,PROD0103,2026-06-24,498,17609.5,8769531.0,Delivered
SO00167,CUST00140,PROD0107,2025-09-25,17,21257.24,361373.08,Processing
SO00168,CUST00021,PROD0158,2026-02-07,448,27624.6,12375820.8,Delivered
SO00169,CUST00325,PROD0180,2026-02-17,142,15434.11,2191643.62,Delivered
SO00170,CUST00384,PROD0053,2025-12-07,405,4466.81,1809058.05,Pending
SO00171,CUST00320,PROD0147,2025-11-03,65,2409.87,156641.55,Shipped
SO00172,CUST00421,PROD0090,2026-06-28,419,33552.18,14058363.42,Processing
SO00173,CUST00412,PROD0129,2025-06-07,374,20903.77,7818009.98,Delivered
SO00174,CUST00451,PROD0092,2025-03-29,329,10032.54,3300705.66,Pending
SO00175,CUST00286,PROD0063,2025-08-11,21,16150.24,339155.04,Delivered
SO00176,CUST00282,PROD0036,2025-11-24,92,15701.43,1444531.56,Delivered
SO00177,CUST00134,PROD0056,2026-03-03,622,28001.34,17416833.48,Delivered
SO00178,CUST00137,PROD0074,2026-06-09,405,27939.37,11315444.85,Processing
SO00179,CUST00426,PROD0124,2025-01-23,352,4287.11,1509062.72,Shipped
SO00180,CUST00357,PROD0146,2026-07-31,103,24612.02,2535038.06,Delivered
SO00181,CUST00192,PROD0095,2026-05-10,71,1073.13,76192.23,Shipped
SO00182,CUST00154,PROD0025,2025-10-11,315,20119.38,6337604.7,Delivered
SO00183,CUST00345,PROD0026,2025-07-30,440,32209.53,14172193.2,Processing
SO00184,CUST00267,PROD0195,2025-07-02,690,11567.96,7981892.4,Processing
SO00185,CUST00340,PROD0147,2025-12-11,488,2588.98,1263422.24,Delivered
SO00186,CUST00195,PROD0200,2025-12-25,327,35524.86,11616629.22,Delivered
SO00187,CUST00186,PROD0084,2025-01-20,311,12893.3,4009816.3,Delivered
SO00188,CUST00327,PROD0079,2025-08-04,228,34191.28,7795611.84,Delivered
SO00189,CUST00337,PROD0127,2026-04-28,105,27197.82,2855771.1,Delivered
SO00190,CUST00090,PROD0037,2026-08-01,744,10719.73,7975479.12,Processing
SO00191,CUST00250,PROD0104,2025-02-25,711,7884.59,5605943.49,Pending
SO00192,CUST00108,PROD0093,2025-12-21,608,6025.22,3663333.76,Delivered
SO00193,CUST00340,PROD0013,2025-02-22,113,12513.06,1413975.78,Delivered
SO00194,CUST00237,PROD0117,2025-09-16,235,16785.41,3944571.35,Processing
SO00195,CUST00124,PROD0170,2025-09-27,74,22760.1,1684247.4,Shipped
SO00196,CUST00248,PROD0035,2026-07-04,178,15277.23,2719346.94,Delivered
SO00197,CUST00173,PROD0103,2026-05-28,261,17605.81,4595116.41,Delivered
SO00198,CUST00159,PROD0025,2026-05-15,403,19600.72,7899090.16,Pending
SO00199,CUST00240,PROD0055,2026-01-19,635,2906.57,1845671.95,Delivered
SO00200,CUST00275,PROD0094,2025-05-29,382,13392.15,5115801.3,Delivered
SO00201,CUST00403,PROD0089,2026-08-20,498,14489.79,7215915.42,Delivered
SO00202,CUST00186,PROD0129,2026-05-15,101,20286.12,2048898.12,Delivered
SO00203,CUST00404,PROD0136,2025-06-09,269,14959.8,4024186.2,Delivered
SO00204,CUST00211,PROD0043,2025-07-18,245,4268.55,1045794.75,Shipped
SO00205,CUST00228,PROD0001,2025-11-06,308,6365.97,1960718.76,Delivered
SO00206,CUST00414,PROD0152,2026-02-15,456,10969.39,5002041.84,Delivered
SO00207,CUST00343,PROD0152,2026-05-20,501,11315.89,5669260.89,Shipped
SO00208,CUST00499,PROD0075,2025-09-09,128,24891.24,3186078.72,Shipped
SO00209,CUST00175,PROD0011,2026-08-09,531,26985.14,14329109.34,Processing
SO00210,CUST00191,PROD0183,2025-10-18,413,2694.71,1112915.23,Delivered
SO00211,CUST00312,PROD0100,2025-07-15,104,21185.0,2203240.0,Delivered
SO00212,CUST00338,PROD0011,2025-02-01,108,24363.68,2631277.44,Delivered
SO00213,CUST00236,PROD0147,2026-01-28,662,2586.38,1712183.56,Delivered
SO00214,CUST00222,PROD0180,2026-07-11,612,13554.82,8295549.84,Processing
SO00215,CUST00349,PROD0026,2025-11-18,408,32063.0,13081704.0,Delivered
SO00216,CUST00297,PROD0200,2026-01-09,243,36608.62,8895894.66,Shipped
SO00217,CUST00218,PROD0114,2026-08-23,412,17142.15,7062565.8,Delivered
SO00218,CUST00405,PROD0110,2025-07-22,499,35398.65,17663926.35,Delivered
SO00219,CUST00361,PROD0135,2025-12-31,609,3426.56,2086775.04,Processing
SO00220,CUST00066,PROD0035,2026-04-11,547,16429.3,8986827.1,Delivered
SO00221,CUST00496,PROD0055,2025-03-29,237,3048.48,722489.76,Pending
SO00222,CUST00314,PROD0002,2025-07-18,77,8878.32,683630.64,Delivered
SO00223,CUST00467,PROD0080,2026-04-25,169,6285.98,1062330.62,Delivered
SO00224,CUST00222,PROD0104,2025-08-21,689,10168.36,7006000.04,Delivered
SO00225,CUST00212,PROD0114,2026-08-05,65,18824.61,1223599.65,Delivered
SO00226,CUST00101,PROD0181,2025-01-23,684,27610.72,18885732.48,Delivered
SO00227,CUST00345,PROD0185,2026-04-13,234,8031.75,1879429.5,Shipped
SO00228,CUST00432,PROD0094,2026-03-24,575,15916.66,9152079.5,Delivered
SO00229,CUST00263,PROD0045,2025-01-26,351,10003.09,3511084.59,Cancelled
SO00230,CUST00122,PROD0187,2026-03-02,483,30570.02,14765319.66,Pending
SO00231,CUST00073,PROD0130,2025-03-11,536,30951.71,16590116.56,Pending
SO00232,CUST00046,PROD0033,2025-04-17,689,4560.62,3142267.18,Delivered
SO00233,CUST00039,PROD0068,2025-06-20,642,32334.29,20758614.18,Delivered
SO00234,CUST00413,PROD0097,2025-06-12,85,26645.24,2264845.4,Processing
SO00235,CUST00291,PROD0038,2026-07-14,342,29214.65,9991410.3,Pending
SO00236,CUST00389,PROD0195,2026-02-08,327,10326.08,3376628.16,Delivered
SO00237,CUST00194,PROD0096,2025-10-07,717,2287.27,1639972.59,Delivered
SO00238,CUST00144,PROD0074,2025-11-21,79,29350.35,2318677.65,Delivered
SO00239,CUST00341,PROD0196,2026-06-30,713,27586.63,19669267.19,Delivered
SO00240,CUST00097,PROD0131,2026-04-06,19,14283.29,271382.51,Delivered
SO00241,CUST00283,PROD0166,2025-07-31,659,28293.48,18645403.32,Shipped
SO00242,CUST00228,PROD0185,2025-08-10,440,7229.06,3180786.4,Shipped
SO00243,CUST00399,PROD0072,2026-07-04,509,9062.77,4612949.93,Delivered
SO00244,CUST00085,PROD0008,2025-05-18,77,28307.39,2179669.03,Processing
SO00245,CUST00125,PROD0083,2025-07-23,274,23544.07,6451075.18,Pending
SO00246,CUST00095,PROD0114,2025-04-24,174,16311.76,2838246.24,Pending
SO00247,CUST00101,PROD0001,2025-01-12,521,7750.12,4037812.52,Shipped
SO00248,CUST00240,PROD0124,2025-10-26,48,5556.66,266719.68,Delivered
SO00249,CUST00339,PROD0171,2026-03-08,495,15979.0,7909605.0,Cancelled
SO00250,CUST00398,PROD0120,2025-08-31,387,6795.69,2629932.03,Processing
SO00251,CUST00248,PROD0108,2025-01-03,670,15055.15,10086950.5,Pending
SO00252,CUST00095,PROD0025,2026-03-03,511,16737.55,8552888.05,Delivered
SO00253,CUST00433,PROD0133,2026-06-21,405,17607.76,7131142.8,Shipped
SO00254,CUST00257,PROD0100,2025-04-16,589,23202.42,13666225.38,Delivered
SO00255,CUST00199,PROD0077,2025-06-15,671,24060.84,16144823.64,Delivered
SO00256,CUST00240,PROD0077,2026-03-16,112,26626.01,2982113.12,Delivered
SO00257,CUST00166,PROD0184,2025-02-07,702,29903.4,20992186.8,Processing
SO00258,CUST00199,PROD0065,2025-01-21,583,7004.24,4083471.92,Processing
SO00259,CUST00331,PROD0004,2026-05-14,235,3776.02,887364.7,Delivered
SO00260,CUST00362,PROD0153,2025-04-28,462,31333.01,14475850.62,Delivered
SO00261,CUST00378,PROD0096,2025-03-12,573,2640.09,1512771.57,Delivered
SO00262,CUST00073,PROD0149,2026-07-12,401,21827.36,8752771.36,Delivered
SO00263,CUST00090,PROD0031,2025-10-11,341,3235.13,1103179.33,Delivered
SO00264,CUST00327,PROD0102,2025-09-12,747,14979.66,11189806.02,Pending
SO00265,CUST00206,PROD0001,2025-06-25,144,6831.86,983787.84,Delivered
SO00266,CUST00282,PROD0182,2025-01-26,523,13616.36,7121356.28,Shipped
SO00267,CUST00006,PROD0037,2026-06-11,618,11881.1,7342519.8,Shipped
SO00268,CUST00280,PROD0060,2026-01-12,516,24811.09,12802522.44,Delivered
SO00269,CUST00003,PROD0105,2025-03-26,371,19974.38,7410494.98,Pending
SO00270,CUST00436,PROD0022,2025-12-01,492,15935.01,7840024.92,Pending
SO00271,CUST00294,PROD0056,2026-01-22,707,31780.39,22468735.73,Delivered
SO00272,CUST00377,PROD0021,2025-06-16,312,11916.54,3717960.48,Shipped
SO00273,CUST00078,PROD0140,2025-04-01,251,1189.4,298539.4,Processing
SO00274,CUST00263,PROD0163,2026-01-12,597,5041.45,3009745.65,Processing
SO00275,CUST00478,PROD0057,2025-01-13,348,30319.87,10551314.76,Pending
SO00276,CUST00052,PROD0127,2026-04-10,505,24368.22,12305951.1,Processing
SO00277,CUST00099,PROD0009,2025-01-28,354,23735.2,8402260.8,Delivered
SO00278,CUST00458,PROD0147,2025-02-28,311,2373.64,738202.04,Delivered
SO00279,CUST00003,PROD0085,2026-01-27,96,4765.98,457534.08,Delivered
SO00280,CUST00390,PROD0163,2025-08-26,647,4771.02,3086849.94,Delivered
SO00281,CUST00230,PROD0099,2025-09-02,573,2337.8,1339559.4,Shipped
SO00282,CUST00392,PROD0104,2026-04-10,469,8634.12,4049402.28,Shipped
SO00283,CUST00005,PROD0100,2025-03-04,287,23222.98,6664995.26,Delivered
SO00284,CUST00410,PROD0184,2026-08-25,466,29106.14,13563461.24,Shipped
SO00285,CUST00432,PROD0021,2025-08-27,655,15863.22,10390409.1,Shipped
SO00286,CUST00117,PROD0058,2025-02-15,182,2266.03,412417.46,Shipped
SO00287,CUST00171,PROD0194,2026-04-08,512,20153.28,10318479.36,Delivered
SO00288,CUST00060,PROD0200,2025-12-15,1,31832.69,31832.69,Delivered
SO00289,CUST00440,PROD0012,2026-07-01,601,10513.74,6318757.74,Pending
SO00290,CUST00372,PROD0056,2026-03-26,120,29924.7,3590964.0,Cancelled
SO00291,CUST00011,PROD0088,2026-02-01,297,3656.26,1085909.22,Delivered
SO00292,CUST00457,PROD0093,2026-08-21,594,6619.81,3932167.14,Delivered
SO00293,CUST00212,PROD0031,2026-05-04,108,2366.77,255611.16,Processing
SO00294,CUST00243,PROD0101,2026-08-13,315,5044.87,1589134.05,Delivered
SO00295,CUST00215,PROD0088,2025-12-26,473,3636.43,1720031.39,Processing
SO00296,CUST00078,PROD0043,2026-04-12,397,5130.33,2036741.01,Delivered
SO00297,CUST00173,PROD0069,2026-06-04,697,26861.1,18722186.7,Delivered
SO00298,CUST00312,PROD0130,2025-01-11,265,37952.93,10057526.45,Delivered
SO00299,CUST00380,PROD0107,2025-12-24,12,25561.86,306742.32,Delivered
SO00300,CUST00374,PROD0153,2026-08-28,187,34016.96,6361171.52,Pending
SO00301,CUST00035,PROD0056,2026-02-22,532,25312.07,13466021.24,Delivered
SO00302,CUST00244,PROD0009,2026-07-16,640,27089.74,17337433.6,Delivered
SO00303,CUST00456,PROD0117,2026-03-28,450,15792.43,7106593.5,Delivered
SO00304,CUST00292,PROD0145,2025-07-30,417,12937.27,5394841.59,Delivered
SO00305,CUST00302,PROD0048,2026-04-25,455,18837.35,8570994.25,Shipped
SO00306,CUST00485,PROD0113,2025-02-26,245,39874.35,9769215.75,Delivered
SO00307,CUST00306,PROD0108,2026-07-22,177,13342.31,2361588.87,Shipped
SO00308,CUST00277,PROD0168,2026-02-21,172,11699.24,2012269.28,Delivered
SO00309,CUST00351,PROD0199,2025-07-17,248,7956.07,1973105.36,Delivered
SO00310,CUST00476,PROD0059,2026-08-27,259,26093.31,6758167.29,Delivered
SO00311,CUST00417,PROD0182,2026-02-15,29,15625.51,453139.79,Pending
SO00312,CUST00290,PROD0067,2026-01-22,725,6654.31,4824374.75,Pending
SO00313,CUST00314,PROD0089,2026-02-13,671,11367.33,7627478.43,Delivered
SO00314,CUST00451,PROD0101,2026-07-05,331,4872.03,1612641.93,Processing
SO00315,CUST00070,PROD0130,2025-04-03,352,29123.2,10251366.4,Shipped
SO00316,CUST00017,PROD0098,2025-02-19,272,17124.79,4657942.88,Pending
SO00317,CUST00173,PROD0074,2026-07-24,545,34229.8,18655241.0,Pending
SO00318,CUST00055,PROD0030,2025-09-09,593,17685.12,10487276.16,Shipped
SO00319,CUST00402,PROD0003,2026-06-17,263,19413.19,5105668.97,Delivered
SO00320,CUST00464,PROD0037,2025-11-15,543,14770.2,8020218.6,Delivered
SO00321,CUST00211,PROD0195,2026-03-31,310,12416.16,3849009.6,Delivered
SO00322,CUST00246,PROD0143,2025-01-31,435,24530.09,10670589.15,Processing
SO00323,CUST00279,PROD0102,2026-04-03,29,18573.23,538623.67,Delivered
SO00324,CUST00487,PROD0034,2026-08-28,173,1991.22,344481.06,Pending
SO00325,CUST00018,PROD0024,2026-05-08,637,7290.41,4643991.17,Pending
SO00326,CUST00206,PROD0107,2026-07-28,214,26500.69,5671147.66,Shipped
SO00327,CUST00277,PROD0121,2025-05-15,580,22676.47,13152352.6,Processing
SO00328,CUST00255,PROD0052,2026-06-16,717,17653.21,12657351.57,Shipped
SO00329,CUST00291,PROD0093,2025-11-14,419,5346.88,2240342.72,Pending
SO00330,CUST00469,PROD0171,2026-05-01,592,15708.23,9299272.16,Delivered
SO00331,CUST00005,PROD0061,2026-03-14,200,6806.47,1361294.0,Processing
SO00332,CUST00004,PROD0121,2026-06-03,5,18334.11,91670.55,Delivered
SO00333,CUST00092,PROD0135,2025-02-12,500,3297.02,1648510.0,Shipped
SO00334,CUST00481,PROD0006,2025-06-03,151,22135.65,3342483.15,Shipped
SO00335,CUST00043,PROD0186,2025-01-04,501,7161.41,3587866.41,Delivered
SO00336,CUST00035,PROD0102,2025-10-06,283,17582.63,4975884.29,Processing
SO00337,CUST00029,PROD0069,2025-03-11,416,31765.14,13214298.24,Pending
SO00338,CUST00333,PROD0190,2025-11-24,19,5159.04,98021.76,Delivered
SO00339,CUST00349,PROD0175,2026-02-20,585,3395.44,1986332.4,Delivered
SO00340,CUST00118,PROD0185,2025-02-22,408,5969.47,2435543.76,Processing
SO00341,CUST00150,PROD0189,2025-12-16,556,10210.41,5676987.96,Shipped
SO00342,CUST00007,PROD0147,2025-07-26,382,2844.67,1086663.94,Processing
SO00343,CUST00353,PROD0143,2025-09-01,222,23123.48,5133412.56,Shipped
SO00344,CUST00219,PROD0013,2025-01-11,91,16661.32,1516180.12,Delivered
SO00345,CUST00118,PROD0035,2025-06-07,411,16101.5,6617716.5,Delivered
SO00346,CUST00176,PROD0129,2026-06-29,721,16224.99,11698217.79,Processing
SO00347,CUST00049,PROD0094,2025-01-08,46,15419.68,709305.28,Processing
SO00348,CUST00312,PROD0124,2026-05-24,686,4384.84,3008000.24,Processing
SO00349,CUST00038,PROD0147,2025-12-25,134,2343.8,314069.2,Pending
SO00350,CUST00282,PROD0186,2025-06-08,739,7138.2,5275129.8,Delivered
SO00351,CUST00497,PROD0145,2025-06-02,461,16934.24,7806684.64,Pending
SO00352,CUST00332,PROD0051,2026-08-13,489,25045.69,12247342.41,Processing
SO00353,CUST00466,PROD0027,2026-08-31,352,21544.98,7583832.96,Pending
SO00354,CUST00469,PROD0083,2026-01-16,128,16701.52,2137794.56,Pending
SO00355,CUST00043,PROD0073,2026-03-31,616,11199.67,6898996.72,Delivered
SO00356,CUST00172,PROD0118,2026-04-23,310,36225.56,11229923.6,Delivered
SO00357,CUST00469,PROD0047,2025-11-14,307,26571.68,8157505.76,Delivered
SO00358,CUST00299,PROD0106,2025-09-01,163,1433.65,233684.95,Delivered
SO00359,CUST00265,PROD0140,2025-03-23,244,1449.58,353697.52,Delivered
SO00360,CUST00488,PROD0121,2026-08-12,746,22032.11,16435954.06,Shipped
SO00361,CUST00363,PROD0119,2026-03-21,492,9475.37,4661882.04,Shipped
SO00362,CUST00098,PROD0163,2025-11-01,314,4131.44,1297272.16,Pending
SO00363,CUST00319,PROD0119,2025-11-08,532,10817.04,5754665.28,Processing
SO00364,CUST00186,PROD0122,2026-01-21,113,16575.46,1873026.98,Delivered
SO00365,CUST00115,PROD0133,2025-11-11,693,18178.48,12597686.64,Pending
SO00366,CUST00025,PROD0196,2026-08-09,232,26773.37,6211421.84,Processing
SO00367,CUST00329,PROD0076,2025-01-20,129,7428.61,958290.69,Processing
SO00368,CUST00493,PROD0013,2026-03-05,642,11995.48,7701098.16,Delivered
SO00369,CUST00005,PROD0154,2025-10-21,68,3674.25,249849.0,Delivered
SO00370,CUST00245,PROD0107,2025-08-22,131,20763.77,2720053.87,Delivered
SO00371,CUST00356,PROD0200,2026-01-27,711,38832.01,27609559.11,Delivered
SO00372,CUST00305,PROD0040,2025-09-25,34,12086.24,410932.16,Shipped
SO00373,CUST00028,PROD0153,2025-08-25,87,31727.0,2760249.0,Delivered
SO00374,CUST00468,PROD0026,2025-03-02,696,25986.62,18086687.52,Delivered
SO00375,CUST00484,PROD0182,2025-04-22,117,15188.84,1777094.28,Delivered
SO00376,CUST00203,PROD0080,2025-07-06,68,5721.79,389081.72,Cancelled
SO00377,CUST00216,PROD0147,2025-12-03,14,3247.47,45464.58,Processing
SO00378,CUST00137,PROD0033,2026-06-19,626,5921.23,3706689.98,Delivered
SO00379,CUST00313,PROD0136,2025-12-04,280,13979.16,3914164.8,Delivered
SO00380,CUST00295,PROD0138,2025-06-11,653,21650.86,14138011.58,Shipped
SO00381,CUST00316,PROD0107,2025-11-27,701,21865.91,15328002.91,Shipped
SO00382,CUST00409,PROD0022,2026-05-04,362,15525.57,5620256.34,Processing
SO00383,CUST00086,PROD0111,2025-06-22,168,10988.94,1846141.92,Delivered
SO00384,CUST00207,PROD0084,2025-08-30,11,9792.82,107721.02,Delivered
SO00385,CUST00009,PROD0148,2026-07-31,39,34074.47,1328904.33,Processing
SO00386,CUST00154,PROD0117,2026-03-19,417,12711.35,5300632.95,Pending
SO00387,CUST00155,PROD0038,2025-11-16,463,26148.75,12106871.25,Delivered
SO00388,CUST00163,PROD0067,2025-11-29,675,8678.59,5858048.25,Shipped
SO00389,CUST00091,PROD0165,2025-10-18,255,27114.71,6914251.05,Processing
SO00390,CUST00371,PROD0181,2025-05-28,63,37017.49,2332101.87,Delivered
SO00391,CUST00416,PROD0069,2026-01-08,585,29372.71,17183035.35,Delivered
SO00392,CUST00351,PROD0148,2025-08-25,410,32674.78,13396659.8,Delivered
SO00393,CUST00379,PROD0200,2025-08-06,688,35625.22,24510151.36,Delivered
SO00394,CUST00090,PROD0132,2025-12-22,481,26386.0,12691666.0,Delivered
SO00395,CUST00102,PROD0064,2026-04-13,524,24974.68,13086732.32,Delivered
SO00396,CUST00479,PROD0124,2025-01-21,239,4667.99,1115649.61,Delivered
SO00397,CUST00026,PROD0047,2025-08-02,236,25198.76,5946907.36,Delivered
SO00398,CUST00079,PROD0076,2025-07-03,488,9405.67,4589966.96,Delivered
SO00399,CUST00276,PROD0096,2026-08-07,196,2778.34,544554.64,Delivered
SO00400,CUST00124,PROD0059,2025-02-26,356,23529.91,8376647.96,Pending
SO00401,CUST00025,PROD0033,2026-02-14,255,5970.69,1522525.95,Delivered
SO00402,CUST00250,PROD0182,2025-01-30,92,13140.03,1208882.76,Delivered
SO00403,CUST00440,PROD0128,2026-07-02,56,17328.68,970406.08,Pending
SO00404,CUST00325,PROD0179,2025-10-01,54,1132.45,61152.3,Delivered
SO00405,CUST00485,PROD0088,2025-11-03,403,3886.6,1566299.8,Delivered
SO00406,CUST00191,PROD0096,2025-06-10,90,2205.55,198499.5,Delivered
SO00407,CUST00482,PROD0125,2025-02-06,530,8077.96,4281318.8,Delivered
SO00408,CUST00422,PROD0188,2025-09-13,354,34328.86,12152416.44,Delivered
SO00409,CUST00374,PROD0177,2025-08-17,318,26824.89,8530315.02,Delivered
SO00410,CUST00316,PROD0183,2025-03-12,482,2786.18,1342938.76,Shipped
SO00411,CUST00184,PROD0128,2025-11-18,125,17864.28,2233035.0,Delivered
SO00412,CUST00089,PROD0132,2025-08-25,647,27291.42,17657548.74,Cancelled
SO00413,CUST00126,PROD0005,2026-02-24,441,28489.08,12563684.28,Delivered
SO00414,CUST00344,PROD0172,2025-03-18,550,8217.19,4519454.5,Pending
SO00415,CUST00122,PROD0081,2026-03-19,135,1365.92,184399.2,Shipped
SO00416,CUST00224,PROD0019,2026-04-15,321,23045.33,7397550.93,Delivered
SO00417,CUST00311,PROD0144,2025-11-18,676,26379.3,17832406.8,Shipped
SO00418,CUST00305,PROD0115,2026-03-07,472,14415.98,6804342.56,Delivered
SO00419,CUST00355,PROD0109,2025-08-09,25,14035.5,350887.5,Processing
SO00420,CUST00020,PROD0028,2026-08-31,46,13001.75,598080.5,Delivered
SO00421,CUST00376,PROD0025,2026-03-04,52,21072.06,1095747.12,Processing
SO00422,CUST00426,PROD0132,2026-05-13,538,25821.96,13892214.48,Delivered
SO00423,CUST00020,PROD0072,2025-08-01,401,8223.52,3297631.52,Delivered
SO00424,CUST00285,PROD0134,2025-09-06,117,32247.59,3772968.03,Processing
SO00425,CUST00376,PROD0091,2026-07-03,91,33597.34,3057357.94,Shipped
SO00426,CUST00477,PROD0153,2026-03-07,47,34810.88,1636111.36,Processing
SO00427,CUST00196,PROD0086,2026-08-29,410,2931.83,1202050.3,Processing
SO00428,CUST00195,PROD0123,2025-06-14,181,34254.97,6200149.57,Delivered
SO00429,CUST00366,PROD0125,2025-06-09,161,10841.59,1745495.99,Shipped
SO00430,CUST00058,PROD0173,2026-07-22,685,26341.76,18044105.6,Delivered
SO00431,CUST00324,PROD0050,2025-06-08,470,3972.8,1867216.0,Delivered
SO00432,CUST00239,PROD0133,2025-01-19,229,18702.35,4282838.15,Shipped
SO00433,CUST00492,PROD0137,2025-01-30,228,22417.57,5111205.96,Delivered
SO00434,CUST00488,PROD0134,2026-03-31,613,34503.62,21150719.06,Cancelled
SO00435,CUST00053,PROD0165,2026-01-16,262,29801.02,7807867.24,Delivered
SO00436,CUST00105,PROD0106,2026-07-16,473,1724.1,815499.3,Delivered
SO00437,CUST00135,PROD0145,2026-05-08,37,17519.01,648203.37,Delivered
SO00438,CUST00371,PROD0107,2026-06-12,461,21495.25,9909310.25,Pending
SO00439,CUST00391,PROD0126,2025-12-12,104,7846.47,816032.88,Delivered
SO00440,CUST00024,PROD0090,2026-03-18,685,35692.74,24449526.9,Delivered
SO00441,CUST00107,PROD0078,2026-02-16,255,29778.18,7593435.9,Delivered
SO00442,CUST00470,PROD0161,2025-02-19,672,12406.64,8337262.08,Processing
SO00443,CUST00009,PROD0185,2025-05-31,34,6187.76,210383.84,Processing
SO00444,CUST00220,PROD0085,2025-12-21,220,3645.98,802115.6,Delivered
SO00445,CUST00247,PROD0062,2026-05-04,19,29902.09,568139.71,Delivered
SO00446,CUST00353,PROD0143,2026-05-23,493,20456.41,10085010.13,Shipped
SO00447,CUST00056,PROD0096,2026-03-02,290,2614.19,758115.1,Shipped
SO00448,CUST00437,PROD0027,2025-01-13,148,19325.15,2860122.2,Delivered
SO00449,CUST00490,PROD0075,2026-01-19,346,22702.36,7855016.56,Shipped
SO00450,CUST00152,PROD0152,2025-12-17,33,10464.94,345343.02,Shipped
SO00451,CUST00341,PROD0145,2025-02-07,601,17373.36,10441389.36,Pending
SO00452,CUST00434,PROD0127,2026-08-05,412,30471.24,12554150.88,Delivered
SO00453,CUST00245,PROD0035,2026-06-07,318,15432.81,4907633.58,Delivered
SO00454,CUST00104,PROD0198,2025-01-14,289,10148.6,2932945.4,Delivered
SO00455,CUST00015,PROD0008,2025-03-02,595,26142.61,15554852.95,Delivered
SO00456,CUST00315,PROD0079,2025-06-11,634,33670.75,21347255.5,Cancelled
SO00457,CUST00355,PROD0183,2026-05-19,285,2781.52,792733.2,Cancelled
SO00458,CUST00493,PROD0165,2026-08-03,423,29406.23,12438835.29,Delivered
SO00459,CUST00079,PROD0132,2026-02-01,635,25779.43,16369938.05,Delivered
SO00460,CUST00268,PROD0156,2025-04-13,387,8325.4,3221929.8,Delivered
SO00461,CUST00399,PROD0084,2026-04-09,648,11434.93,7409834.64,Delivered
SO00462,CUST00128,PROD0010,2025-05-11,133,13415.38,1784245.54,Pending
SO00463,CUST00191,PROD0098,2025-02-09,480,18555.82,8906793.6,Pending
SO00464,CUST00095,PROD0093,2025-04-15,81,6482.27,525063.87,Processing
SO00465,CUST00423,PROD0068,2025-02-14,105,35430.78,3720231.9,Pending
SO00466,CUST00396,PROD0130,2025-06-19,13,30289.96,393769.48,Delivered
SO00467,CUST00023,PROD0182,2026-03-18,556,15448.04,8589110.24,Pending
SO00468,CUST00297,PROD0033,2025-08-11,500,5371.95,2685975.0,Delivered
SO00469,CUST00249,PROD0163,2025-10-10,629,3838.39,2414347.31,Processing
SO00470,CUST00214,PROD0022,2025-07-18,335,14811.45,4961835.75,Delivered
SO00471,CUST00425,PROD0142,2025-11-27,289,24365.03,7041493.67,Delivered
SO00472,CUST00082,PROD0067,2025-05-29,711,7589.29,5395985.19,Delivered
SO00473,CUST00429,PROD0101,2026-07-12,196,4780.48,936974.08,Delivered
SO00474,CUST00121,PROD0119,2026-04-18,79,10007.6,790600.4,Delivered
SO00475,CUST00429,PROD0029,2025-03-17,546,7433.13,4058488.98,Delivered
SO00476,CUST00324,PROD0151,2026-01-25,125,6457.51,807188.75,Shipped
SO00477,CUST00343,PROD0147,2025-09-12,419,2300.58,963943.02,Delivered
SO00478,CUST00233,PROD0024,2025-09-28,514,6341.91,3259741.74,Shipped
SO00479,CUST00418,PROD0149,2025-04-15,631,18953.87,11959891.97,Delivered
SO00480,CUST00490,PROD0169,2026-01-23,693,19337.72,13401039.96,Pending
SO00481,CUST00210,PROD0144,2026-05-13,566,29374.14,16625763.24,Delivered
SO00482,CUST00497,PROD0012,2025-03-06,226,10332.6,2335167.6,Delivered
SO00483,CUST00387,PROD0018,2025-07-22,529,24056.85,12726073.65,Pending
SO00484,CUST00325,PROD0027,2026-07-30,320,17267.94,5525740.8,Cancelled
SO00485,CUST00358,PROD0181,2025-03-29,238,29502.83,7021673.54,Processing
SO00486,CUST00448,PROD0151,2026-04-01,685,4503.5,3084897.5,Delivered
SO00487,CUST00258,PROD0093,2025-02-09,425,4943.99,2101195.75,Shipped
SO00488,CUST00414,PROD0099,2025-02-18,465,2181.31,1014309.15,Shipped
SO00489,CUST00235,PROD0135,2026-05-31,218,2966.68,646736.24,Delivered
SO00490,CUST00415,PROD0091,2025-09-26,400,30344.34,12137736.0,Delivered
SO00491,CUST00235,PROD0084,2025-06-06,678,14035.38,9515987.64,Processing
SO00492,CUST00233,PROD0186,2025-02-25,275,6195.98,1703894.5,Delivered
SO00493,CUST00136,PROD0067,2026-04-06,634,7794.24,4941548.16,Processing
SO00494,CUST00231,PROD0001,2026-06-22,619,9126.63,5649383.97,Delivered
SO00495,CUST00363,PROD0059,2025-04-20,403,31194.7,12571464.1,Cancelled
SO00496,CUST00046,PROD0048,2025-10-23,646,21726.09,14035054.14,Delivered
SO00497,CUST00427,PROD0099,2025-01-05,18,2303.58,41464.44,Delivered
SO00498,CUST00180,PROD0060,2026-04-07,67,23758.72,1591834.24,Processing
SO00499,CUST00251,PROD0102,2025-12-23,248,14640.66,3630883.68,Pending
SO00500,CUST00014,PROD0137,2025-03-25,618,26110.74,16136437.32,Delivered
SO00501,CUST00403,PROD0025,2026-02-21,170,18032.11,3065458.7,Delivered
SO00502,CUST00477,PROD0074,2026-02-02,22,28717.24,631779.28,Delivered
SO00503,CUST00205,PROD0119,2026-06-18,614,10008.06,6144948.84,Processing
SO00504,CUST00418,PROD0133,2026-08-21,606,15702.93,9515975.58,Delivered
SO00505,CUST00240,PROD0004,2025-03-13,666,3694.74,2460696.84,Shipped
SO00506,CUST00028,PROD0117,2025-01-26,480,12340.49,5923435.2,Delivered
SO00507,CUST00487,PROD0196,2026-05-13,228,31082.77,7086871.56,Delivered
SO00508,CUST00305,PROD0051,2025-11-14,207,27183.79,5627044.53,Pending
SO00509,CUST00271,PROD0027,2026-03-31,114,24766.49,2823379.86,Delivered
SO00510,CUST00294,PROD0181,2025-04-20,434,38284.02,16615264.68,Cancelled
SO00511,CUST00316,PROD0007,2025-10-12,175,24429.57,4275174.75,Delivered
SO00512,CUST00045,PROD0092,2025-10-28,343,10480.25,3594725.75,Delivered
SO00513,CUST00117,PROD0060,2025-10-14,239,23444.53,5603242.67,Processing
SO00514,CUST00374,PROD0105,2026-08-02,719,23693.37,17035533.03,Delivered
SO00515,CUST00118,PROD0146,2025-06-15,112,23462.06,2627750.72,Shipped
SO00516,CUST00373,PROD0060,2025-08-05,369,19885.99,7337930.31,Delivered
SO00517,CUST00160,PROD0159,2025-02-26,712,9756.59,6946692.08,Processing
SO00518,CUST00321,PROD0104,2026-01-29,357,7795.67,2783054.19,Delivered
SO00519,CUST00491,PROD0190,2025-04-25,629,4619.98,2905967.42,Pending
SO00520,CUST00054,PROD0117,2025-08-30,222,17922.21,3978730.62,Pending
SO00521,CUST00356,PROD0040,2026-03-14,280,13565.9,3798452.0,Shipped
SO00522,CUST00476,PROD0051,2025-06-05,574,27246.99,15639772.26,Pending
SO00523,CUST00440,PROD0085,2026-01-21,678,3651.21,2475520.38,Processing
SO00524,CUST00338,PROD0100,2026-05-06,567,25495.9,14456175.3,Delivered
SO00525,CUST00474,PROD0062,2025-03-22,281,28825.05,8099839.05,Shipped
SO00526,CUST00470,PROD0156,2026-05-09,400,9365.38,3746152.0,Delivered
SO00527,CUST00188,PROD0094,2025-01-07,573,14977.67,8582204.91,Delivered
SO00528,CUST00423,PROD0082,2025-08-23,474,23036.79,10919438.46,Delivered
SO00529,CUST00199,PROD0035,2025-05-05,348,13245.52,4609440.96,Shipped
SO00530,CUST00286,PROD0157,2026-08-25,193,30124.2,5813970.6,Delivered
SO00531,CUST00202,PROD0078,2025-09-27,411,22748.39,9349588.29,Processing
SO00532,CUST00008,PROD0027,2026-04-04,304,22578.79,6863952.16,Processing
SO00533,CUST00185,PROD0125,2025-12-02,6,10925.86,65555.16,Delivered
SO00534,CUST00129,PROD0170,2025-09-01,136,20095.74,2733020.64,Pending
SO00535,CUST00371,PROD0139,2025-04-12,405,12707.89,5146695.45,Shipped
SO00536,CUST00186,PROD0083,2025-06-04,130,20719.67,2693557.1,Pending
SO00537,CUST00169,PROD0007,2025-02-26,637,24445.7,15571910.9,Delivered
SO00538,CUST00004,PROD0013,2025-02-24,683,12273.2,8382595.6,Pending
SO00539,CUST00342,PROD0198,2025-04-24,57,9437.21,537920.97,Delivered
SO00540,CUST00213,PROD0019,2025-03-17,600,27517.37,16510422.0,Processing
SO00541,CUST00496,PROD0198,2025-09-16,639,11773.06,7522985.34,Delivered
SO00542,CUST00438,PROD0060,2025-03-31,2,18224.55,36449.1,Shipped
SO00543,CUST00072,PROD0168,2026-06-09,198,12885.6,2551348.8,Delivered
SO00544,CUST00427,PROD0147,2026-01-20,640,2349.25,1503520.0,Shipped
SO00545,CUST00437,PROD0104,2026-07-29,490,7505.68,3677783.2,Shipped
SO00546,CUST00038,PROD0016,2025-08-12,271,16330.28,4425505.88,Processing
SO00547,CUST00347,PROD0120,2026-05-21,644,7098.61,4571504.84,Cancelled
SO00548,CUST00497,PROD0082,2026-01-07,743,21440.44,15930246.92,Processing
SO00549,CUST00037,PROD0198,2025-05-10,544,11429.97,6217903.68,Pending
SO00550,CUST00211,PROD0055,2025-01-22,84,2761.24,231944.16,Cancelled
SO00551,CUST00063,PROD0124,2025-10-22,394,4249.9,1674460.6,Processing
SO00552,CUST00425,PROD0008,2025-08-17,160,27455.48,4392876.8,Delivered
SO00553,CUST00354,PROD0161,2025-04-30,447,13226.53,5912258.91,Delivered
SO00554,CUST00163,PROD0161,2025-07-13,625,13146.34,8216462.5,Delivered
SO00555,CUST00223,PROD0071,2026-04-19,16,17585.9,281374.4,Delivered
SO00556,CUST00342,PROD0018,2026-08-15,731,29134.64,21297421.84,Delivered
SO00557,CUST00176,PROD0036,2025-07-03,547,11733.79,6418383.13,Pending
SO00558,CUST00413,PROD0117,2026-02-16,105,13336.51,1400333.55,Pending
SO00559,CUST00237,PROD0150,2025-09-04,267,32387.12,8647361.04,Processing
SO00560,CUST00433,PROD0043,2025-11-25,191,4451.31,850200.21,Pending
SO00561,CUST00390,PROD0066,2026-03-01,265,1017.6,269664.0,Processing
SO00562,CUST00411,PROD0192,2025-09-12,645,4364.24,2814934.8,Shipped
SO00563,CUST00223,PROD0130,2026-07-10,116,36907.88,4281314.08,Pending
SO00564,CUST00159,PROD0057,2025-03-18,227,22414.15,5088012.05,Delivered
SO00565,CUST00013,PROD0083,2026-06-17,576,19921.74,11474922.24,Delivered
SO00566,CUST00163,PROD0180,2025-12-08,357,16014.21,5717072.97,Shipped
SO00567,CUST00395,PROD0164,2025-02-27,398,18754.5,7464291.0,Delivered
SO00568,CUST00272,PROD0123,2026-05-09,625,28125.75,17578593.75,Pending
SO00569,CUST00051,PROD0177,2026-08-14,156,20962.3,3270118.8,Shipped
SO00570,CUST00489,PROD0061,2026-02-04,480,5404.31,2594068.8,Delivered
SO00571,CUST00203,PROD0186,2026-02-11,24,6743.18,161836.32,Delivered
SO00572,CUST00153,PROD0019,2026-06-05,549,31117.7,17083617.3,Delivered
SO00573,CUST00177,PROD0169,2025-11-24,635,19267.78,12235040.3,Pending
SO00574,CUST00395,PROD0059,2026-04-25,739,28006.31,20696663.09,Pending
SO00575,CUST00101,PROD0155,2026-08-08,368,12205.82,4491741.76,Pending
SO00576,CUST00391,PROD0089,2025-11-20,70,13565.13,949559.1,Shipped
SO00577,CUST00131,PROD0185,2025-05-30,463,6558.63,3036645.69,Delivered
SO00578,CUST00246,PROD0173,2025-03-07,222,26720.91,5932042.02,Cancelled
SO00579,CUST00007,PROD0056,2026-04-12,728,29770.32,21672792.96,Delivered
SO00580,CUST00202,PROD0168,2025-12-30,475,14503.52,6889172.0,Delivered
SO00581,CUST00187,PROD0143,2025-06-14,299,26184.26,7829093.74,Delivered
SO00582,CUST00016,PROD0004,2025-08-01,557,3376.11,1880493.27,Delivered
SO00583,CUST00017,PROD0191,2025-09-13,521,12146.75,6328456.75,Processing
SO00584,CUST00322,PROD0065,2025-06-20,653,8718.85,5693409.05,Processing
SO00585,CUST00493,PROD0044,2025-08-17,114,7487.43,853567.02,Delivered
SO00586,CUST00269,PROD0052,2026-06-19,86,18423.01,1584378.86,Delivered
SO00587,CUST00181,PROD0196,2026-03-14,298,29857.53,8897543.94,Delivered
SO00588,CUST00242,PROD0035,2025-01-03,7,13490.61,94434.27,Delivered
SO00589,CUST00282,PROD0076,2025-01-24,142,8205.86,1165232.12,Delivered
SO00590,CUST00224,PROD0175,2025-03-13,734,3014.65,2212753.1,Processing
SO00591,CUST00391,PROD0054,2026-03-17,645,22550.13,14544833.85,Delivered
SO00592,CUST00181,PROD0085,2025-12-02,94,4334.15,407410.1,Delivered
SO00593,CUST00454,PROD0021,2026-01-08,34,14488.09,492595.06,Processing
SO00594,CUST00394,PROD0066,2026-07-05,728,944.95,687923.6,Delivered
SO00595,CUST00107,PROD0177,2025-06-27,49,20933.29,1025731.21,Delivered
SO00596,CUST00069,PROD0034,2026-04-08,247,2169.27,535809.69,Delivered
SO00597,CUST00119,PROD0001,2026-06-26,723,9012.68,6516167.64,Shipped
SO00598,CUST00450,PROD0164,2025-05-26,282,15412.15,4346226.3,Delivered
SO00599,CUST00295,PROD0030,2025-07-29,446,18559.85,8277693.1,Delivered
SO00600,CUST00016,PROD0156,2026-07-28,115,10945.69,1258754.35,Shipped
SO00601,CUST00064,PROD0109,2025-08-15,437,12640.87,5524060.19,Pending
SO00602,CUST00373,PROD0174,2026-04-28,313,26616.13,8330848.69,Delivered
SO00603,CUST00131,PROD0096,2025-01-02,286,2970.23,849485.78,Delivered
SO00604,CUST00200,PROD0026,2025-01-20,447,26612.3,11895698.1,Processing
SO00605,CUST00016,PROD0176,2025-01-05,560,14485.1,8111656.0,Shipped
SO00606,CUST00283,PROD0008,2025-12-06,103,29120.07,2999367.21,Shipped
SO00607,CUST00209,PROD0077,2026-05-17,147,26540.13,3901399.11,Delivered
SO00608,CUST00265,PROD0001,2025-06-24,601,6698.54,4025822.54,Delivered
SO00609,CUST00004,PROD0082,2026-01-03,19,23431.96,445207.24,Cancelled
SO00610,CUST00316,PROD0147,2026-02-22,723,2744.83,1984512.09,Shipped
SO00611,CUST00063,PROD0085,2025-07-19,167,4371.2,729990.4,Delivered
SO00612,CUST00357,PROD0042,2025-09-08,137,21802.27,2986910.99,Cancelled
SO00613,CUST00167,PROD0129,2025-02-19,562,16909.67,9503234.54,Delivered
SO00614,CUST00326,PROD0078,2026-04-01,241,24131.96,5815802.36,Delivered
SO00615,CUST00489,PROD0180,2025-02-28,731,14311.83,10461947.73,Cancelled
SO00616,CUST00481,PROD0088,2025-06-28,693,3714.55,2574183.15,Delivered
SO00617,CUST00045,PROD0030,2025-04-20,338,18616.38,6292336.44,Pending
SO00618,CUST00260,PROD0176,2025-11-24,446,17788.26,7933563.96,Delivered
SO00619,CUST00283,PROD0138,2026-07-11,182,23116.96,4207286.72,Delivered
SO00620,CUST00142,PROD0137,2026-04-01,602,22095.9,13301731.8,Delivered
SO00621,CUST00466,PROD0092,2025-09-18,547,10627.73,5813368.31,Processing
SO00622,CUST00242,PROD0031,2026-08-31,557,2712.36,1510784.52,Shipped
SO00623,CUST00424,PROD0034,2025-11-13,183,2424.83,443743.89,Pending
SO00624,CUST00491,PROD0180,2026-01-12,337,18178.15,6126036.55,Shipped
SO00625,CUST00306,PROD0047,2026-01-09,47,24233.89,1138992.83,Shipped
SO00626,CUST00209,PROD0114,2026-08-01,329,15717.12,5170932.48,Processing
SO00627,CUST00055,PROD0175,2025-04-01,193,3843.57,741809.01,Cancelled
SO00628,CUST00115,PROD0005,2026-07-16,726,30850.39,22397383.14,Delivered
SO00629,CUST00498,PROD0037,2026-02-26,453,15134.41,6855887.73,Delivered
SO00630,CUST00045,PROD0100,2025-04-17,1,26452.15,26452.15,Cancelled
SO00631,CUST00496,PROD0136,2026-01-01,585,14068.55,8230101.75,Pending
SO00632,CUST00450,PROD0090,2025-04-22,676,39900.39,26972663.64,Delivered
SO00633,CUST00398,PROD0053,2025-04-30,207,3663.73,758392.11,Processing
SO00634,CUST00032,PROD0002,2026-01-20,527,8594.15,4529117.05,Delivered
SO00635,CUST00067,PROD0172,2025-03-14,520,8153.38,4239757.6,Pending
SO00636,CUST00317,PROD0185,2026-08-24,233,5836.32,1359862.56,Cancelled
SO00637,CUST00144,PROD0100,2026-05-23,109,28349.43,3090087.87,Shipped
SO00638,CUST00310,PROD0194,2026-08-09,655,17360.85,11371356.75,Pending
SO00639,CUST00239,PROD0027,2025-05-10,649,24561.4,15940348.6,Delivered
SO00640,CUST00479,PROD0013,2026-02-08,226,13006.43,2939453.18,Shipped
SO00641,CUST00452,PROD0133,2026-07-08,693,16237.21,11252386.53,Pending
SO00642,CUST00188,PROD0188,2026-06-10,659,35009.57,23071306.63,Processing
SO00643,CUST00204,PROD0132,2026-06-09,668,21910.97,14636527.96,Shipped
SO00644,CUST00398,PROD0061,2025-09-22,590,6112.83,3606569.7,Shipped
SO00645,CUST00365,PROD0146,2025-02-22,9,24954.92,224594.28,Delivered
SO00646,CUST00301,PROD0073,2026-05-24,631,13252.31,8362207.61,Processing
SO00647,CUST00401,PROD0071,2025-11-01,321,15355.95,4929259.95,Pending
SO00648,CUST00446,PROD0080,2025-09-16,284,5364.01,1523378.84,Cancelled
SO00649,CUST00207,PROD0149,2026-04-08,175,24192.11,4233619.25,Delivered
SO00650,CUST00146,PROD0168,2025-12-18,238,11749.43,2796364.34,Delivered
SO00651,CUST00291,PROD0028,2025-12-30,706,14854.58,10487333.48,Pending
SO00652,CUST00128,PROD0088,2025-09-23,594,4443.72,2639569.68,Processing
SO00653,CUST00169,PROD0161,2026-06-13,653,13727.68,8964175.04,Processing
SO00654,CUST00237,PROD0156,2025-02-25,721,10621.53,7658123.13,Cancelled
SO00655,CUST00260,PROD0081,2026-01-08,462,1686.49,779158.38,Delivered
SO00656,CUST00169,PROD0107,2026-05-24,682,26801.63,18278711.66,Processing
SO00657,CUST00245,PROD0135,2026-01-23,317,4226.51,1339803.67,Delivered
SO00658,CUST00347,PROD0010,2025-11-10,501,16953.66,8493783.66,Shipped
SO00659,CUST00227,PROD0167,2025-02-28,687,22117.18,15194502.66,Shipped
SO00660,CUST00239,PROD0100,2026-04-23,97,29737.13,2884501.61,Shipped
SO00661,CUST00162,PROD0169,2025-07-17,27,19641.93,530332.11,Delivered
SO00662,CUST00274,PROD0056,2026-06-05,398,30403.42,12100561.16,Delivered
SO00663,CUST00367,PROD0183,2025-07-22,514,3051.2,1568316.8,Delivered
SO00664,CUST00210,PROD0149,2025-07-13,602,23008.32,13851008.64,Delivered
SO00665,CUST00171,PROD0175,2026-07-22,45,3767.7,169546.5,Delivered
SO00666,CUST00477,PROD0175,2025-05-22,403,3220.06,1297684.18,Delivered
SO00667,CUST00161,PROD0178,2025-09-01,688,31216.62,21477034.56,Shipped
SO00668,CUST00320,PROD0116,2025-10-19,160,6487.81,1038049.6,Shipped
SO00669,CUST00072,PROD0033,2025-07-12,252,4844.26,1220753.52,Processing
SO00670,CUST00218,PROD0157,2025-10-27,338,29647.45,10020838.1,Processing
SO00671,CUST00161,PROD0095,2026-01-01,353,1329.61,469352.33,Cancelled
SO00672,CUST00468,PROD0039,2025-02-12,38,6334.17,240698.46,Delivered
SO00673,CUST00038,PROD0050,2025-09-15,429,5278.15,2264326.35,Delivered
SO00674,CUST00289,PROD0071,2026-01-05,482,17362.9,8368917.8,Delivered
SO00675,CUST00056,PROD0142,2025-06-13,578,23825.84,13771335.52,Shipped
SO00676,CUST00490,PROD0163,2025-04-06,152,4632.15,704086.8,Shipped
SO00677,CUST00432,PROD0108,2025-01-15,333,12427.35,4138307.55,Shipped
SO00678,CUST00464,PROD0040,2025-04-16,173,15444.25,2671855.25,Pending
SO00679,CUST00333,PROD0061,2026-07-09,672,6687.66,4494107.52,Delivered
SO00680,CUST00152,PROD0073,2026-01-31,430,13129.72,5645779.6,Delivered
SO00681,CUST00480,PROD0066,2025-01-05,380,1046.44,397647.2,Pending
SO00682,CUST00298,PROD0086,2025-12-15,53,2285.96,121155.88,Delivered
SO00683,CUST00220,PROD0002,2025-12-07,512,9720.68,4976988.16,Shipped
SO00684,CUST00473,PROD0056,2025-11-16,238,31105.68,7403151.84,Processing
SO00685,CUST00296,PROD0186,2025-07-16,616,6295.54,3878052.64,Shipped
SO00686,CUST00019,PROD0008,2026-02-25,533,27316.7,14559801.1,Shipped
SO00687,CUST00205,PROD0145,2025-09-08,387,16241.37,6285410.19,Cancelled
SO00688,CUST00486,PROD0109,2025-05-26,577,9881.91,5701862.07,Pending
SO00689,CUST00077,PROD0016,2025-07-08,578,15030.28,8687501.84,Pending
SO00690,CUST00206,PROD0027,2025-01-24,469,23478.72,11011519.68,Delivered
SO00691,CUST00013,PROD0185,2026-04-19,69,8449.03,582983.07,Shipped
SO00692,CUST00020,PROD0015,2025-06-26,213,10335.34,2201427.42,Delivered
SO00693,CUST00314,PROD0009,2025-11-13,469,23976.1,11244790.9,Delivered
SO00694,CUST00468,PROD0030,2025-06-17,392,14789.55,5797503.6,Delivered
SO00695,CUST00352,PROD0061,2025-07-18,703,6943.04,4880957.12,Processing
SO00696,CUST00380,PROD0153,2025-03-16,162,30159.82,4885890.84,Delivered
SO00697,CUST00058,PROD0001,2025-05-31,346,6981.49,2415595.54,Processing
SO00698,CUST00089,PROD0107,2025-06-13,44,25761.1,1133488.4,Pending
SO00699,CUST00453,PROD0038,2025-05-09,524,23449.73,12287658.52,Delivered
SO00700,CUST00094,PROD0117,2025-10-14,56,14156.93,792788.08,Processing
SO00701,CUST00252,PROD0189,2025-11-28,555,8880.78,4928832.9,Delivered
SO00702,CUST00457,PROD0141,2025-06-20,149,28749.39,4283659.11,Delivered
SO00703,CUST00355,PROD0170,2025-06-12,531,22852.85,12134863.35,Shipped
SO00704,CUST00492,PROD0021,2025-01-27,172,13981.27,2404778.44,Processing
SO00705,CUST00462,PROD0075,2025-02-24,265,23585.55,6250170.75,Delivered
SO00706,CUST00297,PROD0083,2026-05-31,141,21758.99,3068017.59,Delivered
SO00707,CUST00007,PROD0146,2026-02-23,427,26523.94,11325722.38,Pending
SO00708,CUST00454,PROD0068,2026-03-13,451,26475.79,11940581.29,Processing
SO00709,CUST00091,PROD0093,2025-12-17,473,5449.37,2577552.01,Processing
SO00710,CUST00241,PROD0127,2025-09-14,561,33525.17,18807620.37,Delivered
SO00711,CUST00002,PROD0179,2026-03-29,716,1290.27,923833.32,Delivered
SO00712,CUST00240,PROD0118,2026-05-06,55,40068.58,2203771.9,Delivered
SO00713,CUST00257,PROD0156,2026-06-11,465,11247.52,5230096.8,Delivered
SO00714,CUST00080,PROD0103,2025-11-10,535,17267.8,9238273.0,Processing
SO00715,CUST00408,PROD0038,2026-06-09,411,27985.44,11502015.84,Delivered
SO00716,CUST00132,PROD0031,2026-01-22,449,2280.81,1024083.69,Delivered
SO00717,CUST00039,PROD0166,2026-05-20,529,32576.62,17233031.98,Delivered
SO00718,CUST00374,PROD0184,2026-02-01,408,27712.43,11306671.44,Delivered
SO00719,CUST00039,PROD0177,2025-07-26,657,24758.99,16266656.43,Delivered
SO00720,CUST00497,PROD0148,2026-04-29,377,33261.51,12539589.27,Delivered
SO00721,CUST00269,PROD0049,2026-08-20,127,8008.57,1017088.39,Shipped
SO00722,CUST00069,PROD0143,2025-09-26,702,22783.38,15993932.76,Cancelled
SO00723,CUST00043,PROD0103,2025-10-04,19,17453.97,331625.43,Processing
SO00724,CUST00349,PROD0067,2026-07-24,570,6066.04,3457642.8,Delivered
SO00725,CUST00242,PROD0001,2025-05-02,709,7847.94,5564189.46,Shipped
SO00726,CUST00249,PROD0027,2026-02-14,376,18576.24,6984666.24,Delivered
SO00727,CUST00371,PROD0015,2025-04-16,483,11266.45,5441695.35,Delivered
SO00728,CUST00116,PROD0109,2025-08-20,562,12486.72,7017536.64,Shipped
SO00729,CUST00232,PROD0180,2026-01-24,156,16335.34,2548313.04,Delivered
SO00730,CUST00343,PROD0014,2025-03-27,336,23339.3,7842004.8,Delivered
SO00731,CUST00474,PROD0001,2026-08-08,53,8331.33,441560.49,Delivered
SO00732,CUST00255,PROD0143,2025-04-19,371,19718.0,7315378.0,Delivered
SO00733,CUST00025,PROD0039,2026-01-17,357,8169.5,2916511.5,Processing
SO00734,CUST00352,PROD0196,2025-06-17,642,26317.67,16895944.14,Shipped
SO00735,CUST00017,PROD0021,2025-06-29,13,17116.48,222514.24,Delivered
SO00736,CUST00187,PROD0160,2026-04-27,618,10663.59,6590098.62,Shipped
SO00737,CUST00328,PROD0059,2025-12-08,614,27645.28,16974201.92,Processing
SO00738,CUST00384,PROD0080,2026-04-08,261,7103.58,1854034.38,Delivered
SO00739,CUST00197,PROD0170,2025-06-04,695,21687.32,15072687.4,Shipped
SO00740,CUST00343,PROD0167,2025-09-22,170,21700.0,3689000.0,Delivered
SO00741,CUST00058,PROD0090,2025-10-19,737,30492.22,22472766.14,Delivered
SO00742,CUST00048,PROD0049,2026-01-11,245,6880.77,1685788.65,Shipped
SO00743,CUST00445,PROD0114,2025-08-24,434,17875.53,7757980.02,Delivered
SO00744,CUST00395,PROD0176,2026-08-11,623,15449.89,9625281.47,Processing
SO00745,CUST00393,PROD0002,2026-01-21,543,9057.45,4918195.35,Processing
SO00746,CUST00414,PROD0118,2025-04-01,309,34971.11,10806072.99,Delivered
SO00747,CUST00267,PROD0077,2026-01-07,631,27954.0,17638974.0,Processing
SO00748,CUST00141,PROD0070,2025-03-22,603,17702.93,10674866.79,Processing
SO00749,CUST00490,PROD0087,2025-08-05,516,27039.41,13952335.56,Delivered
SO00750,CUST00346,PROD0092,2025-02-16,455,8379.84,3812827.2,Delivered
SO00751,CUST00317,PROD0148,2026-08-02,572,30850.88,17646703.36,Delivered
SO00752,CUST00392,PROD0063,2026-01-18,325,13089.05,4253941.25,Delivered
SO00753,CUST00056,PROD0025,2026-08-29,120,16317.33,1958079.6,Cancelled
SO00754,CUST00191,PROD0178,2026-06-15,73,33993.52,2481526.96,Delivered
SO00755,CUST00460,PROD0131,2026-03-11,625,13603.66,8502287.5,Cancelled
SO00756,CUST00306,PROD0057,2025-11-26,170,22725.96,3863413.2,Delivered
SO00757,CUST00211,PROD0031,2026-08-14,513,2962.01,1519511.13,Delivered
SO00758,CUST00371,PROD0178,2026-04-10,204,30552.29,6232667.16,Shipped
SO00759,CUST00005,PROD0195,2026-06-29,41,12070.42,494887.22,Delivered
SO00760,CUST00136,PROD0040,2026-03-05,355,14133.61,5017431.55,Pending
SO00761,CUST00005,PROD0086,2025-05-18,340,2459.95,836383.0,Pending
SO00762,CUST00265,PROD0124,2026-08-12,562,5814.72,3267872.64,Shipped
SO00763,CUST00496,PROD0017,2025-05-25,289,22592.38,6529197.82,Shipped
SO00764,CUST00144,PROD0115,2026-07-07,313,12050.65,3771853.45,Delivered
SO00765,CUST00127,PROD0117,2026-08-21,107,15125.81,1618461.67,Processing
SO00766,CUST00350,PROD0122,2025-09-16,185,14837.58,2744952.3,Delivered
SO00767,CUST00094,PROD0128,2026-04-15,345,15732.92,5427857.4,Shipped
SO00768,CUST00410,PROD0037,2025-12-19,637,14922.28,9505492.36,Delivered
SO00769,CUST00443,PROD0110,2026-04-02,635,34484.71,21897790.85,Processing
SO00770,CUST00302,PROD0139,2026-04-11,538,13029.24,7009731.12,Delivered
SO00771,CUST00143,PROD0085,2025-10-28,526,3673.49,1932255.74,Delivered
SO00772,CUST00495,PROD0018,2025-10-29,242,25944.96,6278680.32,Delivered
SO00773,CUST00370,PROD0149,2025-05-20,709,26223.51,18592468.59,Delivered
SO00774,CUST00354,PROD0085,2025-01-04,617,3947.67,2435712.39,Shipped
SO00775,CUST00340,PROD0017,2025-12-07,716,23562.52,16870764.32,Delivered
SO00776,CUST00265,PROD0155,2025-09-13,28,8785.51,245994.28,Pending
SO00777,CUST00147,PROD0076,2026-06-25,491,8388.85,4118925.35,Delivered
SO00778,CUST00209,PROD0031,2025-12-24,72,3297.92,237450.24,Delivered
SO00779,CUST00070,PROD0181,2026-02-16,136,36582.35,4975199.6,Delivered
SO00780,CUST00495,PROD0120,2025-03-05,29,8339.45,241844.05,Delivered
SO00781,CUST00266,PROD0008,2025-09-16,324,36733.93,11901793.32,Delivered
SO00782,CUST00068,PROD0181,2025-02-05,134,33310.47,4463602.98,Pending
SO00783,CUST00128,PROD0014,2025-09-05,219,22300.34,4883774.46,Cancelled
SO00784,CUST00414,PROD0167,2025-06-30,733,28645.04,20996814.32,Processing
SO00785,CUST00212,PROD0163,2026-07-04,665,4067.78,2705073.7,Delivered
SO00786,CUST00215,PROD0049,2025-12-27,65,7793.69,506589.85,Delivered
SO00787,CUST00108,PROD0140,2025-03-20,716,1098.97,786862.52,Processing
SO00788,CUST00286,PROD0125,2025-07-10,553,10598.63,5861042.39,Delivered
SO00789,CUST00214,PROD0020,2026-02-09,327,9206.61,3010561.47,Delivered
SO00790,CUST00170,PROD0132,2026-06-07,411,24595.81,10108877.91,Delivered
SO00791,CUST00363,PROD0076,2025-11-30,82,8138.29,667339.78,Delivered
SO00792,CUST00349,PROD0134,2026-07-19,181,31364.36,5676949.16,Delivered
SO00793,CUST00469,PROD0170,2025-06-25,536,21877.02,11726082.72,Delivered
SO00794,CUST00022,PROD0081,2026-08-22,629,1535.33,965722.57,Processing
SO00795,CUST00390,PROD0080,2026-06-23,180,6392.99,1150738.2,Pending
SO00796,CUST00147,PROD0115,2026-06-30,37,11769.81,435482.97,Delivered
SO00797,CUST00343,PROD0057,2025-03-23,691,23672.41,16357635.31,Processing
SO00798,CUST00444,PROD0118,2026-07-23,94,37472.26,3522392.44,Shipped
SO00799,CUST00108,PROD0191,2025-06-21,164,13090.54,2146848.56,Delivered
SO00800,CUST00484,PROD0098,2026-03-19,536,18446.37,9887254.32,Delivered
SO00801,CUST00476,PROD0192,2026-03-30,493,4563.25,2249682.25,Delivered
SO00802,CUST00360,PROD0170,2026-07-09,347,17850.02,6193956.94,Delivered
SO00803,CUST00379,PROD0097,2026-04-19,30,24882.35,746470.5,Delivered
SO00804,CUST00468,PROD0124,2026-06-02,460,5222.2,2402212.0,Pending
SO00805,CUST00497,PROD0021,2026-03-25,8,13900.24,111201.92,Shipped
SO00806,CUST00422,PROD0057,2025-08-22,273,28552.31,7794780.63,Delivered
SO00807,CUST00246,PROD0063,2026-01-13,351,17408.58,6110411.58,Delivered
SO00808,CUST00440,PROD0116,2025-05-13,512,7530.56,3855646.72,Shipped
SO00809,CUST00131,PROD0085,2025-02-27,219,3800.02,832204.38,Delivered
SO00810,CUST00241,PROD0056,2026-08-22,63,34435.11,2169411.93,Shipped
SO00811,CUST00382,PROD0163,2025-08-14,686,5253.1,3603626.6,Delivered
SO00812,CUST00418,PROD0115,2025-12-19,24,11691.87,280604.88,Delivered
SO00813,CUST00022,PROD0196,2025-09-18,745,34644.99,25810517.55,Delivered
SO00814,CUST00149,PROD0106,2025-12-12,534,1558.82,832409.88,Shipped
SO00815,CUST00297,PROD0116,2025-08-17,470,7544.01,3545684.7,Delivered
SO00816,CUST00213,PROD0123,2025-04-17,572,34429.44,19693639.68,Pending
SO00817,CUST00404,PROD0150,2026-01-04,432,32775.77,14159132.64,Pending
SO00818,CUST00446,PROD0166,2026-02-14,472,25019.21,11809067.12,Delivered
SO00819,CUST00195,PROD0156,2025-12-18,11,8839.81,97237.91,Cancelled
SO00820,CUST00344,PROD0068,2026-06-12,688,29691.89,20428020.32,Shipped
SO00821,CUST00096,PROD0183,2025-08-01,183,3429.73,627640.59,Delivered
SO00822,CUST00146,PROD0140,2025-06-16,617,1262.17,778758.89,Processing
SO00823,CUST00015,PROD0003,2026-03-25,676,25222.83,17050633.08,Pending
SO00824,CUST00347,PROD0158,2025-09-02,269,32467.97,8733883.93,Processing
SO00825,CUST00347,PROD0072,2026-08-31,164,7526.67,1234373.88,Delivered
SO00826,CUST00013,PROD0163,2026-02-27,569,4841.39,2754750.91,Delivered
SO00827,CUST00066,PROD0184,2025-03-29,49,24401.07,1195652.43,Pending
SO00828,CUST00262,PROD0008,2026-08-13,711,26594.01,18908341.11,Shipped
SO00829,CUST00256,PROD0024,2026-06-01,385,5338.78,2055430.3,Delivered
SO00830,CUST00218,PROD0141,2025-12-31,640,28633.11,18325190.4,Pending
SO00831,CUST00397,PROD0020,2026-07-16,40,8695.14,347805.6,Delivered
SO00832,CUST00188,PROD0056,2025-04-30,212,28973.65,6142413.8,Pending
SO00833,CUST00167,PROD0104,2025-07-22,470,7148.39,3359743.3,Processing
SO00834,CUST00252,PROD0043,2026-04-06,524,5284.11,2768873.64,Delivered
SO00835,CUST00475,PROD0098,2025-11-23,375,19688.39,7383146.25,Shipped
SO00836,CUST00237,PROD0179,2026-01-12,596,1319.59,786475.64,Delivered
SO00837,CUST00175,PROD0146,2026-05-22,352,24652.33,8677620.16,Delivered
SO00838,CUST00014,PROD0088,2026-01-12,332,4836.26,1605638.32,Delivered
SO00839,CUST00069,PROD0145,2026-02-01,728,15729.43,11451025.04,Delivered
SO00840,CUST00264,PROD0094,2025-11-04,294,16372.42,4813491.48,Processing
SO00841,CUST00483,PROD0042,2025-12-20,707,19069.26,13481966.82,Shipped
SO00842,CUST00074,PROD0016,2026-01-11,465,17675.66,8219181.9,Shipped
SO00843,CUST00084,PROD0199,2026-05-28,77,9214.55,709520.35,Delivered
SO00844,CUST00313,PROD0162,2025-03-10,727,10014.5,7280541.5,Delivered
SO00845,CUST00252,PROD0076,2026-01-19,728,7437.38,5414412.64,Delivered
SO00846,CUST00021,PROD0171,2025-07-29,139,16217.83,2254278.37,Delivered
SO00847,CUST00238,PROD0052,2025-09-26,27,21173.4,571681.8,Shipped
SO00848,CUST00154,PROD0015,2025-05-25,194,11249.3,2182364.2,Delivered
SO00849,CUST00089,PROD0186,2025-09-05,94,8391.39,788790.66,Shipped
SO00850,CUST00450,PROD0074,2025-10-19,10,37635.61,376356.1,Delivered
SO00851,CUST00396,PROD0112,2025-07-25,240,2896.44,695145.6,Pending
SO00852,CUST00295,PROD0065,2025-01-23,93,7470.35,694742.55,Shipped
SO00853,CUST00462,PROD0010,2026-07-19,371,16250.21,6028827.91,Shipped
SO00854,CUST00245,PROD0147,2025-12-29,325,2926.41,951083.25,Delivered
SO00855,CUST00145,PROD0123,2025-01-28,623,39308.93,24489463.39,Delivered
SO00856,CUST00463,PROD0040,2025-08-31,333,12509.12,4165536.96,Delivered
SO00857,CUST00461,PROD0153,2026-07-21,90,34382.78,3094450.2,Shipped
SO00858,CUST00410,PROD0078,2025-07-28,748,30280.47,22649791.56,Delivered
SO00859,CUST00364,PROD0094,2026-05-30,485,11864.85,5754452.25,Delivered
SO00860,CUST00355,PROD0046,2026-03-19,473,8573.18,4055114.14,Delivered
SO00861,CUST00253,PROD0062,2025-07-10,298,31427.94,9365526.12,Delivered
SO00862,CUST00078,PROD0007,2025-04-30,170,21993.41,3738879.7,Pending
SO00863,CUST00258,PROD0022,2025-07-28,230,14147.02,3253814.6,Delivered
SO00864,CUST00287,PROD0009,2025-11-09,167,25684.25,4289269.75,Pending
SO00865,CUST00285,PROD0140,2025-02-21,661,1364.45,901901.45,Delivered
SO00866,CUST00347,PROD0106,2026-01-24,310,1676.98,519863.8,Delivered
SO00867,CUST00423,PROD0147,2025-04-30,111,3027.46,336048.06,Pending
SO00868,CUST00263,PROD0040,2025-02-06,72,14415.83,1037939.76,Delivered
SO00869,CUST00494,PROD0144,2026-02-06,745,30932.01,23044347.45,Delivered
SO00870,CUST00492,PROD0039,2026-03-29,240,8449.58,2027899.2,Pending
SO00871,CUST00251,PROD0014,2026-02-13,308,23334.42,7187001.36,Shipped
SO00872,CUST00467,PROD0124,2025-03-12,88,4148.77,365091.76,Shipped
SO00873,CUST00462,PROD0145,2026-07-16,95,15654.01,1487130.95,Pending
SO00874,CUST00149,PROD0010,2026-05-06,329,16793.73,5525137.17,Delivered
SO00875,CUST00370,PROD0053,2025-09-02,163,3140.38,511881.94,Pending
SO00876,CUST00140,PROD0068,2025-09-12,607,28952.58,17574216.06,Delivered
SO00877,CUST00040,PROD0066,2026-05-20,532,1090.71,580257.72,Delivered
SO00878,CUST00424,PROD0184,2025-03-01,508,26784.14,13606343.12,Shipped
SO00879,CUST00184,PROD0182,2025-06-07,669,13636.16,9122591.04,Delivered
SO00880,CUST00388,PROD0192,2026-01-22,214,3829.47,819506.58,Delivered
SO00881,CUST00340,PROD0128,2025-07-20,658,15545.77,10229116.66,Delivered
SO00882,CUST00162,PROD0198,2025-02-26,707,12324.09,8713131.63,Cancelled
SO00883,CUST00489,PROD0049,2025-02-01,588,7291.37,4287325.56,Pending
SO00884,CUST00031,PROD0109,2025-07-30,409,13834.87,5658461.83,Delivered
SO00885,CUST00305,PROD0156,2025-12-20,288,9227.02,2657381.76,Processing
SO00886,CUST00204,PROD0176,2026-02-11,620,14232.7,8824274.0,Shipped
SO00887,CUST00112,PROD0177,2025-09-11,473,21390.15,10117540.95,Processing
SO00888,CUST00268,PROD0003,2025-11-22,28,22932.19,642101.32,Pending
SO00889,CUST00141,PROD0168,2025-03-09,50,13024.87,651243.5,Delivered
SO00890,CUST00111,PROD0077,2025-07-06,221,29144.3,6440890.3,Shipped
SO00891,CUST00173,PROD0137,2026-02-20,503,24940.66,12545151.98,Pending
SO00892,CUST00356,PROD0135,2026-07-09,566,3134.54,1774149.64,Pending
SO00893,CUST00125,PROD0120,2025-06-25,344,8166.51,2809279.44,Delivered
SO00894,CUST00253,PROD0048,2026-08-15,146,22762.27,3323291.42,Pending
SO00895,CUST00430,PROD0178,2026-07-09,145,30939.85,4486278.25,Processing
SO00896,CUST00381,PROD0071,2025-12-12,365,14484.41,5286809.65,Pending
SO00897,CUST00318,PROD0197,2025-08-05,118,28424.22,3354057.96,Pending
SO00898,CUST00494,PROD0055,2025-01-25,319,2754.03,878535.57,Delivered
SO00899,CUST00220,PROD0127,2025-08-29,556,29690.63,16507990.28,Delivered
SO00900,CUST00101,PROD0102,2026-05-16,577,19653.93,11340317.61,Delivered
SO00901,CUST00273,PROD0005,2025-09-04,34,30246.4,1028377.6,Delivered
SO00902,CUST00225,PROD0094,2025-09-19,532,13183.78,7013770.96,Delivered
SO00903,CUST00265,PROD0111,2025-10-08,492,11766.36,5789049.12,Delivered
SO00904,CUST00119,PROD0126,2026-02-07,91,8011.7,729064.7,Delivered
SO00905,CUST00235,PROD0086,2025-04-19,354,3066.09,1085395.86,Processing
SO00906,CUST00205,PROD0010,2026-05-08,125,13620.22,1702527.5,Processing
SO00907,CUST00263,PROD0027,2025-01-05,114,23283.81,2654354.34,Delivered
SO00908,CUST00190,PROD0113,2025-03-23,183,34162.26,6251693.58,Shipped
SO00909,CUST00360,PROD0098,2025-08-08,71,15814.46,1122826.66,Processing
SO00910,CUST00053,PROD0079,2025-05-02,396,33456.52,13248781.92,Pending
SO00911,CUST00039,PROD0023,2026-01-20,529,32193.06,17030128.74,Delivered
SO00912,CUST00401,PROD0086,2025-01-23,350,2504.13,876445.5,Processing
SO00913,CUST00498,PROD0090,2026-01-24,265,30023.38,7956195.7,Delivered
SO00914,CUST00195,PROD0130,2025-09-10,262,37560.54,9840861.48,Pending
SO00915,CUST00256,PROD0116,2025-08-26,92,8470.88,779320.96,Shipped
SO00916,CUST00149,PROD0174,2025-07-23,280,34424.11,9638750.8,Delivered
SO00917,CUST00434,PROD0146,2025-12-13,363,25221.97,9155575.11,Shipped
SO00918,CUST00005,PROD0060,2025-01-30,8,25010.79,200086.32,Delivered
SO00919,CUST00330,PROD0036,2026-02-28,156,13535.35,2111514.6,Delivered
SO00920,CUST00496,PROD0134,2025-08-14,386,37265.16,14384351.76,Delivered
SO00921,CUST00352,PROD0033,2025-10-01,708,4500.73,3186516.84,Pending
SO00922,CUST00381,PROD0054,2026-04-01,400,26166.06,10466424.0,Delivered
SO00923,CUST00337,PROD0015,2026-01-12,595,9342.23,5558626.85,Shipped
SO00924,CUST00011,PROD0150,2026-04-07,199,28260.12,5623763.88,Shipped
SO00925,CUST00044,PROD0105,2026-08-11,700,23639.6,16547720.0,Delivered
SO00926,CUST00059,PROD0018,2026-07-11,194,27401.58,5315906.52,Shipped
SO00927,CUST00439,PROD0193,2025-09-23,20,14905.08,298101.6,Pending
SO00928,CUST00288,PROD0070,2025-09-15,194,19387.38,3761151.72,Cancelled
SO00929,CUST00018,PROD0004,2026-04-20,708,3966.43,2808232.44,Pending
SO00930,CUST00170,PROD0183,2026-08-08,677,3370.58,2281882.66,Pending
SO00931,CUST00157,PROD0047,2025-05-08,609,30479.86,18562234.74,Delivered
SO00932,CUST00220,PROD0148,2026-02-01,338,29120.21,9842630.98,Pending
SO00933,CUST00432,PROD0179,2026-05-03,715,1462.61,1045766.15,Pending
SO00934,CUST00244,PROD0088,2025-05-14,173,4199.84,726572.32,Cancelled
SO00935,CUST00213,PROD0191,2025-04-25,736,12858.98,9464209.28,Shipped
SO00936,CUST00105,PROD0070,2026-04-03,314,16720.08,5250105.12,Shipped
SO00937,CUST00357,PROD0193,2025-10-19,327,17086.79,5587380.33,Delivered
SO00938,CUST00418,PROD0105,2025-05-01,729,18136.07,13221195.03,Delivered
SO00939,CUST00217,PROD0072,2025-06-16,750,7801.74,5851305.0,Processing
SO00940,CUST00352,PROD0175,2025-04-04,48,2872.57,137883.36,Delivered
SO00941,CUST00285,PROD0027,2026-04-22,129,22745.26,2934138.54,Processing
SO00942,CUST00230,PROD0104,2025-12-12,77,9548.04,735199.08,Delivered
SO00943,CUST00448,PROD0200,2025-10-05,580,31826.64,18459451.2,Delivered
SO00944,CUST00089,PROD0161,2025-10-23,723,14604.61,10559133.03,Pending
SO00945,CUST00161,PROD0183,2025-09-09,360,3618.04,1302494.4,Shipped
SO00946,CUST00104,PROD0164,2026-07-09,219,17319.09,3792880.71,Shipped
SO00947,CUST00366,PROD0092,2026-04-29,416,9805.35,4079025.6,Processing
SO00948,CUST00064,PROD0169,2026-07-23,214,15409.73,3297682.22,Delivered
SO00949,CUST00194,PROD0071,2025-11-30,653,15318.93,10003261.29,Shipped
SO00950,CUST00424,PROD0022,2025-04-09,350,17289.85,6051447.5,Delivered
SO00951,CUST00428,PROD0135,2025-03-08,480,4177.29,2005099.2,Shipped
SO00952,CUST00405,PROD0153,2026-06-19,285,24500.29,6982582.65,Shipped
SO00953,CUST00250,PROD0187,2025-01-03,591,23364.57,13808460.87,Cancelled
SO00954,CUST00039,PROD0077,2025-05-03,411,23364.05,9602624.55,Delivered
SO00955,CUST00496,PROD0027,2025-03-25,597,24153.84,14419842.48,Delivered
SO00956,CUST00235,PROD0093,2026-08-14,311,5344.03,1661993.33,Shipped
SO00957,CUST00109,PROD0188,2026-05-17,687,29922.13,20556503.31,Processing
SO00958,CUST00497,PROD0182,2025-12-11,190,12480.28,2371253.2,Cancelled
SO00959,CUST00497,PROD0075,2026-05-10,573,25998.35,14897054.55,Cancelled
SO00960,CUST00235,PROD0002,2026-05-23,58,9610.27,557395.66,Processing
SO00961,CUST00324,PROD0038,2025-05-04,349,23540.44,8215613.56,Delivered
SO00962,CUST00081,PROD0023,2025-04-08,666,33607.04,22382288.64,Processing
SO00963,CUST00282,PROD0042,2025-02-01,170,19802.09,3366355.3,Processing
SO00964,CUST00031,PROD0158,2026-08-23,419,29552.42,12382463.98,Delivered
SO00965,CUST00076,PROD0139,2025-01-20,441,12520.88,5521708.08,Shipped
SO00966,CUST00282,PROD0056,2025-07-28,585,31110.43,18199601.55,Delivered
SO00967,CUST00210,PROD0079,2025-03-06,413,31696.26,13090555.38,Shipped
SO00968,CUST00500,PROD0028,2025-05-17,735,12542.13,9218465.55,Delivered
SO00969,CUST00005,PROD0194,2026-04-29,608,19795.96,12035943.68,Delivered
SO00970,CUST00416,PROD0063,2025-02-17,500,15261.3,7630650.0,Delivered
SO00971,CUST00385,PROD0188,2026-06-09,427,34506.73,14734373.71,Shipped
SO00972,CUST00385,PROD0149,2026-03-22,231,19284.33,4454680.23,Processing
SO00973,CUST00293,PROD0132,2025-02-05,241,23570.98,5680606.18,Delivered
SO00974,CUST00345,PROD0178,2025-06-08,709,28168.72,19971622.48,Shipped
SO00975,CUST00226,PROD0105,2026-07-08,701,17848.7,12511938.7,Delivered
SO00976,CUST00437,PROD0122,2025-03-02,294,18845.51,5540579.94,Delivered
SO00977,CUST00203,PROD0082,2025-12-15,453,19020.88,8616458.64,Delivered
SO00978,CUST00347,PROD0071,2026-01-05,92,17209.2,1583246.4,Processing
SO00979,CUST00053,PROD0115,2026-05-30,601,11495.55,6908825.55,Delivered
SO00980,CUST00002,PROD0011,2025-12-25,199,23112.83,4599453.17,Shipped
SO00981,CUST00032,PROD0048,2025-06-02,448,26648.62,11938581.76,Delivered
SO00982,CUST00030,PROD0056,2025-08-20,129,33348.85,4302001.65,Delivered
SO00983,CUST00177,PROD0044,2025-09-19,381,10663.7,4062869.7,Delivered
SO00984,CUST00314,PROD0184,2025-01-11,34,32473.97,1104114.98,Delivered
SO00985,CUST00398,PROD0195,2025-09-22,41,11457.19,469744.79,Delivered
SO00986,CUST00222,PROD0132,2025-03-30,352,22323.13,7857741.76,Delivered
SO00987,CUST00205,PROD0191,2026-04-22,491,10715.86,5261487.26,Delivered
SO00988,CUST00103,PROD0124,2026-07-26,649,5248.99,3406594.51,Cancelled
SO00989,CUST00369,PROD0092,2025-03-05,215,8889.09,1911154.35,Pending
SO00990,CUST00308,PROD0054,2026-02-22,199,20217.1,4023202.9,Delivered
SO00991,CUST00133,PROD0034,2025-08-11,154,2356.81,362948.74,Delivered
SO00992,CUST00082,PROD0198,2026-02-14,533,10071.89,5368317.37,Delivered
SO00993,CUST00255,PROD0173,2025-08-13,181,19815.01,3586516.81,Shipped
SO00994,CUST00053,PROD0010,2025-08-01,239,16775.21,4009275.19,Shipped
SO00995,CUST00004,PROD0140,2025-02-24,710,1393.26,989214.6,Delivered
SO00996,CUST00129,PROD0009,2025-08-01,210,26859.67,5640530.7,Delivered
SO00997,CUST00098,PROD0060,2025-07-22,202,23589.78,4765135.56,Processing
SO00998,CUST00455,PROD0132,2026-07-05,216,26143.38,5646970.08,Delivered
SO00999,CUST00066,PROD0093,2025-03-26,662,6079.12,4024377.44,Processing
SO01000,CUST00138,PROD0119,2025-01-13,225,10586.82,2382034.5,Processing
SO01001,CUST00386,PROD0176,2026-01-16,694,13436.87,9325187.78,Pending
SO01002,CUST00338,PROD0099,2026-08-09,554,2099.0,1162846.0,Cancelled
SO01003,CUST00152,PROD0095,2026-01-31,723,1169.42,845490.66,Delivered
SO01004,CUST00050,PROD0095,2025-05-28,502,1315.8,660531.6,Processing
SO01005,CUST00238,PROD0159,2025-08-16,685,7612.2,5214357.0,Delivered
SO01006,CUST00106,PROD0183,2025-11-27,149,3436.79,512081.71,Delivered
SO01007,CUST00268,PROD0136,2026-03-15,372,14897.97,5542044.84,Delivered
SO01008,CUST00270,PROD0143,2025-05-16,219,25312.91,5543527.29,Processing
SO01009,CUST00309,PROD0117,2025-08-15,629,17622.89,11084797.81,Delivered
SO01010,CUST00442,PROD0056,2026-06-15,694,26202.73,18184694.62,Shipped
SO01011,CUST00122,PROD0043,2025-01-24,97,4966.56,481756.32,Delivered
SO01012,CUST00423,PROD0173,2026-08-19,431,26516.8,11428740.8,Shipped
SO01013,CUST00349,PROD0176,2025-03-24,745,12931.11,9633676.95,Delivered
SO01014,CUST00224,PROD0112,2026-02-10,665,3179.05,2114068.25,Processing
SO01015,CUST00207,PROD0166,2025-02-07,469,24915.85,11685533.65,Delivered
SO01016,CUST00242,PROD0024,2026-03-04,305,6959.24,2122568.2,Processing
SO01017,CUST00220,PROD0064,2026-06-29,146,30179.0,4406134.0,Delivered
SO01018,CUST00456,PROD0188,2025-04-02,1,26678.07,26678.07,Delivered
SO01019,CUST00076,PROD0121,2025-11-14,391,19619.46,7671208.86,Delivered
SO01020,CUST00290,PROD0195,2025-12-27,411,9482.62,3897356.82,Shipped
SO01021,CUST00106,PROD0147,2025-10-30,693,3363.59,2330967.87,Delivered
SO01022,CUST00315,PROD0087,2025-09-21,611,25837.61,15786779.71,Delivered
SO01023,CUST00179,PROD0083,2026-07-31,293,19274.25,5647355.25,Delivered
SO01024,CUST00102,PROD0020,2026-01-12,482,7113.96,3428928.72,Processing
SO01025,CUST00028,PROD0039,2025-02-02,94,6259.91,588431.54,Delivered
SO01026,CUST00482,PROD0053,2026-04-24,390,4093.84,1596597.6,Delivered
SO01027,CUST00180,PROD0189,2025-06-21,400,9287.71,3715084.0,Delivered
SO01028,CUST00088,PROD0187,2025-07-10,210,25082.48,5267320.8,Processing
SO01029,CUST00289,PROD0055,2025-10-02,613,3235.57,1983404.41,Delivered
SO01030,CUST00003,PROD0025,2026-02-05,595,16563.99,9855574.05,Processing
SO01031,CUST00281,PROD0133,2025-11-06,442,16524.06,7303634.52,Cancelled
SO01032,CUST00383,PROD0114,2025-01-24,213,18981.09,4042972.17,Shipped
SO01033,CUST00159,PROD0078,2026-02-28,459,28283.28,12982025.52,Processing
SO01034,CUST00322,PROD0177,2026-08-08,203,27349.02,5551851.06,Processing
SO01035,CUST00323,PROD0072,2026-01-07,94,7712.53,724977.82,Delivered
SO01036,CUST00403,PROD0158,2025-03-01,687,22718.64,15607705.68,Delivered
SO01037,CUST00471,PROD0107,2025-04-10,300,26188.28,7856484.0,Shipped
SO01038,CUST00327,PROD0144,2026-01-10,111,22463.15,2493409.65,Delivered
SO01039,CUST00418,PROD0064,2026-05-18,733,26931.41,19740723.53,Delivered
SO01040,CUST00428,PROD0077,2026-08-12,262,29831.98,7815978.76,Shipped
SO01041,CUST00277,PROD0113,2025-08-28,563,38509.37,21680775.31,Shipped
SO01042,CUST00067,PROD0129,2025-11-30,587,15713.75,9223971.25,Delivered
SO01043,CUST00177,PROD0023,2026-03-24,567,27268.58,15461284.86,Processing
SO01044,CUST00379,PROD0116,2025-11-07,454,6018.33,2732321.82,Processing
SO01045,CUST00258,PROD0061,2026-07-07,456,5653.36,2577932.16,Pending
SO01046,CUST00023,PROD0156,2025-12-30,413,9614.02,3970590.26,Processing
SO01047,CUST00021,PROD0102,2026-05-31,162,19026.73,3082330.26,Delivered
SO01048,CUST00024,PROD0131,2025-09-03,585,14067.92,8229733.2,Pending
SO01049,CUST00144,PROD0101,2026-02-04,623,5164.81,3217676.63,Delivered
SO01050,CUST00153,PROD0199,2025-08-16,238,9082.15,2161551.7,Processing
SO01051,CUST00091,PROD0029,2025-12-04,192,10166.47,1951962.24,Shipped
SO01052,CUST00017,PROD0061,2026-02-03,517,6076.02,3141302.34,Delivered
SO01053,CUST00024,PROD0054,2026-07-14,339,26794.71,9083406.69,Delivered
SO01054,CUST00196,PROD0110,2025-10-25,1,34316.73,34316.73,Processing
SO01055,CUST00109,PROD0123,2025-03-02,413,30820.03,12728672.39,Delivered
SO01056,CUST00377,PROD0150,2026-03-17,126,33007.41,4158933.66,Pending
SO01057,CUST00042,PROD0048,2026-03-13,182,19234.58,3500693.56,Delivered
SO01058,CUST00373,PROD0148,2025-09-01,697,30467.72,21236000.84,Delivered
SO01059,CUST00283,PROD0105,2025-12-26,728,20395.99,14848280.72,Pending
SO01060,CUST00327,PROD0145,2025-03-13,655,12364.76,8098917.8,Shipped
SO01061,CUST00063,PROD0081,2025-11-06,534,1747.49,933159.66,Delivered
SO01062,CUST00068,PROD0140,2026-01-17,426,1460.71,622262.46,Shipped
SO01063,CUST00052,PROD0058,2025-01-02,528,2313.3,1221422.4,Shipped
SO01064,CUST00086,PROD0151,2025-01-27,347,6170.79,2141264.13,Processing
SO01065,CUST00006,PROD0028,2026-06-16,32,12942.04,414145.28,Pending
SO01066,CUST00439,PROD0120,2025-12-29,97,9260.19,898238.43,Delivered
SO01067,CUST00287,PROD0015,2026-01-19,395,10962.44,4330163.8,Shipped
SO01068,CUST00307,PROD0076,2025-04-03,623,8278.2,5157318.6,Processing
SO01069,CUST00468,PROD0103,2025-07-14,641,23010.06,14749448.46,Delivered
SO01070,CUST00173,PROD0031,2025-12-31,590,2353.33,1388464.7,Pending
SO01071,CUST00114,PROD0148,2026-08-31,422,32006.6,13506785.2,Delivered
SO01072,CUST00408,PROD0170,2026-03-20,505,17001.13,8585570.65,Delivered
SO01073,CUST00329,PROD0080,2025-01-12,625,7384.64,4615400.0,Processing
SO01074,CUST00363,PROD0042,2025-07-28,572,23739.84,13579188.48,Pending
SO01075,CUST00009,PROD0126,2026-01-10,719,7908.65,5686319.35,Delivered
SO01076,CUST00493,PROD0152,2025-06-07,226,9267.91,2094547.66,Delivered
SO01077,CUST00144,PROD0148,2025-07-19,362,27541.45,9970004.9,Delivered
SO01078,CUST00447,PROD0198,2026-07-31,272,9257.54,2518050.88,Delivered
SO01079,CUST00245,PROD0174,2025-08-07,75,38233.22,2867491.5,Delivered
SO01080,CUST00268,PROD0143,2026-01-07,358,23008.01,8236867.58,Shipped
SO01081,CUST00277,PROD0002,2025-09-19,398,9352.22,3722183.56,Delivered
SO01082,CUST00464,PROD0107,2025-07-05,135,24506.58,3308388.3,Shipped
SO01083,CUST00199,PROD0152,2025-03-02,380,12205.76,4638188.8,Delivered
SO01084,CUST00345,PROD0024,2026-05-18,173,5259.27,909853.71,Processing
SO01085,CUST00426,PROD0165,2025-02-19,65,32167.8,2090907.0,Pending
SO01086,CUST00443,PROD0172,2025-05-15,728,8181.41,5956066.48,Delivered
SO01087,CUST00101,PROD0016,2025-08-15,187,14327.49,2679240.63,Processing
SO01088,CUST00394,PROD0127,2026-06-05,595,31465.51,18721978.45,Delivered
SO01089,CUST00404,PROD0039,2026-03-16,227,6551.96,1487294.92,Delivered
SO01090,CUST00308,PROD0111,2025-12-16,569,10666.97,6069505.93,Processing
SO01091,CUST00434,PROD0006,2025-04-18,597,22316.16,13322747.52,Processing
SO01092,CUST00391,PROD0104,2026-08-08,561,7239.58,4061404.38,Delivered
SO01093,CUST00177,PROD0042,2025-02-01,92,17121.26,1575155.92,Shipped
SO01094,CUST00406,PROD0109,2025-08-11,7,12207.9,85455.3,Delivered
SO01095,CUST00398,PROD0027,2025-10-08,706,24427.95,17246132.7,Shipped
SO01096,CUST00131,PROD0192,2025-09-17,417,5069.12,2113823.04,Pending
SO01097,CUST00355,PROD0157,2025-03-19,512,29853.11,15284792.32,Delivered
SO01098,CUST00431,PROD0061,2026-07-20,280,6012.02,1683365.6,Delivered
SO01099,CUST00290,PROD0091,2025-10-15,31,37322.48,1156996.88,Delivered
SO01100,CUST00425,PROD0129,2025-12-07,36,18529.03,667045.08,Delivered
SO01101,CUST00135,PROD0088,2026-04-13,408,4090.11,1668764.88,Processing
SO01102,CUST00469,PROD0090,2026-07-14,586,36299.34,21271413.24,Processing
SO01103,CUST00312,PROD0071,2025-05-26,81,14416.95,1167772.95,Shipped
SO01104,CUST00149,PROD0159,2025-01-17,368,8607.77,3167659.36,Pending
SO01105,CUST00465,PROD0111,2026-03-30,184,9350.94,1720572.96,Delivered
SO01106,CUST00148,PROD0117,2026-07-01,416,16705.26,6949388.16,Processing
SO01107,CUST00100,PROD0012,2025-12-20,99,10893.44,1078450.56,Pending
SO01108,CUST00254,PROD0036,2025-10-20,538,16044.9,8632156.2,Delivered
SO01109,CUST00151,PROD0173,2026-04-26,730,21444.42,15654426.6,Processing
SO01110,CUST00465,PROD0004,2026-08-20,138,4821.53,665371.14,Cancelled
SO01111,CUST00067,PROD0156,2026-02-01,457,11261.53,5146519.21,Delivered
SO01112,CUST00199,PROD0036,2026-02-04,737,13761.48,10142210.76,Delivered
SO01113,CUST00158,PROD0153,2025-07-14,535,25110.95,13434358.25,Shipped
SO01114,CUST00449,PROD0141,2026-02-14,609,40053.69,24392697.21,Cancelled
SO01115,CUST00248,PROD0167,2026-02-27,48,22388.0,1074624.0,Delivered
SO01116,CUST00430,PROD0128,2025-06-11,503,17432.92,8768758.76,Delivered
SO01117,CUST00033,PROD0094,2025-06-11,510,16667.57,8500460.7,Delivered
SO01118,CUST00166,PROD0038,2025-06-01,281,22911.43,6438111.83,Delivered
SO01119,CUST00175,PROD0191,2025-06-05,400,12715.59,5086236.0,Delivered
SO01120,CUST00382,PROD0134,2025-11-25,635,30984.57,19675201.95,Delivered
SO01121,CUST00232,PROD0047,2025-03-06,111,24591.37,2729642.07,Pending
SO01122,CUST00396,PROD0039,2025-12-14,9,8054.28,72488.52,Pending
SO01123,CUST00170,PROD0051,2025-08-22,90,21360.59,1922453.1,Delivered
SO01124,CUST00191,PROD0106,2025-10-06,18,1401.47,25226.46,Cancelled
SO01125,CUST00148,PROD0170,2025-08-24,153,18285.12,2797623.36,Delivered
SO01126,CUST00004,PROD0155,2025-05-07,88,11836.27,1041591.76,Pending
SO01127,CUST00139,PROD0067,2026-08-16,232,8073.38,1873024.16,Shipped
SO01128,CUST00466,PROD0179,2025-10-11,657,1381.75,907809.75,Delivered
SO01129,CUST00414,PROD0138,2025-02-01,498,24129.19,12016336.62,Delivered
SO01130,CUST00349,PROD0163,2025-07-21,477,5344.35,2549254.95,Processing
SO01131,CUST00078,PROD0177,2026-07-12,312,21250.99,6630308.88,Delivered
SO01132,CUST00219,PROD0136,2025-04-28,151,12776.99,1929325.49,Delivered
SO01133,CUST00444,PROD0175,2026-08-03,530,2909.42,1541992.6,Delivered
SO01134,CUST00492,PROD0011,2025-01-16,698,25590.99,17862511.02,Delivered
SO01135,CUST00084,PROD0105,2025-11-15,353,24221.7,8550260.1,Processing
SO01136,CUST00416,PROD0056,2026-03-22,696,27569.77,19188559.92,Processing
SO01137,CUST00498,PROD0073,2026-04-08,356,14650.74,5215663.44,Delivered
SO01138,CUST00258,PROD0134,2025-11-04,546,28871.35,15763757.1,Shipped
SO01139,CUST00422,PROD0161,2026-05-21,153,11802.24,1805742.72,Delivered
SO01140,CUST00066,PROD0164,2025-07-10,330,15446.21,5097249.3,Delivered
SO01141,CUST00497,PROD0135,2026-04-23,696,3629.89,2526403.44,Delivered
SO01142,CUST00170,PROD0012,2025-01-26,256,10288.8,2633932.8,Delivered
SO01143,CUST00377,PROD0135,2026-07-22,192,3566.94,684852.48,Delivered
SO01144,CUST00135,PROD0113,2025-01-08,407,33246.45,13531305.15,Delivered
SO01145,CUST00363,PROD0012,2026-01-23,546,9752.55,5324892.3,Processing
SO01146,CUST00154,PROD0083,2026-05-23,724,21420.81,15508666.44,Processing
SO01147,CUST00371,PROD0171,2025-03-22,133,13597.38,1808451.54,Delivered
SO01148,CUST00037,PROD0176,2025-08-01,221,17076.0,3773796.0,Delivered
SO01149,CUST00310,PROD0049,2026-01-04,106,6647.56,704641.36,Shipped
SO01150,CUST00203,PROD0033,2025-05-20,98,5635.34,552263.32,Delivered
SO01151,CUST00365,PROD0022,2025-10-30,264,19082.01,5037650.64,Delivered
SO01152,CUST00326,PROD0032,2025-01-04,16,13069.35,209109.6,Delivered
SO01153,CUST00183,PROD0037,2025-10-21,606,14700.75,8908654.5,Processing
SO01154,CUST00181,PROD0182,2025-11-10,473,12855.12,6080471.76,Pending
SO01155,CUST00036,PROD0153,2025-08-07,628,33210.46,20856168.88,Delivered
SO01156,CUST00350,PROD0093,2025-05-06,233,5471.73,1274913.09,Delivered
SO01157,CUST00403,PROD0149,2025-10-11,462,19287.77,8910949.74,Delivered
SO01158,CUST00015,PROD0024,2026-04-24,26,6772.77,176092.02,Shipped
SO01159,CUST00116,PROD0076,2025-11-06,309,8375.61,2588063.49,Processing
SO01160,CUST00359,PROD0092,2026-07-10,565,10012.33,5656966.45,Processing
SO01161,CUST00269,PROD0130,2026-06-28,95,36484.58,3466035.1,Delivered
SO01162,CUST00028,PROD0182,2026-02-18,134,11814.64,1583161.76,Processing
SO01163,CUST00256,PROD0156,2025-06-07,262,8547.62,2239476.44,Delivered
SO01164,CUST00264,PROD0033,2025-08-13,503,6136.55,3086684.65,Processing
SO01165,CUST00488,PROD0054,2025-02-16,220,20051.0,4411220.0,Delivered
SO01166,CUST00446,PROD0155,2025-08-23,330,9390.51,3098868.3,Delivered
SO01167,CUST00008,PROD0075,2026-03-26,462,21634.5,9995139.0,Delivered
SO01168,CUST00375,PROD0189,2025-11-16,538,7817.55,4205841.9,Delivered
SO01169,CUST00159,PROD0118,2026-04-20,483,36574.58,17665522.14,Processing
SO01170,CUST00236,PROD0005,2025-01-07,227,32090.69,7284586.63,Delivered
SO01171,CUST00206,PROD0004,2025-12-28,4,4361.38,17445.52,Delivered
SO01172,CUST00083,PROD0141,2025-05-23,159,29516.0,4693044.0,Cancelled
SO01173,CUST00066,PROD0031,2026-07-06,595,3135.71,1865747.45,Delivered
SO01174,CUST00213,PROD0138,2026-05-31,169,23842.12,4029318.28,Shipped
SO01175,CUST00069,PROD0110,2026-03-27,268,32083.52,8598383.36,Delivered
SO01176,CUST00102,PROD0003,2025-07-30,307,24140.66,7411182.62,Delivered
SO01177,CUST00430,PROD0111,2026-08-24,584,8773.21,5123554.64,Shipped
SO01178,CUST00206,PROD0169,2026-02-16,407,15296.97,6225866.79,Delivered
SO01179,CUST00119,PROD0025,2025-12-27,187,17145.55,3206217.85,Shipped
SO01180,CUST00106,PROD0088,2025-09-28,534,4699.39,2509474.26,Delivered
SO01181,CUST00047,PROD0029,2026-07-30,534,9603.55,5128295.7,Cancelled
SO01182,CUST00180,PROD0026,2026-03-20,158,32732.58,5171747.64,Delivered
SO01183,CUST00447,PROD0100,2025-01-30,241,25639.43,6179102.63,Shipped
SO01184,CUST00388,PROD0182,2026-05-01,20,12828.83,256576.6,Shipped
SO01185,CUST00405,PROD0097,2025-08-19,259,24035.95,6225311.05,Processing
SO01186,CUST00353,PROD0106,2025-03-27,745,1406.44,1047797.8,Delivered
SO01187,CUST00378,PROD0142,2026-01-06,641,28469.69,18249071.29,Processing
SO01188,CUST00086,PROD0019,2025-09-22,638,25240.06,16103158.28,Processing
SO01189,CUST00472,PROD0027,2025-07-22,214,23395.78,5006696.92,Delivered
SO01190,CUST00173,PROD0148,2026-02-08,509,27711.71,14105260.39,Delivered
SO01191,CUST00267,PROD0127,2026-03-14,488,28883.66,14095226.08,Processing
SO01192,CUST00404,PROD0144,2026-01-05,436,23069.4,10058258.4,Pending
SO01193,CUST00046,PROD0125,2025-11-13,264,11484.92,3032018.88,Delivered
SO01194,CUST00113,PROD0199,2025-12-21,569,7851.72,4467628.68,Processing
SO01195,CUST00410,PROD0077,2026-07-12,184,25084.15,4615483.6,Processing
SO01196,CUST00099,PROD0052,2025-05-14,623,21931.62,13663399.26,Shipped
SO01197,CUST00435,PROD0104,2026-05-17,118,8294.29,978726.22,Delivered
SO01198,CUST00039,PROD0021,2025-04-07,230,15020.52,3454719.6,Delivered
SO01199,CUST00496,PROD0001,2026-06-23,316,7156.89,2261577.24,Shipped
SO01200,CUST00498,PROD0065,2026-02-27,512,8914.17,4564055.04,Shipped
SO01201,CUST00300,PROD0155,2025-09-25,14,8691.3,121678.2,Pending
SO01202,CUST00487,PROD0101,2026-06-22,100,4908.59,490859.0,Delivered
SO01203,CUST00423,PROD0118,2025-09-14,721,35059.93,25278209.53,Delivered
SO01204,CUST00490,PROD0023,2026-08-08,351,36614.42,12851661.42,Processing
SO01205,CUST00339,PROD0007,2026-06-28,391,20664.88,8079968.08,Pending
SO01206,CUST00237,PROD0171,2026-01-26,237,15675.65,3715129.05,Delivered
SO01207,CUST00300,PROD0173,2025-02-07,404,19228.45,7768293.8,Shipped
SO01208,CUST00235,PROD0047,2025-07-18,443,24030.89,10645684.27,Shipped
SO01209,CUST00187,PROD0131,2025-02-28,397,13673.59,5428415.23,Delivered
SO01210,CUST00459,PROD0069,2025-06-12,372,34345.76,12776622.72,Delivered
SO01211,CUST00186,PROD0175,2026-01-08,455,3621.86,1647946.3,Delivered
SO01212,CUST00240,PROD0002,2026-05-16,122,8295.91,1012101.02,Delivered
SO01213,CUST00427,PROD0120,2025-04-09,693,7863.57,5449454.01,Processing
SO01214,CUST00374,PROD0106,2025-07-07,5,1681.33,8406.65,Processing
SO01215,CUST00175,PROD0105,2026-06-05,521,20778.94,10825827.74,Processing
SO01216,CUST00216,PROD0194,2026-07-18,65,14385.88,935082.2,Shipped
SO01217,CUST00345,PROD0155,2025-12-18,486,9139.39,4441743.54,Delivered
SO01218,CUST00496,PROD0123,2026-01-23,606,31258.88,18942881.28,Delivered
SO01219,CUST00438,PROD0106,2025-07-19,281,1368.28,384486.68,Processing
SO01220,CUST00196,PROD0052,2025-06-22,154,20988.86,3232284.44,Pending
SO01221,CUST00454,PROD0196,2026-03-11,360,30416.48,10949932.8,Shipped
SO01222,CUST00377,PROD0086,2025-09-28,531,2610.98,1386430.38,Shipped
SO01223,CUST00317,PROD0067,2026-01-30,598,7810.24,4670523.52,Cancelled
SO01224,CUST00179,PROD0091,2025-03-22,644,37181.52,23944898.88,Delivered
SO01225,CUST00465,PROD0065,2026-03-30,328,9009.78,2955207.84,Shipped
SO01226,CUST00130,PROD0007,2025-05-13,374,18951.64,7087913.36,Processing
SO01227,CUST00287,PROD0186,2025-01-06,280,8082.98,2263234.4,Shipped
SO01228,CUST00162,PROD0059,2026-02-12,658,29842.13,19636121.54,Delivered
SO01229,CUST00122,PROD0113,2025-01-28,358,30763.18,11013218.44,Pending
SO01230,CUST00396,PROD0124,2025-02-03,538,4140.86,2227782.68,Delivered
SO01231,CUST00102,PROD0187,2025-08-10,547,25990.19,14216633.93,Delivered
SO01232,CUST00096,PROD0185,2025-07-13,622,6149.67,3825094.74,Delivered
SO01233,CUST00156,PROD0190,2026-01-24,538,3844.78,2068491.64,Pending
SO01234,CUST00244,PROD0057,2025-01-30,470,24102.83,11328330.1,Cancelled
SO01235,CUST00045,PROD0091,2025-10-09,2,36069.04,72138.08,Delivered
SO01236,CUST00416,PROD0181,2025-06-30,264,38365.7,10128544.8,Delivered
SO01237,CUST00411,PROD0189,2025-02-16,145,8452.15,1225561.75,Processing
SO01238,CUST00232,PROD0162,2026-06-30,596,11090.42,6609890.32,Delivered
SO01239,CUST00474,PROD0102,2025-10-26,479,15928.2,7629607.8,Delivered
SO01240,CUST00443,PROD0111,2026-02-08,39,9087.06,354395.34,Pending
SO01241,CUST00463,PROD0125,2025-05-20,202,10834.63,2188595.26,Processing
SO01242,CUST00136,PROD0029,2026-05-01,344,9384.56,3228288.64,Shipped
SO01243,CUST00146,PROD0018,2026-08-13,55,32450.52,1784778.6,Delivered
SO01244,CUST00224,PROD0012,2026-05-16,495,12692.14,6282609.3,Delivered
SO01245,CUST00059,PROD0101,2025-12-02,307,5206.0,1598242.0,Delivered
SO01246,CUST00244,PROD0145,2026-04-18,650,14799.86,9619909.0,Processing
SO01247,CUST00442,PROD0006,2025-08-30,438,17430.88,7634725.44,Delivered
SO01248,CUST00229,PROD0168,2025-11-26,381,11612.35,4424305.35,Pending
SO01249,CUST00303,PROD0054,2026-06-25,350,19200.71,6720248.5,Shipped
SO01250,CUST00343,PROD0194,2025-12-19,657,18747.74,12317265.18,Delivered
SO01251,CUST00390,PROD0120,2025-07-10,30,8547.06,256411.8,Pending
SO01252,CUST00172,PROD0111,2026-04-27,482,8366.6,4032701.2,Delivered
SO01253,CUST00349,PROD0031,2026-07-09,164,2891.36,474183.04,Delivered
SO01254,CUST00473,PROD0025,2026-02-13,224,19867.41,4450299.84,Delivered
SO01255,CUST00237,PROD0065,2026-05-19,373,8848.08,3300333.84,Processing
SO01256,CUST00492,PROD0173,2025-11-01,105,24241.23,2545329.15,Cancelled
SO01257,CUST00256,PROD0106,2025-09-12,513,1468.32,753248.16,Delivered
SO01258,CUST00399,PROD0003,2026-06-02,502,22921.82,11506753.64,Shipped
SO01259,CUST00433,PROD0165,2026-02-19,373,27044.01,10087415.73,Delivered
SO01260,CUST00137,PROD0011,2026-03-14,508,20520.2,10424261.6,Delivered
SO01261,CUST00390,PROD0138,2025-07-29,698,25356.17,17698606.66,Delivered
SO01262,CUST00263,PROD0051,2025-10-03,11,21727.92,239007.12,Processing
SO01263,CUST00237,PROD0055,2025-12-26,444,3183.27,1413371.88,Delivered
SO01264,CUST00354,PROD0174,2025-10-19,8,37384.78,299078.24,Pending
SO01265,CUST00246,PROD0048,2025-05-13,527,18733.77,9872696.79,Delivered
SO01266,CUST00444,PROD0116,2025-05-01,568,8144.52,4626087.36,Processing
SO01267,CUST00412,PROD0066,2026-02-04,252,1202.23,302961.96,Delivered
SO01268,CUST00382,PROD0133,2026-05-20,334,18827.2,6288284.8,Processing
SO01269,CUST00486,PROD0067,2025-10-01,274,8537.58,2339296.92,Processing
SO01270,CUST00462,PROD0081,2026-08-10,602,1498.72,902229.44,Delivered
SO01271,CUST00498,PROD0161,2025-07-10,35,12514.91,438021.85,Pending
SO01272,CUST00003,PROD0183,2026-03-23,351,2841.88,997499.88,Processing
SO01273,CUST00064,PROD0191,2025-02-25,371,9812.65,3640493.15,Pending
SO01274,CUST00461,PROD0034,2025-02-08,622,2726.27,1695739.94,Shipped
SO01275,CUST00196,PROD0051,2026-02-16,225,19809.91,4457229.75,Processing
SO01276,CUST00467,PROD0063,2025-06-19,367,17170.84,6301698.28,Delivered
SO01277,CUST00497,PROD0001,2025-09-29,251,6399.14,1606184.14,Processing
SO01278,CUST00061,PROD0091,2026-08-31,282,37129.94,10470643.08,Pending
SO01279,CUST00350,PROD0119,2025-07-04,214,12595.9,2695522.6,Delivered
SO01280,CUST00444,PROD0161,2025-05-30,624,12009.89,7494171.36,Delivered
SO01281,CUST00003,PROD0006,2025-12-01,300,17754.3,5326290.0,Delivered
SO01282,CUST00072,PROD0180,2026-06-29,40,16985.76,679430.4,Shipped
SO01283,CUST00478,PROD0133,2026-01-29,130,19233.04,2500295.2,Delivered
SO01284,CUST00448,PROD0032,2026-06-26,710,9608.92,6822333.2,Delivered
SO01285,CUST00466,PROD0089,2025-02-27,305,13394.71,4085386.55,Shipped
SO01286,CUST00469,PROD0133,2025-08-11,368,16834.42,6195066.56,Pending
SO01287,CUST00454,PROD0053,2026-04-03,601,4299.46,2583975.46,Pending
SO01288,CUST00139,PROD0184,2025-06-03,338,28707.17,9703023.46,Delivered
SO01289,CUST00425,PROD0027,2026-06-23,384,24168.18,9280581.12,Processing
SO01290,CUST00075,PROD0174,2026-05-13,193,36089.53,6965279.29,Pending
SO01291,CUST00478,PROD0071,2026-03-24,135,16097.15,2173115.25,Pending
SO01292,CUST00259,PROD0088,2025-04-11,190,4794.92,911034.8,Delivered
SO01293,CUST00352,PROD0108,2026-04-24,541,16798.81,9088156.21,Shipped
SO01294,CUST00173,PROD0087,2025-03-23,606,23170.08,14041068.48,Delivered
SO01295,CUST00064,PROD0148,2026-06-10,434,34374.03,14918329.02,Pending
SO01296,CUST00433,PROD0078,2025-12-03,269,27971.63,7524368.47,Delivered
SO01297,CUST00346,PROD0087,2025-04-16,16,31597.54,505560.64,Shipped
SO01298,CUST00284,PROD0073,2026-06-09,600,14024.45,8414670.0,Pending
SO01299,CUST00378,PROD0008,2025-11-30,523,32016.22,16744483.06,Shipped
SO01300,CUST00209,PROD0183,2025-10-23,298,2699.71,804513.58,Pending
SO01301,CUST00228,PROD0106,2025-01-28,610,1746.24,1065206.4,Delivered
SO01302,CUST00308,PROD0179,2025-12-27,216,1177.47,254333.52,Delivered
SO01303,CUST00040,PROD0016,2026-06-08,520,16867.01,8770845.2,Delivered
SO01304,CUST00229,PROD0113,2025-06-06,338,31025.03,10486460.14,Shipped
SO01305,CUST00322,PROD0128,2026-04-08,505,14165.74,7153698.7,Processing
SO01306,CUST00190,PROD0073,2025-07-04,726,10966.63,7961773.38,Delivered
SO01307,CUST00076,PROD0074,2026-04-04,601,38631.95,23217801.95,Delivered
SO01308,CUST00316,PROD0010,2026-04-27,18,14959.15,269264.7,Shipped
SO01309,CUST00458,PROD0094,2025-12-05,615,16838.47,10355659.05,Processing
SO01310,CUST00292,PROD0177,2025-11-14,427,25353.94,10826132.38,Delivered
SO01311,CUST00224,PROD0110,2025-04-19,136,26274.8,3573372.8,Processing
SO01312,CUST00338,PROD0126,2026-03-08,121,8096.58,979686.18,Delivered
SO01313,CUST00176,PROD0008,2025-08-15,173,34453.39,5960436.47,Delivered
SO01314,CUST00320,PROD0188,2025-09-27,22,28322.39,623092.58,Delivered
SO01315,CUST00467,PROD0199,2025-06-08,157,9569.02,1502336.14,Shipped
SO01316,CUST00185,PROD0051,2026-02-11,65,28353.53,1842979.45,Pending
SO01317,CUST00356,PROD0161,2025-04-26,207,11616.23,2404559.61,Processing
SO01318,CUST00029,PROD0087,2025-02-20,290,33058.43,9586944.7,Delivered
SO01319,CUST00405,PROD0075,2025-09-04,362,23023.12,8334369.44,Cancelled
SO01320,CUST00473,PROD0112,2026-01-08,192,3702.48,710876.16,Delivered
SO01321,CUST00490,PROD0170,2026-07-26,220,17984.98,3956695.6,Shipped
SO01322,CUST00359,PROD0196,2026-05-11,425,28397.13,12068780.25,Delivered
SO01323,CUST00389,PROD0002,2025-12-31,309,11544.85,3567358.65,Shipped
SO01324,CUST00016,PROD0129,2025-04-04,428,21059.72,9013560.16,Delivered
SO01325,CUST00041,PROD0122,2025-07-25,91,16798.64,1528676.24,Delivered
SO01326,CUST00287,PROD0083,2026-04-28,163,16824.77,2742437.51,Shipped
SO01327,CUST00299,PROD0060,2026-04-13,229,21127.62,4838224.98,Delivered
SO01328,CUST00399,PROD0158,2025-02-17,699,32739.24,22884728.76,Pending
SO01329,CUST00019,PROD0135,2026-03-07,590,4171.69,2461297.1,Pending
SO01330,CUST00280,PROD0090,2026-06-03,662,36631.96,24250357.52,Cancelled
SO01331,CUST00189,PROD0096,2025-02-04,566,2269.72,1284661.52,Delivered
SO01332,CUST00190,PROD0053,2025-04-21,178,3170.94,564427.32,Delivered
SO01333,CUST00017,PROD0157,2025-02-19,726,22764.29,16526874.54,Shipped
SO01334,CUST00363,PROD0056,2025-09-01,585,28707.56,16793922.6,Processing
SO01335,CUST00095,PROD0001,2025-02-13,682,8309.9,5667351.8,Delivered
SO01336,CUST00326,PROD0115,2026-07-28,532,11004.39,5854335.48,Shipped
SO01337,CUST00287,PROD0137,2025-03-06,630,24091.83,15177852.9,Delivered
SO01338,CUST00267,PROD0026,2026-04-06,423,30671.47,12974031.81,Delivered
SO01339,CUST00383,PROD0070,2025-09-12,139,18527.02,2575255.78,Processing
SO01340,CUST00263,PROD0180,2025-11-03,95,13599.17,1291921.15,Delivered
SO01341,CUST00223,PROD0075,2026-02-19,493,22299.91,10993855.63,Shipped
SO01342,CUST00158,PROD0071,2026-02-27,31,14134.41,438166.71,Shipped
SO01343,CUST00393,PROD0176,2025-07-18,171,17346.58,2966265.18,Processing
SO01344,CUST00209,PROD0062,2026-03-21,453,29011.27,13142105.31,Shipped
SO01345,CUST00048,PROD0175,2026-06-15,710,3531.16,2507123.6,Delivered
SO01346,CUST00140,PROD0157,2025-11-06,581,22555.78,13104908.18,Delivered
SO01347,CUST00340,PROD0023,2026-04-02,314,36034.91,11314961.74,Delivered
SO01348,CUST00407,PROD0146,2025-08-11,632,25480.46,16103650.72,Delivered
SO01349,CUST00170,PROD0112,2025-12-01,414,2922.22,1209799.08,Delivered
SO01350,CUST00006,PROD0040,2025-10-13,642,12904.57,8284733.94,Shipped
SO01351,CUST00434,PROD0143,2025-01-12,579,26874.16,15560138.64,Delivered
SO01352,CUST00199,PROD0100,2026-08-27,429,27626.19,11851635.51,Shipped
SO01353,CUST00491,PROD0032,2025-03-07,678,13880.27,9410823.06,Delivered
SO01354,CUST00296,PROD0038,2025-05-23,249,27765.29,6913557.21,Shipped
SO01355,CUST00137,PROD0099,2025-05-20,574,2566.23,1473016.02,Delivered
SO01356,CUST00116,PROD0120,2025-02-23,213,7054.64,1502638.32,Shipped
SO01357,CUST00028,PROD0100,2025-10-04,692,28069.53,19424114.76,Delivered
SO01358,CUST00252,PROD0078,2026-02-28,724,29358.09,21255257.16,Processing
SO01359,CUST00254,PROD0129,2025-12-01,251,15871.12,3983651.12,Delivered
SO01360,CUST00168,PROD0150,2025-12-04,395,33357.86,13176354.7,Pending
SO01361,CUST00346,PROD0199,2025-11-30,461,10200.24,4702310.64,Shipped
SO01362,CUST00423,PROD0118,2026-01-16,515,32220.03,16593315.45,Shipped
SO01363,CUST00454,PROD0091,2025-02-25,346,27740.39,9598174.94,Shipped
SO01364,CUST00327,PROD0192,2026-02-10,491,4746.1,2330335.1,Delivered
SO01365,CUST00482,PROD0155,2025-09-19,271,9196.15,2492156.65,Delivered
SO01366,CUST00085,PROD0120,2025-08-18,38,7467.75,283774.5,Delivered
SO01367,CUST00182,PROD0050,2026-03-21,258,4979.44,1284695.52,Delivered
SO01368,CUST00150,PROD0039,2025-03-04,90,9097.39,818765.1,Processing
SO01369,CUST00129,PROD0117,2026-03-30,733,12899.03,9454988.99,Delivered
SO01370,CUST00128,PROD0084,2025-02-21,85,12467.63,1059748.55,Delivered
SO01371,CUST00178,PROD0172,2026-06-25,674,6332.42,4268051.08,Delivered
SO01372,CUST00322,PROD0026,2026-01-19,242,24835.8,6010263.6,Pending
SO01373,CUST00164,PROD0013,2026-07-15,557,12314.53,6859193.21,Delivered
SO01374,CUST00468,PROD0048,2025-07-12,191,24358.45,4652463.95,Processing
SO01375,CUST00461,PROD0109,2026-05-03,421,13095.41,5513167.61,Delivered
SO01376,CUST00344,PROD0152,2026-05-17,709,11301.12,8012494.08,Shipped
SO01377,CUST00107,PROD0053,2025-05-12,562,3247.5,1825095.0,Delivered
SO01378,CUST00316,PROD0020,2026-06-02,503,7064.85,3553619.55,Delivered
SO01379,CUST00309,PROD0021,2025-05-10,542,13131.13,7117072.46,Delivered
SO01380,CUST00298,PROD0197,2025-10-30,417,23393.03,9754893.51,Processing
SO01381,CUST00434,PROD0034,2025-12-08,485,1899.12,921073.2,Delivered
SO01382,CUST00049,PROD0029,2026-03-16,297,8070.83,2397036.51,Pending
SO01383,CUST00421,PROD0050,2026-05-31,46,4146.03,190717.38,Pending
SO01384,CUST00246,PROD0188,2026-05-11,737,28216.29,20795405.73,Delivered
SO01385,CUST00040,PROD0003,2026-03-15,610,24389.7,14877717.0,Pending
SO01386,CUST00056,PROD0103,2025-05-24,563,21447.77,12075094.51,Delivered
SO01387,CUST00422,PROD0118,2025-07-25,113,30893.66,3490983.58,Delivered
SO01388,CUST00023,PROD0073,2025-06-08,252,10795.61,2720493.72,Delivered
SO01389,CUST00128,PROD0023,2025-10-16,184,29899.91,5501583.44,Delivered
SO01390,CUST00439,PROD0012,2026-02-12,180,10157.84,1828411.2,Delivered
SO01391,CUST00496,PROD0092,2026-02-28,348,9280.91,3229756.68,Delivered
SO01392,CUST00129,PROD0117,2025-05-30,334,14251.36,4759954.24,Delivered
SO01393,CUST00482,PROD0036,2026-04-13,56,14458.07,809651.92,Delivered
SO01394,CUST00383,PROD0015,2026-04-30,148,9839.79,1456288.92,Delivered
SO01395,CUST00004,PROD0092,2025-01-08,702,10742.38,7541150.76,Processing
SO01396,CUST00219,PROD0149,2025-02-12,3,20596.68,61790.04,Pending
SO01397,CUST00498,PROD0046,2025-03-14,86,9485.27,815733.22,Delivered
SO01398,CUST00233,PROD0177,2026-01-28,614,22801.51,14000127.14,Delivered
SO01399,CUST00187,PROD0049,2025-09-04,589,7803.48,4596249.72,Shipped
SO01400,CUST00009,PROD0162,2025-08-25,380,10396.52,3950677.6,Delivered
SO01401,CUST00359,PROD0082,2026-08-20,84,25266.59,2122393.56,Delivered
SO01402,CUST00419,PROD0015,2026-04-30,453,10326.39,4677854.67,Delivered
SO01403,CUST00362,PROD0136,2025-04-21,233,11707.27,2727793.91,Delivered
SO01404,CUST00350,PROD0068,2026-02-10,423,33410.22,14132523.06,Shipped
SO01405,CUST00379,PROD0029,2025-12-05,588,7408.82,4356386.16,Shipped
SO01406,CUST00036,PROD0199,2025-11-08,669,11094.39,7422146.91,Delivered
SO01407,CUST00279,PROD0130,2025-11-09,34,35757.48,1215754.32,Delivered
SO01408,CUST00098,PROD0073,2025-08-15,401,14197.69,5693273.69,Shipped
SO01409,CUST00214,PROD0052,2025-08-18,244,17090.64,4170116.16,Processing
SO01410,CUST00359,PROD0078,2026-01-13,199,25264.76,5027687.24,Pending
SO01411,CUST00296,PROD0139,2025-01-03,289,11300.74,3265913.86,Shipped
SO01412,CUST00120,PROD0116,2025-09-27,460,5861.12,2696115.2,Shipped
SO01413,CUST00403,PROD0119,2025-04-09,11,12198.08,134178.88,Shipped
SO01414,CUST00032,PROD0029,2026-03-28,189,8505.57,1607552.73,Shipped
SO01415,CUST00283,PROD0175,2025-06-23,230,3946.14,907612.2,Pending
SO01416,CUST00382,PROD0121,2026-08-02,95,22028.23,2092681.85,Pending
SO01417,CUST00192,PROD0098,2026-07-07,542,16073.09,8711614.78,Delivered
SO01418,CUST00192,PROD0010,2026-04-01,364,15595.28,5676681.92,Processing
SO01419,CUST00496,PROD0177,2025-08-31,577,23159.61,13363094.97,Shipped
SO01420,CUST00030,PROD0176,2025-03-12,356,17102.11,6088351.16,Pending
SO01421,CUST00043,PROD0199,2026-08-27,388,9994.39,3877823.32,Processing
SO01422,CUST00368,PROD0167,2025-09-11,76,26020.97,1977593.72,Delivered
SO01423,CUST00148,PROD0165,2026-01-20,512,25939.44,13280993.28,Processing
SO01424,CUST00371,PROD0077,2025-09-21,45,24624.5,1108102.5,Shipped
SO01425,CUST00476,PROD0091,2025-10-31,153,39344.05,6019639.65,Delivered
SO01426,CUST00477,PROD0095,2025-07-27,479,1010.76,484154.04,Processing
SO01427,CUST00443,PROD0095,2026-01-27,7,1273.59,8915.13,Delivered
SO01428,CUST00241,PROD0138,2025-01-13,664,22367.61,14852093.04,Delivered
SO01429,CUST00231,PROD0029,2025-07-06,595,9616.77,5721978.15,Delivered
SO01430,CUST00390,PROD0033,2025-01-27,647,5637.34,3647358.98,Shipped
SO01431,CUST00063,PROD0144,2025-03-08,447,27721.38,12391456.86,Pending
SO01432,CUST00014,PROD0156,2025-05-01,226,9349.56,2113000.56,Delivered
SO01433,CUST00302,PROD0072,2025-03-11,586,6284.8,3682892.8,Processing
SO01434,CUST00026,PROD0013,2026-04-24,202,17390.05,3512790.1,Processing
SO01435,CUST00342,PROD0044,2026-02-20,541,7434.58,4022107.78,Pending
SO01436,CUST00237,PROD0120,2026-06-21,503,8923.14,4488339.42,Shipped
SO01437,CUST00143,PROD0172,2025-03-28,603,7644.76,4609790.28,Shipped
SO01438,CUST00067,PROD0026,2026-06-03,108,28442.35,3071773.8,Delivered
SO01439,CUST00157,PROD0112,2026-02-15,29,3709.62,107578.98,Delivered
SO01440,CUST00493,PROD0153,2025-11-22,371,28056.88,10409102.48,Shipped
SO01441,CUST00304,PROD0043,2025-04-25,153,3944.76,603548.28,Pending
SO01442,CUST00498,PROD0053,2025-05-04,378,3696.59,1397311.02,Pending
SO01443,CUST00479,PROD0190,2026-08-06,679,4587.78,3115102.62,Delivered
SO01444,CUST00401,PROD0172,2026-06-28,625,6786.25,4241406.25,Delivered
SO01445,CUST00183,PROD0028,2026-05-23,435,15305.26,6657788.1,Delivered
SO01446,CUST00214,PROD0164,2026-06-22,485,15356.42,7447863.7,Processing
SO01447,CUST00067,PROD0188,2026-07-19,116,29624.93,3436491.88,Processing
SO01448,CUST00231,PROD0073,2026-06-06,512,12606.97,6454768.64,Delivered
SO01449,CUST00336,PROD0141,2025-12-08,315,30784.92,9697249.8,Delivered
SO01450,CUST00310,PROD0149,2026-01-31,605,21870.79,13231827.95,Delivered
SO01451,CUST00075,PROD0198,2025-12-26,37,12699.24,469871.88,Processing
SO01452,CUST00357,PROD0098,2025-03-05,261,18369.01,4794311.61,Processing
SO01453,CUST00196,PROD0126,2025-06-02,115,9608.2,1104943.0,Processing
SO01454,CUST00295,PROD0049,2026-08-23,216,6642.59,1434799.44,Shipped
SO01455,CUST00322,PROD0020,2025-08-06,252,9428.41,2375959.32,Delivered
SO01456,CUST00021,PROD0083,2025-08-10,657,19110.76,12555769.32,Delivered
SO01457,CUST00192,PROD0060,2026-05-04,242,20608.37,4987225.54,Delivered
SO01458,CUST00354,PROD0044,2026-03-10,55,7822.88,430258.4,Shipped
SO01459,CUST00490,PROD0126,2026-07-17,260,9260.82,2407813.2,Delivered
SO01460,CUST00286,PROD0041,2025-07-10,413,32955.76,13610728.88,Shipped
SO01461,CUST00149,PROD0191,2025-07-21,378,9654.01,3649215.78,Delivered
SO01462,CUST00410,PROD0033,2025-06-19,141,5477.34,772304.94,Delivered
SO01463,CUST00262,PROD0111,2026-04-17,344,11619.84,3997224.96,Delivered
SO01464,CUST00291,PROD0167,2025-09-08,284,27996.89,7951116.76,Pending
SO01465,CUST00192,PROD0195,2026-03-26,660,11118.71,7338348.6,Delivered
SO01466,CUST00355,PROD0170,2026-05-09,507,22031.33,11169884.31,Shipped
SO01467,CUST00041,PROD0118,2026-07-31,308,29879.1,9202762.8,Pending
SO01468,CUST00109,PROD0078,2025-11-05,657,23832.38,15657873.66,Delivered
SO01469,CUST00474,PROD0179,2026-05-30,79,1035.33,81791.07,Delivered
SO01470,CUST00017,PROD0151,2025-12-27,145,6414.6,930117.0,Delivered
SO01471,CUST00317,PROD0070,2025-02-21,528,13951.0,7366128.0,Shipped
SO01472,CUST00303,PROD0180,2026-01-25,383,15167.52,5809160.16,Delivered
SO01473,CUST00096,PROD0157,2026-03-04,263,22835.65,6005775.95,Processing
SO01474,CUST00275,PROD0097,2026-02-21,472,27112.14,12796930.08,Shipped
SO01475,CUST00162,PROD0084,2026-07-04,17,11414.56,194047.52,Shipped
SO01476,CUST00397,PROD0149,2025-08-22,659,25648.98,16902677.82,Delivered
SO01477,CUST00031,PROD0184,2025-04-19,70,22212.55,1554878.5,Delivered
SO01478,CUST00400,PROD0192,2026-05-14,608,4441.04,2700152.32,Processing
SO01479,CUST00143,PROD0150,2025-12-24,154,26545.51,4088008.54,Pending
SO01480,CUST00436,PROD0135,2025-04-20,73,3558.98,259805.54,Pending
SO01481,CUST00313,PROD0160,2026-03-02,657,9180.48,6031575.36,Pending
SO01482,CUST00126,PROD0095,2026-08-24,460,1460.42,671793.2,Delivered
SO01483,CUST00158,PROD0129,2026-06-26,650,16062.52,10440638.0,Delivered
SO01484,CUST00020,PROD0049,2026-05-27,307,6879.36,2111963.52,Delivered
SO01485,CUST00446,PROD0106,2025-04-05,294,1695.34,498429.96,Pending
SO01486,CUST00197,PROD0048,2025-06-15,310,25416.38,7879077.8,Delivered
SO01487,CUST00146,PROD0107,2025-11-28,167,18301.57,3056362.19,Delivered
SO01488,CUST00426,PROD0060,2025-05-07,350,23811.25,8333937.5,Shipped
SO01489,CUST00074,PROD0170,2025-06-23,256,20826.86,5331676.16,Delivered
SO01490,CUST00385,PROD0114,2025-03-27,253,17077.95,4320721.35,Delivered
SO01491,CUST00197,PROD0016,2026-01-30,640,17861.96,11431654.4,Pending
SO01492,CUST00242,PROD0176,2025-09-23,51,17099.89,872094.39,Delivered
SO01493,CUST00408,PROD0064,2025-02-21,585,29794.81,17429963.85,Cancelled
SO01494,CUST00227,PROD0148,2025-02-22,367,26877.99,9864222.33,Delivered
SO01495,CUST00039,PROD0067,2025-05-17,648,8178.63,5299752.24,Delivered
SO01496,CUST00001,PROD0044,2025-07-01,170,8363.13,1421732.1,Delivered
SO01497,CUST00205,PROD0018,2025-12-13,393,28516.41,11206949.13,Pending
SO01498,CUST00224,PROD0065,2025-12-12,681,9604.43,6540616.83,Processing
SO01499,CUST00139,PROD0032,2025-12-10,197,10440.96,2056869.12,Delivered
SO01500,CUST00185,PROD0188,2026-02-06,13,25646.69,333406.97,Delivered
SO01501,CUST00169,PROD0111,2025-03-10,714,11055.39,7893548.46,Delivered
SO01502,CUST00225,PROD0166,2025-04-30,628,23590.8,14815022.4,Delivered
SO01503,CUST00281,PROD0044,2026-04-30,580,7557.79,4383518.2,Delivered
SO01504,CUST00304,PROD0046,2025-11-08,175,7419.59,1298428.25,Processing
SO01505,CUST00330,PROD0176,2025-04-29,106,16675.51,1767604.06,Delivered
SO01506,CUST00467,PROD0156,2026-08-20,277,9598.12,2658679.24,Delivered
SO01507,CUST00004,PROD0193,2025-10-19,87,14752.16,1283437.92,Processing
SO01508,CUST00356,PROD0181,2026-01-06,407,39182.62,15947326.34,Processing
SO01509,CUST00062,PROD0073,2026-08-18,173,12415.54,2147888.42,Delivered
SO01510,CUST00425,PROD0042,2025-05-04,728,16849.52,12266450.56,Delivered
SO01511,CUST00078,PROD0014,2025-02-13,635,22792.99,14473548.65,Shipped
SO01512,CUST00224,PROD0159,2025-11-11,516,8806.21,4544004.36,Processing
SO01513,CUST00187,PROD0160,2026-02-17,305,10953.78,3340902.9,Shipped
SO01514,CUST00238,PROD0048,2025-05-31,615,19310.79,11876135.85,Shipped
SO01515,CUST00455,PROD0172,2026-04-14,335,9084.16,3043193.6,Pending
SO01516,CUST00160,PROD0070,2026-03-03,711,17878.24,12711428.64,Delivered
SO01517,CUST00098,PROD0039,2025-11-17,737,6548.01,4825883.37,Shipped
SO01518,CUST00051,PROD0049,2025-04-08,64,7038.08,450437.12,Pending
SO01519,CUST00053,PROD0092,2025-08-11,413,10408.13,4298557.69,Processing
SO01520,CUST00455,PROD0061,2025-06-24,297,5439.2,1615442.4,Delivered
SO01521,CUST00373,PROD0033,2025-01-13,152,6092.58,926072.16,Pending
SO01522,CUST00203,PROD0045,2025-09-15,403,11289.68,4549741.04,Delivered
SO01523,CUST00400,PROD0041,2025-09-06,11,37880.67,416687.37,Delivered
SO01524,CUST00082,PROD0062,2025-09-17,550,27189.72,14954346.0,Shipped
SO01525,CUST00243,PROD0099,2026-04-04,31,2389.12,74062.72,Delivered
SO01526,CUST00334,PROD0163,2025-07-22,677,4959.46,3357554.42,Shipped
SO01527,CUST00328,PROD0181,2026-05-21,437,36674.61,16026804.57,Pending
SO01528,CUST00027,PROD0139,2025-11-06,718,15132.2,10864919.6,Pending
SO01529,CUST00442,PROD0035,2026-05-14,77,13339.82,1027166.14,Shipped
SO01530,CUST00407,PROD0075,2025-07-02,705,20189.24,14233414.2,Delivered
SO01531,CUST00358,PROD0010,2025-08-12,380,17030.94,6471757.2,Delivered
SO01532,CUST00495,PROD0038,2026-05-20,291,29097.39,8467340.49,Shipped
SO01533,CUST00177,PROD0071,2025-05-21,188,15175.34,2852963.92,Delivered
SO01534,CUST00224,PROD0191,2025-03-08,683,13396.4,9149741.2,Processing
SO01535,CUST00304,PROD0046,2025-08-01,498,10498.46,5228233.08,Delivered
SO01536,CUST00298,PROD0142,2025-08-28,327,28364.46,9275178.42,Delivered
SO01537,CUST00413,PROD0142,2025-04-16,174,29329.8,5103385.2,Processing
SO01538,CUST00465,PROD0098,2025-07-15,664,16675.48,11072518.72,Shipped
SO01539,CUST00398,PROD0118,2025-06-20,563,35644.22,20067695.86,Processing
SO01540,CUST00453,PROD0189,2026-05-05,41,8004.82,328197.62,Shipped
SO01541,CUST00181,PROD0117,2025-08-26,667,13663.97,9113867.99,Processing
SO01542,CUST00297,PROD0061,2026-01-12,73,6949.49,507312.77,Shipped
SO01543,CUST00304,PROD0048,2026-08-16,691,18933.27,13082889.57,Delivered
SO01544,CUST00160,PROD0182,2025-09-13,479,15018.01,7193626.79,Delivered
SO01545,CUST00438,PROD0168,2026-04-26,4,12713.87,50855.48,Delivered
SO01546,CUST00283,PROD0199,2026-07-26,305,9846.55,3003197.75,Shipped
SO01547,CUST00102,PROD0089,2026-02-14,468,12620.57,5906426.76,Delivered
SO01548,CUST00065,PROD0197,2026-03-01,73,22219.44,1622019.12,Pending
SO01549,CUST00467,PROD0149,2025-11-30,368,18511.56,6812254.08,Shipped
SO01550,CUST00283,PROD0072,2025-09-21,368,7099.58,2612645.44,Delivered
SO01551,CUST00299,PROD0086,2026-01-15,345,2260.19,779765.55,Pending
SO01552,CUST00363,PROD0009,2025-07-13,336,25630.32,8611787.52,Delivered
SO01553,CUST00298,PROD0106,2025-04-09,214,1590.84,340439.76,Delivered
SO01554,CUST00014,PROD0153,2025-04-12,421,29262.07,12319331.47,Delivered
SO01555,CUST00441,PROD0110,2025-08-24,235,28599.31,6720837.85,Delivered
SO01556,CUST00483,PROD0086,2025-01-11,32,2414.32,77258.24,Processing
SO01557,CUST00453,PROD0037,2026-05-24,145,11908.22,1726691.9,Delivered
SO01558,CUST00432,PROD0129,2026-05-14,478,21860.68,10449405.04,Pending
SO01559,CUST00453,PROD0174,2025-07-23,177,29214.84,5171026.68,Pending
SO01560,CUST00072,PROD0133,2025-04-25,83,16820.48,1396099.84,Pending
SO01561,CUST00418,PROD0160,2026-06-23,670,11702.95,7840976.5,Shipped
SO01562,CUST00484,PROD0079,2025-12-28,691,28220.38,19500282.58,Shipped
SO01563,CUST00450,PROD0036,2025-11-24,123,11326.25,1393128.75,Delivered
SO01564,CUST00486,PROD0149,2025-11-21,434,19961.29,8663199.86,Pending
SO01565,CUST00037,PROD0023,2025-08-11,314,32178.31,10103989.34,Pending
SO01566,CUST00054,PROD0005,2025-09-02,548,33381.25,18292925.0,Delivered
SO01567,CUST00028,PROD0111,2025-09-04,750,11085.53,8314147.5,Shipped
SO01568,CUST00455,PROD0067,2026-08-19,690,8371.96,5776652.4,Delivered
SO01569,CUST00049,PROD0131,2026-06-30,20,12020.21,240404.2,Delivered
SO01570,CUST00488,PROD0096,2026-07-15,733,2167.31,1588638.23,Delivered
SO01571,CUST00067,PROD0018,2025-02-15,513,24593.17,12616296.21,Delivered
SO01572,CUST00013,PROD0140,2025-09-16,90,1322.84,119055.6,Delivered
SO01573,CUST00498,PROD0109,2025-09-26,65,11770.74,765098.1,Processing
SO01574,CUST00229,PROD0165,2026-06-30,648,27921.78,18093313.44,Shipped
SO01575,CUST00291,PROD0156,2025-10-16,588,9504.49,5588640.12,Pending
SO01576,CUST00108,PROD0171,2025-01-12,132,19283.99,2545486.68,Delivered
SO01577,CUST00341,PROD0127,2025-11-15,262,25829.42,6767308.04,Delivered
SO01578,CUST00067,PROD0027,2025-11-09,45,20534.99,924074.55,Delivered
SO01579,CUST00413,PROD0006,2025-02-16,302,23421.73,7073362.46,Delivered
SO01580,CUST00323,PROD0075,2025-01-13,114,21564.92,2458400.88,Delivered
SO01581,CUST00171,PROD0191,2026-01-11,467,11593.1,5413977.7,Delivered
SO01582,CUST00390,PROD0038,2026-04-29,702,27924.9,19603279.8,Shipped
SO01583,CUST00217,PROD0194,2026-01-01,710,17260.99,12255302.9,Shipped
SO01584,CUST00194,PROD0200,2026-05-16,79,37217.36,2940171.44,Shipped
SO01585,CUST00482,PROD0150,2026-07-27,568,31097.98,17663652.64,Processing
SO01586,CUST00252,PROD0109,2026-04-10,488,13212.91,6447900.08,Pending
SO01587,CUST00112,PROD0129,2025-03-07,492,18901.11,9299346.12,Delivered
SO01588,CUST00311,PROD0138,2025-08-07,87,24322.55,2116061.85,Processing
SO01589,CUST00330,PROD0163,2026-04-13,165,3852.82,635715.3,Processing
SO01590,CUST00020,PROD0071,2025-08-19,370,13295.31,4919264.7,Delivered
SO01591,CUST00379,PROD0129,2025-12-16,420,22308.05,9369381.0,Shipped
SO01592,CUST00331,PROD0189,2025-03-28,468,9862.69,4615738.92,Delivered
SO01593,CUST00276,PROD0143,2025-04-27,703,19741.43,13878225.29,Cancelled
SO01594,CUST00337,PROD0104,2026-08-16,320,9515.37,3044918.4,Delivered
SO01595,CUST00179,PROD0125,2025-04-20,327,9682.17,3166069.59,Processing
SO01596,CUST00055,PROD0197,2026-08-06,553,25998.91,14377397.23,Delivered
SO01597,CUST00369,PROD0036,2026-02-05,34,12835.98,436423.32,Delivered
SO01598,CUST00308,PROD0049,2025-11-10,242,7215.06,1746044.52,Delivered
SO01599,CUST00162,PROD0065,2026-08-01,32,9973.68,319157.76,Delivered
SO01600,CUST00434,PROD0108,2025-11-18,468,12304.23,5758379.64,Cancelled
SO01601,CUST00494,PROD0163,2026-04-25,77,5150.86,396616.22,Delivered
SO01602,CUST00337,PROD0072,2026-07-27,191,6438.25,1229705.75,Pending
SO01603,CUST00350,PROD0167,2026-01-03,357,28330.27,10113906.39,Shipped
SO01604,CUST00137,PROD0073,2025-11-24,37,12602.3,466285.1,Pending
SO01605,CUST00363,PROD0152,2026-06-13,694,10089.15,7001870.1,Delivered
SO01606,CUST00448,PROD0135,2026-05-31,551,4193.96,2310871.96,Processing
SO01607,CUST00330,PROD0184,2025-06-18,748,23462.38,17549860.24,Cancelled
SO01608,CUST00391,PROD0009,2025-04-19,40,24155.79,966231.6,Delivered
SO01609,CUST00474,PROD0071,2025-01-10,23,17183.06,395210.38,Processing
SO01610,CUST00390,PROD0018,2026-05-22,128,31421.4,4021939.2,Delivered
SO01611,CUST00353,PROD0114,2025-04-19,376,17091.83,6426528.08,Processing
SO01612,CUST00457,PROD0072,2025-01-16,98,9073.2,889173.6,Delivered
SO01613,CUST00283,PROD0110,2025-11-15,419,29526.87,12371758.53,Processing
SO01614,CUST00487,PROD0070,2025-09-21,153,19961.07,3054043.71,Delivered
SO01615,CUST00154,PROD0128,2025-10-27,61,16685.55,1017818.55,Processing
SO01616,CUST00241,PROD0022,2026-03-01,118,19179.62,2263195.16,Cancelled
SO01617,CUST00238,PROD0120,2026-05-30,15,7056.22,105843.3,Delivered
SO01618,CUST00398,PROD0013,2026-04-20,710,13420.62,9528640.2,Delivered
SO01619,CUST00238,PROD0063,2025-01-30,138,14031.37,1936329.06,Delivered
SO01620,CUST00396,PROD0136,2026-03-10,580,16945.18,9828204.4,Pending
SO01621,CUST00308,PROD0174,2025-09-20,62,35965.05,2229833.1,Processing
SO01622,CUST00134,PROD0059,2025-02-28,526,33755.02,17755140.52,Shipped
SO01623,CUST00320,PROD0153,2026-03-29,513,34143.93,17515836.09,Processing
SO01624,CUST00207,PROD0147,2025-09-25,165,2601.48,429244.2,Delivered
SO01625,CUST00063,PROD0027,2026-06-25,697,18747.86,13067258.42,Delivered
SO01626,CUST00394,PROD0074,2026-03-13,251,29700.61,7454853.11,Delivered
SO01627,CUST00473,PROD0092,2025-09-28,706,8816.62,6224533.72,Delivered
SO01628,CUST00404,PROD0032,2026-06-07,171,11539.83,1973310.93,Processing
SO01629,CUST00030,PROD0006,2026-05-02,252,18888.72,4759957.44,Pending
SO01630,CUST00139,PROD0051,2026-04-17,747,27434.39,20493489.33,Delivered
SO01631,CUST00413,PROD0175,2026-01-26,481,3194.8,1536698.8,Cancelled
SO01632,CUST00108,PROD0098,2025-12-05,142,17568.96,2494792.32,Pending
SO01633,CUST00106,PROD0032,2025-06-08,75,13142.56,985692.0,Delivered
SO01634,CUST00059,PROD0152,2025-03-10,28,10995.27,307867.56,Delivered
SO01635,CUST00251,PROD0027,2025-01-12,254,23183.83,5888692.82,Shipped
SO01636,CUST00028,PROD0009,2025-07-28,370,28064.1,10383717.0,Delivered
SO01637,CUST00136,PROD0042,2025-11-13,663,23405.29,15517707.27,Shipped
SO01638,CUST00335,PROD0063,2026-03-25,375,16977.37,6366513.75,Processing
SO01639,CUST00162,PROD0199,2025-05-20,435,8206.07,3569640.45,Pending
SO01640,CUST00494,PROD0176,2025-04-22,321,16782.11,5387057.31,Processing
SO01641,CUST00139,PROD0189,2025-11-15,146,8470.51,1236694.46,Shipped
SO01642,CUST00141,PROD0085,2026-07-01,323,3598.62,1162354.26,Shipped
SO01643,CUST00275,PROD0040,2025-11-21,412,13687.07,5639072.84,Shipped
SO01644,CUST00031,PROD0137,2026-01-13,110,24697.7,2716747.0,Processing
SO01645,CUST00496,PROD0009,2025-11-15,188,27386.36,5148635.68,Delivered
SO01646,CUST00285,PROD0095,2025-12-22,608,1109.5,674576.0,Delivered
SO01647,CUST00356,PROD0053,2025-02-27,686,4189.88,2874257.68,Processing
SO01648,CUST00261,PROD0133,2025-06-25,31,16127.23,499944.13,Pending
SO01649,CUST00162,PROD0012,2026-05-23,510,12308.76,6277467.6,Processing
SO01650,CUST00352,PROD0162,2026-08-23,462,12730.67,5881569.54,Delivered
SO01651,CUST00467,PROD0034,2025-10-29,367,2043.32,749898.44,Shipped
SO01652,CUST00253,PROD0126,2026-04-30,495,8450.38,4182938.1,Shipped
SO01653,CUST00290,PROD0100,2025-10-08,271,28884.39,7827669.69,Delivered
SO01654,CUST00219,PROD0073,2025-11-10,55,10629.07,584598.85,Delivered
SO01655,CUST00273,PROD0131,2026-08-05,139,12768.56,1774829.84,Processing
SO01656,CUST00492,PROD0190,2025-05-09,688,4584.06,3153833.28,Shipped
SO01657,CUST00255,PROD0119,2025-08-01,608,9707.66,5902257.28,Pending
SO01658,CUST00181,PROD0167,2026-07-30,298,27672.44,8246387.12,Delivered
SO01659,CUST00052,PROD0036,2026-08-20,125,11074.88,1384360.0,Pending
SO01660,CUST00240,PROD0041,2025-01-25,370,28841.2,10671244.0,Cancelled
SO01661,CUST00309,PROD0112,2025-07-22,45,2658.99,119654.55,Delivered
SO01662,CUST00427,PROD0158,2026-08-11,228,23974.8,5466254.4,Processing
SO01663,CUST00240,PROD0008,2025-09-16,451,31915.56,14393917.56,Delivered
SO01664,CUST00185,PROD0172,2025-05-20,107,8364.1,894958.7,Delivered
SO01665,CUST00352,PROD0101,2025-05-08,59,3926.98,231691.82,Delivered
SO01666,CUST00384,PROD0175,2025-08-25,710,3832.6,2721146.0,Delivered
SO01667,CUST00479,PROD0136,2026-06-05,265,16704.28,4426634.2,Pending
SO01668,CUST00286,PROD0147,2026-04-16,367,2462.19,903623.73,Pending
SO01669,CUST00047,PROD0128,2026-03-14,606,17960.46,10884038.76,Processing
SO01670,CUST00173,PROD0079,2025-09-26,620,31041.28,19245593.6,Pending
SO01671,CUST00432,PROD0117,2025-12-29,520,17422.78,9059845.6,Delivered
SO01672,CUST00372,PROD0028,2025-07-17,505,16744.65,8456048.25,Delivered
SO01673,CUST00225,PROD0187,2025-05-28,110,27634.38,3039781.8,Delivered
SO01674,CUST00478,PROD0175,2025-05-29,287,3998.69,1147624.03,Delivered
SO01675,CUST00202,PROD0171,2025-08-02,133,16231.7,2158816.1,Delivered
SO01676,CUST00471,PROD0070,2026-02-23,728,13923.46,10136278.88,Shipped
SO01677,CUST00143,PROD0187,2025-02-11,399,25618.74,10221877.26,Delivered
SO01678,CUST00084,PROD0142,2025-03-24,387,23645.56,9150831.72,Delivered
SO01679,CUST00494,PROD0005,2025-05-06,359,27037.87,9706595.33,Delivered
SO01680,CUST00273,PROD0184,2025-05-15,618,23738.99,14670695.82,Delivered
SO01681,CUST00348,PROD0163,2025-10-26,347,4828.92,1675635.24,Delivered
SO01682,CUST00368,PROD0035,2026-06-23,453,17925.75,8120364.75,Pending
SO01683,CUST00247,PROD0070,2026-05-18,187,15065.85,2817313.95,Delivered
SO01684,CUST00112,PROD0193,2025-09-29,235,18573.93,4364873.55,Cancelled
SO01685,CUST00100,PROD0188,2026-04-13,137,32189.81,4410003.97,Processing
SO01686,CUST00312,PROD0108,2025-08-10,593,13340.43,7910874.99,Pending
SO01687,CUST00062,PROD0011,2025-12-19,13,21495.5,279441.5,Delivered
SO01688,CUST00388,PROD0043,2026-03-28,70,4349.38,304456.6,Pending
SO01689,CUST00489,PROD0179,2025-09-15,535,1185.58,634285.3,Pending
SO01690,CUST00498,PROD0088,2026-01-27,222,4800.96,1065813.12,Delivered
SO01691,CUST00244,PROD0064,2026-01-01,115,34809.39,4003079.85,Delivered
SO01692,CUST00287,PROD0146,2025-01-05,573,20879.05,11963695.65,Processing
SO01693,CUST00016,PROD0171,2025-08-16,582,19443.85,11316320.7,Delivered
SO01694,CUST00431,PROD0060,2025-08-03,479,21619.69,10355831.51,Pending
SO01695,CUST00054,PROD0034,2025-08-22,627,2306.52,1446188.04,Delivered
SO01696,CUST00482,PROD0022,2025-10-09,319,17286.83,5514498.77,Delivered
SO01697,CUST00351,PROD0177,2025-06-13,465,27401.88,12741874.2,Cancelled
SO01698,CUST00270,PROD0039,2025-01-28,422,7813.67,3297368.74,Delivered
SO01699,CUST00242,PROD0039,2025-03-02,177,6294.67,1114156.59,Shipped
SO01700,CUST00044,PROD0041,2026-05-05,125,32121.61,4015201.25,Pending
SO01701,CUST00178,PROD0047,2025-10-13,252,26918.62,6783492.24,Shipped
SO01702,CUST00292,PROD0106,2025-11-28,39,1287.87,50226.93,Delivered
SO01703,CUST00416,PROD0159,2025-12-02,639,8814.94,5632746.66,Delivered
SO01704,CUST00059,PROD0118,2025-12-26,370,32995.13,12208198.1,Processing
SO01705,CUST00086,PROD0051,2025-07-22,15,27213.28,408199.2,Processing
SO01706,CUST00030,PROD0112,2026-07-06,4,3615.41,14461.64,Delivered
SO01707,CUST00239,PROD0087,2025-03-10,13,24549.83,319147.79,Shipped
SO01708,CUST00063,PROD0057,2025-10-14,25,22421.91,560547.75,Processing
SO01709,CUST00217,PROD0127,2026-07-14,666,27345.08,18211823.28,Shipped
SO01710,CUST00167,PROD0088,2026-05-12,700,4265.28,2985696.0,Pending
SO01711,CUST00301,PROD0087,2025-01-06,589,30828.51,18157992.39,Delivered
SO01712,CUST00152,PROD0159,2025-02-14,449,7674.67,3445926.83,Delivered
SO01713,CUST00319,PROD0075,2026-02-27,694,23374.69,16222034.86,Delivered
SO01714,CUST00220,PROD0087,2026-05-29,107,28538.85,3053656.95,Delivered
SO01715,CUST00021,PROD0079,2025-05-18,232,30518.58,7080310.56,Delivered
SO01716,CUST00468,PROD0012,2025-11-28,699,13345.74,9328672.26,Delivered
SO01717,CUST00075,PROD0028,2026-02-15,499,17735.93,8850229.07,Delivered
SO01718,CUST00476,PROD0076,2025-07-18,620,9209.37,5709809.4,Pending
SO01719,CUST00055,PROD0109,2025-10-21,733,13289.93,9741518.69,Delivered
SO01720,CUST00496,PROD0009,2025-09-20,453,25099.75,11370186.75,Shipped
SO01721,CUST00289,PROD0131,2026-03-06,714,15360.63,10967489.82,Pending
SO01722,CUST00162,PROD0115,2026-06-30,278,13178.66,3663667.48,Pending
SO01723,CUST00028,PROD0102,2025-03-30,662,19453.42,12878164.04,Delivered
SO01724,CUST00220,PROD0075,2025-06-04,94,24406.62,2294222.28,Processing
SO01725,CUST00231,PROD0138,2026-08-16,626,27629.02,17295766.52,Delivered
SO01726,CUST00027,PROD0019,2026-04-30,164,25582.26,4195490.64,Delivered
SO01727,CUST00221,PROD0190,2025-04-23,273,4403.77,1202229.21,Shipped
SO01728,CUST00076,PROD0067,2026-06-19,253,8815.74,2230382.22,Delivered
SO01729,CUST00139,PROD0113,2025-01-15,3,30931.18,92793.54,Processing
SO01730,CUST00103,PROD0100,2026-08-27,353,21671.55,7650057.15,Processing
SO01731,CUST00192,PROD0101,2026-04-03,594,3860.98,2293422.12,Delivered
SO01732,CUST00072,PROD0194,2026-08-27,52,19735.01,1026220.52,Shipped
SO01733,CUST00343,PROD0186,2025-08-14,163,7476.26,1218630.38,Delivered
SO01734,CUST00398,PROD0128,2025-12-17,121,13390.39,1620237.19,Delivered
SO01735,CUST00095,PROD0019,2026-05-11,159,31720.16,5043505.44,Delivered
SO01736,CUST00400,PROD0088,2026-07-20,469,4455.72,2089732.68,Pending
SO01737,CUST00404,PROD0151,2025-12-24,118,5280.93,623149.74,Delivered
SO01738,CUST00093,PROD0088,2025-11-09,398,4007.29,1594901.42,Delivered
SO01739,CUST00402,PROD0186,2026-07-07,1,8651.0,8651.0,Delivered
SO01740,CUST00416,PROD0138,2026-05-18,218,23166.58,5050314.44,Processing
SO01741,CUST00016,PROD0052,2025-07-30,276,17628.11,4865358.36,Pending
SO01742,CUST00421,PROD0164,2025-09-09,416,16351.85,6802369.6,Delivered
SO01743,CUST00264,PROD0083,2026-08-26,445,21695.14,9654337.3,Processing
SO01744,CUST00444,PROD0185,2026-03-31,452,8064.16,3645000.32,Delivered
SO01745,CUST00411,PROD0012,2026-05-26,437,9384.82,4101166.34,Processing
SO01746,CUST00051,PROD0072,2026-01-22,246,7009.37,1724305.02,Delivered
SO01747,CUST00402,PROD0072,2025-02-22,606,6510.03,3945078.18,Pending
SO01748,CUST00159,PROD0073,2026-05-15,202,12294.26,2483440.52,Delivered
SO01749,CUST00123,PROD0129,2026-01-26,720,18855.01,13575607.2,Delivered
SO01750,CUST00465,PROD0092,2025-03-23,490,9980.25,4890322.5,Shipped
SO01751,CUST00379,PROD0084,2025-01-07,262,14015.03,3671937.86,Pending
SO01752,CUST00220,PROD0032,2026-03-24,537,10131.56,5440647.72,Shipped
SO01753,CUST00158,PROD0018,2026-05-27,281,24780.62,6963354.22,Processing
SO01754,CUST00322,PROD0017,2025-08-28,257,19430.0,4993510.0,Shipped
SO01755,CUST00257,PROD0121,2026-05-31,178,21763.3,3873867.4,Shipped
SO01756,CUST00089,PROD0022,2026-08-09,649,14946.17,9700064.33,Delivered
SO01757,CUST00296,PROD0150,2025-08-13,537,35866.73,19260434.01,Pending
SO01758,CUST00063,PROD0081,2025-06-13,577,1865.46,1076370.42,Delivered
SO01759,CUST00109,PROD0036,2025-05-06,678,14570.03,9878480.34,Delivered
SO01760,CUST00486,PROD0131,2025-10-07,265,15486.23,4103850.95,Delivered
SO01761,CUST00473,PROD0124,2026-04-10,73,4836.21,353043.33,Pending
SO01762,CUST00057,PROD0188,2025-09-30,476,31443.88,14967286.88,Delivered
SO01763,CUST00152,PROD0081,2025-01-08,428,1712.66,733018.48,Pending
SO01764,CUST00044,PROD0026,2026-08-14,412,29743.69,12254400.28,Shipped
SO01765,CUST00226,PROD0168,2026-01-15,411,12694.05,5217254.55,Shipped
SO01766,CUST00385,PROD0103,2026-04-06,382,23264.26,8886947.32,Shipped
SO01767,CUST00206,PROD0065,2026-01-30,493,10069.98,4964500.14,Delivered
SO01768,CUST00065,PROD0003,2025-12-28,513,23708.88,12162655.44,Pending
SO01769,CUST00301,PROD0112,2025-05-24,319,2944.62,939333.78,Delivered
SO01770,CUST00037,PROD0126,2025-07-09,373,7767.98,2897456.54,Processing
SO01771,CUST00266,PROD0127,2026-07-05,542,24955.74,13526011.08,Processing
SO01772,CUST00074,PROD0120,2026-05-15,370,7261.38,2686710.6,Delivered
SO01773,CUST00003,PROD0111,2025-06-20,79,10777.95,851458.05,Processing
SO01774,CUST00213,PROD0156,2025-02-11,175,9932.37,1738164.75,Processing
SO01775,CUST00331,PROD0135,2025-08-26,443,3939.86,1745357.98,Delivered
SO01776,CUST00195,PROD0123,2025-03-05,144,31414.06,4523624.64,Pending
SO01777,CUST00104,PROD0150,2026-03-19,39,28106.61,1096157.79,Shipped
SO01778,CUST00132,PROD0064,2025-03-31,57,26051.58,1484940.06,Processing
SO01779,CUST00291,PROD0062,2025-07-14,248,31443.05,7797876.4,Pending
SO01780,CUST00472,PROD0029,2025-04-22,521,8234.68,4290268.28,Delivered
SO01781,CUST00129,PROD0129,2025-12-29,545,17864.85,9736343.25,Processing
SO01782,CUST00191,PROD0035,2025-11-24,714,14887.82,10629903.48,Delivered
SO01783,CUST00054,PROD0088,2026-02-07,77,3839.89,295671.53,Delivered
SO01784,CUST00480,PROD0065,2026-04-14,355,8380.13,2974946.15,Pending
SO01785,CUST00163,PROD0019,2025-08-05,464,32843.27,15239277.28,Pending
SO01786,CUST00333,PROD0129,2025-07-24,468,20718.69,9696346.92,Delivered
SO01787,CUST00169,PROD0090,2025-09-05,407,40252.94,16382946.58,Pending
SO01788,CUST00499,PROD0064,2026-03-19,673,35006.04,23559064.92,Shipped
SO01789,CUST00365,PROD0148,2026-07-10,364,34164.24,12435783.36,Shipped
SO01790,CUST00341,PROD0065,2026-03-24,70,8410.0,588700.0,Processing
SO01791,CUST00168,PROD0175,2025-05-25,397,4000.97,1588385.09,Shipped
SO01792,CUST00057,PROD0199,2026-08-21,443,8239.11,3649925.73,Pending
SO01793,CUST00325,PROD0121,2025-11-10,432,24217.05,10461765.6,Delivered
SO01794,CUST00202,PROD0176,2025-07-20,550,14464.36,7955398.0,Delivered
SO01795,CUST00429,PROD0030,2026-01-06,497,19839.26,9860112.22,Delivered
SO01796,CUST00247,PROD0145,2026-03-21,745,16915.21,12601831.45,Pending
SO01797,CUST00047,PROD0002,2025-02-19,135,10303.41,1390960.35,Pending
SO01798,CUST00417,PROD0020,2026-05-22,622,9409.89,5852951.58,Shipped
SO01799,CUST00439,PROD0185,2025-11-17,693,8194.93,5679086.49,Pending
SO01800,CUST00277,PROD0170,2025-07-12,466,17638.03,8219321.98,Pending
SO01801,CUST00398,PROD0094,2025-05-08,653,11900.6,7771091.8,Delivered
SO01802,CUST00461,PROD0091,2025-10-08,749,37020.72,27728519.28,Delivered
SO01803,CUST00418,PROD0186,2025-11-09,278,7324.15,2036113.7,Delivered
SO01804,CUST00049,PROD0101,2025-02-06,345,4276.44,1475371.8,Delivered
SO01805,CUST00309,PROD0055,2025-08-30,695,2579.77,1792940.15,Processing
SO01806,CUST00097,PROD0188,2025-10-22,135,28409.52,3835285.2,Delivered
SO01807,CUST00047,PROD0071,2026-07-06,15,13999.44,209991.6,Shipped
SO01808,CUST00161,PROD0153,2025-11-18,540,33075.76,17860910.4,Delivered
SO01809,CUST00458,PROD0041,2025-10-08,63,27474.54,1730896.02,Delivered
SO01810,CUST00098,PROD0193,2025-11-01,355,13693.82,4861306.1,Delivered
SO01811,CUST00390,PROD0191,2025-01-15,615,10043.28,6176617.2,Pending
SO01812,CUST00264,PROD0014,2025-07-08,599,20808.62,12464363.38,Pending
SO01813,CUST00013,PROD0036,2026-04-22,272,12359.51,3361786.72,Delivered
SO01814,CUST00045,PROD0007,2025-07-27,635,17105.91,10862252.85,Processing
SO01815,CUST00090,PROD0061,2026-07-25,694,5783.89,4014019.66,Shipped
SO01816,CUST00388,PROD0126,2025-05-13,487,9794.86,4770096.82,Delivered
SO01817,CUST00182,PROD0088,2026-03-23,264,4103.99,1083453.36,Delivered
SO01818,CUST00228,PROD0092,2025-05-11,488,10826.26,5283214.88,Delivered
SO01819,CUST00286,PROD0028,2025-11-14,296,15312.24,4532423.04,Delivered
SO01820,CUST00209,PROD0110,2026-02-03,109,27890.7,3040086.3,Shipped
SO01821,CUST00112,PROD0198,2026-08-18,591,12280.83,7257970.53,Delivered
SO01822,CUST00092,PROD0119,2025-09-30,725,8974.25,6506331.25,Delivered
SO01823,CUST00178,PROD0016,2025-03-12,658,12997.31,8552229.98,Pending
SO01824,CUST00326,PROD0064,2025-08-16,584,24431.92,14268241.28,Delivered
SO01825,CUST00498,PROD0157,2026-07-07,660,29638.41,19561350.6,Processing
SO01826,CUST00416,PROD0115,2025-10-22,485,11097.83,5382447.55,Shipped
SO01827,CUST00036,PROD0034,2026-08-02,618,2652.59,1639300.62,Pending
SO01828,CUST00231,PROD0029,2025-08-15,706,9404.94,6639887.64,Delivered
SO01829,CUST00178,PROD0154,2026-03-29,249,3889.59,968507.91,Shipped
SO01830,CUST00237,PROD0171,2025-11-19,90,19198.03,1727822.7,Shipped
SO01831,CUST00405,PROD0190,2025-03-28,92,4519.77,415818.84,Shipped
SO01832,CUST00018,PROD0181,2025-07-01,401,38598.93,15478170.93,Shipped
SO01833,CUST00307,PROD0023,2025-11-30,47,25049.71,1177336.37,Delivered
SO01834,CUST00098,PROD0101,2025-09-15,258,5037.18,1299592.44,Delivered
SO01835,CUST00129,PROD0054,2025-10-25,165,25724.78,4244588.7,Processing
SO01836,CUST00302,PROD0024,2026-03-05,259,5347.23,1384932.57,Shipped
SO01837,CUST00324,PROD0015,2025-01-08,475,10508.67,4991618.25,Delivered
SO01838,CUST00204,PROD0184,2026-03-29,513,24542.85,12590482.05,Delivered
SO01839,CUST00025,PROD0161,2026-06-05,520,14660.18,7623293.6,Pending
SO01840,CUST00164,PROD0172,2026-07-13,494,6583.71,3252352.74,Processing
SO01841,CUST00097,PROD0139,2025-08-12,382,11799.44,4507386.08,Delivered
SO01842,CUST00023,PROD0016,2026-08-26,682,14906.11,10165967.02,Processing
SO01843,CUST00176,PROD0132,2025-05-24,749,29374.45,22001463.05,Shipped
SO01844,CUST00478,PROD0115,2026-05-03,339,11554.55,3916992.45,Delivered
SO01845,CUST00062,PROD0123,2026-02-28,170,34628.21,5886795.7,Delivered
SO01846,CUST00335,PROD0008,2026-04-19,248,28644.32,7103791.36,Shipped
SO01847,CUST00113,PROD0048,2025-08-10,729,20712.34,15099295.86,Delivered
SO01848,CUST00439,PROD0136,2026-02-28,292,16652.65,4862573.8,Shipped
SO01849,CUST00152,PROD0192,2025-12-09,421,4888.9,2058226.9,Delivered
SO01850,CUST00161,PROD0127,2026-04-22,209,26945.73,5631657.57,Cancelled
SO01851,CUST00419,PROD0132,2025-03-11,376,21943.68,8250823.68,Shipped
SO01852,CUST00203,PROD0146,2026-05-27,691,22616.67,15628118.97,Shipped
SO01853,CUST00185,PROD0149,2026-08-03,419,20664.44,8658400.36,Delivered
SO01854,CUST00403,PROD0164,2025-02-12,235,18799.44,4417868.4,Delivered
SO01855,CUST00079,PROD0047,2025-11-19,584,29370.62,17152442.08,Shipped
SO01856,CUST00132,PROD0164,2026-06-13,144,14683.69,2114451.36,Processing
SO01857,CUST00498,PROD0033,2025-07-08,334,4487.7,1498891.8,Delivered
SO01858,CUST00246,PROD0151,2025-12-28,650,5282.75,3433787.5,Shipped
SO01859,CUST00329,PROD0034,2026-04-10,236,2313.95,546092.2,Delivered
SO01860,CUST00036,PROD0073,2025-10-07,148,14989.33,2218420.84,Delivered
SO01861,CUST00095,PROD0159,2025-02-28,484,7239.71,3504019.64,Delivered
SO01862,CUST00080,PROD0046,2026-05-14,605,9018.74,5456337.7,Delivered
SO01863,CUST00186,PROD0164,2025-07-25,153,16171.89,2474299.17,Cancelled
SO01864,CUST00311,PROD0040,2025-07-14,171,14087.81,2409015.51,Delivered
SO01865,CUST00367,PROD0173,2025-03-31,684,26346.51,18021012.84,Delivered
SO01866,CUST00460,PROD0035,2026-02-08,571,14706.58,8397457.18,Delivered
SO01867,CUST00347,PROD0166,2026-03-19,684,28845.6,19730390.4,Delivered
SO01868,CUST00472,PROD0140,2025-02-25,480,1369.72,657465.6,Delivered
SO01869,CUST00385,PROD0128,2025-10-29,413,15272.98,6307740.74,Processing
SO01870,CUST00487,PROD0113,2025-02-21,518,29171.21,15110686.78,Delivered
SO01871,CUST00201,PROD0097,2026-03-18,623,21251.53,13239703.19,Processing
SO01872,CUST00476,PROD0176,2026-03-18,5,16854.1,84270.5,Processing
SO01873,CUST00108,PROD0133,2025-11-13,419,17243.28,7224934.32,Pending
SO01874,CUST00464,PROD0187,2025-12-31,17,27637.45,469836.65,Delivered
SO01875,CUST00172,PROD0163,2025-07-05,438,4073.54,1784210.52,Delivered
SO01876,CUST00194,PROD0098,2025-07-08,580,20720.27,12017756.6,Delivered
SO01877,CUST00168,PROD0115,2025-05-27,163,12538.71,2043809.73,Processing
SO01878,CUST00368,PROD0106,2025-11-08,554,1682.98,932370.92,Processing
SO01879,CUST00243,PROD0015,2025-06-19,746,10710.88,7990316.48,Delivered
SO01880,CUST00400,PROD0173,2025-07-17,697,20286.59,14139753.23,Processing
SO01881,CUST00214,PROD0102,2026-03-17,108,14363.81,1551291.48,Delivered
SO01882,CUST00307,PROD0187,2025-11-02,396,23010.16,9112023.36,Delivered
SO01883,CUST00446,PROD0132,2026-01-23,406,22542.11,9152096.66,Pending
SO01884,CUST00388,PROD0190,2026-01-31,533,5008.32,2669434.56,Pending
SO01885,CUST00140,PROD0065,2025-06-23,619,9813.71,6074686.49,Delivered
SO01886,CUST00387,PROD0063,2025-01-20,697,17666.08,12313257.76,Shipped
SO01887,CUST00043,PROD0134,2026-01-04,438,34984.55,15323232.9,Delivered
SO01888,CUST00118,PROD0171,2025-03-30,307,14960.73,4592944.11,Pending
SO01889,CUST00117,PROD0179,2026-07-08,672,1114.39,748870.08,Delivered
SO01890,CUST00279,PROD0008,2025-09-11,125,29905.11,3738138.75,Shipped
SO01891,CUST00241,PROD0108,2025-10-02,600,12650.36,7590216.0,Delivered
SO01892,CUST00253,PROD0127,2025-07-28,617,34228.06,21118713.02,Delivered
SO01893,CUST00414,PROD0001,2026-07-19,94,8628.83,811110.02,Pending
SO01894,CUST00477,PROD0008,2025-06-13,79,29792.0,2353568.0,Delivered
SO01895,CUST00093,PROD0008,2026-01-11,7,32672.85,228709.95,Delivered
SO01896,CUST00187,PROD0039,2025-04-12,222,6428.98,1427233.56,Delivered
SO01897,CUST00327,PROD0195,2026-02-09,703,9381.31,6595060.93,Delivered
SO01898,CUST00304,PROD0142,2025-01-05,182,22114.08,4024762.56,Processing
SO01899,CUST00126,PROD0032,2025-07-07,563,12126.86,6827422.18,Delivered
SO01900,CUST00018,PROD0029,2025-07-11,188,9480.87,1782403.56,Processing
SO01901,CUST00051,PROD0170,2025-09-08,468,20177.42,9443032.56,Delivered
SO01902,CUST00358,PROD0177,2026-08-13,15,20883.44,313251.6,Delivered
SO01903,CUST00336,PROD0149,2025-04-18,655,26341.75,17253846.25,Shipped
SO01904,CUST00193,PROD0088,2026-04-20,218,4714.58,1027778.44,Delivered
SO01905,CUST00436,PROD0080,2025-10-29,543,5673.14,3080515.02,Cancelled
SO01906,CUST00466,PROD0200,2026-06-07,493,29348.94,14469027.42,Pending
SO01907,CUST00146,PROD0185,2025-11-17,505,6655.0,3360775.0,Processing
SO01908,CUST00239,PROD0161,2025-04-27,60,14638.06,878283.6,Shipped
SO01909,CUST00006,PROD0035,2026-04-09,495,13965.1,6912724.5,Cancelled
SO01910,CUST00433,PROD0066,2025-02-03,55,910.26,50064.3,Delivered
SO01911,CUST00005,PROD0140,2026-06-17,745,1195.96,890990.2,Processing
SO01912,CUST00329,PROD0030,2026-08-05,184,19009.91,3497823.44,Delivered
SO01913,CUST00342,PROD0175,2026-01-25,13,2835.42,36860.46,Pending
SO01914,CUST00092,PROD0068,2025-08-08,715,25547.48,18266448.2,Delivered
SO01915,CUST00096,PROD0183,2025-12-25,462,3129.94,1446032.28,Delivered
SO01916,CUST00453,PROD0042,2025-02-13,91,18340.65,1668999.15,Delivered
SO01917,CUST00289,PROD0089,2026-04-24,743,12176.0,9046768.0,Processing
SO01918,CUST00086,PROD0099,2025-08-09,506,2752.49,1392759.94,Delivered
SO01919,CUST00206,PROD0115,2025-03-27,518,10721.21,5553586.78,Shipped
SO01920,CUST00407,PROD0190,2026-04-25,550,4501.96,2476078.0,Delivered
SO01921,CUST00092,PROD0082,2025-01-08,99,20713.13,2050599.87,Processing
SO01922,CUST00387,PROD0044,2025-09-20,443,8889.62,3938101.66,Shipped
SO01923,CUST00088,PROD0011,2025-06-24,630,25653.15,16161484.5,Delivered
SO01924,CUST00107,PROD0165,2025-12-13,24,29028.51,696684.24,Shipped
SO01925,CUST00406,PROD0051,2026-01-05,80,25257.69,2020615.2,Delivered
SO01926,CUST00032,PROD0171,2025-03-18,351,13420.92,4710742.92,Delivered
SO01927,CUST00002,PROD0136,2025-11-24,266,14270.71,3796008.86,Delivered
SO01928,CUST00212,PROD0126,2025-10-26,458,7768.92,3558165.36,Shipped
SO01929,CUST00129,PROD0112,2026-06-01,463,3282.68,1519880.84,Delivered
SO01930,CUST00287,PROD0168,2025-01-08,744,11405.87,8485967.28,Delivered
SO01931,CUST00202,PROD0070,2026-04-06,676,15636.38,10570192.88,Delivered
SO01932,CUST00119,PROD0083,2026-06-07,336,21585.42,7252701.12,Delivered
SO01933,CUST00463,PROD0042,2026-05-25,453,17922.15,8118733.95,Shipped
SO01934,CUST00125,PROD0186,2026-03-30,141,7704.57,1086344.37,Processing
SO01935,CUST00434,PROD0177,2025-05-01,561,29744.56,16686698.16,Delivered
SO01936,CUST00056,PROD0024,2026-01-05,162,5148.19,834006.78,Delivered
SO01937,CUST00219,PROD0051,2025-01-29,393,24569.34,9655750.62,Delivered
SO01938,CUST00187,PROD0008,2025-02-10,184,28805.92,5300289.28,Delivered
SO01939,CUST00034,PROD0173,2025-03-07,481,23708.29,11403687.49,Pending
SO01940,CUST00411,PROD0020,2026-05-02,737,7213.91,5316651.67,Delivered
SO01941,CUST00140,PROD0139,2026-02-07,361,15449.29,5577193.69,Pending
SO01942,CUST00224,PROD0131,2026-08-04,570,12846.93,7322750.1,Delivered
SO01943,CUST00084,PROD0066,2025-04-02,58,1079.37,62603.46,Shipped
SO01944,CUST00158,PROD0163,2025-01-26,305,4749.11,1448478.55,Delivered
SO01945,CUST00278,PROD0169,2025-09-10,534,15924.41,8503634.94,Delivered
SO01946,CUST00052,PROD0193,2025-05-08,281,18580.43,5221100.83,Delivered
SO01947,CUST00256,PROD0178,2026-02-21,412,28495.1,11739981.2,Delivered
SO01948,CUST00300,PROD0087,2025-03-14,133,25611.13,3406280.29,Delivered
SO01949,CUST00050,PROD0124,2025-01-30,40,5236.27,209450.8,Shipped
SO01950,CUST00217,PROD0079,2026-04-06,340,24157.67,8213607.8,Pending
SO01951,CUST00389,PROD0011,2026-04-23,133,28622.18,3806749.94,Shipped
SO01952,CUST00003,PROD0065,2026-07-23,721,10110.81,7289894.01,Pending
SO01953,CUST00232,PROD0130,2025-11-09,167,31570.95,5272348.65,Shipped
SO01954,CUST00442,PROD0049,2025-11-27,747,6051.86,4520739.42,Processing
SO01955,CUST00326,PROD0151,2025-12-28,660,5967.09,3938279.4,Processing
SO01956,CUST00289,PROD0143,2026-06-21,486,26677.44,12965235.84,Delivered
SO01957,CUST00256,PROD0045,2026-05-30,470,13385.18,6291034.6,Processing
SO01958,CUST00111,PROD0161,2025-07-14,743,11923.2,8858937.6,Delivered
SO01959,CUST00084,PROD0180,2025-01-17,262,12678.79,3321842.98,Pending
SO01960,CUST00295,PROD0129,2025-09-06,411,20376.72,8374831.92,Delivered
SO01961,CUST00158,PROD0197,2026-06-26,394,22677.86,8935076.84,Delivered
SO01962,CUST00347,PROD0117,2025-05-19,255,15730.6,4011303.0,Delivered
SO01963,CUST00408,PROD0174,2026-02-07,356,28141.29,10018299.24,Delivered
SO01964,CUST00284,PROD0188,2025-03-21,567,28785.59,16321429.53,Delivered
SO01965,CUST00404,PROD0040,2025-06-20,485,12231.78,5932413.3,Cancelled
SO01966,CUST00426,PROD0061,2025-08-20,320,7125.57,2280182.4,Pending
SO01967,CUST00029,PROD0027,2025-06-11,421,20638.85,8688955.85,Delivered
SO01968,CUST00060,PROD0068,2025-03-02,708,34899.82,24709072.56,Delivered
SO01969,CUST00354,PROD0051,2026-02-12,262,27799.7,7283521.4,Cancelled
SO01970,CUST00498,PROD0107,2025-07-01,217,21742.36,4718092.12,Shipped
SO01971,CUST00285,PROD0108,2026-06-25,187,17398.77,3253569.99,Delivered
SO01972,CUST00017,PROD0073,2026-04-16,283,11698.53,3310683.99,Delivered
SO01973,CUST00379,PROD0168,2025-05-01,314,11289.71,3544968.94,Pending
SO01974,CUST00044,PROD0020,2025-05-31,108,8453.85,913015.8,Delivered
SO01975,CUST00136,PROD0076,2026-08-13,582,7550.37,4394315.34,Shipped
SO01976,CUST00392,PROD0021,2025-06-20,647,14713.95,9519925.65,Shipped
SO01977,CUST00439,PROD0161,2025-07-03,308,12113.36,3730914.88,Processing
SO01978,CUST00039,PROD0042,2026-01-11,640,17483.93,11189715.2,Cancelled
SO01979,CUST00140,PROD0193,2026-02-22,503,17445.24,8774955.72,Delivered
SO01980,CUST00339,PROD0100,2025-09-15,296,22761.96,6737540.16,Processing
SO01981,CUST00227,PROD0045,2026-05-29,260,11134.11,2894868.6,Delivered
SO01982,CUST00334,PROD0160,2025-08-08,634,10890.1,6904323.4,Processing
SO01983,CUST00416,PROD0031,2026-08-07,369,2507.84,925392.96,Delivered
SO01984,CUST00162,PROD0031,2026-04-21,268,2645.02,708865.36,Pending
SO01985,CUST00409,PROD0136,2025-03-19,226,16207.11,3662806.86,Processing
SO01986,CUST00091,PROD0176,2026-08-06,241,13044.93,3143828.13,Pending
SO01987,CUST00088,PROD0067,2026-07-26,333,8114.94,2702275.02,Cancelled
SO01988,CUST00371,PROD0129,2025-01-27,94,16522.6,1553124.4,Delivered
SO01989,CUST00463,PROD0062,2025-11-04,490,28381.01,13906694.9,Shipped
SO01990,CUST00482,PROD0044,2026-01-29,316,8065.8,2548792.8,Delivered
SO01991,CUST00472,PROD0069,2025-03-14,648,31774.06,20589590.88,Delivered
SO01992,CUST00200,PROD0030,2026-08-28,743,13785.54,10242656.22,Shipped
SO01993,CUST00125,PROD0192,2026-02-28,457,5194.94,2374087.58,Processing
SO01994,CUST00410,PROD0017,2025-05-31,532,26460.67,14077076.44,Processing
SO01995,CUST00198,PROD0087,2025-02-07,10,27297.26,272972.6,Pending
SO01996,CUST00225,PROD0022,2025-09-30,359,17708.19,6357240.21,Delivered
SO01997,CUST00164,PROD0001,2025-06-18,143,8483.24,1213103.32,Delivered
SO01998,CUST00023,PROD0001,2026-03-02,261,8585.96,2240935.56,Delivered
SO01999,CUST00085,PROD0143,2026-05-08,636,24442.47,15545410.92,Shipped
SO02000,CUST00493,PROD0059,2026-06-08,655,24498.59,16046576.45,Pending
SO02001,CUST00284,PROD0101,2025-03-03,82,4005.61,328460.02,Shipped
SO02002,CUST00152,PROD0037,2026-07-16,381,10892.06,4149874.86,Delivered
SO02003,CUST00391,PROD0098,2026-02-09,633,19662.04,12446071.32,Processing
SO02004,CUST00259,PROD0067,2026-04-09,168,6102.16,1025162.88,Delivered
SO02005,CUST00147,PROD0022,2025-03-11,285,19396.12,5527894.2,Delivered
SO02006,CUST00008,PROD0165,2026-02-06,488,28300.71,13810746.48,Processing
SO02007,CUST00362,PROD0137,2025-09-10,434,22604.27,9810253.18,Cancelled
SO02008,CUST00189,PROD0044,2026-08-16,532,9801.69,5214499.08,Pending
SO02009,CUST00234,PROD0083,2025-10-07,676,19699.54,13316889.04,Delivered
SO02010,CUST00360,PROD0196,2026-05-17,624,29397.8,18344227.2,Processing
SO02011,CUST00175,PROD0081,2025-01-30,511,1667.49,852087.39,Delivered
SO02012,CUST00435,PROD0054,2026-07-02,400,22981.74,9192696.0,Delivered
SO02013,CUST00369,PROD0161,2025-11-16,103,10469.23,1078330.69,Processing
SO02014,CUST00374,PROD0173,2025-10-07,549,19100.97,10486432.53,Delivered
SO02015,CUST00419,PROD0059,2025-10-15,584,23648.23,13810566.32,Delivered
SO02016,CUST00380,PROD0007,2026-03-21,137,21281.02,2915499.74,Shipped
SO02017,CUST00317,PROD0162,2026-02-24,393,11062.76,4347664.68,Delivered
SO02018,CUST00109,PROD0092,2026-03-06,315,9869.31,3108832.65,Pending
SO02019,CUST00009,PROD0125,2026-02-07,335,10919.61,3658069.35,Shipped
SO02020,CUST00030,PROD0023,2025-03-31,513,28446.86,14593239.18,Delivered
SO02021,CUST00195,PROD0080,2025-05-21,672,5787.13,3888951.36,Delivered
SO02022,CUST00449,PROD0034,2025-01-24,285,2189.75,624078.75,Delivered
SO02023,CUST00179,PROD0156,2026-05-29,649,8609.17,5587351.33,Delivered
SO02024,CUST00173,PROD0041,2025-09-04,284,33565.36,9532562.24,Delivered
SO02025,CUST00392,PROD0187,2026-04-10,605,25561.17,15464507.85,Pending
SO02026,CUST00472,PROD0175,2026-03-04,372,3827.9,1423978.8,Delivered
SO02027,CUST00249,PROD0065,2025-08-17,574,9547.05,5480006.7,Shipped
SO02028,CUST00373,PROD0192,2025-12-28,159,4194.39,666908.01,Delivered
SO02029,CUST00481,PROD0191,2025-12-05,565,12708.28,7180178.2,Delivered
SO02030,CUST00433,PROD0164,2026-08-30,53,14643.77,776119.81,Processing
SO02031,CUST00396,PROD0044,2025-11-29,162,10314.02,1670871.24,Processing
SO02032,CUST00319,PROD0071,2025-06-29,577,16685.99,9627816.23,Pending
SO02033,CUST00168,PROD0042,2026-03-15,215,22791.67,4900209.05,Delivered
SO02034,CUST00348,PROD0150,2025-09-18,578,32524.71,18799282.38,Delivered
SO02035,CUST00341,PROD0133,2025-08-18,348,15687.0,5459076.0,Delivered
SO02036,CUST00287,PROD0068,2025-03-02,92,28656.29,2636378.68,Shipped
SO02037,CUST00145,PROD0037,2025-05-12,425,13564.77,5765027.25,Delivered
SO02038,CUST00114,PROD0178,2025-11-24,557,27124.32,15108246.24,Shipped
SO02039,CUST00346,PROD0156,2025-07-26,494,9126.24,4508362.56,Delivered
SO02040,CUST00315,PROD0073,2025-06-14,428,10734.84,4594511.52,Delivered
SO02041,CUST00383,PROD0043,2026-03-21,23,4374.44,100612.12,Processing
SO02042,CUST00012,PROD0102,2025-05-25,252,15418.36,3885426.72,Pending
SO02043,CUST00036,PROD0135,2025-03-20,614,3549.8,2179577.2,Processing
SO02044,CUST00074,PROD0134,2026-04-05,184,35357.11,6505708.24,Pending
SO02045,CUST00338,PROD0056,2025-07-13,709,29543.54,20946369.86,Delivered
SO02046,CUST00247,PROD0022,2025-03-09,394,14205.09,5596805.46,Delivered
SO02047,CUST00032,PROD0130,2025-08-25,383,29734.38,11388267.54,Delivered
SO02048,CUST00128,PROD0108,2025-11-05,669,16920.01,11319486.69,Delivered
SO02049,CUST00347,PROD0005,2025-07-05,646,34669.82,22396703.72,Delivered
SO02050,CUST00242,PROD0142,2025-08-16,554,21798.72,12076490.88,Delivered
SO02051,CUST00017,PROD0149,2025-03-10,247,25766.93,6364431.71,Processing
SO02052,CUST00256,PROD0118,2026-02-28,475,33116.86,15730508.5,Pending
SO02053,CUST00392,PROD0117,2025-12-17,387,14131.25,5468793.75,Delivered
SO02054,CUST00317,PROD0015,2025-12-05,214,9056.18,1938022.52,Cancelled
SO02055,CUST00315,PROD0085,2025-04-24,713,3661.3,2610506.9,Delivered
SO02056,CUST00056,PROD0013,2025-04-24,144,13960.88,2010366.72,Delivered
SO02057,CUST00191,PROD0053,2025-11-19,241,4315.98,1040151.18,Processing
SO02058,CUST00099,PROD0177,2025-05-19,256,22663.5,5801856.0,Pending
SO02059,CUST00106,PROD0094,2025-03-26,696,15543.88,10818540.48,Delivered
SO02060,CUST00162,PROD0087,2026-06-17,30,27725.0,831750.0,Delivered
SO02061,CUST00009,PROD0111,2025-09-14,142,11214.21,1592417.82,Delivered
SO02062,CUST00226,PROD0073,2026-01-30,735,10910.84,8019467.4,Processing
SO02063,CUST00383,PROD0077,2025-05-07,314,28854.46,9060300.44,Delivered
SO02064,CUST00055,PROD0108,2025-06-10,293,15517.4,4546598.2,Delivered
SO02065,CUST00339,PROD0035,2025-09-19,465,17414.07,8097542.55,Pending
SO02066,CUST00233,PROD0064,2026-08-16,56,25828.96,1446421.76,Delivered
SO02067,CUST00291,PROD0084,2026-03-24,490,13769.7,6747153.0,Delivered
SO02068,CUST00081,PROD0059,2025-02-04,370,28571.92,10571610.4,Delivered
SO02069,CUST00394,PROD0029,2026-04-19,165,8620.74,1422422.1,Delivered
SO02070,CUST00272,PROD0197,2025-09-28,573,25668.35,14707964.55,Delivered
SO02071,CUST00489,PROD0077,2026-08-27,618,24353.8,15050648.4,Delivered
SO02072,CUST00320,PROD0150,2025-12-08,69,34104.37,2353201.53,Shipped
SO02073,CUST00161,PROD0101,2025-10-10,673,5244.79,3529743.67,Cancelled
SO02074,CUST00129,PROD0197,2026-03-19,330,21337.61,7041411.3,Pending
SO02075,CUST00016,PROD0067,2025-01-07,75,8764.46,657334.5,Delivered
SO02076,CUST00449,PROD0189,2025-06-09,539,8345.09,4498003.51,Processing
SO02077,CUST00131,PROD0127,2025-12-05,10,32207.44,322074.4,Processing
SO02078,CUST00391,PROD0125,2026-04-27,614,10337.3,6347102.2,Shipped
SO02079,CUST00458,PROD0176,2025-05-08,309,15018.23,4640633.07,Pending
SO02080,CUST00217,PROD0126,2025-08-22,147,10256.14,1507652.58,Pending
SO02081,CUST00381,PROD0033,2025-02-15,516,5718.78,2950890.48,Delivered
SO02082,CUST00342,PROD0020,2025-11-14,473,8507.48,4024038.04,Shipped
SO02083,CUST00124,PROD0070,2026-05-23,718,19251.04,13822246.72,Delivered
SO02084,CUST00055,PROD0106,2025-09-12,101,1339.6,135299.6,Delivered
SO02085,CUST00301,PROD0159,2026-05-15,131,9773.1,1280276.1,Shipped
SO02086,CUST00454,PROD0069,2026-01-30,359,32599.13,11703087.67,Pending
SO02087,CUST00177,PROD0074,2026-05-15,664,30272.18,20100727.52,Processing
SO02088,CUST00446,PROD0033,2025-07-26,576,5834.27,3360539.52,Processing
SO02089,CUST00174,PROD0024,2026-05-30,364,6607.3,2405057.2,Delivered
SO02090,CUST00267,PROD0131,2026-02-05,72,12551.03,903674.16,Shipped
SO02091,CUST00355,PROD0084,2025-04-23,374,13395.53,5009928.22,Shipped
SO02092,CUST00441,PROD0108,2025-03-24,425,15501.11,6587971.75,Processing
SO02093,CUST00023,PROD0145,2025-11-05,246,14520.46,3572033.16,Shipped
SO02094,CUST00129,PROD0105,2026-02-02,655,16586.77,10864334.35,Processing
SO02095,CUST00161,PROD0031,2026-01-15,713,2692.7,1919895.1,Pending
SO02096,CUST00113,PROD0054,2025-03-15,602,21998.79,13243271.58,Cancelled
SO02097,CUST00068,PROD0067,2025-07-11,381,8658.02,3298705.62,Processing
SO02098,CUST00203,PROD0156,2026-01-18,414,7997.57,3310993.98,Delivered
SO02099,CUST00329,PROD0182,2025-05-29,440,15991.39,7036211.6,Delivered
SO02100,CUST00286,PROD0195,2025-11-16,717,12040.65,8633146.05,Processing
SO02101,CUST00156,PROD0135,2026-07-21,494,3648.88,1802546.72,Pending
SO02102,CUST00379,PROD0051,2026-02-23,88,24917.27,2192719.76,Pending
SO02103,CUST00178,PROD0042,2025-03-01,507,21537.51,10919517.57,Delivered
SO02104,CUST00200,PROD0147,2025-07-29,188,2489.47,468020.36,Delivered
SO02105,CUST00375,PROD0021,2026-07-31,433,13038.28,5645575.24,Delivered
SO02106,CUST00069,PROD0124,2025-05-04,289,4918.21,1421362.69,Pending
SO02107,CUST00057,PROD0125,2025-01-11,400,8552.0,3420800.0,Delivered
SO02108,CUST00293,PROD0129,2025-04-03,436,17280.74,7534402.64,Cancelled
SO02109,CUST00429,PROD0135,2025-01-18,372,3779.77,1406074.44,Delivered
SO02110,CUST00003,PROD0108,2026-02-02,154,13263.12,2042520.48,Delivered
SO02111,CUST00179,PROD0107,2025-07-13,482,20055.57,9666784.74,Shipped
SO02112,CUST00233,PROD0096,2026-05-18,401,2685.75,1076985.75,Delivered
SO02113,CUST00159,PROD0017,2026-06-18,2,25467.3,50934.6,Pending
SO02114,CUST00112,PROD0191,2025-02-06,164,11150.65,1828706.6,Delivered
SO02115,CUST00158,PROD0197,2025-05-11,537,21618.65,11609215.05,Delivered
SO02116,CUST00106,PROD0192,2026-01-26,333,3846.04,1280731.32,Shipped
SO02117,CUST00430,PROD0106,2025-12-16,83,1279.0,106157.0,Processing
SO02118,CUST00007,PROD0063,2025-06-04,554,12265.82,6795264.28,Pending
SO02119,CUST00169,PROD0130,2026-08-20,683,38303.18,26161071.94,Cancelled
SO02120,CUST00288,PROD0086,2025-03-10,205,3094.89,634452.45,Cancelled
SO02121,CUST00364,PROD0027,2025-03-07,97,22523.8,2184808.6,Delivered
SO02122,CUST00239,PROD0125,2025-03-22,618,7910.58,4888738.44,Pending
SO02123,CUST00218,PROD0099,2026-02-05,403,2307.91,930087.73,Shipped
SO02124,CUST00246,PROD0045,2025-11-08,520,9533.01,4957165.2,Delivered
SO02125,CUST00488,PROD0084,2026-03-01,596,11940.04,7116263.84,Delivered
SO02126,CUST00103,PROD0176,2025-07-17,504,16438.38,8284943.52,Shipped
SO02127,CUST00016,PROD0058,2025-10-12,503,2358.51,1186330.53,Delivered
SO02128,CUST00342,PROD0191,2025-07-22,111,11977.14,1329462.54,Delivered
SO02129,CUST00379,PROD0088,2025-09-14,130,4754.1,618033.0,Delivered
SO02130,CUST00213,PROD0116,2025-12-04,101,7360.51,743411.51,Delivered
SO02131,CUST00028,PROD0095,2025-09-13,413,1237.97,511281.61,Processing
SO02132,CUST00405,PROD0018,2026-04-13,129,30539.34,3939574.86,Shipped
SO02133,CUST00078,PROD0073,2025-12-04,638,11825.2,7544477.6,Processing
SO02134,CUST00257,PROD0092,2025-03-15,164,10303.77,1689818.28,Processing
SO02135,CUST00122,PROD0130,2026-06-02,515,37246.04,19181710.6,Pending
SO02136,CUST00168,PROD0031,2025-03-17,284,2877.91,817326.44,Delivered
SO02137,CUST00138,PROD0148,2026-02-28,92,28544.41,2626085.72,Shipped
SO02138,CUST00439,PROD0091,2026-02-23,452,32153.12,14533210.24,Delivered
SO02139,CUST00462,PROD0043,2026-06-05,138,5167.05,713052.9,Shipped
SO02140,CUST00056,PROD0146,2026-02-01,672,22084.55,14840817.6,Delivered
SO02141,CUST00342,PROD0007,2026-08-01,135,21538.46,2907692.1,Processing
SO02142,CUST00298,PROD0200,2025-09-27,304,30350.28,9226485.12,Pending
SO02143,CUST00380,PROD0082,2025-09-20,470,21959.2,10320824.0,Shipped
SO02144,CUST00443,PROD0102,2026-02-24,79,18859.91,1489932.89,Delivered
SO02145,CUST00275,PROD0112,2026-07-10,352,3301.2,1162022.4,Delivered
SO02146,CUST00363,PROD0150,2025-02-04,93,33488.37,3114418.41,Processing
SO02147,CUST00382,PROD0114,2026-02-14,528,14135.59,7463591.52,Pending
SO02148,CUST00357,PROD0167,2026-08-01,374,30733.83,11494452.42,Shipped
SO02149,CUST00197,PROD0004,2025-07-12,120,4215.7,505884.0,Delivered
SO02150,CUST00327,PROD0118,2025-06-07,32,32602.96,1043294.72,Delivered
SO02151,CUST00344,PROD0059,2025-12-02,420,23415.59,9834547.8,Processing
SO02152,CUST00022,PROD0113,2026-07-02,140,27177.06,3804788.4,Delivered
SO02153,CUST00475,PROD0163,2025-08-17,730,4162.03,3038281.9,Pending
SO02154,CUST00484,PROD0018,2025-04-13,162,23055.91,3735057.42,Pending
SO02155,CUST00203,PROD0123,2026-03-14,439,40158.46,17629563.94,Delivered
SO02156,CUST00103,PROD0166,2025-01-18,455,24920.02,11338609.1,Shipped
SO02157,CUST00115,PROD0097,2026-05-31,371,22233.63,8248676.73,Delivered
SO02158,CUST00297,PROD0162,2025-04-14,714,9219.4,6582651.6,Delivered
SO02159,CUST00252,PROD0074,2025-11-30,199,35683.42,7101000.58,Processing
SO02160,CUST00163,PROD0067,2025-02-04,401,8338.34,3343674.34,Delivered
SO02161,CUST00039,PROD0101,2025-09-07,258,4783.2,1234065.6,Delivered
SO02162,CUST00139,PROD0109,2025-12-16,563,12833.75,7225401.25,Processing
SO02163,CUST00368,PROD0170,2025-09-04,52,22266.42,1157853.84,Processing
SO02164,CUST00220,PROD0137,2026-05-30,128,22504.8,2880614.4,Delivered
SO02165,CUST00049,PROD0035,2025-08-06,604,18055.62,10905594.48,Delivered
SO02166,CUST00066,PROD0081,2026-03-06,279,1993.5,556186.5,Shipped
SO02167,CUST00352,PROD0009,2025-02-19,578,22954.44,13267666.32,Delivered
SO02168,CUST00435,PROD0024,2025-01-15,301,5911.98,1779505.98,Pending
SO02169,CUST00394,PROD0188,2026-04-24,14,24513.33,343186.62,Delivered
SO02170,CUST00344,PROD0015,2026-08-17,36,9824.66,353687.76,Processing
SO02171,CUST00132,PROD0101,2025-11-24,452,5106.47,2308124.44,Shipped
SO02172,CUST00373,PROD0128,2025-11-13,290,14002.4,4060696.0,Delivered
SO02173,CUST00119,PROD0147,2026-08-10,652,3345.82,2181474.64,Processing
SO02174,CUST00054,PROD0054,2025-10-10,110,24157.43,2657317.3,Delivered
SO02175,CUST00194,PROD0128,2026-08-13,70,15663.66,1096456.2,Delivered
SO02176,CUST00492,PROD0004,2025-07-25,359,3768.86,1353020.74,Pending
SO02177,CUST00327,PROD0065,2026-07-09,671,9483.53,6363448.63,Delivered
SO02178,CUST00054,PROD0023,2025-03-11,597,32768.62,19562866.14,Delivered
SO02179,CUST00308,PROD0077,2025-12-28,15,26517.63,397764.45,Delivered
SO02180,CUST00145,PROD0017,2026-08-15,186,21219.82,3946886.52,Delivered
SO02181,CUST00019,PROD0187,2026-08-27,700,24488.31,17141817.0,Shipped
SO02182,CUST00286,PROD0139,2025-09-10,727,12961.59,9423075.93,Delivered
SO02183,CUST00200,PROD0111,2026-04-25,38,11958.87,454437.06,Delivered
SO02184,CUST00431,PROD0187,2025-06-19,537,28138.0,15110106.0,Delivered
SO02185,CUST00458,PROD0052,2025-03-14,318,17172.73,5460928.14,Delivered
SO02186,CUST00282,PROD0056,2026-04-27,547,29019.89,15873879.83,Delivered
SO02187,CUST00011,PROD0136,2025-07-19,103,14318.37,1474792.11,Delivered
SO02188,CUST00354,PROD0194,2025-06-14,583,18602.09,10845018.47,Processing
SO02189,CUST00362,PROD0003,2026-04-04,185,21270.36,3935016.6,Delivered
SO02190,CUST00086,PROD0002,2026-06-07,484,8321.14,4027431.76,Pending
SO02191,CUST00041,PROD0142,2026-07-27,334,22493.99,7512992.66,Delivered
SO02192,CUST00040,PROD0121,2025-04-18,522,21734.9,11345617.8,Delivered
SO02193,CUST00208,PROD0116,2026-04-05,506,5966.19,3018892.14,Delivered
SO02194,CUST00283,PROD0156,2026-07-27,139,10549.73,1466412.47,Pending
SO02195,CUST00472,PROD0040,2025-03-02,544,15966.32,8685678.08,Cancelled
SO02196,CUST00412,PROD0113,2025-11-24,277,27598.48,7644778.96,Processing
SO02197,CUST00122,PROD0174,2025-07-10,14,29123.74,407732.36,Delivered
SO02198,CUST00251,PROD0136,2026-03-25,494,12136.74,5995549.56,Pending
SO02199,CUST00137,PROD0195,2025-06-23,612,10409.2,6370430.4,Pending
SO02200,CUST00166,PROD0088,2026-01-23,477,3498.7,1668879.9,Pending
SO02201,CUST00296,PROD0107,2025-10-16,489,26471.33,12944480.37,Shipped
SO02202,CUST00356,PROD0191,2025-04-08,317,10492.41,3326093.97,Delivered
SO02203,CUST00182,PROD0114,2025-07-01,737,14829.5,10929341.5,Shipped
SO02204,CUST00273,PROD0038,2026-06-15,331,22513.51,7451971.81,Delivered
SO02205,CUST00496,PROD0013,2026-08-11,725,12453.93,9029099.25,Processing
SO02206,CUST00391,PROD0027,2025-04-17,115,19748.56,2271084.4,Delivered
SO02207,CUST00404,PROD0060,2025-09-13,557,25123.63,13993861.91,Delivered
SO02208,CUST00220,PROD0074,2026-04-16,431,34435.39,14841653.09,Delivered
SO02209,CUST00031,PROD0170,2026-01-13,424,22234.22,9427309.28,Pending
SO02210,CUST00005,PROD0156,2026-06-29,558,8492.32,4738714.56,Shipped
SO02211,CUST00441,PROD0150,2025-03-11,229,28266.54,6473037.66,Delivered
SO02212,CUST00091,PROD0195,2025-03-03,497,9796.77,4868994.69,Pending
SO02213,CUST00128,PROD0161,2025-02-22,307,13902.27,4267996.89,Pending
SO02214,CUST00104,PROD0177,2026-01-21,247,29216.18,7216396.46,Shipped
SO02215,CUST00078,PROD0063,2026-08-15,308,15861.0,4885188.0,Pending
SO02216,CUST00143,PROD0197,2025-05-22,329,24245.75,7976851.75,Delivered
SO02217,CUST00443,PROD0087,2025-11-21,740,27789.52,20564244.8,Processing
SO02218,CUST00207,PROD0050,2025-05-17,549,4542.29,2493717.21,Pending
SO02219,CUST00412,PROD0043,2025-07-27,276,5703.2,1574083.2,Shipped
SO02220,CUST00238,PROD0023,2025-05-29,387,26306.85,10180750.95,Processing
SO02221,CUST00396,PROD0042,2026-02-04,733,23916.69,17530933.77,Processing
SO02222,CUST00297,PROD0119,2026-01-22,257,10758.97,2765055.29,Shipped
SO02223,CUST00488,PROD0056,2025-07-04,648,29112.97,18865204.56,Delivered
SO02224,CUST00177,PROD0167,2026-07-24,286,25835.49,7388950.14,Shipped
SO02225,CUST00212,PROD0135,2025-07-09,99,3648.51,361202.49,Pending
SO02226,CUST00408,PROD0157,2025-05-06,159,22655.5,3602224.5,Processing
SO02227,CUST00047,PROD0198,2025-10-15,730,13217.67,9648899.1,Pending
SO02228,CUST00072,PROD0131,2025-08-17,714,10783.45,7699383.3,Pending
SO02229,CUST00095,PROD0090,2026-02-06,247,36710.5,9067493.5,Delivered
SO02230,CUST00467,PROD0129,2025-04-08,370,17506.99,6477586.3,Delivered
SO02231,CUST00432,PROD0139,2025-03-07,628,11526.83,7238849.24,Processing
SO02232,CUST00455,PROD0062,2026-06-27,88,25446.82,2239320.16,Delivered
SO02233,CUST00178,PROD0103,2025-08-26,231,17003.31,3927764.61,Pending
SO02234,CUST00259,PROD0039,2025-06-12,442,7609.99,3363615.58,Delivered
SO02235,CUST00446,PROD0157,2025-11-07,10,23935.5,239355.0,Delivered
SO02236,CUST00488,PROD0098,2026-07-14,369,18493.76,6824197.44,Delivered
SO02237,CUST00300,PROD0183,2026-05-31,448,3468.13,1553722.24,Delivered
SO02238,CUST00400,PROD0190,2025-06-01,376,3874.71,1456890.96,Delivered
SO02239,CUST00209,PROD0138,2026-07-07,322,22970.53,7396510.66,Cancelled
SO02240,CUST00153,PROD0113,2025-08-04,396,27817.58,11015761.68,Shipped
SO02241,CUST00090,PROD0054,2026-07-06,21,24177.59,507729.39,Pending
SO02242,CUST00225,PROD0046,2026-07-12,534,9148.39,4885240.26,Shipped
SO02243,CUST00203,PROD0120,2025-10-24,681,7003.66,4769492.46,Delivered
SO02244,CUST00104,PROD0063,2026-02-11,17,17183.85,292125.45,Delivered
SO02245,CUST00053,PROD0121,2025-02-12,162,24565.57,3979622.34,Cancelled
SO02246,CUST00264,PROD0197,2025-06-05,15,22199.94,332999.1,Delivered
SO02247,CUST00160,PROD0156,2026-02-19,51,9641.36,491709.36,Shipped
SO02248,CUST00145,PROD0147,2026-05-27,83,2979.26,247278.58,Delivered
SO02249,CUST00131,PROD0167,2025-09-03,725,23364.62,16939349.5,Cancelled
SO02250,CUST00118,PROD0025,2025-02-05,63,20928.79,1318513.77,Shipped
SO02251,CUST00211,PROD0061,2026-02-02,385,6027.84,2320718.4,Cancelled
SO02252,CUST00269,PROD0071,2025-05-28,372,17588.79,6543029.88,Delivered
SO02253,CUST00385,PROD0001,2025-10-25,547,8210.0,4490870.0,Delivered
SO02254,CUST00078,PROD0042,2026-01-23,589,19376.21,11412587.69,Shipped
SO02255,CUST00325,PROD0001,2025-04-17,524,7243.92,3795814.08,Delivered
SO02256,CUST00196,PROD0188,2025-02-07,425,32554.03,13835462.75,Shipped
SO02257,CUST00094,PROD0100,2025-03-03,7,23935.81,167550.67,Processing
SO02258,CUST00227,PROD0068,2025-04-17,628,32362.85,20323869.8,Delivered
SO02259,CUST00466,PROD0185,2025-04-19,389,8270.17,3217096.13,Delivered
SO02260,CUST00143,PROD0019,2025-11-16,25,27054.7,676367.5,Processing
SO02261,CUST00279,PROD0074,2026-07-13,328,40936.54,13427185.12,Pending
SO02262,CUST00435,PROD0038,2025-08-15,78,25422.54,1982958.12,Delivered
SO02263,CUST00467,PROD0175,2025-07-01,281,3004.99,844402.19,Delivered
SO02264,CUST00293,PROD0050,2026-06-22,355,4067.33,1443902.15,Delivered
SO02265,CUST00236,PROD0020,2025-01-15,70,9027.35,631914.5,Delivered
SO02266,CUST00388,PROD0044,2026-04-21,632,9144.89,5779570.48,Delivered
SO02267,CUST00339,PROD0169,2025-09-07,27,22126.83,597424.41,Processing
SO02268,CUST00431,PROD0109,2025-02-01,445,11863.01,5279039.45,Delivered
SO02269,CUST00120,PROD0057,2025-12-14,673,24000.79,16152531.67,Delivered
SO02270,CUST00131,PROD0117,2025-03-24,589,16749.6,9865514.4,Delivered
SO02271,CUST00088,PROD0145,2025-03-09,566,16093.1,9108694.6,Delivered
SO02272,CUST00092,PROD0041,2026-08-16,6,35756.4,214538.4,Delivered
SO02273,CUST00037,PROD0092,2026-07-17,670,8116.3,5437921.0,Processing
SO02274,CUST00072,PROD0029,2025-12-29,452,10349.08,4677784.16,Processing
SO02275,CUST00498,PROD0041,2025-05-04,428,33155.47,14190541.16,Delivered
SO02276,CUST00436,PROD0084,2025-02-16,59,11766.55,694226.45,Delivered
SO02277,CUST00143,PROD0192,2025-05-20,615,3736.23,2297781.45,Pending
SO02278,CUST00123,PROD0014,2025-10-30,253,22159.28,5606297.84,Shipped
SO02279,CUST00188,PROD0012,2025-06-22,173,11309.33,1956514.09,Processing
SO02280,CUST00404,PROD0062,2025-06-05,575,25115.41,14441360.75,Cancelled
SO02281,CUST00025,PROD0195,2025-10-30,696,11889.39,8275015.44,Processing
SO02282,CUST00182,PROD0066,2026-02-07,216,1141.86,246641.76,Processing
SO02283,CUST00432,PROD0188,2025-06-08,576,32668.49,18817050.24,Shipped
SO02284,CUST00098,PROD0058,2025-01-20,27,2512.46,67836.42,Shipped
SO02285,CUST00148,PROD0143,2025-04-09,422,25494.33,10758607.26,Pending
SO02286,CUST00333,PROD0012,2026-08-28,528,10582.71,5587670.88,Delivered
SO02287,CUST00387,PROD0070,2025-02-28,688,17046.15,11727751.2,Processing
SO02288,CUST00172,PROD0150,2025-04-19,29,35142.48,1019131.92,Delivered
SO02289,CUST00467,PROD0055,2025-05-09,478,2721.44,1300848.32,Delivered
SO02290,CUST00248,PROD0065,2025-02-23,296,7735.09,2289586.64,Processing
SO02291,CUST00291,PROD0028,2025-08-26,709,12960.68,9189122.12,Delivered
SO02292,CUST00438,PROD0183,2025-09-15,11,2685.29,29538.19,Shipped
SO02293,CUST00202,PROD0136,2026-01-01,696,16387.38,11405616.48,Shipped
SO02294,CUST00203,PROD0085,2026-06-27,691,4719.9,3261450.9,Shipped
SO02295,CUST00151,PROD0200,2026-05-06,285,35742.66,10186658.1,Delivered
SO02296,CUST00227,PROD0035,2025-01-06,225,15533.51,3495039.75,Shipped
SO02297,CUST00436,PROD0121,2025-10-27,270,19057.56,5145541.2,Delivered
SO02298,CUST00279,PROD0001,2025-04-19,198,7614.74,1507718.52,Processing
SO02299,CUST00328,PROD0040,2026-05-29,365,15293.51,5582131.15,Delivered
SO02300,CUST00348,PROD0150,2026-07-01,641,28538.94,18293460.54,Delivered
SO02301,CUST00127,PROD0199,2026-08-18,374,8195.23,3065016.02,Delivered
SO02302,CUST00312,PROD0199,2026-02-10,726,8972.95,6514361.7,Cancelled
SO02303,CUST00068,PROD0177,2026-01-18,441,24929.49,10993905.09,Delivered
SO02304,CUST00479,PROD0014,2026-07-27,223,21011.11,4685477.53,Delivered
SO02305,CUST00205,PROD0121,2025-07-21,536,18764.92,10057997.12,Delivered
SO02306,CUST00428,PROD0166,2025-09-25,567,23251.16,13183407.72,Delivered
SO02307,CUST00198,PROD0069,2026-05-15,161,34212.13,5508152.93,Pending
SO02308,CUST00118,PROD0194,2026-06-12,628,15626.69,9813561.32,Delivered
SO02309,CUST00124,PROD0154,2026-01-02,376,3263.17,1226951.92,Shipped
SO02310,CUST00022,PROD0134,2026-02-11,670,33906.35,22717254.5,Delivered
SO02311,CUST00308,PROD0144,2025-07-05,480,31597.38,15166742.4,Delivered
SO02312,CUST00048,PROD0022,2025-01-31,261,17958.53,4687176.33,Processing
SO02313,CUST00234,PROD0085,2025-11-08,279,4400.89,1227848.31,Delivered
SO02314,CUST00439,PROD0119,2026-04-06,38,9904.99,376389.62,Processing
SO02315,CUST00295,PROD0107,2025-02-10,470,22891.22,10758873.4,Processing
SO02316,CUST00422,PROD0100,2026-01-09,345,26705.2,9213294.0,Pending
SO02317,CUST00313,PROD0099,2025-08-27,97,2851.2,276566.4,Delivered
SO02318,CUST00396,PROD0176,2025-07-25,257,12879.12,3309933.84,Delivered
SO02319,CUST00278,PROD0187,2026-02-16,595,23110.95,13751015.25,Delivered
SO02320,CUST00151,PROD0029,2025-01-21,723,9661.1,6984975.3,Cancelled
SO02321,CUST00220,PROD0160,2025-11-18,655,9857.79,6456852.45,Delivered
SO02322,CUST00439,PROD0183,2026-05-01,166,3657.2,607095.2,Pending
SO02323,CUST00339,PROD0130,2026-05-30,468,34307.26,16055797.68,Shipped
SO02324,CUST00488,PROD0148,2026-03-11,603,26787.39,16152796.17,Delivered
SO02325,CUST00093,PROD0060,2026-04-19,421,19915.05,8384236.05,Shipped
SO02326,CUST00017,PROD0068,2025-05-02,551,34683.75,19110746.25,Delivered
SO02327,CUST00470,PROD0183,2026-07-24,430,3211.24,1380833.2,Pending
SO02328,CUST00198,PROD0084,2025-05-29,489,12752.28,6235864.92,Processing
SO02329,CUST00284,PROD0037,2025-03-10,601,14962.24,8992306.24,Delivered
SO02330,CUST00389,PROD0144,2026-05-18,639,29081.25,18582918.75,Processing
SO02331,CUST00467,PROD0167,2026-01-11,169,23721.58,4008947.02,Pending
SO02332,CUST00033,PROD0160,2026-08-20,415,8818.54,3659694.1,Processing
SO02333,CUST00369,PROD0179,2025-04-13,357,1324.15,472721.55,Processing
SO02334,CUST00449,PROD0095,2025-12-09,198,1220.87,241732.26,Delivered
SO02335,CUST00110,PROD0117,2025-10-12,427,13502.03,5765366.81,Processing
SO02336,CUST00290,PROD0104,2026-01-13,506,7150.48,3618142.88,Pending
SO02337,CUST00385,PROD0160,2026-03-22,262,9764.43,2558280.66,Shipped
SO02338,CUST00139,PROD0192,2025-04-08,313,3631.37,1136618.81,Delivered
SO02339,CUST00019,PROD0114,2025-10-06,379,15504.41,5876171.39,Delivered
SO02340,CUST00027,PROD0187,2025-05-06,433,25367.65,10984192.45,Shipped
SO02341,CUST00394,PROD0156,2026-04-01,498,8333.27,4149968.46,Delivered
SO02342,CUST00091,PROD0188,2025-06-15,576,29775.58,17150734.08,Pending
SO02343,CUST00079,PROD0117,2025-11-09,212,16646.34,3529024.08,Delivered
SO02344,CUST00365,PROD0125,2026-08-26,590,10836.83,6393729.7,Processing
SO02345,CUST00059,PROD0165,2026-01-19,611,31421.51,19198542.61,Delivered
SO02346,CUST00209,PROD0162,2026-02-25,330,13530.25,4464982.5,Delivered
SO02347,CUST00261,PROD0119,2026-01-11,574,11674.74,6701300.76,Pending
SO02348,CUST00489,PROD0171,2025-09-07,496,18952.59,9400484.64,Pending
SO02349,CUST00097,PROD0151,2025-11-27,713,4802.92,3424481.96,Shipped
SO02350,CUST00029,PROD0111,2026-08-28,710,11238.47,7979313.7,Delivered
SO02351,CUST00166,PROD0050,2026-07-26,732,4298.5,3146502.0,Shipped
SO02352,CUST00244,PROD0075,2025-04-20,230,26240.34,6035278.2,Delivered
SO02353,CUST00180,PROD0097,2025-06-11,61,18953.64,1156172.04,Delivered
SO02354,CUST00210,PROD0175,2025-04-12,407,3925.08,1597507.56,Delivered
SO02355,CUST00246,PROD0199,2025-06-01,1,9374.26,9374.26,Cancelled
SO02356,CUST00295,PROD0181,2026-04-04,706,33560.07,23693409.42,Delivered
SO02357,CUST00380,PROD0084,2025-08-07,10,11463.16,114631.6,Shipped
SO02358,CUST00092,PROD0179,2025-10-30,470,1077.36,506359.2,Shipped
SO02359,CUST00353,PROD0076,2025-01-25,216,8103.82,1750425.12,Processing
SO02360,CUST00466,PROD0185,2026-05-14,417,7088.3,2955821.1,Delivered
SO02361,CUST00435,PROD0113,2025-06-21,36,29017.03,1044613.08,Delivered
SO02362,CUST00487,PROD0019,2025-09-10,406,29449.74,11956594.44,Cancelled
SO02363,CUST00035,PROD0082,2026-08-12,523,20508.97,10726191.31,Delivered
SO02364,CUST00065,PROD0086,2026-05-10,429,2212.57,949192.53,Delivered
SO02365,CUST00457,PROD0132,2026-04-24,162,30565.91,4951677.42,Delivered
SO02366,CUST00224,PROD0159,2025-07-29,22,8394.82,184686.04,Pending
SO02367,CUST00364,PROD0180,2025-11-24,360,12695.36,4570329.6,Pending
SO02368,CUST00467,PROD0017,2026-02-07,244,20728.86,5057841.84,Shipped
SO02369,CUST00116,PROD0024,2026-04-28,139,5364.67,745689.13,Shipped
SO02370,CUST00418,PROD0183,2025-02-26,443,3129.31,1386284.33,Delivered
SO02371,CUST00147,PROD0168,2025-11-27,5,11879.08,59395.4,Shipped
SO02372,CUST00143,PROD0041,2025-07-03,643,37596.02,24174240.86,Delivered
SO02373,CUST00290,PROD0072,2026-02-26,227,7268.93,1650047.11,Shipped
SO02374,CUST00382,PROD0112,2026-05-28,76,3109.56,236326.56,Shipped
SO02375,CUST00284,PROD0018,2026-01-10,246,33523.46,8246771.16,Processing
SO02376,CUST00232,PROD0058,2025-12-07,192,2124.53,407909.76,Delivered
SO02377,CUST00439,PROD0143,2026-03-31,670,24617.04,16493416.8,Delivered
SO02378,CUST00427,PROD0096,2025-12-07,137,2477.87,339468.19,Delivered
SO02379,CUST00226,PROD0003,2025-01-31,357,23661.03,8446987.71,Cancelled
SO02380,CUST00187,PROD0041,2025-01-09,638,37286.85,23789010.3,Delivered
SO02381,CUST00273,PROD0127,2026-02-13,274,26676.05,7309237.7,Delivered
SO02382,CUST00176,PROD0173,2025-07-15,601,23230.05,13961260.05,Pending
SO02383,CUST00302,PROD0112,2026-07-14,672,2756.33,1852253.76,Pending
SO02384,CUST00204,PROD0153,2026-07-29,155,33480.01,5189401.55,Delivered
SO02385,CUST00013,PROD0009,2026-03-18,393,25967.19,10205105.67,Delivered
SO02386,CUST00033,PROD0094,2025-12-21,90,14115.67,1270410.3,Shipped
SO02387,CUST00447,PROD0194,2026-08-25,458,18804.86,8612625.88,Delivered
SO02388,CUST00103,PROD0122,2026-08-23,534,15986.4,8536737.6,Delivered
SO02389,CUST00428,PROD0045,2025-03-10,466,12710.8,5923232.8,Delivered
SO02390,CUST00414,PROD0086,2025-09-15,543,2817.11,1529690.73,Shipped
SO02391,CUST00217,PROD0177,2026-05-20,164,21909.36,3593135.04,Pending
SO02392,CUST00391,PROD0023,2026-03-03,407,28284.38,11511742.66,Delivered
SO02393,CUST00077,PROD0180,2025-11-24,442,17056.5,7538973.0,Delivered
SO02394,CUST00066,PROD0173,2025-05-25,268,25991.1,6965614.8,Shipped
SO02395,CUST00380,PROD0174,2025-02-10,523,27688.71,14481195.33,Cancelled
SO02396,CUST00139,PROD0136,2025-04-20,708,12122.42,8582673.36,Processing
SO02397,CUST00038,PROD0158,2026-03-30,572,28163.62,16109590.64,Delivered
SO02398,CUST00308,PROD0169,2026-07-23,258,16821.18,4339864.44,Shipped
SO02399,CUST00284,PROD0171,2025-11-06,664,17809.17,11825288.88,Shipped
SO02400,CUST00415,PROD0035,2025-05-03,412,16286.76,6710145.12,Processing
SO02401,CUST00005,PROD0187,2025-09-13,15,27551.88,413278.2,Delivered
SO02402,CUST00278,PROD0152,2026-06-12,623,11923.94,7428614.62,Delivered
SO02403,CUST00022,PROD0140,2026-06-05,124,1229.88,152505.12,Delivered
SO02404,CUST00365,PROD0007,2025-10-17,349,25009.55,8728332.95,Processing
SO02405,CUST00356,PROD0185,2025-04-26,50,6750.41,337520.5,Cancelled
SO02406,CUST00175,PROD0165,2025-08-15,531,34331.7,18230132.7,Shipped
SO02407,CUST00303,PROD0010,2026-08-29,650,13185.39,8570503.5,Delivered
SO02408,CUST00036,PROD0025,2025-08-30,421,20842.35,8774629.35,Processing
SO02409,CUST00012,PROD0036,2026-03-05,652,11349.48,7399860.96,Pending
SO02410,CUST00464,PROD0111,2025-10-25,459,11326.52,5198872.68,Shipped
SO02411,CUST00259,PROD0030,2025-05-28,153,18161.25,2778671.25,Shipped
SO02412,CUST00290,PROD0135,2025-12-22,195,3411.64,665269.8,Delivered
SO02413,CUST00419,PROD0069,2026-04-14,637,32948.62,20988270.94,Processing
SO02414,CUST00300,PROD0177,2025-09-27,742,23967.5,17783885.0,Delivered
SO02415,CUST00200,PROD0002,2025-06-26,593,8418.76,4992324.68,Delivered
SO02416,CUST00371,PROD0067,2025-03-22,444,7060.65,3134928.6,Cancelled
SO02417,CUST00254,PROD0184,2025-12-29,123,29968.94,3686179.62,Delivered
SO02418,CUST00436,PROD0132,2026-05-18,647,21828.36,14122948.92,Delivered
SO02419,CUST00320,PROD0089,2026-08-12,59,12242.23,722291.57,Pending
SO02420,CUST00346,PROD0193,2026-08-07,406,15222.68,6180408.08,Delivered
SO02421,CUST00181,PROD0011,2025-10-05,542,23860.37,12932320.54,Pending
SO02422,CUST00450,PROD0083,2026-08-01,195,22168.08,4322775.6,Delivered
SO02423,CUST00434,PROD0058,2025-05-11,24,2463.87,59132.88,Delivered
SO02424,CUST00458,PROD0187,2025-10-05,566,31696.2,17940049.2,Delivered
SO02425,CUST00470,PROD0048,2025-04-07,424,19087.41,8093061.84,Delivered
SO02426,CUST00187,PROD0200,2026-08-06,372,34307.88,12762531.36,Delivered
SO02427,CUST00061,PROD0130,2026-02-11,14,34629.61,484814.54,Pending
SO02428,CUST00296,PROD0063,2025-07-24,320,17372.67,5559254.4,Delivered
SO02429,CUST00189,PROD0070,2025-08-13,649,19023.47,12346232.03,Delivered
SO02430,CUST00346,PROD0164,2025-05-25,486,17529.62,8519395.32,Delivered
SO02431,CUST00476,PROD0131,2026-07-13,128,13785.28,1764515.84,Delivered
SO02432,CUST00191,PROD0098,2026-01-28,628,16707.61,10492379.08,Delivered
SO02433,CUST00415,PROD0037,2026-03-01,470,12913.04,6069128.8,Delivered
SO02434,CUST00213,PROD0138,2025-09-03,242,20185.3,4884842.6,Delivered
SO02435,CUST00119,PROD0066,2025-12-15,126,1115.02,140492.52,Processing
SO02436,CUST00495,PROD0087,2025-12-19,651,33378.3,21729273.3,Pending
SO02437,CUST00083,PROD0035,2025-02-03,527,13203.7,6958349.9,Pending
SO02438,CUST00042,PROD0174,2026-05-25,28,31773.25,889651.0,Processing
SO02439,CUST00445,PROD0005,2026-01-07,137,36506.67,5001413.79,Shipped
SO02440,CUST00147,PROD0069,2026-08-09,466,29354.82,13679346.12,Delivered
SO02441,CUST00143,PROD0025,2025-08-07,658,17734.12,11669050.96,Delivered
SO02442,CUST00016,PROD0191,2025-03-16,223,9930.66,2214537.18,Delivered
SO02443,CUST00424,PROD0136,2025-05-07,442,16105.32,7118551.44,Shipped
SO02444,CUST00439,PROD0147,2026-04-25,653,2347.84,1533139.52,Delivered
SO02445,CUST00492,PROD0191,2026-05-14,264,11158.95,2945962.8,Shipped
SO02446,CUST00385,PROD0014,2025-05-20,730,22978.53,16774326.9,Delivered
SO02447,CUST00152,PROD0001,2025-03-04,565,6999.79,3954881.35,Delivered
SO02448,CUST00434,PROD0143,2026-04-25,178,23090.18,4110052.04,Shipped
SO02449,CUST00229,PROD0121,2026-07-14,729,22256.89,16225272.81,Processing
SO02450,CUST00330,PROD0057,2025-12-21,193,30926.59,5968831.87,Shipped
SO02451,CUST00073,PROD0035,2025-10-17,333,14405.72,4797104.76,Delivered
SO02452,CUST00069,PROD0068,2025-05-13,132,28861.6,3809731.2,Shipped
SO02453,CUST00231,PROD0198,2026-05-04,186,11039.13,2053278.18,Delivered
SO02454,CUST00346,PROD0087,2026-04-02,50,24502.03,1225101.5,Delivered
SO02455,CUST00270,PROD0089,2026-06-18,192,11178.45,2146262.4,Pending
SO02456,CUST00270,PROD0080,2025-10-16,443,7498.89,3322008.27,Delivered
SO02457,CUST00098,PROD0136,2026-01-23,236,14710.76,3471739.36,Delivered
SO02458,CUST00251,PROD0139,2026-07-02,518,15115.34,7829746.12,Delivered
SO02459,CUST00389,PROD0192,2025-01-17,684,4117.32,2816246.88,Delivered
SO02460,CUST00396,PROD0144,2026-08-25,253,26200.81,6628804.93,Processing
SO02461,CUST00229,PROD0193,2025-11-15,487,13736.29,6689573.23,Delivered
SO02462,CUST00350,PROD0151,2025-09-08,182,5619.03,1022663.46,Delivered
SO02463,CUST00077,PROD0082,2025-02-25,318,21341.48,6786590.64,Pending
SO02464,CUST00304,PROD0075,2026-05-01,422,26664.55,11252440.1,Delivered
SO02465,CUST00269,PROD0171,2026-04-09,70,16507.69,1155538.3,Shipped
SO02466,CUST00404,PROD0112,2026-06-14,221,3412.4,754140.4,Shipped
SO02467,CUST00448,PROD0058,2025-03-22,588,2324.52,1366817.76,Shipped
SO02468,CUST00403,PROD0150,2025-12-02,139,33569.67,4666184.13,Delivered
SO02469,CUST00172,PROD0192,2026-07-28,449,3924.3,1762010.7,Pending
SO02470,CUST00493,PROD0162,2025-12-07,53,9589.25,508230.25,Delivered
SO02471,CUST00254,PROD0125,2025-08-07,585,9359.29,5475184.65,Delivered
SO02472,CUST00259,PROD0150,2025-07-21,389,35703.35,13888603.15,Delivered
SO02473,CUST00484,PROD0160,2026-07-31,506,11511.19,5824662.14,Processing
SO02474,CUST00284,PROD0161,2026-05-06,647,11020.21,7130075.87,Pending
SO02475,CUST00011,PROD0012,2025-05-19,564,12317.58,6947115.12,Delivered
SO02476,CUST00050,PROD0191,2025-01-31,262,9894.5,2592359.0,Pending
SO02477,CUST00306,PROD0015,2026-03-03,405,8795.66,3562242.3,Delivered
SO02478,CUST00166,PROD0151,2026-05-16,349,4728.0,1650072.0,Pending
SO02479,CUST00290,PROD0180,2025-02-13,408,15135.56,6175308.48,Processing
SO02480,CUST00340,PROD0131,2025-01-15,9,10786.45,97078.05,Delivered
SO02481,CUST00264,PROD0178,2025-12-28,496,33308.77,16521149.92,Delivered
SO02482,CUST00248,PROD0173,2025-06-28,657,20734.99,13622888.43,Cancelled
SO02483,CUST00491,PROD0101,2026-08-27,434,4149.32,1800804.88,Shipped
SO02484,CUST00418,PROD0133,2025-11-01,204,19534.17,3984970.68,Pending
SO02485,CUST00059,PROD0117,2025-12-20,128,15735.19,2014104.32,Delivered
SO02486,CUST00033,PROD0047,2025-12-06,669,23152.53,15489042.57,Pending
SO02487,CUST00389,PROD0061,2025-07-30,336,5555.23,1866557.28,Delivered
SO02488,CUST00346,PROD0115,2026-01-18,697,12520.49,8726781.53,Delivered
SO02489,CUST00463,PROD0185,2025-09-14,134,6885.01,922591.34,Pending
SO02490,CUST00273,PROD0124,2025-12-09,331,4220.52,1396992.12,Shipped
SO02491,CUST00154,PROD0182,2025-01-10,663,14330.88,9501373.44,Processing
SO02492,CUST00001,PROD0121,2025-09-20,489,18812.33,9199229.37,Pending
SO02493,CUST00445,PROD0131,2025-07-06,31,15652.38,485223.78,Delivered
SO02494,CUST00306,PROD0010,2026-08-14,493,16961.47,8362004.71,Cancelled
SO02495,CUST00455,PROD0182,2026-02-07,423,14404.87,6093260.01,Processing
SO02496,CUST00243,PROD0039,2025-10-07,93,7564.77,703523.61,Shipped
SO02497,CUST00149,PROD0197,2025-06-24,236,23453.55,5535037.8,Delivered
SO02498,CUST00401,PROD0189,2025-09-08,52,7816.48,406456.96,Delivered
SO02499,CUST00199,PROD0147,2025-07-21,381,3069.82,1169601.42,Pending
SO02500,CUST00273,PROD0115,2025-11-30,746,13734.64,10246041.44,Delivered
SO02501,CUST00164,PROD0187,2025-07-31,11,27064.02,297704.22,Processing
SO02502,CUST00383,PROD0015,2025-04-06,678,10010.41,6787057.98,Processing
SO02503,CUST00335,PROD0153,2025-08-18,305,32778.87,9997555.35,Pending
SO02504,CUST00486,PROD0186,2025-10-02,426,8285.42,3529588.92,Cancelled
SO02505,CUST00094,PROD0175,2025-03-15,388,2919.18,1132641.84,Processing
SO02506,CUST00337,PROD0104,2025-07-29,687,10199.01,7006719.87,Delivered
SO02507,CUST00203,PROD0046,2026-08-10,452,8256.76,3732055.52,Shipped
SO02508,CUST00115,PROD0149,2025-09-19,40,22830.95,913238.0,Delivered
SO02509,CUST00202,PROD0103,2025-12-11,223,24712.83,5510961.09,Delivered
SO02510,CUST00103,PROD0100,2026-02-08,149,28056.69,4180446.81,Delivered
SO02511,CUST00184,PROD0174,2025-02-25,80,31376.3,2510104.0,Delivered
SO02512,CUST00237,PROD0190,2026-06-07,730,5278.4,3853232.0,Delivered
SO02513,CUST00430,PROD0129,2025-11-04,111,16156.68,1793391.48,Shipped
SO02514,CUST00392,PROD0193,2026-01-08,201,18914.14,3801742.14,Shipped
SO02515,CUST00384,PROD0162,2026-05-03,687,11958.08,8215200.96,Processing
SO02516,CUST00477,PROD0041,2026-01-09,495,36990.05,18310074.75,Pending
SO02517,CUST00298,PROD0192,2025-11-21,558,4301.35,2400153.3,Delivered
SO02518,CUST00172,PROD0093,2025-03-04,306,6149.18,1881649.08,Processing
SO02519,CUST00243,PROD0023,2025-02-07,187,33208.54,6209996.98,Pending
SO02520,CUST00312,PROD0196,2026-01-29,616,34189.93,21060996.88,Delivered
SO02521,CUST00094,PROD0123,2026-07-17,10,28093.22,280932.2,Delivered
SO02522,CUST00112,PROD0199,2025-09-11,713,10798.42,7699273.46,Delivered
SO02523,CUST00201,PROD0131,2025-05-12,586,11773.25,6899124.5,Pending
SO02524,CUST00011,PROD0041,2026-03-07,66,28797.72,1900649.52,Shipped
SO02525,CUST00148,PROD0020,2026-07-03,369,8560.44,3158802.36,Delivered
SO02526,CUST00380,PROD0156,2025-05-19,70,9680.73,677651.1,Delivered
SO02527,CUST00033,PROD0185,2026-01-19,605,6789.19,4107459.95,Delivered
SO02528,CUST00243,PROD0112,2025-03-29,683,3738.01,2553060.83,Delivered
SO02529,CUST00308,PROD0041,2026-07-26,159,28436.99,4521481.41,Delivered
SO02530,CUST00354,PROD0140,2025-05-13,331,1378.95,456432.45,Shipped
SO02531,CUST00100,PROD0002,2026-03-24,683,8428.9,5756938.7,Delivered
SO02532,CUST00312,PROD0058,2025-07-01,242,2354.31,569743.02,Delivered
SO02533,CUST00270,PROD0157,2026-03-26,510,21914.34,11176313.4,Shipped
SO02534,CUST00180,PROD0154,2025-07-18,665,3661.17,2434678.05,Processing
SO02535,CUST00211,PROD0135,2025-06-10,681,3293.73,2243030.13,Shipped
SO02536,CUST00212,PROD0071,2025-09-30,693,14744.17,10217709.81,Delivered
SO02537,CUST00460,PROD0134,2025-06-04,252,28346.89,7143416.28,Delivered
SO02538,CUST00282,PROD0091,2025-05-06,744,35592.99,26481184.56,Processing
SO02539,CUST00479,PROD0139,2025-02-20,492,12295.68,6049474.56,Shipped
SO02540,CUST00385,PROD0007,2025-12-26,694,19733.04,13694729.76,Delivered
SO02541,CUST00164,PROD0136,2025-01-13,11,12126.41,133390.51,Processing
SO02542,CUST00456,PROD0175,2026-07-24,431,3447.37,1485816.47,Processing
SO02543,CUST00130,PROD0128,2025-09-24,446,13024.45,5808904.7,Delivered
SO02544,CUST00416,PROD0198,2026-06-29,748,11434.71,8553163.08,Delivered
SO02545,CUST00425,PROD0099,2025-07-18,650,2374.08,1543152.0,Shipped
SO02546,CUST00480,PROD0057,2025-09-06,240,25050.62,6012148.8,Delivered
SO02547,CUST00381,PROD0147,2025-10-11,419,3350.87,1404014.53,Delivered
SO02548,CUST00296,PROD0038,2026-05-07,160,29046.77,4647483.2,Pending
SO02549,CUST00471,PROD0044,2026-03-17,515,7748.76,3990611.4,Pending
SO02550,CUST00001,PROD0047,2025-12-20,224,25812.98,5782107.52,Delivered
SO02551,CUST00126,PROD0074,2026-05-26,321,28569.94,9170950.74,Cancelled
SO02552,CUST00308,PROD0075,2025-04-29,9,22685.96,204173.64,Processing
SO02553,CUST00243,PROD0034,2025-09-16,427,1905.78,813768.06,Delivered
SO02554,CUST00219,PROD0042,2026-08-01,610,17207.19,10496385.9,Delivered
SO02555,CUST00250,PROD0116,2026-08-25,242,8437.75,2041935.5,Delivered
SO02556,CUST00293,PROD0137,2025-01-17,325,27919.9,9073967.5,Processing
SO02557,CUST00225,PROD0193,2025-04-06,306,16451.1,5034036.6,Shipped
SO02558,CUST00224,PROD0094,2026-02-03,210,14830.37,3114377.7,Shipped
SO02559,CUST00180,PROD0135,2026-06-24,462,3968.56,1833474.72,Processing
SO02560,CUST00463,PROD0168,2025-12-21,371,12504.63,4639217.73,Delivered
SO02561,CUST00130,PROD0068,2026-07-03,271,35840.0,9712640.0,Shipped
SO02562,CUST00034,PROD0112,2026-02-04,249,3565.1,887709.9,Delivered
SO02563,CUST00246,PROD0065,2025-12-14,489,8451.62,4132842.18,Delivered
SO02564,CUST00328,PROD0041,2026-03-26,82,27480.14,2253371.48,Processing
SO02565,CUST00234,PROD0114,2026-06-12,379,15339.69,5813742.51,Pending
SO02566,CUST00476,PROD0141,2025-03-25,577,38931.88,22463694.76,Delivered
SO02567,CUST00253,PROD0152,2026-01-18,685,10587.08,7252149.8,Cancelled
SO02568,CUST00375,PROD0048,2025-05-10,609,18584.78,11318131.02,Shipped
SO02569,CUST00166,PROD0151,2025-03-03,13,5179.34,67331.42,Delivered
SO02570,CUST00225,PROD0059,2025-04-27,389,26553.01,10329120.89,Delivered
SO02571,CUST00166,PROD0187,2025-02-03,581,22803.32,13248728.92,Delivered
SO02572,CUST00474,PROD0048,2025-11-07,298,21762.58,6485248.84,Pending
SO02573,CUST00053,PROD0035,2026-04-26,193,16873.79,3256641.47,Delivered
SO02574,CUST00397,PROD0196,2025-02-26,417,27515.03,11473767.51,Delivered
SO02575,CUST00449,PROD0183,2025-07-19,378,3415.86,1291195.08,Delivered
SO02576,CUST00344,PROD0139,2026-08-23,21,13582.44,285231.24,Cancelled
SO02577,CUST00258,PROD0048,2025-06-10,748,24309.73,18183678.04,Processing
SO02578,CUST00269,PROD0126,2025-01-01,574,9292.04,5333630.96,Processing
SO02579,CUST00259,PROD0167,2026-04-27,566,22601.71,12792567.86,Shipped
SO02580,CUST00098,PROD0120,2026-05-03,436,7106.25,3098325.0,Processing
SO02581,CUST00234,PROD0057,2026-04-26,595,28588.63,17010234.85,Processing
SO02582,CUST00445,PROD0112,2025-09-11,395,3043.93,1202352.35,Processing
SO02583,CUST00256,PROD0129,2026-08-07,334,22312.01,7452211.34,Cancelled
SO02584,CUST00352,PROD0165,2025-02-26,300,28962.22,8688666.0,Delivered
SO02585,CUST00228,PROD0181,2025-02-17,144,35274.36,5079507.84,Delivered
SO02586,CUST00352,PROD0021,2025-01-28,18,16781.78,302072.04,Processing
SO02587,CUST00354,PROD0038,2025-07-06,415,24674.18,10239784.7,Delivered
SO02588,CUST00177,PROD0075,2025-06-12,396,21922.31,8681234.76,Delivered
SO02589,CUST00344,PROD0021,2025-11-08,360,14003.15,5041134.0,Delivered
SO02590,CUST00227,PROD0082,2026-04-15,209,22838.05,4773152.45,Pending
SO02591,CUST00085,PROD0072,2026-03-29,653,7211.9,4709370.7,Delivered
SO02592,CUST00403,PROD0142,2026-08-28,472,28074.82,13251315.04,Cancelled
SO02593,CUST00156,PROD0002,2026-05-28,507,9091.32,4609299.24,Delivered
SO02594,CUST00354,PROD0141,2025-07-25,3,32746.26,98238.78,Shipped
SO02595,CUST00317,PROD0161,2025-12-13,489,10963.02,5360916.78,Processing
SO02596,CUST00018,PROD0197,2026-01-15,465,26974.31,12543054.15,Cancelled
SO02597,CUST00043,PROD0049,2025-12-24,47,6747.43,317129.21,Delivered
SO02598,CUST00034,PROD0200,2025-07-06,132,34897.28,4606440.96,Delivered
SO02599,CUST00125,PROD0142,2026-07-15,461,29192.16,13457585.76,Pending
SO02600,CUST00248,PROD0134,2025-07-07,342,29903.55,10227014.1,Processing
SO02601,CUST00395,PROD0040,2026-07-25,115,12438.17,1430389.55,Cancelled
SO02602,CUST00088,PROD0080,2026-08-11,87,5635.11,490254.57,Delivered
SO02603,CUST00002,PROD0110,2025-09-05,706,26214.96,18507761.76,Delivered
SO02604,CUST00191,PROD0136,2026-06-26,221,11714.21,2588840.41,Processing
SO02605,CUST00105,PROD0109,2026-05-29,529,14109.53,7463941.37,Delivered
SO02606,CUST00102,PROD0138,2025-06-15,405,23334.8,9450594.0,Shipped
SO02607,CUST00479,PROD0103,2025-02-17,487,20598.68,10031557.16,Cancelled
SO02608,CUST00289,PROD0092,2025-12-25,460,10251.91,4715878.6,Shipped
SO02609,CUST00149,PROD0026,2025-12-01,4,25841.7,103366.8,Shipped
SO02610,CUST00247,PROD0169,2026-03-29,134,17587.81,2356766.54,Delivered
SO02611,CUST00092,PROD0085,2025-02-10,705,4552.04,3209188.2,Shipped
SO02612,CUST00281,PROD0017,2026-05-30,27,23971.37,647226.99,Pending
SO02613,CUST00271,PROD0115,2025-11-30,155,11205.27,1736816.85,Processing
SO02614,CUST00388,PROD0093,2025-10-26,484,6412.1,3103456.4,Delivered
SO02615,CUST00079,PROD0074,2025-01-22,117,28122.77,3290364.09,Delivered
SO02616,CUST00031,PROD0120,2026-01-14,311,8106.53,2521130.83,Delivered
SO02617,CUST00008,PROD0134,2026-01-24,688,28553.8,19645014.4,Shipped
SO02618,CUST00045,PROD0088,2025-04-28,651,3984.9,2594169.9,Delivered
SO02619,CUST00046,PROD0060,2026-03-24,664,20229.62,13432467.68,Shipped
SO02620,CUST00340,PROD0168,2026-03-28,365,10518.02,3839077.3,Delivered
SO02621,CUST00172,PROD0142,2025-11-16,309,21653.87,6691045.83,Shipped
SO02622,CUST00071,PROD0034,2026-08-25,642,2307.61,1481485.62,Delivered
SO02623,CUST00319,PROD0175,2026-08-08,39,4031.33,157221.87,Delivered
SO02624,CUST00320,PROD0062,2025-11-12,341,27331.0,9319871.0,Delivered
SO02625,CUST00485,PROD0011,2026-06-03,695,22329.2,15518794.0,Shipped
SO02626,CUST00288,PROD0056,2025-08-05,414,27123.2,11229004.8,Delivered
SO02627,CUST00156,PROD0093,2025-06-18,334,6743.95,2252479.3,Pending
SO02628,CUST00249,PROD0010,2025-04-10,537,16314.02,8760628.74,Delivered
SO02629,CUST00401,PROD0196,2025-03-08,304,33524.14,10191338.56,Shipped
SO02630,CUST00140,PROD0166,2025-09-24,652,31835.04,20756446.08,Processing
SO02631,CUST00206,PROD0180,2026-02-21,254,16471.86,4183852.44,Delivered
SO02632,CUST00374,PROD0009,2025-02-11,267,23228.9,6202116.3,Processing
SO02633,CUST00010,PROD0070,2026-07-16,719,20045.29,14412563.51,Pending
SO02634,CUST00445,PROD0195,2026-07-18,557,11725.3,6530992.1,Delivered
SO02635,CUST00432,PROD0081,2025-06-19,107,1554.05,166283.35,Shipped
SO02636,CUST00057,PROD0190,2026-01-21,449,3859.1,1732735.9,Processing
SO02637,CUST00108,PROD0019,2026-04-04,510,31420.7,16024557.0,Pending
SO02638,CUST00496,PROD0030,2026-05-29,408,19862.02,8103704.16,Pending
SO02639,CUST00053,PROD0058,2026-07-29,19,2233.26,42431.94,Processing
SO02640,CUST00195,PROD0155,2025-10-29,112,11031.11,1235484.32,Processing
SO02641,CUST00028,PROD0026,2026-01-09,391,25139.57,9829571.87,Delivered
SO02642,CUST00198,PROD0040,2026-02-23,379,13217.02,5009250.58,Delivered
SO02643,CUST00113,PROD0108,2025-12-24,111,12993.18,1442242.98,Delivered
SO02644,CUST00232,PROD0102,2026-05-28,177,19182.2,3395249.4,Delivered
SO02645,CUST00182,PROD0128,2026-08-22,655,16024.15,10495818.25,Delivered
SO02646,CUST00187,PROD0010,2025-10-14,569,12471.19,7096107.11,Processing
SO02647,CUST00316,PROD0116,2026-06-02,123,7044.27,866445.21,Delivered
SO02648,CUST00046,PROD0195,2025-08-14,345,11624.54,4010466.3,Delivered
SO02649,CUST00019,PROD0072,2026-03-11,177,7410.6,1311676.2,Pending
SO02650,CUST00136,PROD0198,2025-03-26,259,11003.94,2850020.46,Pending
SO02651,CUST00019,PROD0068,2025-12-07,269,33599.09,9038155.21,Delivered
SO02652,CUST00134,PROD0073,2026-03-17,354,13742.93,4864997.22,Processing
SO02653,CUST00307,PROD0107,2025-05-27,611,20744.94,12675158.34,Cancelled
SO02654,CUST00045,PROD0169,2025-09-21,690,21048.96,14523782.4,Shipped
SO02655,CUST00428,PROD0057,2025-04-28,748,30421.33,22755154.84,Processing
SO02656,CUST00305,PROD0130,2025-09-18,497,36368.63,18075209.11,Delivered
SO02657,CUST00416,PROD0141,2025-07-13,197,33799.28,6658458.16,Processing
SO02658,CUST00377,PROD0043,2025-11-30,320,5526.3,1768416.0,Pending
SO02659,CUST00002,PROD0181,2026-03-03,498,31124.29,15499896.42,Shipped
SO02660,CUST00224,PROD0067,2025-11-15,277,6019.63,1667437.51,Delivered
SO02661,CUST00098,PROD0091,2025-05-07,196,30479.82,5974044.72,Delivered
SO02662,CUST00198,PROD0023,2025-12-16,571,27340.46,15611402.66,Pending
SO02663,CUST00369,PROD0040,2026-03-17,91,12018.92,1093721.72,Delivered
SO02664,CUST00442,PROD0177,2025-05-06,369,24200.31,8929914.39,Pending
SO02665,CUST00342,PROD0091,2026-08-13,280,38715.74,10840407.2,Pending
SO02666,CUST00396,PROD0037,2026-01-06,493,12425.04,6125544.72,Delivered
SO02667,CUST00258,PROD0164,2026-07-09,64,17500.24,1120015.36,Delivered
SO02668,CUST00473,PROD0045,2026-06-23,714,9269.73,6618587.22,Delivered
SO02669,CUST00078,PROD0101,2025-03-15,193,3906.62,753977.66,Delivered
SO02670,CUST00337,PROD0159,2025-07-08,217,8723.14,1892921.38,Pending
SO02671,CUST00078,PROD0105,2025-09-12,482,17711.13,8536764.66,Delivered
SO02672,CUST00450,PROD0105,2025-06-08,129,19975.87,2576887.23,Pending
SO02673,CUST00225,PROD0075,2026-03-16,445,27932.42,12429926.9,Delivered
SO02674,CUST00407,PROD0131,2026-06-03,127,13740.0,1744980.0,Pending
SO02675,CUST00276,PROD0115,2026-01-30,656,13592.22,8916496.32,Shipped
SO02676,CUST00352,PROD0039,2026-08-21,589,7065.09,4161338.01,Processing
SO02677,CUST00404,PROD0019,2025-07-18,207,27061.85,5601802.95,Delivered
SO02678,CUST00081,PROD0187,2026-05-22,413,26377.12,10893750.56,Delivered
SO02679,CUST00466,PROD0176,2025-01-05,339,14138.24,4792863.36,Shipped
SO02680,CUST00331,PROD0129,2026-03-26,215,21089.96,4534341.4,Delivered
SO02681,CUST00204,PROD0032,2025-03-19,731,12648.28,9245892.68,Delivered
SO02682,CUST00248,PROD0116,2025-04-20,612,5811.45,3556607.4,Delivered
SO02683,CUST00469,PROD0054,2025-02-12,568,25112.12,14263684.16,Delivered
SO02684,CUST00053,PROD0168,2025-07-24,327,14175.27,4635313.29,Shipped
SO02685,CUST00263,PROD0005,2025-04-09,108,32031.05,3459353.4,Delivered
SO02686,CUST00081,PROD0064,2025-01-12,434,25387.55,11018196.7,Delivered
SO02687,CUST00447,PROD0153,2025-05-03,228,29294.0,6679032.0,Pending
SO02688,CUST00489,PROD0050,2026-01-10,74,3801.12,281282.88,Delivered
SO02689,CUST00289,PROD0124,2025-09-04,558,5901.86,3293237.88,Delivered
SO02690,CUST00134,PROD0023,2025-09-09,326,31864.48,10387820.48,Delivered
SO02691,CUST00397,PROD0110,2026-01-22,13,29716.0,386308.0,Pending
SO02692,CUST00367,PROD0098,2025-08-30,362,15719.77,5690556.74,Delivered
SO02693,CUST00211,PROD0168,2025-05-25,179,14244.71,2549803.09,Delivered
SO02694,CUST00283,PROD0164,2026-05-22,620,14974.17,9283985.4,Pending
SO02695,CUST00054,PROD0164,2025-12-11,564,20718.98,11685504.72,Delivered
SO02696,CUST00493,PROD0165,2026-03-13,102,37022.47,3776291.94,Shipped
SO02697,CUST00023,PROD0107,2025-12-12,129,18836.08,2429854.32,Processing
SO02698,CUST00040,PROD0083,2025-02-03,492,22549.65,11094427.8,Pending
SO02699,CUST00473,PROD0167,2026-05-24,19,25086.27,476639.13,Shipped
SO02700,CUST00033,PROD0010,2026-06-21,578,17859.38,10322721.64,Delivered
SO02701,CUST00095,PROD0109,2025-12-29,544,11636.46,6330234.24,Pending
SO02702,CUST00274,PROD0055,2025-02-20,429,2788.51,1196270.79,Shipped
SO02703,CUST00477,PROD0173,2026-07-25,168,19190.01,3223921.68,Delivered
SO02704,CUST00242,PROD0051,2025-08-20,56,24488.51,1371356.56,Cancelled
SO02705,CUST00473,PROD0072,2025-03-26,203,7992.29,1622434.87,Delivered
SO02706,CUST00309,PROD0040,2025-01-11,27,15672.65,423161.55,Delivered
SO02707,CUST00091,PROD0102,2026-02-05,41,17266.96,707945.36,Processing
SO02708,CUST00253,PROD0074,2025-10-19,526,38804.82,20411335.32,Pending
SO02709,CUST00320,PROD0134,2026-04-05,734,33867.49,24858737.66,Processing
SO02710,CUST00033,PROD0060,2025-06-25,173,21725.61,3758530.53,Processing
SO02711,CUST00481,PROD0045,2025-12-05,157,11810.35,1854224.95,Pending
SO02712,CUST00070,PROD0148,2025-06-27,465,33680.65,15661502.25,Delivered
SO02713,CUST00132,PROD0010,2025-12-02,115,13830.07,1590458.05,Shipped
SO02714,CUST00282,PROD0176,2025-09-12,303,15703.4,4758130.2,Pending
SO02715,CUST00121,PROD0165,2025-10-26,88,31729.46,2792192.48,Delivered
SO02716,CUST00185,PROD0154,2025-11-15,275,3725.86,1024611.5,Delivered
SO02717,CUST00417,PROD0162,2026-05-02,588,9965.37,5859637.56,Cancelled
SO02718,CUST00111,PROD0103,2026-03-15,421,24618.75,10364493.75,Pending
SO02719,CUST00245,PROD0090,2025-09-05,369,40552.42,14963842.98,Shipped
SO02720,CUST00144,PROD0087,2025-01-18,558,25353.37,14147180.46,Processing
SO02721,CUST00007,PROD0190,2025-02-09,512,5101.55,2611993.6,Cancelled
SO02722,CUST00028,PROD0188,2026-08-19,193,25363.23,4895103.39,Shipped
SO02723,CUST00323,PROD0020,2025-04-08,233,9432.44,2197758.52,Cancelled
SO02724,CUST00002,PROD0073,2026-05-28,198,11418.96,2260954.08,Delivered
SO02725,CUST00345,PROD0108,2026-01-19,595,14694.11,8742995.45,Delivered
SO02726,CUST00043,PROD0080,2025-02-19,416,5172.65,2151822.4,Pending
SO02727,CUST00472,PROD0054,2025-07-24,335,20662.83,6922048.05,Pending
SO02728,CUST00086,PROD0045,2026-03-22,393,9449.83,3713783.19,Processing
SO02729,CUST00199,PROD0191,2025-03-21,283,9689.56,2742145.48,Delivered
SO02730,CUST00119,PROD0030,2025-08-21,389,14223.68,5533011.52,Delivered
SO02731,CUST00489,PROD0040,2026-07-17,195,11488.57,2240271.15,Delivered
SO02732,CUST00354,PROD0115,2025-03-29,124,13089.34,1623078.16,Processing
SO02733,CUST00239,PROD0190,2025-11-21,257,3850.67,989622.19,Shipped
SO02734,CUST00186,PROD0008,2026-08-10,568,26072.68,14809282.24,Pending
SO02735,CUST00003,PROD0194,2025-01-12,341,16918.22,5769113.02,Delivered
SO02736,CUST00327,PROD0092,2025-08-27,162,10315.26,1671072.12,Cancelled
SO02737,CUST00307,PROD0095,2026-01-09,90,1224.01,110160.9,Delivered
SO02738,CUST00094,PROD0068,2026-01-06,113,27458.07,3102761.91,Pending
SO02739,CUST00361,PROD0048,2025-06-03,540,24995.38,13497505.2,Delivered
SO02740,CUST00028,PROD0102,2025-04-11,425,16230.23,6897847.75,Delivered
SO02741,CUST00151,PROD0149,2025-06-22,172,26080.76,4485890.72,Delivered
SO02742,CUST00226,PROD0114,2026-04-02,295,13482.15,3977234.25,Delivered
SO02743,CUST00189,PROD0121,2025-02-14,88,22452.02,1975777.76,Delivered
SO02744,CUST00366,PROD0127,2025-05-12,699,30392.94,21244665.06,Processing
SO02745,CUST00356,PROD0174,2026-05-21,357,28546.89,10191239.73,Cancelled
SO02746,CUST00270,PROD0119,2025-11-20,536,11352.13,6084741.68,Pending
SO02747,CUST00305,PROD0183,2026-06-21,119,3150.82,374947.58,Shipped
SO02748,CUST00051,PROD0123,2025-09-13,109,31569.39,3441063.51,Pending
SO02749,CUST00035,PROD0067,2025-04-06,167,8067.07,1347200.69,Delivered
SO02750,CUST00360,PROD0129,2025-10-27,320,22781.75,7290160.0,Pending
SO02751,CUST00226,PROD0056,2026-03-03,77,34139.64,2628752.28,Pending
SO02752,CUST00039,PROD0190,2026-03-31,482,5365.51,2586175.82,Pending
SO02753,CUST00048,PROD0147,2025-09-28,1,3034.29,3034.29,Delivered
SO02754,CUST00159,PROD0082,2025-11-25,671,18345.83,12310051.93,Delivered
SO02755,CUST00099,PROD0066,2025-01-06,8,1266.89,10135.12,Shipped
SO02756,CUST00478,PROD0127,2025-04-03,413,33267.49,13739473.37,Delivered
SO02757,CUST00199,PROD0027,2025-01-30,212,22478.16,4765369.92,Delivered
SO02758,CUST00345,PROD0033,2025-04-17,463,4733.14,2191443.82,Delivered
SO02759,CUST00341,PROD0134,2025-04-03,647,37628.32,24345523.04,Delivered
SO02760,CUST00016,PROD0063,2025-06-16,326,14971.2,4880611.2,Delivered
SO02761,CUST00133,PROD0004,2026-03-09,32,3408.5,109072.0,Delivered
SO02762,CUST00149,PROD0034,2025-11-21,409,2526.05,1033154.45,Shipped
SO02763,CUST00284,PROD0039,2026-03-25,298,6434.64,1917522.72,Delivered
SO02764,CUST00106,PROD0070,2025-10-14,706,14846.63,10481720.78,Cancelled
SO02765,CUST00429,PROD0032,2025-03-13,260,13397.44,3483334.4,Delivered
SO02766,CUST00338,PROD0102,2025-10-26,447,15019.22,6713591.34,Pending
SO02767,CUST00075,PROD0033,2026-06-25,235,6236.87,1465664.45,Delivered
SO02768,CUST00459,PROD0076,2026-03-12,130,8815.82,1146056.6,Shipped
SO02769,CUST00472,PROD0131,2026-03-09,268,12820.37,3435859.16,Delivered
SO02770,CUST00051,PROD0161,2025-12-23,719,11915.86,8567503.34,Delivered
SO02771,CUST00471,PROD0177,2025-10-13,433,24655.52,10675840.16,Delivered
SO02772,CUST00147,PROD0109,2026-05-23,264,11307.57,2985198.48,Shipped
SO02773,CUST00051,PROD0111,2025-08-28,277,10368.21,2871994.17,Delivered
SO02774,CUST00018,PROD0200,2026-03-17,332,36358.11,12070892.52,Delivered
SO02775,CUST00354,PROD0055,2025-04-09,488,3236.32,1579324.16,Pending
SO02776,CUST00477,PROD0058,2025-04-17,658,2656.92,1748253.36,Shipped
SO02777,CUST00324,PROD0027,2025-09-05,701,17285.62,12117219.62,Processing
SO02778,CUST00328,PROD0124,2025-02-16,549,4962.86,2724610.14,Pending
SO02779,CUST00232,PROD0192,2025-11-25,385,3719.34,1431945.9,Processing
SO02780,CUST00117,PROD0004,2026-06-24,281,3475.56,976632.36,Shipped
SO02781,CUST00328,PROD0073,2025-10-12,501,11895.66,5959725.66,Processing
SO02782,CUST00137,PROD0180,2025-09-01,229,14696.69,3365542.01,Shipped
SO02783,CUST00128,PROD0111,2026-04-26,618,9973.02,6163326.36,Delivered
SO02784,CUST00258,PROD0198,2026-03-13,369,9751.18,3598185.42,Pending
SO02785,CUST00040,PROD0171,2025-09-05,720,16281.17,11722442.4,Pending
SO02786,CUST00131,PROD0002,2025-02-19,578,8663.04,5007237.12,Delivered
SO02787,CUST00266,PROD0084,2025-04-29,637,11405.89,7265551.93,Processing
SO02788,CUST00138,PROD0165,2026-04-04,19,34538.78,656236.82,Delivered
SO02789,CUST00011,PROD0084,2026-08-02,742,13177.46,9777675.32,Pending
SO02790,CUST00307,PROD0090,2025-02-03,495,39812.95,19707410.25,Delivered
SO02791,CUST00272,PROD0069,2025-03-11,458,35721.16,16360291.28,Delivered
SO02792,CUST00026,PROD0102,2026-06-02,211,18987.51,4006364.61,Processing
SO02793,CUST00148,PROD0020,2025-06-26,437,10002.57,4371123.09,Delivered
SO02794,CUST00442,PROD0069,2025-12-21,37,36758.66,1360070.42,Shipped
SO02795,CUST00091,PROD0190,2026-01-26,500,4682.71,2341355.0,Pending
SO02796,CUST00262,PROD0137,2025-01-27,672,22461.19,15093919.68,Processing
SO02797,CUST00046,PROD0196,2025-07-26,126,25424.06,3203431.56,Shipped
SO02798,CUST00236,PROD0150,2025-05-01,341,32359.27,11034511.07,Pending
SO02799,CUST00399,PROD0042,2025-06-02,215,18507.07,3979020.05,Delivered
SO02800,CUST00200,PROD0125,2025-12-04,511,8305.46,4244090.06,Delivered
SO02801,CUST00266,PROD0089,2025-08-08,440,11330.71,4985512.4,Delivered
SO02802,CUST00359,PROD0030,2026-04-17,268,14207.18,3807524.24,Delivered
SO02803,CUST00255,PROD0168,2025-06-28,726,12708.74,9226545.24,Delivered
SO02804,CUST00334,PROD0126,2025-11-20,239,10044.62,2400664.18,Pending
SO02805,CUST00465,PROD0026,2025-07-04,693,31978.26,22160934.18,Shipped
SO02806,CUST00312,PROD0065,2025-01-13,190,7009.12,1331732.8,Processing
SO02807,CUST00134,PROD0029,2026-05-08,379,9574.65,3628792.35,Delivered
SO02808,CUST00074,PROD0088,2025-10-22,52,4966.39,258252.28,Shipped
SO02809,CUST00070,PROD0170,2026-08-04,338,18161.1,6138451.8,Pending
SO02810,CUST00443,PROD0197,2025-01-03,589,23414.64,13791222.96,Shipped
SO02811,CUST00252,PROD0127,2026-07-15,623,32354.71,20156984.33,Shipped
SO02812,CUST00203,PROD0076,2025-08-18,688,8943.5,6153128.0,Processing
SO02813,CUST00300,PROD0090,2026-04-17,465,29675.91,13799298.15,Processing
SO02814,CUST00217,PROD0175,2025-04-12,74,2971.55,219894.7,Delivered
SO02815,CUST00165,PROD0027,2025-09-03,105,22555.06,2368281.3,Processing
SO02816,CUST00336,PROD0054,2025-09-03,52,19955.55,1037688.6,Delivered
SO02817,CUST00191,PROD0196,2025-07-12,693,24236.25,16795721.25,Pending
SO02818,CUST00499,PROD0148,2026-02-19,286,37117.38,10615570.68,Pending
SO02819,CUST00365,PROD0188,2025-10-23,107,25988.68,2780788.76,Delivered
SO02820,CUST00093,PROD0059,2025-05-10,175,32923.49,5761610.75,Processing
SO02821,CUST00269,PROD0193,2025-09-13,330,18995.45,6268498.5,Pending
SO02822,CUST00031,PROD0197,2026-05-01,737,25412.55,18729049.35,Delivered
SO02823,CUST00128,PROD0123,2025-04-18,13,40229.63,522985.19,Cancelled
SO02824,CUST00450,PROD0113,2026-07-30,532,29804.67,15856084.44,Processing
SO02825,CUST00116,PROD0029,2025-05-07,435,10150.9,4415641.5,Shipped
SO02826,CUST00072,PROD0097,2025-07-10,666,19018.08,12666041.28,Delivered
SO02827,CUST00229,PROD0018,2025-08-03,382,24090.11,9202422.02,Delivered
SO02828,CUST00432,PROD0140,2026-04-05,309,1231.01,380382.09,Processing
SO02829,CUST00403,PROD0198,2026-07-27,253,11401.45,2884566.85,Delivered
SO02830,CUST00333,PROD0113,2025-10-12,237,34158.14,8095479.18,Delivered
SO02831,CUST00229,PROD0016,2025-08-02,688,13890.58,9556719.04,Delivered
SO02832,CUST00157,PROD0094,2025-06-23,321,13169.56,4227428.76,Delivered
SO02833,CUST00452,PROD0004,2026-05-15,16,3811.26,60980.16,Delivered
SO02834,CUST00165,PROD0167,2025-12-31,520,26327.64,13690372.8,Pending
SO02835,CUST00283,PROD0186,2025-09-28,104,8047.98,836989.92,Shipped
SO02836,CUST00342,PROD0143,2025-01-29,184,24659.03,4537261.52,Shipped
SO02837,CUST00165,PROD0015,2026-06-14,140,10891.5,1524810.0,Processing
SO02838,CUST00247,PROD0152,2026-05-19,567,11489.22,6514387.74,Cancelled
SO02839,CUST00249,PROD0189,2026-06-12,363,7820.36,2838790.68,Delivered
SO02840,CUST00219,PROD0198,2026-01-16,302,9510.9,2872291.8,Pending
SO02841,CUST00111,PROD0191,2025-08-29,35,11053.37,386867.95,Delivered
SO02842,CUST00214,PROD0175,2026-02-25,506,2882.96,1458777.76,Pending
SO02843,CUST00110,PROD0196,2026-02-16,239,24755.89,5916657.71,Processing
SO02844,CUST00368,PROD0111,2025-03-12,714,8492.99,6063994.86,Delivered
SO02845,CUST00171,PROD0087,2026-08-28,226,23003.83,5198865.58,Delivered
SO02846,CUST00372,PROD0030,2025-07-30,195,15261.89,2976068.55,Delivered
SO02847,CUST00253,PROD0160,2026-05-15,80,12721.46,1017716.8,Delivered
SO02848,CUST00249,PROD0147,2025-08-09,647,3001.45,1941938.15,Delivered
SO02849,CUST00416,PROD0138,2025-04-10,595,20683.64,12306765.8,Delivered
SO02850,CUST00147,PROD0095,2025-01-15,530,1061.96,562838.8,Delivered
SO02851,CUST00201,PROD0047,2025-04-09,277,25453.75,7050688.75,Shipped
SO02852,CUST00153,PROD0111,2025-05-11,573,9173.19,5256237.87,Delivered
SO02853,CUST00185,PROD0083,2025-05-31,63,21965.76,1383842.88,Pending
SO02854,CUST00295,PROD0170,2025-05-18,621,16591.82,10303520.22,Shipped
SO02855,CUST00197,PROD0113,2025-08-13,640,35340.99,22618233.6,Delivered
SO02856,CUST00082,PROD0192,2026-04-07,746,3686.2,2749905.2,Delivered
SO02857,CUST00417,PROD0170,2026-07-16,620,16581.08,10280269.6,Delivered
SO02858,CUST00006,PROD0138,2025-11-25,102,24647.36,2514030.72,Shipped
SO02859,CUST00277,PROD0192,2026-03-01,270,4104.14,1108117.8,Delivered
SO02860,CUST00381,PROD0179,2026-04-03,737,1258.31,927374.47,Delivered
SO02861,CUST00135,PROD0076,2026-04-03,190,6627.79,1259280.1,Delivered
SO02862,CUST00475,PROD0163,2025-02-26,371,5394.83,2001481.93,Cancelled
SO02863,CUST00473,PROD0177,2026-01-14,682,24014.75,16378059.5,Processing
SO02864,CUST00005,PROD0145,2025-10-15,179,12388.19,2217486.01,Shipped
SO02865,CUST00410,PROD0081,2026-05-26,616,1833.82,1129633.12,Shipped
SO02866,CUST00474,PROD0007,2025-02-06,74,18812.71,1392140.54,Delivered
SO02867,CUST00156,PROD0009,2025-03-22,358,26809.48,9597793.84,Processing
SO02868,CUST00323,PROD0123,2026-02-01,20,34864.24,697284.8,Pending
SO02869,CUST00489,PROD0111,2025-10-06,368,9324.51,3431419.68,Delivered
SO02870,CUST00007,PROD0011,2025-02-20,301,20535.45,6181170.45,Delivered
SO02871,CUST00131,PROD0092,2026-02-27,258,9680.94,2497682.52,Delivered
SO02872,CUST00152,PROD0188,2025-08-05,549,33262.68,18261211.32,Delivered
SO02873,CUST00209,PROD0005,2026-01-05,289,39626.88,11452168.32,Processing
SO02874,CUST00441,PROD0073,2025-05-26,406,12478.52,5066279.12,Delivered
SO02875,CUST00031,PROD0022,2026-03-09,198,17373.25,3439903.5,Shipped
SO02876,CUST00379,PROD0021,2025-12-06,92,17105.36,1573693.12,Delivered
SO02877,CUST00406,PROD0099,2025-04-20,362,2257.0,817034.0,Shipped
SO02878,CUST00286,PROD0173,2025-03-03,121,21382.47,2587278.87,Delivered
SO02879,CUST00158,PROD0062,2025-01-24,112,26271.15,2942368.8,Delivered
SO02880,CUST00398,PROD0128,2025-03-14,263,12975.6,3412582.8,Delivered
SO02881,CUST00247,PROD0124,2025-10-09,740,5418.0,4009320.0,Pending
SO02882,CUST00321,PROD0011,2025-04-14,708,29368.02,20792558.16,Delivered
SO02883,CUST00359,PROD0064,2025-06-10,125,30454.78,3806847.5,Delivered
SO02884,CUST00084,PROD0093,2025-03-01,315,7193.31,2265892.65,Delivered
SO02885,CUST00131,PROD0075,2026-06-07,285,23247.66,6625583.1,Delivered
SO02886,CUST00390,PROD0165,2026-01-10,518,32954.01,17070177.18,Shipped
SO02887,CUST00350,PROD0079,2025-09-15,87,33721.92,2933807.04,Processing
SO02888,CUST00261,PROD0198,2025-07-09,69,12804.32,883498.08,Pending
SO02889,CUST00443,PROD0114,2025-09-05,648,13763.8,8918942.4,Pending
SO02890,CUST00393,PROD0127,2025-10-13,730,30078.18,21957071.4,Shipped
SO02891,CUST00235,PROD0192,2026-08-16,735,4184.7,3075754.5,Processing
SO02892,CUST00469,PROD0077,2025-09-30,543,29785.89,16173738.27,Processing
SO02893,CUST00011,PROD0002,2025-11-10,589,10324.14,6080918.46,Delivered
SO02894,CUST00131,PROD0104,2026-07-12,241,10031.33,2417550.53,Shipped
SO02895,CUST00330,PROD0192,2025-06-08,297,4589.36,1363039.92,Pending
SO02896,CUST00254,PROD0144,2026-05-31,19,29109.56,553081.64,Delivered
SO02897,CUST00245,PROD0102,2025-09-07,683,18306.23,12503155.09,Shipped
SO02898,CUST00412,PROD0066,2026-03-05,586,1088.72,637989.92,Delivered
SO02899,CUST00024,PROD0083,2026-06-28,255,18202.47,4641629.85,Delivered
SO02900,CUST00289,PROD0026,2025-04-25,551,27288.35,15035880.85,Delivered
SO02901,CUST00293,PROD0115,2026-07-06,314,12315.51,3867070.14,Shipped
SO02902,CUST00218,PROD0178,2026-03-19,410,31687.65,12991936.5,Shipped
SO02903,CUST00302,PROD0031,2025-03-25,616,2454.4,1511910.4,Delivered
SO02904,CUST00430,PROD0065,2026-01-25,130,8013.63,1041771.9,Shipped
SO02905,CUST00058,PROD0115,2025-08-04,446,14355.27,6402450.42,Processing
SO02906,CUST00272,PROD0091,2025-01-16,431,36454.73,15711988.63,Delivered
SO02907,CUST00060,PROD0007,2026-08-12,644,20025.62,12896499.28,Shipped
SO02908,CUST00408,PROD0188,2025-08-06,606,31469.09,19070268.54,Pending
SO02909,CUST00249,PROD0012,2026-03-02,678,10511.75,7126966.5,Delivered
SO02910,CUST00245,PROD0124,2026-04-02,114,4657.17,530917.38,Delivered
SO02911,CUST00434,PROD0120,2026-04-07,57,6766.76,385705.32,Delivered
SO02912,CUST00357,PROD0022,2025-01-19,369,16309.81,6018319.89,Delivered
SO02913,CUST00019,PROD0164,2025-10-16,636,18710.28,11899738.08,Pending
SO02914,CUST00235,PROD0083,2025-11-25,136,18934.54,2575097.44,Cancelled
SO02915,CUST00252,PROD0067,2025-08-10,274,8665.66,2374390.84,Processing
SO02916,CUST00173,PROD0188,2026-01-01,345,32122.3,11082193.5,Shipped
SO02917,CUST00483,PROD0193,2026-02-04,690,15978.13,11024909.7,Delivered
SO02918,CUST00354,PROD0070,2025-12-13,189,13746.94,2598171.66,Pending
SO02919,CUST00014,PROD0145,2025-12-08,350,17565.98,6148093.0,Shipped
SO02920,CUST00083,PROD0121,2026-04-06,482,19291.43,9298469.26,Processing
SO02921,CUST00244,PROD0100,2025-05-27,586,24241.69,14205630.34,Processing
SO02922,CUST00255,PROD0016,2026-07-24,735,15683.84,11527622.4,Cancelled
SO02923,CUST00377,PROD0166,2025-06-11,437,31247.85,13655310.45,Delivered
SO02924,CUST00474,PROD0109,2026-02-24,625,12307.34,7692087.5,Shipped
SO02925,CUST00399,PROD0119,2025-07-11,446,11588.06,5168274.76,Delivered
SO02926,CUST00089,PROD0165,2026-07-08,615,37260.54,22915232.1,Shipped
SO02927,CUST00101,PROD0178,2025-10-20,370,23868.79,8831452.3,Cancelled
SO02928,CUST00411,PROD0027,2026-02-12,443,20075.65,8893512.95,Delivered
SO02929,CUST00349,PROD0135,2026-04-24,263,3062.32,805390.16,Processing
SO02930,CUST00148,PROD0145,2026-03-07,67,15470.85,1036546.95,Delivered
SO02931,CUST00298,PROD0086,2026-03-15,23,3029.61,69681.03,Shipped
SO02932,CUST00176,PROD0156,2025-06-27,181,9013.1,1631371.1,Delivered
SO02933,CUST00179,PROD0110,2025-03-17,628,29446.78,18492577.84,Delivered
SO02934,CUST00073,PROD0054,2026-06-06,55,23293.38,1281135.9,Delivered
SO02935,CUST00033,PROD0051,2026-06-21,221,26611.55,5881152.55,Shipped
SO02936,CUST00010,PROD0037,2026-08-17,214,15503.71,3317793.94,Processing
SO02937,CUST00092,PROD0111,2025-08-26,588,11445.84,6730153.92,Delivered
SO02938,CUST00320,PROD0073,2025-10-13,101,13103.88,1323491.88,Delivered
SO02939,CUST00345,PROD0148,2026-01-24,655,29831.3,19539501.5,Processing
SO02940,CUST00061,PROD0166,2025-05-01,711,24397.45,17346586.95,Pending
SO02941,CUST00462,PROD0068,2026-03-07,41,27545.23,1129354.43,Cancelled
SO02942,CUST00080,PROD0142,2026-07-10,474,31331.29,14851031.46,Pending
SO02943,CUST00223,PROD0092,2025-09-27,605,8710.22,5269683.1,Cancelled
SO02944,CUST00015,PROD0049,2025-05-29,237,7159.82,1696877.34,Pending
SO02945,CUST00189,PROD0155,2025-03-02,395,12233.94,4832406.3,Shipped
SO02946,CUST00130,PROD0040,2026-08-17,223,13914.87,3103016.01,Pending
SO02947,CUST00286,PROD0173,2025-07-13,213,24423.3,5202162.9,Delivered
SO02948,CUST00454,PROD0041,2025-10-21,543,31859.13,17299507.59,Delivered
SO02949,CUST00369,PROD0123,2026-05-01,248,31429.66,7794555.68,Processing
SO02950,CUST00028,PROD0189,2025-11-29,250,7118.08,1779520.0,Cancelled
SO02951,CUST00448,PROD0115,2025-07-03,487,13996.96,6816519.52,Shipped
SO02952,CUST00233,PROD0148,2025-03-23,210,35415.61,7437278.1,Delivered
SO02953,CUST00024,PROD0085,2026-01-02,361,3580.36,1292509.96,Delivered
SO02954,CUST00143,PROD0168,2025-05-30,649,11786.05,7649146.45,Shipped
SO02955,CUST00126,PROD0177,2026-06-08,478,22220.34,10621322.52,Pending
SO02956,CUST00391,PROD0182,2026-04-18,500,14325.02,7162510.0,Delivered
SO02957,CUST00451,PROD0171,2026-06-07,540,16818.52,9082000.8,Delivered
SO02958,CUST00411,PROD0044,2025-03-23,540,10716.15,5786721.0,Delivered
SO02959,CUST00250,PROD0123,2026-06-03,264,33915.41,8953668.24,Processing
SO02960,CUST00027,PROD0076,2025-03-27,19,7892.02,149948.38,Shipped
SO02961,CUST00306,PROD0097,2025-06-19,636,26942.93,17135703.48,Delivered
SO02962,CUST00428,PROD0192,2025-07-07,289,3799.71,1098116.19,Delivered
SO02963,CUST00039,PROD0171,2025-08-14,527,13563.4,7147911.8,Delivered
SO02964,CUST00136,PROD0020,2025-01-21,722,9858.12,7117562.64,Delivered
SO02965,CUST00291,PROD0018,2025-04-15,138,29390.49,4055887.62,Shipped
SO02966,CUST00403,PROD0177,2025-09-13,255,25300.24,6451561.2,Cancelled
SO02967,CUST00217,PROD0094,2025-07-04,449,14368.75,6451568.75,Delivered
SO02968,CUST00114,PROD0092,2026-02-10,326,7581.98,2471725.48,Processing
SO02969,CUST00108,PROD0017,2026-01-14,678,19173.2,12999429.6,Pending
SO02970,CUST00262,PROD0078,2025-11-28,379,24580.94,9316176.26,Pending
SO02971,CUST00417,PROD0057,2025-04-04,489,22530.44,11017385.16,Delivered
SO02972,CUST00341,PROD0178,2025-03-09,473,26400.58,12487474.34,Delivered
SO02973,CUST00185,PROD0107,2026-04-07,29,25207.83,731027.07,Cancelled
SO02974,CUST00095,PROD0027,2025-01-07,723,24780.01,17915947.23,Cancelled
SO02975,CUST00110,PROD0117,2026-04-01,219,13693.48,2998872.12,Processing
SO02976,CUST00043,PROD0002,2025-02-15,101,10324.07,1042731.07,Pending
SO02977,CUST00088,PROD0106,2026-08-03,161,1256.51,202298.11,Shipped
SO02978,CUST00316,PROD0041,2026-07-19,164,37323.78,6121099.92,Shipped
SO02979,CUST00008,PROD0001,2025-09-25,426,6542.49,2787100.74,Processing
SO02980,CUST00139,PROD0178,2025-12-09,608,28071.03,17067186.24,Delivered
SO02981,CUST00469,PROD0167,2025-06-25,321,29692.51,9531295.71,Cancelled
SO02982,CUST00128,PROD0088,2025-10-05,556,4555.57,2532896.92,Pending
SO02983,CUST00043,PROD0017,2026-04-28,571,24697.47,14102255.37,Delivered
SO02984,CUST00490,PROD0078,2025-02-03,348,21219.63,7384431.24,Pending
SO02985,CUST00473,PROD0018,2025-09-06,725,24153.01,17510932.25,Pending
SO02986,CUST00030,PROD0039,2026-02-21,494,7408.25,3659675.5,Shipped
SO02987,CUST00408,PROD0194,2025-10-08,507,20826.67,10559121.69,Processing
SO02988,CUST00026,PROD0084,2026-03-04,263,13744.91,3614911.33,Pending
SO02989,CUST00193,PROD0039,2025-12-07,325,7602.21,2470718.25,Delivered
SO02990,CUST00087,PROD0046,2025-10-07,318,8482.72,2697504.96,Delivered
SO02991,CUST00199,PROD0152,2025-02-28,270,11086.51,2993357.7,Shipped
SO02992,CUST00388,PROD0029,2026-03-01,747,9957.95,7438588.65,Delivered
SO02993,CUST00451,PROD0028,2025-09-22,531,13480.53,7158161.43,Shipped
SO02994,CUST00407,PROD0030,2025-04-22,308,17234.17,5308124.36,Pending
SO02995,CUST00196,PROD0015,2025-04-10,378,11793.32,4457874.96,Delivered
SO02996,CUST00291,PROD0128,2025-03-19,688,17220.0,11847360.0,Delivered
SO02997,CUST00022,PROD0143,2026-05-17,175,23156.6,4052405.0,Shipped
SO02998,CUST00436,PROD0084,2026-01-26,48,10791.89,518010.72,Shipped
SO02999,CUST00462,PROD0077,2025-04-04,286,28180.76,8059697.36,Processing
SO03000,CUST00393,PROD0038,2025-09-24,415,26053.28,10812111.2,Processing
SO03001,CUST00276,PROD0016,2026-06-27,717,14456.81,10365532.77,Delivered
SO03002,CUST00420,PROD0032,2025-12-03,233,11425.81,2662213.73,Processing
SO03003,CUST00395,PROD0046,2026-03-02,421,8850.98,3726262.58,Pending
SO03004,CUST00023,PROD0076,2026-03-31,147,7310.6,1074658.2,Delivered
SO03005,CUST00341,PROD0130,2026-07-31,120,29770.7,3572484.0,Pending
SO03006,CUST00228,PROD0098,2025-01-06,676,19187.89,12971013.64,Delivered
SO03007,CUST00023,PROD0110,2025-01-11,548,24914.04,13652893.92,Delivered
SO03008,CUST00185,PROD0148,2026-03-13,484,27432.17,13277170.28,Pending
SO03009,CUST00201,PROD0106,2026-04-24,108,1604.46,173281.68,Delivered
SO03010,CUST00444,PROD0118,2025-05-05,86,31408.57,2701137.02,Delivered
SO03011,CUST00222,PROD0004,2026-05-22,83,4385.81,364022.23,Pending
SO03012,CUST00388,PROD0029,2025-12-23,728,9897.32,7205248.96,Pending
SO03013,CUST00461,PROD0115,2025-01-06,485,12855.69,6235009.65,Delivered
SO03014,CUST00499,PROD0095,2025-10-18,372,1216.77,452638.44,Delivered
SO03015,CUST00472,PROD0124,2026-03-15,494,5687.17,2809461.98,Delivered
SO03016,CUST00068,PROD0177,2026-05-15,95,26754.7,2541696.5,Delivered
SO03017,CUST00284,PROD0195,2025-07-01,239,9713.65,2321562.35,Pending
SO03018,CUST00106,PROD0003,2025-09-23,651,23033.28,14994665.28,Delivered
SO03019,CUST00082,PROD0116,2026-01-07,181,7806.4,1412958.4,Processing
SO03020,CUST00114,PROD0051,2026-07-02,433,28463.24,12324582.92,Delivered
SO03021,CUST00402,PROD0177,2025-10-15,56,29621.81,1658821.36,Shipped
SO03022,CUST00088,PROD0176,2025-04-15,47,14834.45,697219.15,Processing
SO03023,CUST00414,PROD0074,2025-10-02,705,34050.83,24005835.15,Pending
SO03024,CUST00303,PROD0189,2026-02-05,547,10401.39,5689560.33,Processing
SO03025,CUST00091,PROD0172,2025-04-03,170,7283.18,1238140.6,Delivered
SO03026,CUST00032,PROD0137,2025-05-13,222,26202.93,5817050.46,Shipped
SO03027,CUST00277,PROD0010,2026-07-27,153,14179.91,2169526.23,Pending
SO03028,CUST00406,PROD0018,2025-02-09,414,32427.4,13424943.6,Delivered
SO03029,CUST00377,PROD0168,2025-02-18,408,13798.95,5629971.6,Delivered
SO03030,CUST00462,PROD0096,2025-08-20,346,2684.49,928833.54,Pending
SO03031,CUST00163,PROD0032,2025-04-19,401,11425.16,4581489.16,Delivered
SO03032,CUST00224,PROD0181,2025-03-20,424,29439.15,12482199.6,Processing
SO03033,CUST00278,PROD0102,2025-12-22,198,16624.23,3291597.54,Cancelled
SO03034,CUST00400,PROD0093,2025-05-16,250,7234.01,1808502.5,Delivered
SO03035,CUST00097,PROD0037,2026-05-15,63,13841.38,872006.94,Delivered
SO03036,CUST00185,PROD0012,2025-10-10,563,13518.63,7610988.69,Pending
SO03037,CUST00315,PROD0069,2026-02-01,19,34246.28,650679.32,Processing
SO03038,CUST00420,PROD0053,2026-04-20,666,4374.06,2913123.96,Processing
SO03039,CUST00419,PROD0138,2025-04-10,205,25268.97,5180138.85,Delivered
SO03040,CUST00387,PROD0015,2025-05-01,53,10548.79,559085.87,Delivered
SO03041,CUST00277,PROD0075,2025-11-27,528,22384.8,11819174.4,Cancelled
SO03042,CUST00437,PROD0183,2025-09-04,578,2938.28,1698325.84,Delivered
SO03043,CUST00142,PROD0111,2025-01-06,64,9000.48,576030.72,Pending
SO03044,CUST00001,PROD0182,2026-03-01,547,14431.23,7893882.81,Pending
SO03045,CUST00455,PROD0010,2026-05-24,394,13710.73,5402027.62,Pending
SO03046,CUST00241,PROD0096,2025-09-08,639,2859.13,1826984.07,Delivered
SO03047,CUST00453,PROD0157,2026-04-24,53,27168.68,1439940.04,Pending
SO03048,CUST00421,PROD0063,2026-07-22,60,13769.69,826181.4,Delivered
SO03049,CUST00336,PROD0136,2026-05-16,591,11661.07,6891692.37,Pending
SO03050,CUST00135,PROD0095,2026-03-12,117,1473.05,172346.85,Delivered
SO03051,CUST00165,PROD0162,2025-02-18,52,13117.67,682118.84,Delivered
SO03052,CUST00475,PROD0084,2026-07-13,503,11090.55,5578546.65,Processing
SO03053,CUST00261,PROD0199,2026-07-10,1,9756.87,9756.87,Delivered
SO03054,CUST00013,PROD0098,2025-11-11,164,18982.05,3113056.2,Processing
SO03055,CUST00228,PROD0042,2025-01-03,353,19083.34,6736419.02,Delivered
SO03056,CUST00356,PROD0036,2026-01-15,550,12830.95,7057022.5,Delivered
SO03057,CUST00460,PROD0015,2026-01-14,120,8819.9,1058388.0,Delivered
SO03058,CUST00042,PROD0024,2026-04-25,449,6306.43,2831587.07,Delivered
SO03059,CUST00007,PROD0185,2025-12-20,371,6153.03,2282774.13,Cancelled
SO03060,CUST00450,PROD0136,2025-05-04,651,12990.62,8456893.62,Processing
SO03061,CUST00384,PROD0024,2026-01-03,297,5239.54,1556143.38,Delivered
SO03062,CUST00253,PROD0067,2025-01-04,648,8640.73,5599193.04,Cancelled
SO03063,CUST00035,PROD0085,2026-01-18,439,4173.1,1831990.9,Pending
SO03064,CUST00111,PROD0198,2025-08-06,158,11111.46,1755610.68,Shipped
SO03065,CUST00402,PROD0199,2025-05-29,392,9829.69,3853238.48,Pending
SO03066,CUST00136,PROD0115,2026-08-21,232,12650.0,2934800.0,Pending
SO03067,CUST00022,PROD0146,2025-07-27,155,25220.32,3909149.6,Delivered
SO03068,CUST00309,PROD0013,2025-07-28,385,17301.06,6660908.1,Delivered
SO03069,CUST00211,PROD0012,2025-07-23,450,9545.69,4295560.5,Delivered
SO03070,CUST00105,PROD0123,2025-05-07,211,35368.64,7462783.04,Delivered
SO03071,CUST00071,PROD0166,2025-03-30,321,28243.65,9066211.65,Pending
SO03072,CUST00114,PROD0111,2026-08-05,399,10360.96,4134023.04,Pending
SO03073,CUST00153,PROD0054,2026-03-18,438,22140.11,9697368.18,Shipped
SO03074,CUST00337,PROD0079,2025-03-28,323,30978.73,10006129.79,Processing
SO03075,CUST00191,PROD0108,2025-10-14,566,16666.51,9433244.66,Delivered
SO03076,CUST00299,PROD0082,2026-07-11,112,25649.93,2872792.16,Delivered
SO03077,CUST00405,PROD0168,2025-08-27,111,12901.46,1432062.06,Processing
SO03078,CUST00246,PROD0106,2026-08-16,234,1350.1,315923.4,Shipped
SO03079,CUST00066,PROD0051,2025-02-17,9,22221.59,199994.31,Pending
SO03080,CUST00124,PROD0057,2025-08-04,709,27311.17,19363619.53,Processing
SO03081,CUST00054,PROD0170,2025-09-03,584,19405.98,11333092.32,Shipped
SO03082,CUST00014,PROD0157,2025-11-29,744,27942.17,20788974.48,Delivered
SO03083,CUST00133,PROD0002,2025-01-17,25,10762.09,269052.25,Delivered
SO03084,CUST00470,PROD0112,2026-07-14,389,3064.21,1191977.69,Delivered
SO03085,CUST00416,PROD0128,2025-02-11,668,13460.77,8991794.36,Delivered
SO03086,CUST00238,PROD0081,2025-06-14,489,1832.13,895911.57,Processing
SO03087,CUST00104,PROD0106,2026-03-13,516,1229.09,634210.44,Delivered
SO03088,CUST00100,PROD0136,2026-05-13,60,16133.46,968007.6,Shipped
SO03089,CUST00104,PROD0049,2025-05-31,45,7163.45,322355.25,Delivered
SO03090,CUST00278,PROD0044,2026-08-18,302,8965.16,2707478.32,Delivered
SO03091,CUST00186,PROD0026,2026-04-23,537,29815.68,16011020.16,Delivered
SO03092,CUST00002,PROD0145,2025-04-17,520,15893.83,8264791.6,Pending
SO03093,CUST00430,PROD0049,2026-02-28,414,6885.61,2850642.54,Pending
SO03094,CUST00259,PROD0167,2025-06-28,666,21818.69,14531247.54,Delivered
SO03095,CUST00199,PROD0003,2026-08-11,15,21215.63,318234.45,Pending
SO03096,CUST00438,PROD0130,2026-02-13,698,37352.51,26072051.98,Delivered
SO03097,CUST00250,PROD0151,2025-06-13,49,5162.07,252941.43,Pending
SO03098,CUST00088,PROD0140,2026-01-14,689,1229.1,846849.9,Delivered
SO03099,CUST00217,PROD0140,2025-01-24,77,1441.58,111001.66,Processing
SO03100,CUST00324,PROD0074,2025-06-10,104,36698.56,3816650.24,Processing
SO03101,CUST00310,PROD0114,2026-04-13,9,14316.45,128848.05,Delivered
SO03102,CUST00272,PROD0055,2025-03-05,271,2795.23,757507.33,Delivered
SO03103,CUST00469,PROD0089,2026-07-14,743,12015.63,8927613.09,Pending
SO03104,CUST00283,PROD0147,2026-04-12,46,3318.37,152645.02,Shipped
SO03105,CUST00460,PROD0137,2025-10-06,253,23896.38,6045784.14,Delivered
SO03106,CUST00277,PROD0097,2025-11-22,709,22561.3,15995961.7,Shipped
SO03107,CUST00199,PROD0016,2025-05-19,188,13007.52,2445413.76,Delivered
SO03108,CUST00353,PROD0008,2026-06-01,433,33579.57,14539953.81,Shipped
SO03109,CUST00153,PROD0015,2026-03-01,328,11630.05,3814656.4,Processing
SO03110,CUST00244,PROD0163,2026-08-15,701,4321.21,3029168.21,Shipped
SO03111,CUST00256,PROD0186,2026-06-28,570,6141.83,3500843.1,Shipped
SO03112,CUST00269,PROD0045,2026-04-01,658,12594.52,8287194.16,Shipped
SO03113,CUST00225,PROD0028,2025-09-04,130,15016.33,1952122.9,Pending
SO03114,CUST00271,PROD0128,2026-06-23,24,14259.72,342233.28,Pending
SO03115,CUST00403,PROD0082,2025-12-08,499,22469.38,11212220.62,Processing
SO03116,CUST00324,PROD0188,2025-08-29,451,26327.29,11873607.79,Delivered
SO03117,CUST00499,PROD0031,2025-06-21,490,2964.83,1452766.7,Delivered
SO03118,CUST00139,PROD0124,2025-05-21,609,5302.75,3229374.75,Cancelled
SO03119,CUST00127,PROD0051,2025-09-16,114,24222.4,2761353.6,Processing
SO03120,CUST00116,PROD0185,2026-04-06,40,6785.51,271420.4,Pending
SO03121,CUST00210,PROD0112,2026-05-05,139,2585.99,359452.61,Delivered
SO03122,CUST00472,PROD0113,2025-01-15,534,30693.55,16390355.7,Pending
SO03123,CUST00460,PROD0004,2025-09-17,118,3828.76,451793.68,Delivered
SO03124,CUST00497,PROD0099,2026-02-21,143,2197.83,314289.69,Processing
SO03125,CUST00262,PROD0170,2026-05-13,325,22945.26,7457209.5,Delivered
SO03126,CUST00162,PROD0088,2025-05-09,680,4767.94,3242199.2,Delivered
SO03127,CUST00288,PROD0109,2025-12-09,412,11908.98,4906499.76,Processing
SO03128,CUST00311,PROD0015,2026-08-10,475,8718.3,4141192.5,Cancelled
SO03129,CUST00242,PROD0158,2026-03-07,278,22936.24,6376274.72,Shipped
SO03130,CUST00161,PROD0199,2025-04-12,267,8148.36,2175612.12,Processing
SO03131,CUST00368,PROD0060,2026-03-25,571,21264.18,12141846.78,Processing
SO03132,CUST00122,PROD0158,2025-08-12,139,31016.09,4311236.51,Pending
SO03133,CUST00200,PROD0036,2026-06-22,159,12817.59,2037996.81,Pending
SO03134,CUST00333,PROD0129,2026-03-10,432,16862.82,7284738.24,Delivered
SO03135,CUST00045,PROD0016,2026-03-18,233,14538.23,3387407.59,Delivered
SO03136,CUST00329,PROD0142,2025-10-03,54,26955.02,1455571.08,Delivered
SO03137,CUST00334,PROD0021,2026-05-18,723,13341.49,9645897.27,Shipped
SO03138,CUST00211,PROD0038,2025-06-14,493,23436.15,11554021.95,Delivered
SO03139,CUST00017,PROD0014,2026-02-13,748,16556.72,12384426.56,Pending
SO03140,CUST00442,PROD0074,2026-02-27,400,36313.9,14525560.0,Delivered
SO03141,CUST00039,PROD0073,2026-03-21,620,14239.48,8828477.6,Processing
SO03142,CUST00004,PROD0013,2025-03-27,612,12419.67,7600838.04,Delivered
SO03143,CUST00447,PROD0083,2026-08-31,317,18702.88,5928812.96,Delivered
SO03144,CUST00020,PROD0014,2025-09-12,99,19560.79,1936518.21,Processing
SO03145,CUST00438,PROD0103,2025-10-03,134,21978.64,2945137.76,Pending
SO03146,CUST00442,PROD0195,2025-11-02,667,11289.86,7530336.62,Shipped
SO03147,CUST00467,PROD0166,2025-01-05,323,24465.21,7902262.83,Shipped
SO03148,CUST00341,PROD0173,2025-12-15,564,23127.26,13043774.64,Pending
SO03149,CUST00352,PROD0051,2026-04-14,58,24243.69,1406134.02,Pending
SO03150,CUST00056,PROD0106,2025-06-11,407,1426.79,580703.53,Shipped
SO03151,CUST00292,PROD0028,2026-02-14,47,16981.06,798109.82,Delivered
SO03152,CUST00348,PROD0171,2026-06-29,414,17957.13,7434251.82,Delivered
SO03153,CUST00417,PROD0127,2025-05-01,96,25833.35,2480001.6,Pending
SO03154,CUST00328,PROD0038,2025-01-01,367,21454.44,7873779.48,Delivered
SO03155,CUST00091,PROD0038,2025-10-04,470,31052.91,14594867.7,Pending
SO03156,CUST00126,PROD0080,2025-09-21,590,6657.15,3927718.5,Shipped
SO03157,CUST00174,PROD0036,2026-02-28,442,14454.19,6388751.98,Pending
SO03158,CUST00434,PROD0082,2025-03-04,198,20301.25,4019647.5,Pending
SO03159,CUST00041,PROD0021,2025-09-27,422,11738.86,4953798.92,Processing
SO03160,CUST00450,PROD0091,2026-08-10,197,36009.73,7093916.81,Cancelled
SO03161,CUST00276,PROD0185,2026-07-17,511,6762.13,3455448.43,Processing
SO03162,CUST00253,PROD0082,2026-07-29,578,25784.1,14903209.8,Delivered
SO03163,CUST00371,PROD0018,2025-09-24,690,26668.02,18400933.8,Delivered
SO03164,CUST00378,PROD0043,2026-06-27,234,3968.27,928575.18,Pending
SO03165,CUST00473,PROD0071,2026-02-13,747,13975.44,10439653.68,Pending
SO03166,CUST00322,PROD0035,2025-09-10,618,19039.24,11766250.32,Delivered
SO03167,CUST00151,PROD0165,2025-10-13,295,28354.32,8364524.4,Shipped
SO03168,CUST00304,PROD0180,2025-05-29,317,14542.48,4609966.16,Delivered
SO03169,CUST00486,PROD0128,2026-03-15,710,16375.76,11626789.6,Delivered
SO03170,CUST00152,PROD0121,2025-02-25,466,19280.58,8984750.28,Processing
SO03171,CUST00369,PROD0071,2026-02-07,636,15464.88,9835663.68,Shipped
SO03172,CUST00109,PROD0170,2026-06-07,303,17202.75,5212433.25,Shipped
SO03173,CUST00231,PROD0161,2026-02-24,675,14503.84,9790092.0,Delivered
SO03174,CUST00227,PROD0144,2026-08-10,299,25388.52,7591167.48,Delivered
SO03175,CUST00085,PROD0149,2026-06-05,584,19990.6,11674510.4,Delivered
SO03176,CUST00068,PROD0032,2025-09-23,132,11714.68,1546337.76,Delivered
SO03177,CUST00179,PROD0155,2026-06-03,482,12177.64,5869622.48,Delivered
SO03178,CUST00146,PROD0133,2025-07-04,607,14384.81,8731579.67,Delivered
SO03179,CUST00241,PROD0145,2026-01-08,587,15364.58,9019008.46,Delivered
SO03180,CUST00381,PROD0067,2026-06-26,235,6762.19,1589114.65,Cancelled
SO03181,CUST00180,PROD0030,2026-01-23,667,14564.48,9714508.16,Shipped
SO03182,CUST00105,PROD0068,2025-10-21,282,25311.69,7137896.58,Pending
SO03183,CUST00264,PROD0198,2025-01-28,21,10860.45,228069.45,Shipped
SO03184,CUST00482,PROD0188,2025-03-14,246,30772.67,7570076.82,Processing
SO03185,CUST00123,PROD0083,2025-10-27,461,20228.2,9325200.2,Shipped
SO03186,CUST00439,PROD0084,2025-10-03,635,9692.18,6154534.3,Delivered
SO03187,CUST00080,PROD0134,2025-05-07,168,27971.0,4699128.0,Delivered
SO03188,CUST00094,PROD0101,2025-03-15,316,4634.23,1464416.68,Delivered
SO03189,CUST00041,PROD0082,2026-06-08,263,20116.06,5290523.78,Processing
SO03190,CUST00259,PROD0150,2026-07-21,223,34319.73,7653299.79,Processing
SO03191,CUST00027,PROD0125,2026-04-12,60,9165.15,549909.0,Delivered
SO03192,CUST00319,PROD0095,2025-01-26,661,1342.24,887220.64,Processing
SO03193,CUST00198,PROD0172,2025-05-14,223,6818.27,1520474.21,Delivered
SO03194,CUST00366,PROD0169,2025-09-19,208,15992.36,3326410.88,Delivered
SO03195,CUST00002,PROD0197,2025-06-06,508,25704.1,13057682.8,Delivered
SO03196,CUST00021,PROD0124,2026-05-18,526,5340.29,2808992.54,Shipped
SO03197,CUST00226,PROD0155,2025-09-05,530,10317.69,5468375.7,Shipped
SO03198,CUST00359,PROD0167,2025-06-16,196,27343.26,5359278.96,Processing
SO03199,CUST00200,PROD0145,2025-07-19,112,16756.49,1876726.88,Delivered
SO03200,CUST00138,PROD0028,2025-10-11,696,17319.26,12054204.96,Processing
SO03201,CUST00260,PROD0093,2025-08-18,464,7215.95,3348200.8,Pending
SO03202,CUST00270,PROD0043,2025-06-07,410,5360.49,2197800.9,Shipped
SO03203,CUST00052,PROD0108,2025-01-19,361,12862.28,4643283.08,Processing
SO03204,CUST00161,PROD0043,2026-08-15,494,5580.54,2756786.76,Delivered
SO03205,CUST00426,PROD0190,2026-07-11,506,5476.14,2770926.84,Delivered
SO03206,CUST00377,PROD0058,2025-12-06,198,2930.36,580211.28,Delivered
SO03207,CUST00294,PROD0199,2026-04-02,234,8027.17,1878357.78,Shipped
SO03208,CUST00419,PROD0127,2025-11-02,338,33420.83,11296240.54,Pending
SO03209,CUST00384,PROD0025,2026-03-10,476,18456.69,8785384.44,Processing
SO03210,CUST00058,PROD0006,2025-05-26,21,22965.76,482280.96,Delivered
SO03211,CUST00218,PROD0079,2026-06-26,679,30071.54,20418575.66,Processing
SO03212,CUST00344,PROD0194,2026-06-19,476,14529.65,6916113.4,Delivered
SO03213,CUST00326,PROD0033,2025-05-04,334,4761.8,1590441.2,Pending
SO03214,CUST00448,PROD0167,2025-02-24,432,23071.65,9966952.8,Processing
SO03215,CUST00170,PROD0056,2025-01-03,508,33230.81,16881251.48,Delivered
SO03216,CUST00088,PROD0187,2025-08-02,570,26992.02,15385451.4,Processing
SO03217,CUST00363,PROD0128,2025-06-21,294,16565.67,4870306.98,Shipped
SO03218,CUST00092,PROD0102,2025-07-11,528,18557.19,9798196.32,Delivered
SO03219,CUST00046,PROD0020,2025-07-19,357,7458.98,2662855.86,Delivered
SO03220,CUST00276,PROD0126,2025-07-31,138,10614.95,1464863.1,Delivered
SO03221,CUST00229,PROD0155,2025-11-29,198,11242.6,2226034.8,Delivered
SO03222,CUST00129,PROD0168,2025-11-03,624,11602.92,7240222.08,Shipped
SO03223,CUST00304,PROD0181,2025-04-28,579,32349.88,18730580.52,Delivered
SO03224,CUST00498,PROD0195,2026-08-12,668,10055.76,6717247.68,Processing
SO03225,CUST00284,PROD0072,2025-07-27,7,9142.21,63995.47,Pending
SO03226,CUST00393,PROD0127,2025-05-25,458,33915.04,15533088.32,Delivered
SO03227,CUST00231,PROD0059,2025-12-30,682,29977.58,20444709.56,Processing
SO03228,CUST00332,PROD0114,2025-01-06,61,14952.66,912112.26,Delivered
SO03229,CUST00080,PROD0090,2026-07-09,91,36200.33,3294230.03,Delivered
SO03230,CUST00481,PROD0050,2025-02-01,92,4728.82,435051.44,Delivered
SO03231,CUST00010,PROD0123,2025-05-14,364,34969.98,12729072.72,Delivered
SO03232,CUST00213,PROD0110,2026-01-18,80,31070.66,2485652.8,Shipped
SO03233,CUST00352,PROD0097,2026-04-16,10,27043.25,270432.5,Shipped
SO03234,CUST00367,PROD0070,2025-02-25,241,15493.46,3733923.86,Delivered
SO03235,CUST00001,PROD0048,2025-03-25,402,23879.31,9599482.62,Delivered
SO03236,CUST00356,PROD0078,2026-01-23,473,24330.86,11508496.78,Pending
SO03237,CUST00186,PROD0191,2026-02-09,469,12936.98,6067443.62,Shipped
SO03238,CUST00330,PROD0123,2026-08-26,492,40101.96,19730164.32,Delivered
SO03239,CUST00173,PROD0001,2025-03-02,444,7863.52,3491402.88,Processing
SO03240,CUST00124,PROD0063,2025-06-05,56,15793.14,884415.84,Delivered
SO03241,CUST00390,PROD0180,2026-03-13,191,13195.03,2520250.73,Shipped
SO03242,CUST00443,PROD0108,2025-01-24,101,17113.44,1728457.44,Pending
SO03243,CUST00113,PROD0119,2025-12-09,226,12230.86,2764174.36,Shipped
SO03244,CUST00105,PROD0199,2025-11-26,304,8371.42,2544911.68,Processing
SO03245,CUST00364,PROD0136,2026-05-18,72,14997.32,1079807.04,Pending
SO03246,CUST00297,PROD0052,2025-06-02,64,24573.13,1572680.32,Shipped
SO03247,CUST00058,PROD0091,2026-01-22,58,32981.04,1912900.32,Pending
SO03248,CUST00222,PROD0102,2025-02-21,125,16701.05,2087631.25,Delivered
SO03249,CUST00434,PROD0118,2026-03-20,60,31527.39,1891643.4,Delivered
SO03250,CUST00062,PROD0118,2025-05-02,673,38080.71,25628317.83,Processing
SO03251,CUST00227,PROD0156,2026-04-26,442,10225.12,4519503.04,Delivered
SO03252,CUST00146,PROD0106,2026-08-13,454,1231.0,558874.0,Pending
SO03253,CUST00345,PROD0013,2026-02-01,563,14404.98,8110003.74,Processing
SO03254,CUST00442,PROD0039,2025-03-12,154,7992.97,1230917.38,Pending
SO03255,CUST00010,PROD0132,2025-08-13,686,28292.72,19408805.92,Processing
SO03256,CUST00365,PROD0121,2025-11-15,464,25470.78,11818441.92,Processing
SO03257,CUST00079,PROD0066,2026-06-01,222,1082.5,240315.0,Processing
SO03258,CUST00380,PROD0101,2026-06-28,551,4717.08,2599111.08,Cancelled
SO03259,CUST00130,PROD0129,2026-04-03,192,22377.12,4296407.04,Delivered
SO03260,CUST00292,PROD0183,2025-02-06,451,2729.45,1230981.95,Delivered
SO03261,CUST00417,PROD0086,2026-05-15,605,3165.85,1915339.25,Delivered
SO03262,CUST00437,PROD0195,2025-07-19,222,10056.89,2232629.58,Pending
SO03263,CUST00034,PROD0084,2025-03-31,392,11625.06,4557023.52,Shipped
SO03264,CUST00142,PROD0005,2025-03-09,549,28987.25,15914000.25,Processing
SO03265,CUST00386,PROD0104,2025-10-28,316,10219.66,3229412.56,Shipped
SO03266,CUST00329,PROD0062,2025-05-02,461,23501.2,10834053.2,Shipped
SO03267,CUST00291,PROD0072,2025-02-27,687,8174.33,5615764.71,Shipped
SO03268,CUST00339,PROD0028,2025-08-10,383,17911.38,6860058.54,Delivered
SO03269,CUST00241,PROD0138,2025-08-30,88,26742.41,2353332.08,Delivered
SO03270,CUST00187,PROD0028,2025-03-06,525,16848.43,8845425.75,Shipped
SO03271,CUST00414,PROD0149,2026-01-26,24,18116.75,434802.0,Pending
SO03272,CUST00156,PROD0111,2025-02-19,313,9217.09,2884949.17,Delivered
SO03273,CUST00350,PROD0140,2025-12-22,67,1261.3,84507.1,Processing
SO03274,CUST00316,PROD0066,2025-08-17,160,1099.04,175846.4,Processing
SO03275,CUST00444,PROD0181,2025-04-06,641,40167.22,25747188.02,Processing
SO03276,CUST00223,PROD0137,2025-06-14,611,22465.56,13726457.16,Processing
SO03277,CUST00491,PROD0174,2026-03-13,52,34532.07,1795667.64,Pending
SO03278,CUST00038,PROD0075,2026-06-20,316,27727.7,8761953.2,Delivered
SO03279,CUST00446,PROD0185,2026-03-13,399,6081.27,2426426.73,Delivered
SO03280,CUST00351,PROD0039,2026-04-23,624,7032.09,4388024.16,Cancelled
SO03281,CUST00455,PROD0121,2026-02-24,52,22957.05,1193766.6,Delivered
SO03282,CUST00381,PROD0089,2026-06-16,568,11484.17,6523008.56,Cancelled
SO03283,CUST00131,PROD0160,2025-01-12,664,10689.35,7097728.4,Shipped
SO03284,CUST00500,PROD0180,2026-08-27,331,16652.12,5511851.72,Delivered
SO03285,CUST00018,PROD0060,2025-01-07,61,19493.61,1189110.21,Delivered
SO03286,CUST00443,PROD0106,2026-06-17,95,1469.14,139568.3,Processing
SO03287,CUST00092,PROD0198,2026-03-22,156,12028.54,1876452.24,Processing
SO03288,CUST00215,PROD0068,2026-04-25,661,35858.71,23702607.31,Processing
SO03289,CUST00495,PROD0089,2026-08-27,519,15428.91,8007604.29,Delivered
SO03290,CUST00039,PROD0154,2026-01-07,587,3121.33,1832220.71,Delivered
SO03291,CUST00119,PROD0055,2026-02-18,269,3185.96,857023.24,Pending
SO03292,CUST00227,PROD0193,2025-05-29,498,17797.81,8863309.38,Delivered
SO03293,CUST00168,PROD0148,2026-06-29,314,35854.94,11258451.16,Delivered
SO03294,CUST00089,PROD0061,2026-06-03,632,6565.99,4149705.68,Delivered
SO03295,CUST00136,PROD0051,2026-01-15,711,22194.36,15780189.96,Processing
SO03296,CUST00047,PROD0062,2025-07-06,536,29436.78,15778114.08,Delivered
SO03297,CUST00332,PROD0087,2025-11-17,489,27089.23,13246633.47,Delivered
SO03298,CUST00345,PROD0095,2025-04-13,106,1100.37,116639.22,Processing
SO03299,CUST00189,PROD0064,2026-01-07,161,34087.52,5488090.72,Delivered
SO03300,CUST00008,PROD0130,2026-01-06,221,33664.85,7439931.85,Delivered
SO03301,CUST00164,PROD0043,2026-04-19,328,4151.59,1361721.52,Cancelled
SO03302,CUST00076,PROD0072,2025-08-14,241,7020.04,1691829.64,Delivered
SO03303,CUST00292,PROD0090,2025-07-29,495,38106.26,18862598.7,Pending
SO03304,CUST00483,PROD0112,2025-11-30,170,3212.44,546114.8,Processing
SO03305,CUST00192,PROD0005,2025-08-17,13,32315.54,420102.02,Delivered
SO03306,CUST00395,PROD0084,2025-11-30,738,11975.38,8837830.44,Cancelled
SO03307,CUST00401,PROD0133,2025-11-09,175,17951.38,3141491.5,Delivered
SO03308,CUST00440,PROD0174,2026-05-03,555,28497.0,15815835.0,Delivered
SO03309,CUST00377,PROD0089,2026-01-10,535,12938.74,6922225.9,Delivered
SO03310,CUST00445,PROD0188,2025-07-13,463,24313.19,11257006.97,Delivered
SO03311,CUST00323,PROD0164,2025-06-11,370,19890.6,7359522.0,Pending
SO03312,CUST00195,PROD0005,2025-08-11,537,27725.85,14888781.45,Delivered
SO03313,CUST00424,PROD0174,2025-05-17,140,31742.78,4443989.2,Shipped
SO03314,CUST00498,PROD0105,2025-03-26,472,19386.82,9150579.04,Delivered
SO03315,CUST00190,PROD0051,2025-03-28,139,25513.62,3546393.18,Delivered
SO03316,CUST00398,PROD0056,2025-01-26,308,32467.56,10000008.48,Pending
SO03317,CUST00480,PROD0114,2025-10-20,489,18665.96,9127654.44,Shipped
SO03318,CUST00261,PROD0179,2026-07-12,692,1202.69,832261.48,Shipped
SO03319,CUST00122,PROD0113,2025-04-02,605,34725.37,21008848.85,Delivered
SO03320,CUST00016,PROD0177,2026-06-22,341,23250.13,7928294.33,Delivered
SO03321,CUST00282,PROD0190,2026-08-21,78,5191.45,404933.1,Shipped
SO03322,CUST00338,PROD0157,2025-08-17,400,28805.52,11522208.0,Delivered
SO03323,CUST00433,PROD0050,2026-01-08,661,4444.52,2937827.72,Shipped
SO03324,CUST00413,PROD0074,2025-10-04,341,29408.41,10028267.81,Processing
SO03325,CUST00080,PROD0044,2026-01-28,157,7392.5,1160622.5,Cancelled
SO03326,CUST00402,PROD0072,2025-07-30,418,8742.17,3654227.06,Shipped
SO03327,CUST00302,PROD0145,2025-05-15,704,16315.44,11486069.76,Delivered
SO03328,CUST00030,PROD0115,2026-06-15,77,12881.74,991893.98,Pending
SO03329,CUST00023,PROD0187,2026-01-21,443,28065.45,12432994.35,Shipped
SO03330,CUST00310,PROD0154,2025-07-27,270,3559.5,961065.0,Delivered
SO03331,CUST00337,PROD0136,2026-01-29,205,14362.94,2944402.7,Delivered
SO03332,CUST00037,PROD0098,2025-05-25,150,22337.79,3350668.5,Processing
SO03333,CUST00008,PROD0079,2026-01-22,711,25376.86,18042947.46,Processing
SO03334,CUST00408,PROD0028,2026-05-23,59,13991.3,825486.7,Shipped
SO03335,CUST00185,PROD0097,2025-01-13,613,21466.05,13158688.65,Pending
SO03336,CUST00468,PROD0046,2026-03-02,324,9244.77,2995305.48,Shipped
SO03337,CUST00315,PROD0077,2026-01-28,76,22204.97,1687577.72,Delivered
SO03338,CUST00271,PROD0140,2026-07-15,630,1392.42,877224.6,Shipped
SO03339,CUST00347,PROD0141,2025-01-02,527,37968.29,20009288.83,Processing
SO03340,CUST00391,PROD0008,2026-01-28,538,26012.91,13994945.58,Pending
SO03341,CUST00236,PROD0026,2025-01-04,290,28789.55,8348969.5,Delivered
SO03342,CUST00361,PROD0103,2025-07-29,27,18722.51,505507.77,Cancelled
SO03343,CUST00016,PROD0130,2026-06-08,666,30251.39,20147425.74,Processing
SO03344,CUST00147,PROD0067,2026-06-02,279,6605.54,1842945.66,Pending
SO03345,CUST00400,PROD0029,2025-05-18,204,7926.03,1616910.12,Pending
SO03346,CUST00254,PROD0107,2026-05-22,218,25744.66,5612335.88,Shipped
SO03347,CUST00398,PROD0019,2025-08-18,733,28882.79,21171085.07,Shipped
SO03348,CUST00029,PROD0078,2026-06-01,239,25725.39,6148368.21,Delivered
SO03349,CUST00024,PROD0198,2025-09-04,606,13305.16,8062926.96,Processing
SO03350,CUST00169,PROD0198,2026-05-15,385,11282.43,4343735.55,Shipped
SO03351,CUST00061,PROD0143,2025-06-30,125,24580.66,3072582.5,Cancelled
SO03352,CUST00416,PROD0135,2025-03-09,484,3252.23,1574079.32,Delivered
SO03353,CUST00366,PROD0178,2025-04-04,234,24516.68,5736903.12,Delivered
SO03354,CUST00183,PROD0159,2026-01-31,709,8562.39,6070734.51,Delivered
SO03355,CUST00030,PROD0034,2025-08-11,703,2071.54,1456292.62,Delivered
SO03356,CUST00271,PROD0030,2026-05-17,459,18682.46,8575249.14,Delivered
SO03357,CUST00361,PROD0063,2025-07-01,144,15109.13,2175714.72,Delivered
SO03358,CUST00283,PROD0024,2026-07-12,82,6259.6,513287.2,Processing
SO03359,CUST00013,PROD0107,2025-06-20,224,18483.68,4140344.32,Delivered
SO03360,CUST00177,PROD0034,2026-01-26,465,2031.41,944605.65,Delivered
SO03361,CUST00455,PROD0146,2026-07-21,106,19206.54,2035893.24,Delivered
SO03362,CUST00479,PROD0011,2025-04-10,20,29474.52,589490.4,Pending
SO03363,CUST00309,PROD0169,2026-04-16,186,20467.63,3806979.18,Delivered
SO03364,CUST00445,PROD0164,2026-02-11,174,15136.08,2633677.92,Processing
SO03365,CUST00039,PROD0056,2025-01-19,679,28880.63,19609947.77,Delivered
SO03366,CUST00436,PROD0145,2025-01-31,669,17195.35,11503689.15,Pending
SO03367,CUST00427,PROD0153,2025-04-04,320,23737.11,7595875.2,Pending
SO03368,CUST00199,PROD0158,2025-10-11,397,23347.71,9269040.87,Shipped
SO03369,CUST00019,PROD0120,2026-02-17,508,6791.01,3449833.08,Processing
SO03370,CUST00324,PROD0191,2025-02-07,290,10700.16,3103046.4,Shipped
SO03371,CUST00490,PROD0142,2026-08-09,8,25687.78,205502.24,Pending
SO03372,CUST00354,PROD0176,2025-07-29,360,14130.88,5087116.8,Cancelled
SO03373,CUST00014,PROD0029,2026-01-07,412,9785.27,4031531.24,Delivered
SO03374,CUST00499,PROD0018,2025-11-30,37,26321.24,973885.88,Pending
SO03375,CUST00194,PROD0031,2025-10-06,497,2512.52,1248722.44,Pending
SO03376,CUST00341,PROD0020,2026-01-07,747,10027.8,7490766.6,Delivered
SO03377,CUST00337,PROD0033,2025-08-15,31,5503.13,170597.03,Delivered
SO03378,CUST00443,PROD0151,2025-02-26,154,5123.41,789005.14,Delivered
SO03379,CUST00048,PROD0164,2025-11-13,207,16349.11,3384265.77,Processing
SO03380,CUST00213,PROD0087,2026-03-06,245,25272.62,6191791.9,Delivered
SO03381,CUST00116,PROD0170,2026-01-29,530,23825.89,12627721.7,Delivered
SO03382,CUST00103,PROD0057,2025-10-12,620,22983.41,14249714.2,Delivered
SO03383,CUST00010,PROD0180,2026-06-01,12,12664.9,151978.8,Processing
SO03384,CUST00201,PROD0037,2025-04-15,699,12617.18,8819408.82,Delivered
SO03385,CUST00366,PROD0080,2025-04-05,441,6351.15,2800857.15,Shipped
SO03386,CUST00201,PROD0093,2025-10-02,6,7197.23,43183.38,Shipped
SO03387,CUST00296,PROD0066,2025-08-19,649,1271.63,825287.87,Delivered
SO03388,CUST00262,PROD0184,2026-01-05,692,29627.61,20502306.12,Pending
SO03389,CUST00441,PROD0191,2026-02-02,295,11902.35,3511193.25,Delivered
SO03390,CUST00055,PROD0196,2026-05-30,662,34014.8,22517797.6,Delivered
SO03391,CUST00087,PROD0001,2025-08-07,98,7432.39,728374.22,Delivered
SO03392,CUST00281,PROD0155,2026-06-19,8,9951.16,79609.28,Delivered
SO03393,CUST00437,PROD0125,2025-04-25,358,7919.16,2835059.28,Cancelled
SO03394,CUST00471,PROD0191,2025-05-03,593,13120.88,7780681.84,Delivered
SO03395,CUST00243,PROD0163,2026-04-18,363,5212.88,1892275.44,Delivered
SO03396,CUST00454,PROD0101,2025-04-07,664,3829.07,2542502.48,Delivered
SO03397,CUST00322,PROD0073,2026-06-12,201,13994.55,2812904.55,Shipped
SO03398,CUST00218,PROD0138,2025-12-21,652,24552.95,16008523.4,Shipped
SO03399,CUST00402,PROD0043,2026-05-27,11,4137.88,45516.68,Delivered
SO03400,CUST00249,PROD0021,2026-07-24,31,16226.44,503019.64,Delivered
SO03401,CUST00117,PROD0073,2025-12-14,500,12240.55,6120275.0,Delivered
SO03402,CUST00150,PROD0037,2025-09-16,740,15589.23,11536030.2,Pending
SO03403,CUST00059,PROD0176,2026-04-26,597,18396.37,10982632.89,Pending
SO03404,CUST00112,PROD0017,2025-12-12,304,21655.41,6583244.64,Delivered
SO03405,CUST00491,PROD0144,2025-01-16,53,22835.43,1210277.79,Processing
SO03406,CUST00219,PROD0185,2025-01-19,597,6780.65,4048048.05,Delivered
SO03407,CUST00218,PROD0066,2025-11-19,139,1232.61,171332.79,Shipped
SO03408,CUST00131,PROD0053,2026-08-31,423,4031.66,1705392.18,Delivered
SO03409,CUST00290,PROD0134,2025-01-26,164,30372.73,4981127.72,Delivered
SO03410,CUST00060,PROD0068,2026-06-19,727,29684.56,21580675.12,Delivered
SO03411,CUST00078,PROD0051,2025-02-12,429,19667.92,8437537.68,Delivered
SO03412,CUST00031,PROD0110,2026-05-19,14,25932.88,363060.32,Delivered
SO03413,CUST00166,PROD0052,2025-12-10,677,22346.75,15128749.75,Delivered
SO03414,CUST00231,PROD0108,2025-04-06,191,18019.66,3441755.06,Processing
SO03415,CUST00178,PROD0077,2026-08-13,71,25669.81,1822556.51,Delivered
SO03416,CUST00050,PROD0100,2025-02-02,254,30703.78,7798760.12,Delivered
SO03417,CUST00180,PROD0198,2025-02-07,563,10232.09,5760666.67,Delivered
SO03418,CUST00229,PROD0049,2025-04-27,629,6200.08,3899850.32,Shipped
SO03419,CUST00317,PROD0162,2026-02-20,106,9323.07,988245.42,Pending
SO03420,CUST00084,PROD0150,2026-07-11,434,32943.67,14297552.78,Cancelled
SO03421,CUST00488,PROD0028,2026-03-21,140,17353.0,2429420.0,Shipped
SO03422,CUST00146,PROD0099,2026-01-27,285,2793.11,796036.35,Pending
SO03423,CUST00193,PROD0067,2026-05-07,475,7588.38,3604480.5,Delivered
SO03424,CUST00170,PROD0013,2025-06-23,569,13287.55,7560615.95,Delivered
SO03425,CUST00333,PROD0079,2025-03-21,254,32097.14,8152673.56,Pending
SO03426,CUST00298,PROD0145,2026-08-11,159,14151.42,2250075.78,Pending
SO03427,CUST00297,PROD0044,2026-08-18,527,8853.11,4665588.97,Delivered
SO03428,CUST00177,PROD0161,2026-06-18,343,13990.54,4798755.22,Delivered
SO03429,CUST00271,PROD0174,2025-09-02,157,30542.29,4795139.53,Delivered
SO03430,CUST00127,PROD0048,2025-01-12,689,25734.4,17731001.6,Processing
SO03431,CUST00173,PROD0145,2026-02-24,121,15186.05,1837512.05,Cancelled
SO03432,CUST00406,PROD0136,2026-07-31,37,15783.2,583978.4,Delivered
SO03433,CUST00415,PROD0155,2025-07-30,44,11705.95,515061.8,Delivered
SO03434,CUST00498,PROD0111,2025-01-16,501,8978.03,4497993.03,Delivered
SO03435,CUST00116,PROD0014,2026-07-09,233,20221.75,4711667.75,Processing
SO03436,CUST00054,PROD0189,2025-01-20,442,9222.44,4076318.48,Delivered
SO03437,CUST00304,PROD0037,2026-02-16,713,14195.02,10121049.26,Delivered
SO03438,CUST00377,PROD0005,2025-05-06,337,27116.34,9138206.58,Processing
SO03439,CUST00297,PROD0118,2025-04-14,36,35011.92,1260429.12,Cancelled
SO03440,CUST00498,PROD0195,2025-10-28,314,9910.76,3111978.64,Shipped
SO03441,CUST00436,PROD0112,2025-01-26,606,3684.97,2233091.82,Cancelled
SO03442,CUST00127,PROD0131,2025-11-13,466,14851.14,6920631.24,Delivered
SO03443,CUST00330,PROD0079,2026-07-20,252,24614.09,6202750.68,Shipped
SO03444,CUST00382,PROD0096,2025-11-22,424,2562.93,1086682.32,Processing
SO03445,CUST00320,PROD0042,2026-04-18,577,19573.79,11294076.83,Shipped
SO03446,CUST00085,PROD0184,2025-08-21,488,24328.57,11872342.16,Cancelled
SO03447,CUST00251,PROD0194,2025-08-22,44,15428.74,678864.56,Pending
SO03448,CUST00293,PROD0171,2025-03-22,42,15295.47,642409.74,Delivered
SO03449,CUST00350,PROD0028,2025-11-25,272,12908.29,3511054.88,Delivered
SO03450,CUST00011,PROD0115,2025-07-15,407,12685.85,5163140.95,Pending
SO03451,CUST00487,PROD0148,2025-06-03,520,30938.33,16087931.6,Pending
SO03452,CUST00044,PROD0165,2026-07-15,649,34669.45,22500473.05,Delivered
SO03453,CUST00415,PROD0185,2025-12-29,643,6055.76,3893853.68,Delivered
SO03454,CUST00082,PROD0175,2025-01-08,275,3049.02,838480.5,Delivered
SO03455,CUST00227,PROD0065,2025-09-04,747,9054.85,6763972.95,Delivered
SO03456,CUST00024,PROD0018,2026-07-01,224,33458.25,7494648.0,Processing
SO03457,CUST00099,PROD0074,2025-09-27,77,30394.46,2340373.42,Pending
SO03458,CUST00367,PROD0031,2026-05-09,448,3051.11,1366897.28,Delivered
SO03459,CUST00034,PROD0028,2025-05-08,294,15271.39,4489788.66,Pending
SO03460,CUST00013,PROD0114,2025-06-24,210,14552.34,3055991.4,Processing
SO03461,CUST00376,PROD0089,2025-08-23,320,11319.34,3622188.8,Pending
SO03462,CUST00478,PROD0090,2025-11-28,428,39145.5,16754274.0,Delivered
SO03463,CUST00033,PROD0167,2025-07-18,101,28924.96,2921420.96,Processing
SO03464,CUST00304,PROD0046,2025-12-01,415,8488.5,3522727.5,Delivered
SO03465,CUST00008,PROD0140,2025-01-20,663,1361.55,902707.65,Processing
SO03466,CUST00281,PROD0050,2025-08-17,47,3825.44,179795.68,Processing
SO03467,CUST00243,PROD0130,2026-01-10,107,31128.02,3330698.14,Pending
SO03468,CUST00266,PROD0136,2025-01-11,49,16389.41,803081.09,Shipped
SO03469,CUST00460,PROD0018,2025-09-28,521,30352.45,15813626.45,Delivered
SO03470,CUST00145,PROD0073,2025-05-13,412,14353.74,5913740.88,Delivered
SO03471,CUST00401,PROD0044,2026-06-24,443,7578.86,3357434.98,Delivered
SO03472,CUST00018,PROD0140,2026-01-22,469,1203.93,564643.17,Shipped
SO03473,CUST00041,PROD0068,2025-07-26,578,26936.91,15569533.98,Delivered
SO03474,CUST00098,PROD0116,2025-03-29,137,7854.99,1076133.63,Processing
SO03475,CUST00267,PROD0191,2025-07-26,8,10445.66,83565.28,Delivered
SO03476,CUST00002,PROD0199,2025-08-23,658,9693.37,6378237.46,Shipped
SO03477,CUST00291,PROD0029,2025-10-11,671,7604.14,5102377.94,Delivered
SO03478,CUST00131,PROD0149,2026-02-27,190,24035.77,4566796.3,Delivered
SO03479,CUST00285,PROD0025,2026-02-21,209,22146.51,4628620.59,Pending
SO03480,CUST00333,PROD0034,2026-05-02,716,2025.98,1450601.68,Processing
SO03481,CUST00053,PROD0143,2026-07-26,77,22809.3,1756316.1,Pending
SO03482,CUST00095,PROD0094,2026-08-17,705,14231.41,10033144.05,Delivered
SO03483,CUST00046,PROD0052,2025-06-29,408,20962.09,8552532.72,Delivered
SO03484,CUST00126,PROD0129,2025-09-02,319,16026.64,5112498.16,Shipped
SO03485,CUST00233,PROD0104,2026-06-18,14,7595.05,106330.7,Processing
SO03486,CUST00242,PROD0041,2025-01-15,424,36885.73,15639549.52,Shipped
SO03487,CUST00261,PROD0019,2026-06-28,4,26221.44,104885.76,Delivered
SO03488,CUST00046,PROD0107,2026-08-25,493,22917.31,11298233.83,Delivered
SO03489,CUST00343,PROD0063,2026-06-07,455,15779.38,7179617.9,Delivered
SO03490,CUST00169,PROD0163,2026-07-08,581,4177.46,2427104.26,Shipped
SO03491,CUST00398,PROD0143,2025-03-01,159,28350.63,4507750.17,Shipped
SO03492,CUST00331,PROD0133,2026-04-04,99,15717.88,1556070.12,Processing
SO03493,CUST00304,PROD0082,2025-09-13,251,24899.64,6249809.64,Delivered
SO03494,CUST00374,PROD0039,2026-06-13,249,8996.64,2240163.36,Shipped
SO03495,CUST00225,PROD0043,2025-02-13,648,4428.36,2869577.28,Processing
SO03496,CUST00441,PROD0174,2025-04-12,88,30772.11,2707945.68,Shipped
SO03497,CUST00119,PROD0014,2025-06-13,712,18912.48,13465685.76,Processing
SO03498,CUST00348,PROD0148,2025-03-08,287,30233.68,8677066.16,Delivered
SO03499,CUST00142,PROD0181,2025-03-28,80,38499.98,3079998.4,Processing
SO03500,CUST00131,PROD0076,2025-01-01,449,6848.77,3075097.73,Cancelled
SO03501,CUST00020,PROD0144,2025-06-12,207,30305.32,6273201.24,Delivered
SO03502,CUST00229,PROD0079,2026-07-16,516,26968.58,13915787.28,Delivered
SO03503,CUST00279,PROD0166,2026-04-05,570,27076.18,15433422.6,Delivered
SO03504,CUST00412,PROD0034,2025-08-15,463,2291.26,1060853.38,Delivered
SO03505,CUST00499,PROD0195,2026-03-02,193,10969.13,2117042.09,Shipped
SO03506,CUST00328,PROD0017,2025-12-06,723,20578.57,14878306.11,Processing
SO03507,CUST00026,PROD0110,2026-08-20,369,32814.56,12108572.64,Delivered
SO03508,CUST00304,PROD0141,2026-02-27,258,36444.76,9402748.08,Pending
SO03509,CUST00208,PROD0182,2026-03-02,250,14782.34,3695585.0,Delivered
SO03510,CUST00214,PROD0200,2026-01-16,88,39792.82,3501768.16,Processing
SO03511,CUST00114,PROD0088,2025-12-29,494,4123.35,2036934.9,Shipped
SO03512,CUST00186,PROD0145,2026-06-22,142,16052.94,2279517.48,Delivered
SO03513,CUST00259,PROD0060,2025-12-14,424,18450.93,7823194.32,Cancelled
SO03514,CUST00467,PROD0179,2026-06-10,197,1211.42,238649.74,Delivered
SO03515,CUST00463,PROD0043,2026-08-03,195,5268.77,1027410.15,Pending
SO03516,CUST00020,PROD0073,2026-01-22,134,11709.98,1569137.32,Delivered
SO03517,CUST00180,PROD0100,2025-07-06,509,27355.58,13923990.22,Delivered
SO03518,CUST00416,PROD0133,2026-05-06,178,17982.65,3200911.7,Shipped
SO03519,CUST00285,PROD0140,2026-08-25,74,1563.24,115679.76,Shipped
SO03520,CUST00493,PROD0060,2025-01-04,449,23910.12,10735643.88,Delivered
SO03521,CUST00302,PROD0075,2025-06-15,3,21784.21,65352.63,Shipped
SO03522,CUST00156,PROD0055,2025-02-01,503,2477.94,1246403.82,Processing
SO03523,CUST00313,PROD0141,2026-03-24,10,34701.45,347014.5,Delivered
SO03524,CUST00440,PROD0031,2025-11-23,16,2810.67,44970.72,Shipped
SO03525,CUST00315,PROD0152,2025-04-15,474,12104.92,5737732.08,Delivered
SO03526,CUST00435,PROD0186,2026-05-23,515,6716.01,3458745.15,Shipped
SO03527,CUST00121,PROD0033,2025-03-23,638,4917.82,3137569.16,Delivered
SO03528,CUST00407,PROD0094,2026-04-28,603,13073.56,7883356.68,Delivered
SO03529,CUST00034,PROD0104,2025-02-13,383,8578.93,3285730.19,Delivered
SO03530,CUST00155,PROD0134,2026-05-02,388,29747.4,11541991.2,Delivered
SO03531,CUST00498,PROD0003,2025-03-14,702,25713.05,18050561.1,Processing
SO03532,CUST00402,PROD0088,2025-01-04,404,3490.94,1410339.76,Pending
SO03533,CUST00246,PROD0054,2025-11-19,536,25440.08,13635882.88,Shipped
SO03534,CUST00060,PROD0014,2025-10-18,586,19032.85,11153250.1,Shipped
SO03535,CUST00476,PROD0098,2026-03-18,120,18240.48,2188857.6,Cancelled
SO03536,CUST00338,PROD0088,2025-03-10,199,4975.85,990194.15,Delivered
SO03537,CUST00011,PROD0178,2026-02-20,169,26600.1,4495416.9,Shipped
SO03538,CUST00308,PROD0119,2026-01-21,720,11208.75,8070300.0,Processing
SO03539,CUST00110,PROD0059,2025-10-28,708,32811.6,23230612.8,Pending
SO03540,CUST00169,PROD0118,2026-04-08,341,38172.31,13016757.71,Delivered
SO03541,CUST00403,PROD0005,2026-02-07,394,34053.78,13417189.32,Delivered
SO03542,CUST00214,PROD0006,2025-07-04,382,18279.77,6982872.14,Pending
SO03543,CUST00081,PROD0162,2026-07-14,318,11857.87,3770802.66,Processing
SO03544,CUST00302,PROD0103,2026-03-22,387,22545.71,8725189.77,Processing
SO03545,CUST00264,PROD0120,2025-04-29,328,7918.93,2597409.04,Delivered
SO03546,CUST00149,PROD0164,2025-04-21,21,15381.94,323020.74,Cancelled
SO03547,CUST00270,PROD0114,2025-11-10,267,15033.45,4013931.15,Delivered
SO03548,CUST00062,PROD0145,2026-02-04,247,17076.37,4217863.39,Processing
SO03549,CUST00081,PROD0168,2025-06-18,622,11313.6,7037059.2,Delivered
SO03550,CUST00151,PROD0056,2025-10-26,72,31560.44,2272351.68,Delivered
SO03551,CUST00141,PROD0183,2025-07-22,332,3062.24,1016663.68,Delivered
SO03552,CUST00471,PROD0011,2025-02-01,487,21949.88,10689591.56,Delivered
SO03553,CUST00249,PROD0034,2026-07-25,256,1933.38,494945.28,Shipped
SO03554,CUST00179,PROD0115,2026-03-06,540,14888.12,8039584.8,Delivered
SO03555,CUST00332,PROD0175,2025-03-17,380,2947.02,1119867.6,Shipped
SO03556,CUST00051,PROD0061,2025-10-19,409,6156.11,2517848.99,Processing
SO03557,CUST00250,PROD0156,2026-01-24,370,10701.22,3959451.4,Shipped
SO03558,CUST00381,PROD0033,2025-07-26,737,6236.53,4596322.61,Delivered
SO03559,CUST00246,PROD0056,2026-01-28,480,24718.54,11864899.2,Delivered
SO03560,CUST00169,PROD0200,2025-11-18,463,35528.44,16449667.72,Delivered
SO03561,CUST00016,PROD0155,2025-05-16,314,9668.78,3035996.92,Shipped
SO03562,CUST00276,PROD0181,2025-06-17,640,38950.23,24928147.2,Delivered
SO03563,CUST00105,PROD0144,2025-11-02,542,23769.84,12883253.28,Pending
SO03564,CUST00207,PROD0147,2026-04-03,286,3331.22,952728.92,Delivered
SO03565,CUST00199,PROD0125,2026-02-02,277,10629.03,2944241.31,Processing
SO03566,CUST00310,PROD0150,2026-06-03,401,32357.46,12975341.46,Delivered
SO03567,CUST00266,PROD0109,2026-05-06,238,12421.16,2956236.08,Delivered
SO03568,CUST00063,PROD0139,2025-11-01,710,11907.26,8454154.6,Processing
SO03569,CUST00313,PROD0014,2025-10-20,704,18101.02,12743118.08,Delivered
SO03570,CUST00143,PROD0048,2026-04-23,470,18695.29,8786786.3,Delivered
SO03571,CUST00140,PROD0088,2025-11-04,744,3637.56,2706344.64,Processing
SO03572,CUST00032,PROD0155,2025-03-07,343,9345.11,3205372.73,Pending
SO03573,CUST00282,PROD0122,2025-06-17,284,20412.13,5797044.92,Delivered
SO03574,CUST00447,PROD0158,2025-04-03,252,28968.69,7300109.88,Pending
SO03575,CUST00409,PROD0002,2026-01-26,245,9536.12,2336349.4,Delivered
SO03576,CUST00482,PROD0008,2026-07-27,234,28940.61,6772102.74,Processing
SO03577,CUST00347,PROD0005,2025-04-28,574,35272.92,20246656.08,Delivered
SO03578,CUST00246,PROD0118,2026-05-22,1,38735.7,38735.7,Delivered
SO03579,CUST00055,PROD0049,2025-01-31,590,7403.73,4368200.7,Processing
SO03580,CUST00166,PROD0101,2025-06-27,463,4971.43,2301772.09,Pending
SO03581,CUST00355,PROD0198,2026-05-05,312,12402.09,3869452.08,Shipped
SO03582,CUST00048,PROD0196,2025-09-08,491,32474.16,15944812.56,Delivered
SO03583,CUST00093,PROD0105,2026-02-17,417,22176.88,9247758.96,Shipped
SO03584,CUST00211,PROD0018,2026-06-25,414,32720.85,13546431.9,Shipped
SO03585,CUST00201,PROD0054,2026-07-30,547,20067.68,10977020.96,Delivered
SO03586,CUST00073,PROD0191,2025-07-22,420,9686.86,4068481.2,Shipped
SO03587,CUST00216,PROD0078,2026-06-13,28,26681.3,747076.4,Delivered
SO03588,CUST00415,PROD0071,2026-01-11,581,15498.77,9004785.37,Delivered
SO03589,CUST00116,PROD0101,2025-11-17,305,4013.61,1224151.05,Pending
SO03590,CUST00419,PROD0066,2025-09-12,577,1164.5,671916.5,Delivered
SO03591,CUST00056,PROD0168,2025-05-16,477,12151.83,5796422.91,Delivered
SO03592,CUST00334,PROD0009,2026-07-08,79,26460.64,2090390.56,Pending
SO03593,CUST00460,PROD0066,2025-09-13,520,959.54,498960.8,Delivered
SO03594,CUST00405,PROD0173,2025-01-25,604,19613.89,11846789.56,Delivered
SO03595,CUST00440,PROD0099,2025-09-10,330,2108.18,695699.4,Processing
SO03596,CUST00269,PROD0110,2026-02-13,634,28791.06,18253532.04,Delivered
SO03597,CUST00308,PROD0044,2025-03-23,224,8005.12,1793146.88,Shipped
SO03598,CUST00069,PROD0077,2025-11-20,15,30181.1,452716.5,Pending
SO03599,CUST00476,PROD0081,2025-05-06,653,1653.53,1079755.09,Processing
SO03600,CUST00356,PROD0038,2025-10-01,474,25348.4,12015141.6,Delivered
SO03601,CUST00334,PROD0045,2025-04-06,492,11169.59,5495438.28,Pending
SO03602,CUST00381,PROD0051,2026-08-08,248,21711.24,5384387.52,Pending
SO03603,CUST00481,PROD0158,2026-03-23,319,32090.35,10236821.65,Delivered
SO03604,CUST00138,PROD0066,2026-07-19,329,1079.33,355099.57,Cancelled
SO03605,CUST00213,PROD0184,2025-03-27,685,31905.84,21855500.4,Pending
SO03606,CUST00028,PROD0188,2026-01-08,425,27249.7,11581122.5,Delivered
SO03607,CUST00274,PROD0079,2025-03-21,65,30353.15,1972954.75,Pending
SO03608,CUST00455,PROD0063,2026-05-14,685,13293.28,9105896.8,Delivered
SO03609,CUST00109,PROD0066,2025-05-24,650,1311.73,852624.5,Delivered
SO03610,CUST00145,PROD0110,2026-01-06,66,25478.79,1681600.14,Shipped
SO03611,CUST00113,PROD0195,2025-03-05,555,9637.36,5348734.8,Cancelled
SO03612,CUST00346,PROD0045,2026-04-11,447,10346.75,4624997.25,Shipped
SO03613,CUST00447,PROD0155,2025-03-19,526,10787.34,5674140.84,Shipped
SO03614,CUST00460,PROD0155,2026-06-07,118,11873.48,1401070.64,Shipped
SO03615,CUST00109,PROD0087,2025-12-08,656,25548.48,16759802.88,Delivered
SO03616,CUST00065,PROD0137,2026-03-17,685,30851.99,21133613.15,Shipped
SO03617,CUST00255,PROD0178,2025-01-03,524,24294.07,12730092.68,Shipped
SO03618,CUST00146,PROD0183,2026-06-03,466,3644.63,1698397.58,Pending
SO03619,CUST00379,PROD0196,2025-09-08,264,32439.47,8564020.08,Delivered
SO03620,CUST00317,PROD0023,2025-10-07,516,35291.6,18210465.6,Delivered
SO03621,CUST00358,PROD0138,2026-01-19,142,25580.35,3632409.7,Delivered
SO03622,CUST00344,PROD0081,2025-12-21,276,1628.75,449535.0,Delivered
SO03623,CUST00031,PROD0103,2025-05-15,632,16964.35,10721469.2,Processing
SO03624,CUST00056,PROD0025,2026-03-18,640,22657.45,14500768.0,Shipped
SO03625,CUST00233,PROD0056,2026-08-30,655,28777.45,18849229.75,Delivered
SO03626,CUST00119,PROD0031,2025-01-02,324,2822.54,914502.96,Delivered
SO03627,CUST00495,PROD0196,2025-08-22,611,32528.81,19875102.91,Delivered
SO03628,CUST00281,PROD0005,2025-05-11,705,31041.3,21884116.5,Shipped
SO03629,CUST00300,PROD0043,2025-03-04,749,5260.71,3940271.79,Delivered
SO03630,CUST00479,PROD0013,2025-12-30,484,14959.02,7240165.68,Delivered
SO03631,CUST00351,PROD0049,2025-12-17,596,5726.0,3412696.0,Delivered
SO03632,CUST00325,PROD0188,2025-10-06,648,26428.37,17125583.76,Delivered
SO03633,CUST00451,PROD0100,2025-06-12,146,21242.75,3101441.5,Delivered
SO03634,CUST00394,PROD0182,2026-01-09,377,14948.81,5635701.37,Pending
SO03635,CUST00420,PROD0038,2026-01-27,518,24132.92,12500852.56,Processing
SO03636,CUST00408,PROD0089,2026-01-29,454,13474.14,6117259.56,Delivered
SO03637,CUST00305,PROD0063,2025-08-23,617,15610.55,9631709.35,Delivered
SO03638,CUST00016,PROD0149,2025-03-15,699,20866.77,14585872.23,Cancelled
SO03639,CUST00261,PROD0091,2026-06-01,456,33845.48,15433538.88,Processing
SO03640,CUST00403,PROD0136,2025-07-11,16,15236.93,243790.88,Processing
SO03641,CUST00093,PROD0186,2026-05-09,522,6818.11,3559053.42,Delivered
SO03642,CUST00007,PROD0175,2025-07-23,73,3546.0,258858.0,Processing
SO03643,CUST00324,PROD0165,2026-01-06,603,35985.96,21699533.88,Shipped
SO03644,CUST00207,PROD0194,2025-10-27,651,18785.03,12229054.53,Delivered
SO03645,CUST00386,PROD0075,2026-04-07,350,27811.36,9733976.0,Delivered
SO03646,CUST00348,PROD0192,2025-11-24,387,4726.65,1829213.55,Delivered
SO03647,CUST00468,PROD0041,2025-08-03,459,26965.87,12377334.33,Processing
SO03648,CUST00229,PROD0092,2026-06-04,533,9075.03,4836990.99,Delivered
SO03649,CUST00283,PROD0009,2026-08-17,681,21114.86,14379219.66,Processing
SO03650,CUST00024,PROD0065,2025-05-10,410,9484.18,3888513.8,Processing
SO03651,CUST00454,PROD0119,2025-02-18,295,9625.91,2839643.45,Delivered
SO03652,CUST00423,PROD0067,2026-02-13,546,6724.92,3671806.32,Cancelled
SO03653,CUST00315,PROD0043,2025-07-14,43,4150.47,178470.21,Processing
SO03654,CUST00423,PROD0200,2025-09-19,276,28021.79,7734014.04,Delivered
SO03655,CUST00294,PROD0124,2025-04-14,83,5901.54,489827.82,Shipped
SO03656,CUST00062,PROD0018,2025-01-01,186,23560.71,4382292.06,Delivered
SO03657,CUST00251,PROD0047,2026-02-12,626,27762.33,17379218.58,Shipped
SO03658,CUST00317,PROD0162,2026-02-09,259,13251.47,3432130.73,Pending
SO03659,CUST00327,PROD0199,2025-03-26,402,9290.81,3734905.62,Delivered
SO03660,CUST00034,PROD0008,2026-05-11,501,33474.01,16770479.01,Delivered
SO03661,CUST00227,PROD0088,2025-07-07,431,3984.81,1717453.11,Cancelled
SO03662,CUST00279,PROD0064,2025-01-26,109,34629.93,3774662.37,Pending
SO03663,CUST00006,PROD0167,2025-07-17,6,21890.85,131345.1,Delivered
SO03664,CUST00114,PROD0046,2026-06-22,93,8245.91,766869.63,Cancelled
SO03665,CUST00031,PROD0127,2025-02-17,303,24235.2,7343265.6,Shipped
SO03666,CUST00365,PROD0179,2026-01-22,275,1102.75,303256.25,Delivered
SO03667,CUST00013,PROD0076,2026-01-22,152,8241.2,1252662.4,Shipped
SO03668,CUST00204,PROD0126,2025-04-09,144,8304.5,1195848.0,Pending
SO03669,CUST00196,PROD0190,2025-11-04,259,5525.62,1431135.58,Delivered
SO03670,CUST00195,PROD0013,2025-02-09,403,12167.46,4903486.38,Delivered
SO03671,CUST00252,PROD0117,2025-08-31,542,15416.41,8355694.22,Processing
SO03672,CUST00131,PROD0032,2025-03-16,557,9991.11,5565048.27,Delivered
SO03673,CUST00413,PROD0156,2025-06-14,27,9598.14,259149.78,Delivered
SO03674,CUST00369,PROD0012,2026-06-30,744,9649.14,7178960.16,Delivered
SO03675,CUST00377,PROD0089,2025-03-04,401,12081.21,4844565.21,Processing
SO03676,CUST00379,PROD0085,2026-03-15,553,4249.5,2349973.5,Delivered
SO03677,CUST00231,PROD0152,2026-01-09,22,11978.95,263536.9,Shipped
SO03678,CUST00205,PROD0161,2025-08-19,473,14505.71,6861200.83,Delivered
SO03679,CUST00385,PROD0187,2026-08-27,287,30135.29,8648828.23,Pending
SO03680,CUST00427,PROD0006,2025-03-27,598,22768.16,13615359.68,Shipped
SO03681,CUST00430,PROD0161,2026-08-21,223,13881.52,3095578.96,Pending
SO03682,CUST00145,PROD0139,2026-06-26,734,15013.72,11020070.48,Delivered
SO03683,CUST00395,PROD0012,2025-08-11,551,9212.9,5076307.9,Delivered
SO03684,CUST00100,PROD0068,2025-08-08,218,24949.13,5438910.34,Processing
SO03685,CUST00090,PROD0007,2026-07-12,475,23839.94,11323971.5,Delivered
SO03686,CUST00202,PROD0197,2025-06-07,480,23276.44,11172691.2,Delivered
SO03687,CUST00104,PROD0182,2025-12-22,631,13503.3,8520582.3,Delivered
SO03688,CUST00486,PROD0109,2025-04-02,216,12254.92,2647062.72,Delivered
SO03689,CUST00242,PROD0037,2025-04-17,650,11731.22,7625293.0,Delivered
SO03690,CUST00260,PROD0042,2025-12-24,92,20340.65,1871339.8,Pending
SO03691,CUST00490,PROD0058,2026-02-02,702,2250.78,1580047.56,Delivered
SO03692,CUST00401,PROD0192,2025-02-24,265,4577.41,1213013.65,Cancelled
SO03693,CUST00275,PROD0177,2025-01-14,528,27831.55,14695058.4,Pending
SO03694,CUST00055,PROD0043,2025-03-22,377,4798.24,1808936.48,Delivered
SO03695,CUST00031,PROD0102,2025-08-26,327,18591.08,6079283.16,Shipped
SO03696,CUST00065,PROD0024,2026-05-11,103,5314.55,547398.65,Delivered
SO03697,CUST00265,PROD0028,2026-02-19,1,15884.75,15884.75,Pending
SO03698,CUST00213,PROD0110,2026-04-10,239,34409.39,8223844.21,Delivered
SO03699,CUST00078,PROD0108,2025-12-08,496,13426.66,6659623.36,Shipped
SO03700,CUST00038,PROD0004,2025-04-28,463,4506.4,2086463.2,Pending
SO03701,CUST00211,PROD0135,2026-07-01,661,3461.39,2287978.79,Delivered
SO03702,CUST00052,PROD0075,2025-11-11,485,27972.37,13566599.45,Delivered
SO03703,CUST00219,PROD0141,2025-11-15,583,32364.54,18868526.82,Processing
SO03704,CUST00096,PROD0088,2025-10-26,177,3905.82,691330.14,Delivered
SO03705,CUST00276,PROD0150,2026-01-24,584,32804.93,19158079.12,Processing
SO03706,CUST00416,PROD0193,2026-05-09,227,17691.15,4015891.05,Processing
SO03707,CUST00199,PROD0161,2025-04-01,396,10438.34,4133582.64,Shipped
SO03708,CUST00337,PROD0123,2025-09-13,31,28745.57,891112.67,Shipped
SO03709,CUST00452,PROD0158,2025-01-18,362,30048.38,10877513.56,Cancelled
SO03710,CUST00408,PROD0166,2026-03-27,79,26280.81,2076183.99,Cancelled
SO03711,CUST00318,PROD0157,2025-04-10,390,28087.35,10954066.5,Processing
SO03712,CUST00073,PROD0058,2025-08-16,60,2634.23,158053.8,Processing
SO03713,CUST00078,PROD0087,2026-05-19,735,29085.6,21377916.0,Delivered
SO03714,CUST00186,PROD0164,2025-04-04,658,18154.48,11945647.84,Shipped
SO03715,CUST00118,PROD0200,2025-08-24,518,38044.87,19707242.66,Delivered
SO03716,CUST00474,PROD0194,2025-05-09,700,19618.75,13733125.0,Shipped
SO03717,CUST00223,PROD0048,2025-01-18,561,24578.83,13788723.63,Processing
SO03718,CUST00369,PROD0179,2025-11-25,747,1196.62,893875.14,Delivered
SO03719,CUST00014,PROD0148,2025-07-17,548,26268.57,14395176.36,Pending
SO03720,CUST00111,PROD0068,2026-06-19,205,27858.37,5710965.85,Processing
SO03721,CUST00128,PROD0083,2026-02-22,446,20133.45,8979518.7,Shipped
SO03722,CUST00256,PROD0114,2026-06-19,631,16848.09,10631144.79,Shipped
SO03723,CUST00146,PROD0125,2025-09-12,149,8887.85,1324289.65,Shipped
SO03724,CUST00361,PROD0109,2025-04-07,475,11599.26,5509648.5,Delivered
SO03725,CUST00252,PROD0191,2026-07-04,298,10168.76,3030290.48,Processing
SO03726,CUST00256,PROD0078,2025-10-20,134,26609.42,3565662.28,Delivered
SO03727,CUST00271,PROD0061,2026-02-05,747,5720.62,4273303.14,Processing
SO03728,CUST00299,PROD0086,2025-06-26,107,2586.66,276772.62,Delivered
SO03729,CUST00021,PROD0143,2026-08-27,320,22668.14,7253804.8,Processing
SO03730,CUST00194,PROD0036,2025-06-08,449,13432.83,6031340.67,Delivered
SO03731,CUST00442,PROD0048,2025-04-15,346,22733.03,7865628.38,Delivered
SO03732,CUST00467,PROD0120,2026-07-28,403,9319.48,3755750.44,Delivered
SO03733,CUST00132,PROD0027,2025-01-08,638,20786.87,13262023.06,Pending
SO03734,CUST00134,PROD0120,2025-09-16,436,7387.78,3221072.08,Delivered
SO03735,CUST00156,PROD0103,2025-05-13,626,19966.3,12498903.8,Shipped
SO03736,CUST00212,PROD0152,2025-04-28,183,8704.8,1592978.4,Delivered
SO03737,CUST00054,PROD0064,2026-04-18,381,31626.11,12049547.91,Delivered
SO03738,CUST00153,PROD0084,2026-07-21,267,12516.8,3341985.6,Delivered
SO03739,CUST00004,PROD0161,2025-12-01,24,11996.11,287906.64,Pending
SO03740,CUST00350,PROD0086,2025-09-24,727,2694.79,1959112.33,Delivered
SO03741,CUST00215,PROD0080,2026-03-02,548,6206.68,3401260.64,Delivered
SO03742,CUST00280,PROD0171,2025-08-20,256,13994.42,3582571.52,Delivered
SO03743,CUST00254,PROD0138,2025-02-17,241,21229.44,5116295.04,Processing
SO03744,CUST00091,PROD0164,2026-07-08,131,20232.32,2650433.92,Delivered
SO03745,CUST00423,PROD0194,2025-10-21,555,17746.51,9849313.05,Delivered
SO03746,CUST00340,PROD0049,2025-01-16,374,7812.75,2921968.5,Delivered
SO03747,CUST00218,PROD0180,2026-05-14,362,14343.43,5192321.66,Delivered
SO03748,CUST00051,PROD0027,2025-09-26,661,23416.69,15478432.09,Shipped
SO03749,CUST00335,PROD0026,2025-02-03,300,29615.75,8884725.0,Delivered
SO03750,CUST00291,PROD0165,2025-08-16,677,33845.35,22913301.95,Delivered
SO03751,CUST00425,PROD0148,2025-06-23,519,35480.18,18414213.42,Delivered
SO03752,CUST00267,PROD0065,2025-11-17,289,8723.53,2521100.17,Pending
SO03753,CUST00346,PROD0026,2025-01-09,138,27331.99,3771814.62,Delivered
SO03754,CUST00251,PROD0179,2026-03-30,108,1436.67,155160.36,Delivered
SO03755,CUST00174,PROD0050,2026-05-29,617,3620.17,2233644.89,Processing
SO03756,CUST00145,PROD0070,2026-04-07,500,17427.84,8713920.0,Pending
SO03757,CUST00468,PROD0135,2025-01-15,3,3765.72,11297.16,Delivered
SO03758,CUST00305,PROD0188,2026-07-05,164,25943.65,4254758.6,Processing
SO03759,CUST00134,PROD0025,2026-02-17,620,20220.85,12536927.0,Delivered
SO03760,CUST00384,PROD0076,2026-07-24,34,7001.16,238039.44,Processing
SO03761,CUST00216,PROD0065,2026-04-21,330,7309.54,2412148.2,Delivered
SO03762,CUST00285,PROD0116,2025-11-23,133,7203.84,958110.72,Pending
SO03763,CUST00282,PROD0099,2025-09-01,328,2496.39,818815.92,Cancelled
SO03764,CUST00007,PROD0142,2025-02-14,9,24993.43,224940.87,Processing
SO03765,CUST00442,PROD0135,2025-05-04,565,3567.85,2015835.25,Delivered
SO03766,CUST00001,PROD0001,2025-09-11,341,9082.35,3097081.35,Delivered
SO03767,CUST00280,PROD0102,2025-06-07,537,18955.26,10178974.62,Processing
SO03768,CUST00027,PROD0194,2025-06-08,196,14219.45,2787012.2,Delivered
SO03769,CUST00033,PROD0196,2026-07-10,435,30153.35,13116707.25,Delivered
SO03770,CUST00105,PROD0182,2025-06-20,605,13679.34,8276000.7,Pending
SO03771,CUST00086,PROD0029,2026-02-05,376,8256.4,3104406.4,Delivered
SO03772,CUST00500,PROD0149,2025-03-11,575,18397.67,10578660.25,Delivered
SO03773,CUST00233,PROD0188,2025-05-10,138,31099.61,4291746.18,Delivered
SO03774,CUST00435,PROD0040,2025-11-12,679,13835.37,9394216.23,Delivered
SO03775,CUST00394,PROD0061,2026-07-05,314,6388.41,2005960.74,Shipped
SO03776,CUST00103,PROD0144,2026-02-04,597,30453.94,18181002.18,Processing
SO03777,CUST00250,PROD0166,2026-07-08,671,25408.29,17048962.59,Delivered
SO03778,CUST00028,PROD0157,2025-04-01,145,28510.93,4134084.85,Shipped
SO03779,CUST00185,PROD0093,2025-09-03,538,6119.54,3292312.52,Delivered
SO03780,CUST00457,PROD0132,2025-06-02,666,23058.34,15356854.44,Delivered
SO03781,CUST00332,PROD0133,2025-08-09,624,14556.06,9082981.44,Delivered
SO03782,CUST00180,PROD0083,2025-01-28,569,19834.58,11285876.02,Delivered
SO03783,CUST00301,PROD0105,2025-06-03,89,18596.2,1655061.8,Processing
SO03784,CUST00405,PROD0174,2025-02-28,625,30232.82,18895512.5,Delivered
SO03785,CUST00168,PROD0161,2026-08-03,675,11035.41,7448901.75,Delivered
SO03786,CUST00306,PROD0200,2026-04-21,521,35957.0,18733597.0,Shipped
SO03787,CUST00141,PROD0085,2025-04-09,270,4702.41,1269650.7,Delivered
SO03788,CUST00288,PROD0158,2025-03-14,124,27503.91,3410484.84,Delivered
SO03789,CUST00173,PROD0133,2025-10-14,309,17443.94,5390177.46,Processing
SO03790,CUST00132,PROD0011,2026-08-24,46,25681.27,1181338.42,Delivered
SO03791,CUST00283,PROD0200,2025-07-08,530,40635.81,21536979.3,Delivered
SO03792,CUST00431,PROD0006,2026-07-08,506,21942.99,11103152.94,Cancelled
SO03793,CUST00286,PROD0164,2025-02-27,678,14245.0,9658110.0,Delivered
SO03794,CUST00042,PROD0146,2025-01-22,510,21699.45,11066719.5,Delivered
SO03795,CUST00229,PROD0083,2025-11-26,703,17231.68,12113871.04,Pending
SO03796,CUST00170,PROD0089,2025-05-12,715,14553.36,10405652.4,Pending
SO03797,CUST00257,PROD0007,2026-03-08,720,22543.36,16231219.2,Delivered
SO03798,CUST00001,PROD0027,2025-01-14,348,22838.59,7947829.32,Processing
SO03799,CUST00400,PROD0055,2025-05-11,390,3107.42,1211893.8,Delivered
SO03800,CUST00151,PROD0159,2025-07-11,662,10374.33,6867806.46,Delivered
SO03801,CUST00348,PROD0010,2026-05-11,5,12904.43,64522.15,Pending
SO03802,CUST00293,PROD0178,2025-04-29,41,27703.94,1135861.54,Shipped
SO03803,CUST00158,PROD0178,2025-05-23,276,31992.2,8829847.2,Delivered
SO03804,CUST00415,PROD0122,2026-01-04,706,17569.89,12404342.34,Delivered
SO03805,CUST00273,PROD0123,2025-10-22,497,31200.46,15506628.62,Delivered
SO03806,CUST00484,PROD0176,2025-02-25,545,14033.94,7648497.3,Delivered
SO03807,CUST00309,PROD0008,2026-07-04,633,26321.72,16661648.76,Shipped
SO03808,CUST00019,PROD0184,2025-02-28,708,30704.65,21738892.2,Delivered
SO03809,CUST00158,PROD0161,2026-04-17,692,10664.37,7379744.04,Delivered
SO03810,CUST00456,PROD0199,2025-09-28,138,7932.83,1094730.54,Delivered
SO03811,CUST00008,PROD0081,2025-07-19,578,1666.76,963387.28,Delivered
SO03812,CUST00110,PROD0199,2025-09-13,444,11413.12,5067425.28,Shipped
SO03813,CUST00477,PROD0129,2025-07-11,492,18266.37,8987054.04,Pending
SO03814,CUST00373,PROD0092,2026-01-04,356,7966.95,2836234.2,Processing
SO03815,CUST00166,PROD0099,2026-07-25,554,2437.56,1350408.24,Shipped
SO03816,CUST00391,PROD0099,2026-03-13,274,3054.19,836848.06,Processing
SO03817,CUST00086,PROD0169,2026-06-22,411,17274.75,7099922.25,Cancelled
SO03818,CUST00058,PROD0058,2026-04-30,47,2063.08,96964.76,Delivered
SO03819,CUST00134,PROD0104,2025-12-27,657,7965.06,5233044.42,Pending
SO03820,CUST00147,PROD0114,2025-09-02,637,16115.23,10265401.51,Delivered
SO03821,CUST00326,PROD0161,2025-09-29,521,11664.12,6077006.52,Delivered
SO03822,CUST00419,PROD0031,2025-10-21,706,2997.33,2116114.98,Delivered
SO03823,CUST00342,PROD0191,2025-12-03,395,10041.77,3966499.15,Delivered
SO03824,CUST00219,PROD0155,2025-02-11,343,10910.23,3742208.89,Pending
SO03825,CUST00054,PROD0152,2026-06-20,404,11028.23,4455404.92,Delivered
SO03826,CUST00439,PROD0094,2026-03-28,671,14845.83,9961551.93,Delivered
SO03827,CUST00084,PROD0046,2025-10-14,589,8900.39,5242329.71,Delivered
SO03828,CUST00127,PROD0166,2025-07-15,156,25616.04,3996102.24,Processing
SO03829,CUST00434,PROD0119,2026-04-17,737,9124.02,6724402.74,Processing
SO03830,CUST00366,PROD0178,2025-04-21,387,28238.27,10928210.49,Shipped
SO03831,CUST00482,PROD0050,2025-10-29,389,3700.69,1439568.41,Delivered
SO03832,CUST00444,PROD0152,2025-01-03,533,9764.32,5204382.56,Delivered
SO03833,CUST00133,PROD0058,2025-04-12,701,2410.36,1689662.36,Shipped
SO03834,CUST00130,PROD0155,2026-04-27,211,12176.36,2569211.96,Delivered
SO03835,CUST00200,PROD0179,2026-05-07,530,1255.74,665542.2,Delivered
SO03836,CUST00214,PROD0021,2026-06-02,401,15142.23,6072034.23,Delivered
SO03837,CUST00341,PROD0124,2026-06-24,471,4874.72,2295993.12,Cancelled
SO03838,CUST00269,PROD0173,2025-11-20,58,22860.61,1325915.38,Delivered
SO03839,CUST00325,PROD0082,2026-03-01,167,24036.83,4014150.61,Pending
SO03840,CUST00429,PROD0145,2026-04-03,38,15779.02,599602.76,Delivered
SO03841,CUST00100,PROD0170,2025-11-25,67,17446.43,1168910.81,Delivered
SO03842,CUST00164,PROD0179,2026-01-15,502,1144.69,574634.38,Delivered
SO03843,CUST00386,PROD0078,2026-06-29,345,26790.34,9242667.3,Processing
SO03844,CUST00217,PROD0147,2026-03-29,329,2699.93,888276.97,Pending
SO03845,CUST00328,PROD0044,2025-04-07,426,9145.03,3895782.78,Delivered
SO03846,CUST00266,PROD0062,2026-05-23,462,31936.27,14754556.74,Delivered
SO03847,CUST00356,PROD0177,2026-06-17,248,24238.47,6011140.56,Pending
SO03848,CUST00088,PROD0189,2025-04-22,242,9650.2,2335348.4,Cancelled
SO03849,CUST00299,PROD0184,2025-12-02,177,24155.16,4275463.32,Pending
SO03850,CUST00029,PROD0192,2026-06-13,186,4123.53,766976.58,Delivered
SO03851,CUST00040,PROD0027,2026-05-27,393,25272.75,9932190.75,Pending
SO03852,CUST00139,PROD0198,2026-04-22,213,10510.44,2238723.72,Pending
SO03853,CUST00306,PROD0033,2025-10-17,527,5970.93,3146680.11,Delivered
SO03854,CUST00359,PROD0015,2026-05-23,158,8885.05,1403837.9,Delivered
SO03855,CUST00067,PROD0135,2025-02-04,77,2933.05,225844.85,Delivered
SO03856,CUST00199,PROD0060,2026-05-12,304,20139.02,6122262.08,Delivered
SO03857,CUST00002,PROD0047,2026-03-02,666,30928.0,20598048.0,Pending
SO03858,CUST00497,PROD0054,2026-01-20,252,25507.37,6427857.24,Delivered
SO03859,CUST00364,PROD0104,2025-03-17,654,7677.73,5021235.42,Shipped
SO03860,CUST00020,PROD0044,2026-05-23,339,7875.04,2669638.56,Delivered
SO03861,CUST00138,PROD0174,2025-04-01,656,38495.82,25253257.92,Delivered
SO03862,CUST00438,PROD0025,2025-12-26,487,16614.82,8091417.34,Delivered
SO03863,CUST00473,PROD0130,2026-01-26,375,26664.38,9999142.5,Shipped
SO03864,CUST00275,PROD0094,2025-11-16,174,13603.91,2367080.34,Processing
SO03865,CUST00421,PROD0185,2025-05-26,252,6735.81,1697424.12,Shipped
SO03866,CUST00450,PROD0044,2025-06-07,263,7474.27,1965733.01,Delivered
SO03867,CUST00412,PROD0061,2026-01-04,47,6815.0,320305.0,Pending
SO03868,CUST00116,PROD0157,2025-04-29,18,20929.84,376737.12,Delivered
SO03869,CUST00468,PROD0155,2026-06-28,139,10217.01,1420164.39,Pending
SO03870,CUST00101,PROD0069,2025-06-19,53,32915.11,1744500.83,Delivered
SO03871,CUST00215,PROD0144,2026-01-19,681,24690.65,16814332.65,Delivered
SO03872,CUST00206,PROD0062,2026-01-02,522,26618.76,13894992.72,Processing
SO03873,CUST00395,PROD0040,2026-06-23,570,12292.4,7006668.0,Delivered
SO03874,CUST00399,PROD0113,2026-08-01,305,33980.02,10363906.1,Delivered
SO03875,CUST00022,PROD0012,2026-07-28,354,12310.93,4358069.22,Processing
SO03876,CUST00423,PROD0052,2025-08-02,538,17064.71,9180813.98,Processing
SO03877,CUST00208,PROD0162,2025-05-09,398,9212.68,3666646.64,Shipped
SO03878,CUST00156,PROD0065,2025-01-11,467,9782.21,4568292.07,Delivered
SO03879,CUST00233,PROD0081,2025-04-16,16,1574.36,25189.76,Shipped
SO03880,CUST00178,PROD0083,2026-02-06,529,20650.42,10924072.18,Processing
SO03881,CUST00331,PROD0102,2025-02-09,331,17616.42,5831035.02,Delivered
SO03882,CUST00255,PROD0192,2026-08-28,729,4850.66,3536131.14,Delivered
SO03883,CUST00149,PROD0047,2025-06-23,44,23499.41,1033974.04,Delivered
SO03884,CUST00123,PROD0177,2026-02-13,66,26459.73,1746342.18,Pending
SO03885,CUST00437,PROD0145,2026-03-16,481,16913.33,8135311.73,Delivered
SO03886,CUST00196,PROD0195,2025-09-10,248,9876.66,2449411.68,Delivered
SO03887,CUST00433,PROD0078,2025-04-04,736,22144.45,16298315.2,Delivered
SO03888,CUST00281,PROD0102,2025-06-07,112,14946.59,1674018.08,Delivered
SO03889,CUST00284,PROD0106,2025-06-11,696,1703.76,1185816.96,Cancelled
SO03890,CUST00139,PROD0001,2025-05-04,733,8615.6,6315234.8,Processing
SO03891,CUST00153,PROD0035,2025-12-04,150,14712.46,2206869.0,Processing
SO03892,CUST00148,PROD0062,2025-06-24,23,24239.95,557518.85,Shipped
SO03893,CUST00008,PROD0007,2025-02-27,99,18543.91,1835847.09,Delivered
SO03894,CUST00279,PROD0169,2025-06-25,689,16214.18,11171570.02,Shipped
SO03895,CUST00032,PROD0165,2025-12-07,601,35731.16,21474427.16,Processing
SO03896,CUST00172,PROD0059,2025-08-27,166,29628.67,4918359.22,Cancelled
SO03897,CUST00326,PROD0125,2025-04-30,421,8478.16,3569305.36,Delivered
SO03898,CUST00141,PROD0105,2026-06-16,500,22712.74,11356370.0,Delivered
SO03899,CUST00386,PROD0153,2026-07-05,466,28819.27,13429779.82,Pending
SO03900,CUST00193,PROD0018,2025-08-09,282,22969.85,6477497.7,Delivered
SO03901,CUST00021,PROD0153,2026-04-22,56,28076.69,1572294.64,Pending
SO03902,CUST00193,PROD0015,2025-09-01,132,9956.51,1314259.32,Delivered
SO03903,CUST00370,PROD0086,2025-05-05,434,2636.95,1144436.3,Shipped
SO03904,CUST00036,PROD0126,2026-03-08,203,9079.65,1843168.95,Processing
SO03905,CUST00165,PROD0154,2025-10-26,685,3857.46,2642360.1,Delivered
SO03906,CUST00443,PROD0117,2026-04-07,201,15487.86,3113059.86,Shipped
SO03907,CUST00100,PROD0129,2025-11-04,160,15963.28,2554124.8,Delivered
SO03908,CUST00085,PROD0048,2025-06-13,165,26399.88,4355980.2,Pending
SO03909,CUST00268,PROD0185,2025-07-21,85,6358.83,540500.55,Pending
SO03910,CUST00091,PROD0185,2025-11-30,168,6415.59,1077819.12,Processing
SO03911,CUST00198,PROD0038,2025-01-29,497,27931.64,13882025.08,Shipped
SO03912,CUST00471,PROD0011,2025-10-26,737,26742.33,19709097.21,Cancelled
SO03913,CUST00039,PROD0044,2025-11-03,319,8527.76,2720355.44,Delivered
SO03914,CUST00080,PROD0065,2026-08-28,379,8161.65,3093265.35,Shipped
SO03915,CUST00341,PROD0166,2026-06-19,581,24887.71,14459759.51,Shipped
SO03916,CUST00018,PROD0072,2025-12-23,425,8973.04,3813542.0,Shipped
SO03917,CUST00101,PROD0165,2025-07-13,471,28973.04,13646301.84,Delivered
SO03918,CUST00440,PROD0088,2025-07-21,567,4711.64,2671499.88,Shipped
SO03919,CUST00107,PROD0184,2025-08-28,535,26711.08,14290427.8,Shipped
SO03920,CUST00187,PROD0160,2026-08-20,82,11727.21,961631.22,Shipped
SO03921,CUST00175,PROD0063,2025-01-23,34,15603.91,530532.94,Shipped
SO03922,CUST00288,PROD0124,2025-12-15,371,5240.45,1944206.95,Delivered
SO03923,CUST00177,PROD0123,2025-07-09,133,30371.1,4039356.3,Shipped
SO03924,CUST00008,PROD0002,2025-07-15,494,7882.19,3893801.86,Delivered
SO03925,CUST00286,PROD0112,2025-03-13,618,3527.89,2180236.02,Processing
SO03926,CUST00202,PROD0175,2025-11-02,468,3180.36,1488408.48,Shipped
SO03927,CUST00087,PROD0191,2025-12-25,635,9549.3,6063805.5,Processing
SO03928,CUST00489,PROD0166,2026-01-11,390,31808.07,12405147.3,Delivered
SO03929,CUST00293,PROD0035,2026-01-26,681,18288.45,12454434.45,Delivered
SO03930,CUST00383,PROD0045,2025-01-01,341,12781.19,4358385.79,Shipped
SO03931,CUST00412,PROD0163,2026-01-13,685,5041.91,3453708.35,Pending
SO03932,CUST00408,PROD0029,2025-04-16,684,7538.96,5156648.64,Shipped
SO03933,CUST00182,PROD0190,2026-01-12,421,4085.59,1720033.39,Delivered
SO03934,CUST00074,PROD0109,2025-03-15,676,11694.42,7905427.92,Delivered
SO03935,CUST00014,PROD0166,2026-06-04,584,31359.8,18314123.2,Pending
SO03936,CUST00292,PROD0103,2025-11-17,310,20623.49,6393281.9,Delivered
SO03937,CUST00421,PROD0069,2026-03-11,175,37121.37,6496239.75,Pending
SO03938,CUST00389,PROD0051,2025-11-29,733,21058.64,15435983.12,Delivered
SO03939,CUST00436,PROD0186,2025-10-05,231,6522.81,1506769.11,Delivered
SO03940,CUST00152,PROD0057,2025-03-10,306,30947.3,9469873.8,Shipped
SO03941,CUST00245,PROD0019,2025-08-01,354,24198.49,8566265.46,Pending
SO03942,CUST00098,PROD0031,2025-09-30,45,2900.93,130541.85,Delivered
SO03943,CUST00274,PROD0064,2026-02-26,667,34140.46,22771686.82,Processing
SO03944,CUST00124,PROD0187,2026-01-09,80,29918.06,2393444.8,Delivered
SO03945,CUST00084,PROD0189,2026-01-08,412,8009.64,3299971.68,Delivered
SO03946,CUST00282,PROD0119,2026-03-25,64,10566.0,676224.0,Shipped
SO03947,CUST00149,PROD0073,2026-01-26,168,12878.04,2163510.72,Processing
SO03948,CUST00019,PROD0120,2025-08-27,675,8579.73,5791317.75,Delivered
SO03949,CUST00377,PROD0011,2025-03-23,750,20838.86,15629145.0,Delivered
SO03950,CUST00151,PROD0075,2025-05-19,537,26899.94,14445267.78,Delivered
SO03951,CUST00483,PROD0033,2025-11-01,108,4528.17,489042.36,Processing
SO03952,CUST00367,PROD0151,2025-11-11,669,4540.8,3037795.2,Delivered
SO03953,CUST00036,PROD0014,2026-08-22,674,23297.72,15702663.28,Shipped
SO03954,CUST00087,PROD0179,2026-03-26,197,1329.05,261822.85,Shipped
SO03955,CUST00470,PROD0146,2025-10-28,178,28158.97,5012296.66,Delivered
SO03956,CUST00009,PROD0183,2025-08-01,425,3010.61,1279509.25,Pending
SO03957,CUST00067,PROD0019,2025-03-29,61,27503.98,1677742.78,Shipped
SO03958,CUST00351,PROD0053,2025-10-09,77,3149.64,242522.28,Delivered
SO03959,CUST00112,PROD0023,2025-01-10,374,33617.29,12572866.46,Processing
SO03960,CUST00163,PROD0010,2026-07-17,397,14510.36,5760612.92,Shipped
SO03961,CUST00495,PROD0092,2026-04-01,664,7885.51,5235978.64,Delivered
SO03962,CUST00117,PROD0089,2026-06-19,74,12388.77,916768.98,Delivered
SO03963,CUST00062,PROD0069,2025-12-26,737,28203.71,20786134.27,Delivered
SO03964,CUST00351,PROD0040,2025-02-22,67,12717.67,852083.89,Delivered
SO03965,CUST00059,PROD0027,2026-02-02,343,18182.67,6236655.81,Delivered
SO03966,CUST00090,PROD0186,2026-03-21,483,8565.92,4137339.36,Delivered
SO03967,CUST00316,PROD0050,2026-01-14,270,3803.71,1027001.7,Delivered
SO03968,CUST00494,PROD0084,2026-03-08,11,12468.68,137155.48,Pending
SO03969,CUST00096,PROD0082,2026-05-26,357,19717.05,7038986.85,Pending
SO03970,CUST00255,PROD0052,2025-02-06,512,24267.84,12425134.08,Delivered
SO03971,CUST00225,PROD0038,2025-01-08,330,28451.61,9389031.3,Processing
SO03972,CUST00165,PROD0186,2025-11-10,182,6987.13,1271657.66,Delivered
SO03973,CUST00224,PROD0185,2026-06-14,36,7853.09,282711.24,Delivered
SO03974,CUST00066,PROD0082,2026-08-31,236,24772.9,5846404.4,Delivered
SO03975,CUST00345,PROD0004,2025-04-12,597,4460.29,2662793.13,Processing
SO03976,CUST00401,PROD0020,2025-09-01,605,10144.08,6137168.4,Pending
SO03977,CUST00396,PROD0016,2025-10-03,27,17188.53,464090.31,Processing
SO03978,CUST00059,PROD0043,2026-06-02,737,5457.46,4022148.02,Delivered
SO03979,CUST00406,PROD0151,2025-04-24,139,5907.58,821153.62,Pending
SO03980,CUST00265,PROD0134,2025-07-09,459,38004.03,17443849.77,Delivered
SO03981,CUST00172,PROD0182,2025-03-20,606,15779.47,9562358.82,Delivered
SO03982,CUST00410,PROD0092,2025-06-03,272,9725.71,2645393.12,Delivered
SO03983,CUST00421,PROD0012,2025-12-05,153,10956.21,1676300.13,Delivered
SO03984,CUST00246,PROD0063,2025-06-27,546,17675.96,9651074.16,Delivered
SO03985,CUST00431,PROD0112,2026-02-08,286,3208.82,917722.52,Pending
SO03986,CUST00172,PROD0018,2025-02-08,176,29069.11,5116163.36,Shipped
SO03987,CUST00076,PROD0070,2026-04-25,194,13850.91,2687076.54,Delivered
SO03988,CUST00255,PROD0159,2026-04-28,530,7867.79,4169928.7,Delivered
SO03989,CUST00260,PROD0018,2026-04-15,12,28283.9,339406.8,Processing
SO03990,CUST00129,PROD0014,2025-05-18,516,20582.07,10620348.12,Delivered
SO03991,CUST00043,PROD0184,2026-01-03,712,31035.57,22097325.84,Delivered
SO03992,CUST00182,PROD0117,2025-04-10,591,13357.55,7894312.05,Processing
SO03993,CUST00406,PROD0111,2025-09-12,395,8456.8,3340436.0,Shipped
SO03994,CUST00009,PROD0022,2025-06-17,457,19318.03,8828339.71,Pending
SO03995,CUST00416,PROD0084,2026-08-27,120,12684.01,1522081.2,Delivered
SO03996,CUST00030,PROD0175,2026-02-15,576,4017.25,2313936.0,Delivered
SO03997,CUST00217,PROD0199,2026-08-24,114,11357.62,1294768.68,Pending
SO03998,CUST00284,PROD0070,2025-01-21,2,18100.02,36200.04,Processing
SO03999,CUST00093,PROD0169,2026-08-05,671,19853.6,13321765.6,Cancelled
SO04000,CUST00460,PROD0124,2026-02-05,222,5605.67,1244458.74,Delivered
SO04001,CUST00214,PROD0059,2026-06-26,212,25424.07,5389902.84,Processing
SO04002,CUST00023,PROD0101,2025-12-21,401,4743.45,1902123.45,Shipped
SO04003,CUST00220,PROD0003,2026-05-21,734,20891.79,15334573.86,Delivered
SO04004,CUST00333,PROD0010,2025-01-28,348,16898.97,5880841.56,Delivered
SO04005,CUST00281,PROD0056,2025-02-24,45,28512.09,1283044.05,Processing
SO04006,CUST00025,PROD0178,2026-01-05,727,29885.83,21726998.41,Processing
SO04007,CUST00180,PROD0095,2025-02-06,442,1440.06,636506.52,Delivered
SO04008,CUST00300,PROD0147,2025-03-21,295,3134.63,924715.85,Pending
SO04009,CUST00109,PROD0107,2025-09-25,68,21667.02,1473357.36,Delivered
SO04010,CUST00306,PROD0163,2025-07-04,599,4868.89,2916465.11,Delivered
SO04011,CUST00048,PROD0149,2026-02-13,121,24348.8,2946204.8,Processing
SO04012,CUST00313,PROD0138,2025-11-14,216,23219.82,5015481.12,Processing
SO04013,CUST00122,PROD0035,2025-01-15,96,15881.49,1524623.04,Delivered
SO04014,CUST00499,PROD0031,2025-04-06,490,2716.29,1330982.1,Delivered
SO04015,CUST00497,PROD0178,2025-01-24,684,32092.89,21951536.76,Delivered
SO04016,CUST00174,PROD0165,2026-05-21,204,34539.49,7046055.96,Delivered
SO04017,CUST00182,PROD0166,2026-04-02,681,31703.94,21590383.14,Pending
SO04018,CUST00027,PROD0184,2025-11-26,552,24634.81,13598415.12,Processing
SO04019,CUST00465,PROD0051,2025-02-06,598,20158.47,12054765.06,Delivered
SO04020,CUST00285,PROD0110,2025-10-26,453,33698.31,15265334.43,Pending
SO04021,CUST00488,PROD0095,2026-04-29,209,1366.15,285525.35,Delivered
SO04022,CUST00455,PROD0081,2025-03-18,255,1526.45,389244.75,Shipped
SO04023,CUST00146,PROD0052,2026-05-21,613,24569.34,15061005.42,Processing
SO04024,CUST00054,PROD0044,2026-06-15,59,8944.47,527723.73,Delivered
SO04025,CUST00107,PROD0127,2025-01-27,553,24452.07,13521994.71,Delivered
SO04026,CUST00128,PROD0163,2025-01-04,147,5212.5,766237.5,Delivered
SO04027,CUST00434,PROD0062,2025-06-05,264,32362.85,8543792.4,Pending
SO04028,CUST00005,PROD0153,2026-02-19,702,30569.17,21459557.34,Processing
SO04029,CUST00251,PROD0181,2025-12-22,533,34418.66,18345145.78,Shipped
SO04030,CUST00454,PROD0103,2025-04-27,409,17451.0,7137459.0,Delivered
SO04031,CUST00134,PROD0080,2026-02-10,273,7258.89,1981676.97,Delivered
SO04032,CUST00402,PROD0152,2025-08-17,296,11413.7,3378455.2,Shipped
SO04033,CUST00368,PROD0020,2026-02-13,445,10063.84,4478408.8,Delivered
SO04034,CUST00239,PROD0177,2025-06-22,455,22108.59,10059408.45,Delivered
SO04035,CUST00138,PROD0200,2025-12-15,664,38282.7,25419712.8,Pending
SO04036,CUST00371,PROD0098,2025-06-23,20,20683.26,413665.2,Delivered
SO04037,CUST00436,PROD0106,2025-11-06,365,1626.18,593555.7,Processing
SO04038,CUST00363,PROD0136,2025-04-04,602,13262.56,7984061.12,Processing
SO04039,CUST00463,PROD0065,2026-02-15,640,8775.99,5616633.6,Delivered
SO04040,CUST00343,PROD0150,2025-07-16,461,36845.85,16985936.85,Delivered
SO04041,CUST00273,PROD0011,2025-03-06,181,22405.72,4055435.32,Delivered
SO04042,CUST00211,PROD0022,2026-03-28,655,15883.95,10403987.25,Delivered
SO04043,CUST00343,PROD0174,2025-08-18,452,37836.49,17102093.48,Delivered
SO04044,CUST00318,PROD0016,2025-02-07,525,14355.36,7536564.0,Delivered
SO04045,CUST00309,PROD0079,2026-04-25,454,27659.86,12557576.44,Delivered
SO04046,CUST00367,PROD0056,2026-06-26,670,26695.36,17885891.2,Shipped
SO04047,CUST00007,PROD0041,2025-01-17,293,37118.9,10875837.7,Delivered
SO04048,CUST00276,PROD0088,2026-05-14,161,4756.56,765806.16,Delivered
SO04049,CUST00163,PROD0018,2025-03-22,164,24140.6,3959058.4,Pending
SO04050,CUST00207,PROD0189,2026-05-19,5,9836.9,49184.5,Pending
SO04051,CUST00023,PROD0023,2026-02-23,21,29477.81,619034.01,Pending
SO04052,CUST00259,PROD0160,2025-11-21,457,10781.77,4927268.89,Delivered
SO04053,CUST00067,PROD0189,2025-11-14,379,9927.18,3762401.22,Delivered
SO04054,CUST00387,PROD0148,2025-05-14,224,32303.47,7235977.28,Delivered
SO04055,CUST00322,PROD0169,2025-02-12,308,20212.13,6225336.04,Processing
SO04056,CUST00353,PROD0060,2025-01-19,589,22473.87,13237109.43,Delivered
SO04057,CUST00383,PROD0065,2025-07-23,387,10094.21,3906459.27,Cancelled
SO04058,CUST00268,PROD0031,2025-01-24,264,2565.76,677360.64,Processing
SO04059,CUST00071,PROD0155,2025-02-14,729,9945.07,7249956.03,Delivered
SO04060,CUST00094,PROD0176,2025-08-19,570,17033.11,9708872.7,Delivered
SO04061,CUST00177,PROD0170,2025-03-20,207,16576.93,3431424.51,Delivered
SO04062,CUST00317,PROD0011,2025-04-17,299,26914.46,8047423.54,Shipped
SO04063,CUST00218,PROD0006,2026-06-13,78,19583.34,1527500.52,Processing
SO04064,CUST00467,PROD0062,2025-08-20,284,31320.6,8895050.4,Delivered
SO04065,CUST00077,PROD0155,2026-06-25,662,11285.92,7471279.04,Delivered
SO04066,CUST00261,PROD0054,2025-03-31,205,25994.35,5328841.75,Processing
SO04067,CUST00156,PROD0167,2025-04-21,504,28668.11,14448727.44,Shipped
SO04068,CUST00453,PROD0090,2025-05-29,25,33728.08,843202.0,Pending
SO04069,CUST00270,PROD0035,2025-08-16,47,18179.4,854431.8,Processing
SO04070,CUST00333,PROD0183,2025-03-02,57,3203.76,182614.32,Delivered
SO04071,CUST00444,PROD0086,2026-04-03,343,2157.86,740145.98,Shipped
SO04072,CUST00498,PROD0192,2025-07-14,327,4458.58,1457955.66,Pending
SO04073,CUST00366,PROD0016,2026-01-28,668,13712.72,9160096.96,Pending
SO04074,CUST00112,PROD0100,2025-08-02,70,23666.88,1656681.6,Cancelled
SO04075,CUST00144,PROD0022,2026-04-29,365,18911.99,6902876.35,Delivered
SO04076,CUST00377,PROD0058,2026-03-21,154,2601.18,400581.72,Delivered
SO04077,CUST00329,PROD0071,2025-03-07,521,17850.41,9300063.61,Shipped
SO04078,CUST00492,PROD0180,2025-06-10,271,16361.77,4434039.67,Delivered
SO04079,CUST00176,PROD0020,2026-07-13,455,8651.43,3936400.65,Shipped
SO04080,CUST00382,PROD0127,2026-01-06,486,25717.51,12498709.86,Shipped
SO04081,CUST00134,PROD0101,2025-03-11,31,3695.19,114550.89,Shipped
SO04082,CUST00305,PROD0097,2025-03-30,314,18768.57,5893330.98,Shipped
SO04083,CUST00423,PROD0187,2025-03-04,603,23722.91,14304914.73,Delivered
SO04084,CUST00405,PROD0052,2026-06-08,694,19699.22,13671258.68,Processing
SO04085,CUST00425,PROD0033,2026-03-13,457,5357.87,2448546.59,Processing
SO04086,CUST00243,PROD0123,2026-07-25,491,32415.98,15916246.18,Delivered
SO04087,CUST00115,PROD0077,2025-05-18,483,28331.6,13684162.8,Delivered
SO04088,CUST00454,PROD0050,2025-04-28,463,4078.39,1888294.57,Pending
SO04089,CUST00273,PROD0166,2025-05-11,168,26995.37,4535222.16,Delivered
SO04090,CUST00494,PROD0088,2026-03-18,186,4311.65,801966.9,Pending
SO04091,CUST00246,PROD0093,2026-01-21,398,5358.72,2132770.56,Delivered
SO04092,CUST00175,PROD0173,2025-09-15,265,18329.71,4857373.15,Shipped
SO04093,CUST00325,PROD0131,2026-08-22,587,12037.28,7065883.36,Delivered
SO04094,CUST00169,PROD0061,2026-01-02,409,6561.21,2683534.89,Processing
SO04095,CUST00093,PROD0176,2025-06-23,51,17916.26,913729.26,Delivered
SO04096,CUST00170,PROD0066,2025-02-04,267,1099.19,293483.73,Delivered
SO04097,CUST00449,PROD0182,2026-06-01,716,12266.71,8782964.36,Shipped
SO04098,CUST00035,PROD0144,2025-01-12,747,29226.1,21831896.7,Delivered
SO04099,CUST00428,PROD0115,2025-06-18,64,11500.92,736058.88,Delivered
SO04100,CUST00170,PROD0186,2026-07-08,151,8624.05,1302231.55,Processing
SO04101,CUST00436,PROD0091,2025-03-06,707,33473.46,23665736.22,Delivered
SO04102,CUST00116,PROD0007,2025-09-30,135,23633.18,3190479.3,Processing
SO04103,CUST00461,PROD0184,2026-04-23,246,27778.85,6833597.1,Delivered
SO04104,CUST00412,PROD0072,2025-06-30,63,6737.15,424440.45,Pending
SO04105,CUST00420,PROD0138,2025-09-23,8,22194.86,177558.88,Delivered
SO04106,CUST00198,PROD0180,2026-06-22,742,17765.55,13182038.1,Processing
SO04107,CUST00326,PROD0160,2026-07-26,48,10935.24,524891.52,Delivered
SO04108,CUST00455,PROD0066,2025-07-24,673,964.0,648772.0,Delivered
SO04109,CUST00413,PROD0120,2026-03-26,107,6696.52,716527.64,Delivered
SO04110,CUST00100,PROD0123,2026-04-13,550,28553.7,15704535.0,Pending
SO04111,CUST00430,PROD0104,2025-05-06,161,7295.09,1174509.49,Processing
SO04112,CUST00478,PROD0122,2026-01-23,88,15878.75,1397330.0,Processing
SO04113,CUST00102,PROD0017,2026-05-23,299,18653.73,5577465.27,Processing
SO04114,CUST00464,PROD0020,2025-08-09,583,9186.57,5355770.31,Delivered
SO04115,CUST00213,PROD0199,2026-03-12,736,8207.43,6040668.48,Delivered
SO04116,CUST00317,PROD0186,2026-02-11,559,7629.96,4265147.64,Processing
SO04117,CUST00246,PROD0101,2026-03-18,177,5136.86,909224.22,Delivered
SO04118,CUST00093,PROD0080,2025-05-22,476,6471.73,3080543.48,Processing
SO04119,CUST00065,PROD0066,2025-07-05,506,1061.24,536987.44,Cancelled
SO04120,CUST00217,PROD0113,2026-07-20,44,39855.66,1753649.04,Delivered
SO04121,CUST00432,PROD0114,2026-02-06,95,16902.59,1605746.05,Processing
SO04122,CUST00184,PROD0118,2026-08-08,625,29068.03,18167518.75,Delivered
SO04123,CUST00355,PROD0045,2026-01-15,197,13382.08,2636269.76,Cancelled
SO04124,CUST00029,PROD0007,2026-05-30,636,18531.25,11785875.0,Shipped
SO04125,CUST00398,PROD0114,2025-08-17,245,14526.51,3558994.95,Delivered
SO04126,CUST00245,PROD0194,2025-10-20,99,20608.22,2040213.78,Delivered
SO04127,CUST00266,PROD0048,2025-11-19,186,26421.35,4914371.1,Processing
SO04128,CUST00171,PROD0022,2026-08-03,456,14493.0,6608808.0,Processing
SO04129,CUST00231,PROD0007,2025-01-02,446,20681.15,9223792.9,Shipped
SO04130,CUST00424,PROD0030,2025-07-22,215,14241.08,3061832.2,Pending
SO04131,CUST00161,PROD0063,2025-11-01,567,13385.11,7589357.37,Delivered
SO04132,CUST00083,PROD0090,2025-10-31,331,40679.01,13464752.31,Pending
SO04133,CUST00126,PROD0063,2026-01-05,712,17568.24,12508586.88,Shipped
SO04134,CUST00418,PROD0188,2025-06-29,91,24424.32,2222613.12,Delivered
SO04135,CUST00358,PROD0104,2025-11-04,462,8174.34,3776545.08,Pending
SO04136,CUST00150,PROD0149,2025-03-12,603,23554.57,14203405.71,Delivered
SO04137,CUST00391,PROD0194,2026-08-08,460,17307.69,7961537.4,Delivered
SO04138,CUST00001,PROD0093,2026-05-07,439,6186.66,2715943.74,Shipped
SO04139,CUST00283,PROD0051,2026-01-14,192,19993.5,3838752.0,Pending
SO04140,CUST00169,PROD0079,2025-08-10,380,27615.78,10493996.4,Pending
SO04141,CUST00403,PROD0102,2025-07-17,483,18156.4,8769541.2,Processing
SO04142,CUST00224,PROD0129,2025-08-24,444,17218.83,7645160.52,Processing
SO04143,CUST00343,PROD0080,2025-11-04,737,5844.34,4307278.58,Processing
SO04144,CUST00016,PROD0170,2025-04-30,414,23631.22,9783325.08,Delivered
SO04145,CUST00402,PROD0106,2025-05-16,460,1649.32,758687.2,Processing
SO04146,CUST00194,PROD0182,2025-01-28,24,12658.27,303798.48,Pending
SO04147,CUST00151,PROD0038,2026-08-18,631,27214.0,17172034.0,Delivered
SO04148,CUST00046,PROD0158,2025-03-20,180,25304.27,4554768.6,Delivered
SO04149,CUST00329,PROD0195,2025-08-06,646,9881.96,6383746.16,Delivered
SO04150,CUST00278,PROD0044,2026-05-10,62,9353.74,579931.88,Shipped
SO04151,CUST00246,PROD0035,2026-05-30,122,13678.64,1668794.08,Pending
SO04152,CUST00262,PROD0039,2025-08-09,741,7954.62,5894373.42,Processing
SO04153,CUST00388,PROD0153,2026-08-25,42,24857.45,1044012.9,Pending
SO04154,CUST00319,PROD0090,2026-01-12,306,34150.69,10450111.14,Delivered
SO04155,CUST00287,PROD0193,2026-03-22,63,17960.88,1131535.44,Cancelled
SO04156,CUST00018,PROD0061,2026-06-10,40,5740.81,229632.4,Cancelled
SO04157,CUST00004,PROD0084,2025-02-01,699,14063.71,9830533.29,Delivered
SO04158,CUST00267,PROD0005,2026-03-07,82,37207.62,3051024.84,Shipped
SO04159,CUST00420,PROD0071,2025-05-02,217,18069.12,3920999.04,Delivered
SO04160,CUST00253,PROD0068,2026-01-02,201,26827.43,5392313.43,Shipped
SO04161,CUST00062,PROD0089,2025-04-21,273,13615.75,3717099.75,Processing
SO04162,CUST00296,PROD0021,2025-05-14,700,14271.35,9989945.0,Shipped
SO04163,CUST00306,PROD0098,2025-04-21,637,21071.47,13422526.39,Delivered
SO04164,CUST00121,PROD0098,2025-03-10,300,15764.33,4729299.0,Shipped
SO04165,CUST00489,PROD0180,2025-11-21,583,13263.38,7732550.54,Pending
SO04166,CUST00294,PROD0078,2026-01-13,556,26920.72,14967920.32,Shipped
SO04167,CUST00462,PROD0146,2025-01-26,28,27169.74,760752.72,Cancelled
SO04168,CUST00423,PROD0134,2026-03-07,14,28407.1,397699.4,Delivered
SO04169,CUST00380,PROD0107,2025-08-10,19,23669.98,449729.62,Delivered
SO04170,CUST00187,PROD0162,2025-11-03,201,12063.64,2424791.64,Pending
SO04171,CUST00107,PROD0033,2026-05-20,61,4305.41,262630.01,Processing
SO04172,CUST00485,PROD0030,2025-02-04,381,14880.56,5669493.36,Delivered
SO04173,CUST00184,PROD0057,2025-01-30,184,30178.31,5552809.04,Delivered
SO04174,CUST00382,PROD0045,2026-03-19,316,12163.91,3843795.56,Cancelled
SO04175,CUST00380,PROD0144,2026-07-14,663,32511.32,21555005.16,Pending
SO04176,CUST00009,PROD0077,2026-07-07,611,25705.97,15706347.67,Delivered
SO04177,CUST00283,PROD0180,2025-10-10,339,14410.28,4885084.92,Cancelled
SO04178,CUST00350,PROD0104,2025-04-10,584,9529.79,5565397.36,Delivered
SO04179,CUST00017,PROD0086,2025-10-17,654,3068.51,2006805.54,Shipped
SO04180,CUST00052,PROD0021,2025-10-24,656,14777.57,9694085.92,Delivered
SO04181,CUST00051,PROD0161,2026-08-04,2,11412.74,22825.48,Shipped
SO04182,CUST00038,PROD0178,2026-08-17,406,32359.41,13137920.46,Delivered
SO04183,CUST00352,PROD0007,2026-03-28,640,23990.61,15353990.4,Cancelled
SO04184,CUST00038,PROD0130,2025-06-08,341,34488.94,11760728.54,Pending
SO04185,CUST00272,PROD0184,2026-01-23,44,24774.32,1090070.08,Cancelled
SO04186,CUST00074,PROD0152,2025-09-24,15,8569.74,128546.1,Shipped
SO04187,CUST00301,PROD0037,2026-06-28,335,14625.82,4899649.7,Shipped
SO04188,CUST00248,PROD0132,2025-11-29,205,26887.84,5512007.2,Pending
SO04189,CUST00024,PROD0050,2026-07-12,490,3653.01,1789974.9,Delivered
SO04190,CUST00385,PROD0022,2025-07-31,158,14227.92,2248011.36,Cancelled
SO04191,CUST00210,PROD0146,2026-07-23,658,25341.49,16674700.42,Processing
SO04192,CUST00355,PROD0016,2025-07-30,468,13901.17,6505747.56,Delivered
SO04193,CUST00040,PROD0049,2026-07-19,263,8262.57,2173055.91,Shipped
SO04194,CUST00354,PROD0168,2025-12-24,121,14802.53,1791106.13,Delivered
SO04195,CUST00381,PROD0019,2025-02-28,567,23681.06,13427161.02,Shipped
SO04196,CUST00039,PROD0127,2026-01-31,35,23490.04,822151.4,Cancelled
SO04197,CUST00420,PROD0092,2026-06-12,312,10052.0,3136224.0,Delivered
SO04198,CUST00350,PROD0050,2025-05-19,682,4041.28,2756152.96,Pending
SO04199,CUST00448,PROD0186,2025-01-09,597,6940.18,4143287.46,Delivered
SO04200,CUST00168,PROD0064,2025-11-22,717,30322.07,21740924.19,Delivered
SO04201,CUST00221,PROD0021,2026-01-05,279,13140.28,3666138.12,Pending
SO04202,CUST00278,PROD0115,2026-08-01,63,10489.08,660812.04,Pending
SO04203,CUST00339,PROD0034,2025-07-15,125,2179.15,272393.75,Processing
SO04204,CUST00255,PROD0111,2025-04-21,113,8559.9,967268.7,Pending
SO04205,CUST00264,PROD0060,2025-11-12,162,19942.45,3230676.9,Shipped
SO04206,CUST00384,PROD0088,2026-02-20,139,4892.29,680028.31,Delivered
SO04207,CUST00068,PROD0032,2025-03-20,398,13125.48,5223941.04,Delivered
SO04208,CUST00153,PROD0133,2026-08-01,91,19951.54,1815590.14,Pending
SO04209,CUST00001,PROD0020,2025-03-03,66,7462.84,492547.44,Delivered
SO04210,CUST00063,PROD0108,2025-01-24,466,15617.25,7277638.5,Delivered
SO04211,CUST00321,PROD0100,2026-01-13,667,25609.81,17081743.27,Delivered
SO04212,CUST00281,PROD0187,2025-08-15,663,30455.37,20191910.31,Cancelled
SO04213,CUST00259,PROD0079,2026-02-02,102,26567.9,2709925.8,Delivered
SO04214,CUST00457,PROD0044,2026-02-07,180,10140.22,1825239.6,Delivered
SO04215,CUST00136,PROD0170,2026-05-14,618,21397.71,13223784.78,Delivered
SO04216,CUST00263,PROD0173,2025-07-24,748,23134.07,17304284.36,Shipped
SO04217,CUST00374,PROD0158,2025-12-17,377,22550.62,8501583.74,Shipped
SO04218,CUST00083,PROD0135,2025-10-04,657,2965.97,1948642.29,Processing
SO04219,CUST00079,PROD0085,2026-02-11,457,4035.78,1844351.46,Delivered
SO04220,CUST00252,PROD0048,2026-05-29,479,20709.26,9919735.54,Pending
SO04221,CUST00427,PROD0096,2025-02-21,597,2154.43,1286194.71,Pending
SO04222,CUST00380,PROD0118,2025-12-25,587,33813.4,19848465.8,Pending
SO04223,CUST00192,PROD0087,2025-03-28,345,23708.48,8179425.6,Delivered
SO04224,CUST00368,PROD0095,2026-01-01,172,1295.45,222817.4,Delivered
SO04225,CUST00072,PROD0036,2025-11-22,99,13469.85,1333515.15,Delivered
SO04226,CUST00073,PROD0068,2025-11-09,538,30255.64,16277534.32,Shipped
SO04227,CUST00291,PROD0137,2025-06-25,62,28775.53,1784082.86,Delivered
SO04228,CUST00317,PROD0020,2025-06-08,659,9967.42,6568529.78,Cancelled
SO04229,CUST00161,PROD0199,2026-01-29,109,10167.82,1108292.38,Delivered
SO04230,CUST00075,PROD0009,2025-09-27,320,25750.56,8240179.2,Pending
SO04231,CUST00386,PROD0029,2026-06-13,251,7693.49,1931065.99,Delivered
SO04232,CUST00071,PROD0185,2026-01-24,382,6442.19,2460916.58,Delivered
SO04233,CUST00144,PROD0017,2025-05-22,225,18615.35,4188453.75,Delivered
SO04234,CUST00034,PROD0073,2025-08-04,435,11875.63,5165899.05,Delivered
SO04235,CUST00145,PROD0064,2025-03-27,477,31112.57,14840695.89,Processing
SO04236,CUST00494,PROD0096,2025-01-29,344,2728.44,938583.36,Processing
SO04237,CUST00457,PROD0123,2025-05-17,486,27754.35,13488614.1,Shipped
SO04238,CUST00028,PROD0190,2026-03-14,314,4772.88,1498684.32,Delivered
SO04239,CUST00314,PROD0150,2026-04-30,531,36337.16,19295031.96,Shipped
SO04240,CUST00207,PROD0172,2025-12-26,606,7561.38,4582196.28,Shipped
SO04241,CUST00033,PROD0055,2025-03-21,357,2226.82,794974.74,Delivered
SO04242,CUST00403,PROD0075,2026-03-21,633,25512.24,16149247.92,Delivered
SO04243,CUST00362,PROD0104,2026-04-03,195,7806.8,1522326.0,Delivered
SO04244,CUST00485,PROD0011,2025-01-27,454,21258.97,9651572.38,Delivered
SO04245,CUST00256,PROD0081,2025-10-17,49,1783.52,87392.48,Shipped
SO04246,CUST00066,PROD0012,2025-07-08,98,9480.85,929123.3,Pending
SO04247,CUST00418,PROD0003,2026-05-11,750,20394.4,15295800.0,Delivered
SO04248,CUST00478,PROD0146,2026-01-14,743,21140.1,15707094.3,Shipped
SO04249,CUST00108,PROD0196,2025-05-22,566,24700.87,13980692.42,Delivered
SO04250,CUST00058,PROD0105,2025-08-06,77,19839.86,1527669.22,Delivered
SO04251,CUST00158,PROD0174,2026-04-28,315,37927.01,11947008.15,Delivered
SO04252,CUST00021,PROD0125,2026-05-14,118,8213.19,969156.42,Cancelled
SO04253,CUST00170,PROD0018,2026-08-17,113,24209.42,2735664.46,Processing
SO04254,CUST00066,PROD0062,2026-04-10,597,23290.07,13904171.79,Delivered
SO04255,CUST00165,PROD0166,2025-05-01,378,32515.57,12290885.46,Processing
SO04256,CUST00094,PROD0103,2025-01-11,309,17815.18,5504890.62,Delivered
SO04257,CUST00371,PROD0078,2025-07-02,348,28512.95,9922506.6,Processing
SO04258,CUST00365,PROD0097,2025-10-20,595,26008.2,15474879.0,Delivered
SO04259,CUST00237,PROD0166,2025-10-15,565,27834.8,15726662.0,Pending
SO04260,CUST00344,PROD0006,2026-06-16,366,21858.62,8000254.92,Delivered
SO04261,CUST00035,PROD0128,2025-03-09,542,14086.5,7634883.0,Delivered
SO04262,CUST00031,PROD0040,2025-02-20,500,15216.38,7608190.0,Shipped
SO04263,CUST00088,PROD0071,2025-09-19,315,18185.57,5728454.55,Delivered
SO04264,CUST00208,PROD0100,2025-07-29,439,30499.32,13389201.48,Delivered
SO04265,CUST00387,PROD0102,2026-07-06,470,14834.51,6972219.7,Processing
SO04266,CUST00209,PROD0018,2025-03-19,539,24763.87,13347725.93,Processing
SO04267,CUST00331,PROD0057,2026-03-28,303,30481.82,9235991.46,Delivered
SO04268,CUST00214,PROD0113,2026-08-26,531,36692.42,19483675.02,Delivered
SO04269,CUST00237,PROD0061,2025-05-09,709,7345.19,5207739.71,Shipped
SO04270,CUST00328,PROD0133,2025-04-15,533,14602.86,7783324.38,Delivered
SO04271,CUST00438,PROD0073,2025-12-01,124,14417.84,1787812.16,Shipped
SO04272,CUST00322,PROD0197,2025-10-11,649,23298.98,15121038.02,Shipped
SO04273,CUST00327,PROD0008,2026-04-13,742,30682.95,22766748.9,Shipped
SO04274,CUST00244,PROD0114,2025-03-04,658,13323.12,8766612.96,Delivered
SO04275,CUST00173,PROD0054,2026-01-18,28,27902.38,781266.64,Delivered
SO04276,CUST00054,PROD0199,2025-07-20,269,8148.79,2192024.51,Delivered
SO04277,CUST00301,PROD0045,2025-12-26,112,11994.57,1343391.84,Processing
SO04278,CUST00183,PROD0098,2026-07-22,459,20285.25,9310929.75,Delivered
SO04279,CUST00188,PROD0088,2026-01-11,662,4866.07,3221338.34,Delivered
SO04280,CUST00256,PROD0121,2025-04-18,296,23623.62,6992591.52,Delivered
SO04281,CUST00080,PROD0167,2025-11-25,414,24219.52,10026881.28,Delivered
SO04282,CUST00111,PROD0113,2025-10-04,316,29153.53,9212515.48,Shipped
SO04283,CUST00013,PROD0048,2025-06-07,131,18677.96,2446812.76,Delivered
SO04284,CUST00150,PROD0147,2026-03-05,416,2339.18,973098.88,Delivered
SO04285,CUST00081,PROD0183,2025-12-15,64,3843.73,245998.72,Pending
SO04286,CUST00371,PROD0072,2025-04-20,526,7644.2,4020849.2,Delivered
SO04287,CUST00232,PROD0060,2026-02-26,450,19265.35,8669407.5,Delivered
SO04288,CUST00123,PROD0042,2026-08-11,121,22384.71,2708549.91,Delivered
SO04289,CUST00405,PROD0046,2025-07-19,61,8394.22,512047.42,Delivered
SO04290,CUST00022,PROD0102,2025-12-22,582,16640.91,9685009.62,Processing
SO04291,CUST00469,PROD0139,2025-12-10,533,11978.46,6384519.18,Shipped
SO04292,CUST00112,PROD0102,2025-05-10,257,17918.88,4605152.16,Delivered
SO04293,CUST00464,PROD0191,2025-04-16,28,12582.75,352317.0,Shipped
SO04294,CUST00017,PROD0138,2025-06-24,584,22872.76,13357691.84,Delivered
SO04295,CUST00153,PROD0015,2025-02-04,422,8648.43,3649637.46,Pending
SO04296,CUST00429,PROD0093,2025-04-09,123,6569.32,808026.36,Pending
SO04297,CUST00064,PROD0155,2025-11-19,386,10215.06,3943013.16,Shipped
SO04298,CUST00209,PROD0008,2026-08-14,346,31430.84,10875070.64,Delivered
SO04299,CUST00487,PROD0070,2025-03-24,696,18900.04,13154427.84,Delivered
SO04300,CUST00092,PROD0009,2025-07-02,508,27647.19,14044772.52,Pending
SO04301,CUST00041,PROD0176,2025-08-11,47,18373.23,863541.81,Delivered
SO04302,CUST00074,PROD0144,2025-06-19,478,24989.77,11945110.06,Pending
SO04303,CUST00468,PROD0130,2025-12-07,581,28505.52,16561707.12,Delivered
SO04304,CUST00085,PROD0139,2025-10-28,746,12707.75,9479981.5,Delivered
SO04305,CUST00454,PROD0177,2026-02-06,657,25445.77,16717870.89,Pending
SO04306,CUST00490,PROD0055,2026-04-07,515,3008.87,1549568.05,Processing
SO04307,CUST00054,PROD0017,2025-05-01,212,18767.7,3978752.4,Delivered
SO04308,CUST00078,PROD0054,2026-08-18,543,20994.77,11400160.11,Pending
SO04309,CUST00076,PROD0054,2025-06-18,477,23433.14,11177607.78,Delivered
SO04310,CUST00408,PROD0135,2025-10-21,31,3412.99,105802.69,Delivered
SO04311,CUST00136,PROD0072,2025-07-11,564,8297.22,4679632.08,Delivered
SO04312,CUST00210,PROD0009,2025-09-14,286,27811.09,7953971.74,Pending
SO04313,CUST00215,PROD0027,2025-06-23,406,23077.73,9369558.38,Delivered
SO04314,CUST00067,PROD0120,2025-11-15,600,7106.5,4263900.0,Shipped
SO04315,CUST00241,PROD0015,2026-08-08,136,8560.24,1164192.64,Pending
SO04316,CUST00040,PROD0190,2026-01-26,395,4860.78,1920008.1,Shipped
SO04317,CUST00160,PROD0122,2025-02-05,686,16862.88,11567935.68,Delivered
SO04318,CUST00339,PROD0195,2026-03-14,665,11122.02,7396143.3,Delivered
SO04319,CUST00043,PROD0151,2025-10-28,46,6111.56,281131.76,Delivered
SO04320,CUST00239,PROD0009,2026-05-17,171,25683.08,4391806.68,Delivered
SO04321,CUST00170,PROD0003,2025-02-03,211,20730.16,4374063.76,Shipped
SO04322,CUST00122,PROD0116,2025-06-22,192,8448.27,1622067.84,Delivered
SO04323,CUST00396,PROD0084,2025-10-02,407,9642.49,3924493.43,Processing
SO04324,CUST00447,PROD0023,2026-01-01,88,31927.73,2809640.24,Delivered
SO04325,CUST00164,PROD0193,2026-02-19,403,18017.49,7261048.47,Delivered
SO04326,CUST00345,PROD0104,2025-07-10,497,9104.39,4524881.83,Shipped
SO04327,CUST00417,PROD0126,2025-03-20,521,8749.19,4558327.99,Delivered
SO04328,CUST00349,PROD0117,2025-06-25,183,16960.37,3103747.71,Processing
SO04329,CUST00306,PROD0075,2026-02-20,143,26819.63,3835207.09,Delivered
SO04330,CUST00474,PROD0090,2025-05-26,253,34888.07,8826681.71,Delivered
SO04331,CUST00170,PROD0123,2026-03-30,400,28573.98,11429592.0,Delivered
SO04332,CUST00083,PROD0041,2026-05-12,686,28903.02,19827471.72,Pending
SO04333,CUST00431,PROD0134,2026-01-08,533,39529.4,21069170.2,Pending
SO04334,CUST00222,PROD0004,2026-03-23,512,4225.31,2163358.72,Delivered
SO04335,CUST00025,PROD0132,2025-10-17,206,28116.09,5791914.54,Shipped
SO04336,CUST00262,PROD0056,2026-04-29,402,33406.63,13429465.26,Delivered
SO04337,CUST00094,PROD0100,2026-08-14,425,26183.49,11127983.25,Delivered
SO04338,CUST00013,PROD0139,2026-06-15,23,13132.02,302036.46,Delivered
SO04339,CUST00123,PROD0014,2025-12-10,26,16347.43,425033.18,Pending
SO04340,CUST00187,PROD0004,2026-05-12,631,3624.68,2287173.08,Delivered
SO04341,CUST00144,PROD0121,2025-01-17,6,23487.25,140923.5,Processing
SO04342,CUST00459,PROD0057,2025-08-29,464,30254.46,14038069.44,Delivered
SO04343,CUST00111,PROD0121,2025-04-25,296,22032.48,6521614.08,Delivered
SO04344,CUST00117,PROD0149,2026-08-06,180,23235.63,4182413.4,Shipped
SO04345,CUST00319,PROD0072,2026-05-31,585,7247.52,4239799.2,Delivered
SO04346,CUST00380,PROD0033,2026-03-03,626,4800.6,3005175.6,Shipped
SO04347,CUST00482,PROD0102,2025-09-10,749,17877.2,13390022.8,Cancelled
SO04348,CUST00073,PROD0193,2025-08-08,317,13570.39,4301813.63,Delivered
SO04349,CUST00044,PROD0158,2026-06-12,354,28976.84,10257801.36,Delivered
SO04350,CUST00472,PROD0020,2026-03-03,681,8565.22,5832914.82,Processing
SO04351,CUST00420,PROD0193,2026-06-03,32,17180.02,549760.64,Processing
SO04352,CUST00135,PROD0005,2025-03-05,640,29605.56,18947558.4,Delivered
SO04353,CUST00225,PROD0038,2025-07-01,276,28891.82,7974142.32,Delivered
SO04354,CUST00096,PROD0124,2025-05-11,369,5302.76,1956718.44,Delivered
SO04355,CUST00120,PROD0035,2026-05-16,707,17454.19,12340112.33,Shipped
SO04356,CUST00095,PROD0038,2025-07-03,105,29119.22,3057518.1,Cancelled
SO04357,CUST00075,PROD0082,2025-09-01,52,24472.97,1272594.44,Delivered
SO04358,CUST00097,PROD0199,2026-08-16,191,9847.86,1880941.26,Pending
SO04359,CUST00186,PROD0025,2025-09-17,88,20864.31,1836059.28,Delivered
SO04360,CUST00217,PROD0002,2025-03-12,560,9350.56,5236313.6,Shipped
SO04361,CUST00427,PROD0152,2025-10-31,333,11948.39,3978813.87,Delivered
SO04362,CUST00218,PROD0110,2026-08-19,739,24082.19,17796738.41,Shipped
SO04363,CUST00424,PROD0119,2025-12-16,332,12261.85,4070934.2,Shipped
SO04364,CUST00203,PROD0191,2026-02-20,313,13042.16,4082196.08,Delivered
SO04365,CUST00263,PROD0022,2025-04-06,218,19885.2,4334973.6,Delivered
SO04366,CUST00233,PROD0040,2025-01-04,198,14758.2,2922123.6,Delivered
SO04367,CUST00276,PROD0068,2025-03-31,410,28506.07,11687488.7,Delivered
SO04368,CUST00397,PROD0106,2025-02-25,223,1460.71,325738.33,Shipped
SO04369,CUST00175,PROD0017,2026-06-05,388,22484.35,8723927.8,Shipped
SO04370,CUST00333,PROD0093,2026-03-07,364,6390.52,2326149.28,Pending
SO04371,CUST00039,PROD0153,2026-08-18,389,34868.89,13563998.21,Delivered
SO04372,CUST00208,PROD0016,2026-03-30,189,13230.58,2500579.62,Delivered
SO04373,CUST00293,PROD0182,2025-11-10,588,15405.27,9058298.76,Delivered
SO04374,CUST00434,PROD0075,2025-04-17,241,23905.92,5761326.72,Delivered
SO04375,CUST00101,PROD0175,2025-10-03,258,4093.64,1056159.12,Delivered
SO04376,CUST00437,PROD0108,2025-04-17,160,14748.05,2359688.0,Delivered
SO04377,CUST00241,PROD0196,2026-04-25,279,31693.41,8842461.39,Delivered
SO04378,CUST00075,PROD0026,2025-07-05,191,29681.04,5669078.64,Delivered
SO04379,CUST00415,PROD0184,2025-04-21,605,30828.6,18651303.0,Delivered
SO04380,CUST00048,PROD0172,2026-06-10,699,7977.54,5576300.46,Pending
SO04381,CUST00228,PROD0053,2025-09-21,107,3773.68,403783.76,Delivered
SO04382,CUST00303,PROD0094,2025-06-30,554,12777.08,7078502.32,Processing
SO04383,CUST00260,PROD0189,2025-01-16,211,7873.9,1661392.9,Delivered
SO04384,CUST00153,PROD0081,2025-01-25,213,1833.64,390565.32,Delivered
SO04385,CUST00163,PROD0167,2025-08-11,437,28459.07,12436613.59,Cancelled
SO04386,CUST00116,PROD0017,2025-10-29,714,22321.44,15937508.16,Delivered
SO04387,CUST00458,PROD0098,2025-03-08,236,22015.18,5195582.48,Delivered
SO04388,CUST00134,PROD0115,2025-12-23,644,10597.31,6824667.64,Delivered
SO04389,CUST00444,PROD0055,2025-09-24,249,3190.69,794481.81,Processing
SO04390,CUST00166,PROD0078,2025-06-20,111,25453.88,2825380.68,Delivered
SO04391,CUST00494,PROD0037,2026-08-09,706,14121.11,9969503.66,Delivered
SO04392,CUST00069,PROD0146,2026-07-07,661,24473.76,16177155.36,Shipped
SO04393,CUST00396,PROD0142,2025-12-16,705,21730.9,15320284.5,Pending
SO04394,CUST00178,PROD0118,2025-11-07,122,35945.6,4385363.2,Delivered
SO04395,CUST00388,PROD0145,2025-04-13,680,15803.15,10746142.0,Cancelled
SO04396,CUST00381,PROD0046,2026-03-14,379,10307.28,3906459.12,Processing
SO04397,CUST00055,PROD0078,2025-07-20,330,23142.06,7636879.8,Delivered
SO04398,CUST00103,PROD0056,2025-04-13,530,34715.04,18398971.2,Delivered
SO04399,CUST00213,PROD0120,2025-08-17,709,7236.4,5130607.6,Delivered
SO04400,CUST00052,PROD0110,2026-03-18,12,27653.41,331840.92,Delivered
SO04401,CUST00350,PROD0006,2026-04-09,496,22699.95,11259175.2,Shipped
SO04402,CUST00196,PROD0121,2025-08-31,81,19259.73,1560038.13,Shipped
SO04403,CUST00003,PROD0107,2026-05-11,621,24783.95,15390832.95,Pending
SO04404,CUST00412,PROD0020,2025-09-03,179,7277.14,1302608.06,Shipped
SO04405,CUST00439,PROD0001,2025-11-06,679,8364.73,5679651.67,Processing
SO04406,CUST00072,PROD0153,2026-04-07,437,28684.03,12534921.11,Delivered
SO04407,CUST00140,PROD0023,2025-02-23,568,30092.36,17092460.48,Processing
SO04408,CUST00316,PROD0194,2025-03-08,109,18470.52,2013286.68,Pending
SO04409,CUST00474,PROD0162,2026-07-20,464,10574.65,4906637.6,Shipped
SO04410,CUST00198,PROD0177,2026-07-26,265,25644.93,6795906.45,Delivered
SO04411,CUST00312,PROD0037,2025-04-30,654,12548.42,8206666.68,Delivered
SO04412,CUST00232,PROD0086,2025-05-04,335,2973.19,996018.65,Delivered
SO04413,CUST00223,PROD0029,2025-04-16,303,9770.53,2960470.59,Processing
SO04414,CUST00026,PROD0059,2025-10-06,618,32560.38,20122314.84,Delivered
SO04415,CUST00245,PROD0087,2026-01-23,289,26447.06,7643200.34,Delivered
SO04416,CUST00324,PROD0015,2026-08-27,596,9225.08,5498147.68,Delivered
SO04417,CUST00479,PROD0169,2025-12-31,64,19460.8,1245491.2,Delivered
SO04418,CUST00347,PROD0188,2026-02-23,58,26529.65,1538719.7,Delivered
SO04419,CUST00083,PROD0130,2025-11-26,536,28425.96,15236314.56,Delivered
SO04420,CUST00077,PROD0159,2025-08-04,635,10409.5,6610032.5,Processing
SO04421,CUST00458,PROD0080,2025-08-10,208,7349.79,1528756.32,Processing
SO04422,CUST00317,PROD0149,2026-01-09,111,25272.85,2805286.35,Delivered
SO04423,CUST00210,PROD0064,2026-04-23,525,27948.46,14672941.5,Pending
SO04424,CUST00076,PROD0037,2026-08-13,343,14316.58,4910586.94,Shipped
SO04425,CUST00117,PROD0125,2025-10-04,709,9301.95,6595082.55,Delivered
SO04426,CUST00258,PROD0128,2025-06-30,100,13009.28,1300928.0,Pending
SO04427,CUST00190,PROD0055,2026-03-24,653,2568.98,1677543.94,Shipped
SO04428,CUST00100,PROD0156,2025-12-22,276,11143.91,3075719.16,Shipped
SO04429,CUST00341,PROD0146,2026-03-12,534,24686.08,13182366.72,Processing
SO04430,CUST00311,PROD0068,2025-05-12,552,29479.17,16272501.84,Shipped
SO04431,CUST00311,PROD0147,2025-03-04,749,2794.78,2093290.22,Delivered
SO04432,CUST00167,PROD0178,2025-12-08,643,26416.96,16986105.28,Delivered
SO04433,CUST00359,PROD0197,2025-07-29,632,22800.93,14410187.76,Delivered
SO04434,CUST00460,PROD0145,2025-11-16,722,12790.55,9234777.1,Delivered
SO04435,CUST00183,PROD0065,2025-03-14,318,9252.68,2942352.24,Cancelled
SO04436,CUST00297,PROD0103,2025-02-03,474,23472.42,11125927.08,Delivered
SO04437,CUST00282,PROD0093,2025-05-27,507,5552.67,2815203.69,Delivered
SO04438,CUST00082,PROD0191,2026-01-14,686,12113.71,8310005.06,Processing
SO04439,CUST00476,PROD0006,2026-04-22,206,19656.75,4049290.5,Pending
SO04440,CUST00195,PROD0060,2026-03-18,52,25968.38,1350355.76,Shipped
SO04441,CUST00293,PROD0156,2026-03-29,501,8925.83,4471840.83,Shipped
SO04442,CUST00299,PROD0008,2025-01-01,405,33588.64,13603399.2,Delivered
SO04443,CUST00319,PROD0073,2025-04-11,24,12786.61,306878.64,Pending
SO04444,CUST00144,PROD0105,2025-08-22,106,19303.21,2046140.26,Delivered
SO04445,CUST00365,PROD0190,2025-05-02,65,4658.15,302779.75,Processing
SO04446,CUST00078,PROD0036,2026-08-01,54,14007.28,756393.12,Pending
SO04447,CUST00388,PROD0180,2025-04-01,216,16158.27,3490186.32,Delivered
SO04448,CUST00353,PROD0092,2026-08-23,46,7702.48,354314.08,Shipped
SO04449,CUST00226,PROD0066,2025-11-08,691,1240.0,856840.0,Delivered
SO04450,CUST00029,PROD0182,2026-08-09,356,16498.56,5873487.36,Delivered
SO04451,CUST00247,PROD0130,2025-09-04,193,34708.68,6698775.24,Delivered
SO04452,CUST00177,PROD0123,2026-05-22,720,37450.06,26964043.2,Delivered
SO04453,CUST00145,PROD0073,2026-07-12,140,14443.53,2022094.2,Delivered
SO04454,CUST00422,PROD0063,2025-08-04,650,15481.03,10062669.5,Pending
SO04455,CUST00176,PROD0017,2026-03-01,585,26513.6,15510456.0,Delivered
SO04456,CUST00288,PROD0052,2025-10-25,55,21546.4,1185052.0,Delivered
SO04457,CUST00022,PROD0031,2025-08-02,433,3099.11,1341914.63,Delivered
SO04458,CUST00339,PROD0190,2025-09-18,270,5202.95,1404796.5,Delivered
SO04459,CUST00328,PROD0191,2026-01-10,580,10175.99,5902074.2,Cancelled
SO04460,CUST00495,PROD0125,2025-05-02,700,9586.32,6710424.0,Pending
SO04461,CUST00105,PROD0073,2025-07-19,736,13767.91,10133181.76,Delivered
SO04462,CUST00491,PROD0195,2025-02-13,721,11867.1,8556179.1,Pending
SO04463,CUST00281,PROD0185,2025-04-24,156,8107.1,1264707.6,Delivered
SO04464,CUST00082,PROD0024,2026-06-29,393,6584.79,2587822.47,Pending
SO04465,CUST00292,PROD0043,2025-07-12,226,4000.0,904000.0,Pending
SO04466,CUST00326,PROD0171,2026-04-18,534,13960.23,7454762.82,Delivered
SO04467,CUST00279,PROD0016,2025-01-28,158,17859.16,2821747.28,Delivered
SO04468,CUST00286,PROD0062,2026-07-09,409,33333.79,13633520.11,Shipped
SO04469,CUST00395,PROD0173,2025-01-07,144,25084.57,3612178.08,Shipped
SO04470,CUST00231,PROD0156,2025-12-31,325,8629.85,2804701.25,Delivered
SO04471,CUST00139,PROD0169,2025-11-14,66,21506.93,1419457.38,Processing
SO04472,CUST00179,PROD0075,2025-07-13,463,26178.08,12120451.04,Processing
SO04473,CUST00304,PROD0145,2025-09-12,719,14357.53,10323064.07,Delivered
SO04474,CUST00340,PROD0041,2025-01-18,238,31874.85,7586214.3,Delivered
SO04475,CUST00030,PROD0058,2025-05-28,73,2466.84,180079.32,Delivered
SO04476,CUST00134,PROD0083,2025-03-19,11,20741.54,228156.94,Processing
SO04477,CUST00336,PROD0049,2025-01-25,638,7459.47,4759141.86,Shipped
SO04478,CUST00267,PROD0097,2025-05-22,631,20662.91,13038296.21,Delivered
SO04479,CUST00487,PROD0164,2026-08-14,92,14258.7,1311800.4,Pending
SO04480,CUST00116,PROD0057,2026-05-08,219,31478.72,6893839.68,Delivered
SO04481,CUST00497,PROD0082,2026-01-29,222,25919.94,5754226.68,Delivered
SO04482,CUST00440,PROD0046,2025-02-23,709,8142.72,5773188.48,Delivered
SO04483,CUST00316,PROD0148,2026-06-18,722,27639.16,19955473.52,Cancelled
SO04484,CUST00281,PROD0089,2026-01-06,742,12384.05,9188965.1,Delivered
SO04485,CUST00001,PROD0175,2025-03-17,115,4104.46,472012.9,Shipped
SO04486,CUST00348,PROD0080,2026-01-08,311,6964.57,2165981.27,Processing
SO04487,CUST00252,PROD0153,2025-11-14,145,23726.23,3440303.35,Delivered
SO04488,CUST00054,PROD0187,2026-01-11,708,27846.51,19715329.08,Cancelled
SO04489,CUST00499,PROD0049,2025-01-15,695,6014.14,4179827.3,Delivered
SO04490,CUST00234,PROD0085,2026-04-08,631,4222.39,2664328.09,Delivered
SO04491,CUST00384,PROD0161,2025-09-15,612,14833.96,9078383.52,Processing
SO04492,CUST00039,PROD0007,2026-08-11,214,18425.31,3943016.34,Shipped
SO04493,CUST00371,PROD0014,2025-04-19,236,20810.53,4911285.08,Delivered
SO04494,CUST00029,PROD0039,2025-03-11,612,7548.36,4619596.32,Processing
SO04495,CUST00168,PROD0092,2026-04-04,118,8027.02,947188.36,Delivered
SO04496,CUST00330,PROD0015,2025-02-27,506,11019.77,5576003.62,Delivered
SO04497,CUST00107,PROD0180,2025-08-05,24,17214.66,413151.84,Delivered
SO04498,CUST00240,PROD0100,2025-04-16,440,25333.68,11146819.2,Processing
SO04499,CUST00061,PROD0043,2025-06-28,501,4401.14,2204971.14,Delivered
SO04500,CUST00110,PROD0078,2025-08-01,374,26358.58,9858108.92,Shipped
SO04501,CUST00091,PROD0164,2026-07-30,638,20411.05,13022249.9,Cancelled
SO04502,CUST00204,PROD0041,2025-12-25,66,32823.69,2166363.54,Delivered
SO04503,CUST00433,PROD0154,2025-11-30,34,3912.96,133040.64,Shipped
SO04504,CUST00448,PROD0077,2025-11-08,77,28221.23,2173034.71,Processing
SO04505,CUST00390,PROD0113,2025-08-02,438,38043.82,16663193.16,Shipped
SO04506,CUST00465,PROD0182,2026-07-23,180,13051.05,2349189.0,Delivered
SO04507,CUST00395,PROD0131,2025-10-27,363,13550.08,4918679.04,Pending
SO04508,CUST00224,PROD0107,2026-05-25,598,21370.1,12779319.8,Shipped
SO04509,CUST00249,PROD0186,2026-05-24,5,7047.67,35238.35,Processing
SO04510,CUST00482,PROD0014,2026-01-10,406,19480.58,7909115.48,Shipped
SO04511,CUST00212,PROD0072,2026-08-19,346,6472.25,2239398.5,Delivered
SO04512,CUST00161,PROD0158,2025-01-06,141,31760.69,4478257.29,Pending
SO04513,CUST00258,PROD0117,2026-02-27,3,14126.91,42380.73,Delivered
SO04514,CUST00194,PROD0157,2025-09-26,512,26989.55,13818649.6,Delivered
SO04515,CUST00025,PROD0199,2026-07-13,307,10295.96,3160859.72,Delivered
SO04516,CUST00355,PROD0161,2025-01-07,400,11344.32,4537728.0,Shipped
SO04517,CUST00259,PROD0096,2025-07-07,33,2779.76,91732.08,Delivered
SO04518,CUST00391,PROD0119,2025-05-26,339,8763.0,2970657.0,Shipped
SO04519,CUST00015,PROD0164,2025-06-16,630,15148.09,9543296.7,Delivered
SO04520,CUST00095,PROD0197,2025-04-23,230,25276.04,5813489.2,Delivered
SO04521,CUST00136,PROD0180,2025-10-16,392,18293.15,7170914.8,Pending
SO04522,CUST00460,PROD0127,2025-05-18,388,26167.37,10152939.56,Pending
SO04523,CUST00455,PROD0076,2025-04-09,524,7956.61,4169263.64,Processing
SO04524,CUST00323,PROD0024,2026-04-28,323,6584.4,2126761.2,Delivered
SO04525,CUST00142,PROD0095,2025-12-03,574,1283.89,736952.86,Shipped
SO04526,CUST00161,PROD0058,2026-07-14,648,2957.75,1916622.0,Delivered
SO04527,CUST00443,PROD0170,2026-05-28,301,20833.57,6270904.57,Processing
SO04528,CUST00222,PROD0152,2025-03-10,356,9329.03,3321134.68,Delivered
SO04529,CUST00074,PROD0035,2025-12-14,564,17527.03,9885244.92,Shipped
SO04530,CUST00041,PROD0034,2025-11-26,8,2391.15,19129.2,Delivered
SO04531,CUST00046,PROD0128,2026-07-16,684,14346.44,9812964.96,Processing
SO04532,CUST00393,PROD0017,2025-09-13,126,19174.08,2415934.08,Pending
SO04533,CUST00123,PROD0054,2026-03-10,434,26640.37,11561920.58,Processing
SO04534,CUST00476,PROD0014,2025-04-09,323,21033.87,6793940.01,Delivered
SO04535,CUST00310,PROD0193,2025-11-26,399,17403.64,6944052.36,Delivered
SO04536,CUST00461,PROD0167,2026-04-09,276,21754.42,6004219.92,Pending
SO04537,CUST00316,PROD0126,2026-01-06,376,10319.61,3880173.36,Delivered
SO04538,CUST00184,PROD0154,2025-10-25,280,3310.15,926842.0,Delivered
SO04539,CUST00084,PROD0005,2025-11-03,693,33445.74,23177897.82,Delivered
SO04540,CUST00449,PROD0132,2025-04-02,192,26261.61,5042229.12,Pending
SO04541,CUST00165,PROD0070,2026-02-21,584,13960.1,8152698.4,Delivered
SO04542,CUST00090,PROD0084,2026-03-30,337,9757.04,3288122.48,Delivered
SO04543,CUST00172,PROD0031,2025-05-03,621,2303.52,1430485.92,Delivered
SO04544,CUST00428,PROD0115,2026-01-14,478,14917.89,7130751.42,Cancelled
SO04545,CUST00425,PROD0149,2026-03-30,389,23460.1,9125978.9,Delivered
SO04546,CUST00048,PROD0172,2026-02-16,434,8009.05,3475927.7,Delivered
SO04547,CUST00418,PROD0026,2026-01-09,176,31141.42,5480889.92,Delivered
SO04548,CUST00105,PROD0098,2026-07-24,616,17554.24,10813411.84,Shipped
SO04549,CUST00302,PROD0094,2026-01-04,552,16763.03,9253192.56,Processing
SO04550,CUST00355,PROD0105,2025-03-05,598,21305.68,12740796.64,Delivered
SO04551,CUST00213,PROD0154,2025-05-20,673,3226.56,2171474.88,Delivered
SO04552,CUST00345,PROD0172,2026-07-31,258,8041.88,2074805.04,Delivered
SO04553,CUST00436,PROD0135,2025-01-22,661,3114.7,2058816.7,Delivered
SO04554,CUST00006,PROD0044,2025-01-20,729,8134.42,5929992.18,Pending
SO04555,CUST00014,PROD0160,2025-05-21,266,10218.63,2718155.58,Processing
SO04556,CUST00299,PROD0029,2026-01-28,343,10621.28,3643099.04,Delivered
SO04557,CUST00308,PROD0067,2025-09-25,200,7609.61,1521922.0,Pending
SO04558,CUST00103,PROD0053,2026-03-10,489,3633.75,1776903.75,Pending
SO04559,CUST00304,PROD0178,2025-10-03,88,26041.45,2291647.6,Processing
SO04560,CUST00456,PROD0181,2026-04-30,542,33940.9,18395967.8,Delivered
SO04561,CUST00265,PROD0023,2026-07-29,645,34274.19,22106852.55,Shipped
SO04562,CUST00062,PROD0185,2025-03-31,237,6460.13,1531050.81,Delivered
SO04563,CUST00450,PROD0172,2025-11-30,164,6886.37,1129364.68,Delivered
SO04564,CUST00086,PROD0071,2025-08-29,84,16351.22,1373502.48,Delivered
SO04565,CUST00450,PROD0195,2026-04-22,101,9090.22,918112.22,Processing
SO04566,CUST00123,PROD0063,2026-03-03,523,15059.2,7875961.6,Pending
SO04567,CUST00431,PROD0132,2025-02-11,743,21552.18,16013269.74,Shipped
SO04568,CUST00089,PROD0189,2025-06-26,52,9870.2,513250.4,Pending
SO04569,CUST00451,PROD0014,2025-07-05,313,18104.6,5666739.8,Delivered
SO04570,CUST00442,PROD0082,2025-09-02,115,23004.61,2645530.15,Processing
SO04571,CUST00051,PROD0107,2026-07-30,262,23341.92,6115583.04,Delivered
SO04572,CUST00411,PROD0075,2025-02-05,145,25941.7,3761546.5,Delivered
SO04573,CUST00009,PROD0004,2026-08-29,721,4532.88,3268206.48,Processing
SO04574,CUST00151,PROD0043,2026-06-08,137,4381.55,600272.35,Delivered
SO04575,CUST00362,PROD0032,2025-02-14,553,13048.96,7216074.88,Shipped
SO04576,CUST00437,PROD0161,2025-08-17,98,11432.73,1120407.54,Processing
SO04577,CUST00108,PROD0066,2025-10-10,36,985.1,35463.6,Pending
SO04578,CUST00430,PROD0088,2025-03-02,684,4155.66,2842471.44,Delivered
SO04579,CUST00255,PROD0058,2025-04-04,229,2248.62,514933.98,Delivered
SO04580,CUST00120,PROD0105,2025-04-28,513,17749.6,9105544.8,Delivered
SO04581,CUST00322,PROD0086,2025-03-25,160,2783.25,445320.0,Pending
SO04582,CUST00316,PROD0108,2026-05-14,567,14389.6,8158903.2,Delivered
SO04583,CUST00042,PROD0024,2025-06-29,395,7253.1,2864974.5,Delivered
SO04584,CUST00214,PROD0043,2025-02-24,45,4820.33,216914.85,Pending
SO04585,CUST00138,PROD0003,2025-05-16,469,25144.1,11792582.9,Shipped
SO04586,CUST00146,PROD0185,2026-03-20,652,7568.04,4934362.08,Shipped
SO04587,CUST00200,PROD0040,2025-08-07,589,11604.9,6835286.1,Shipped
SO04588,CUST00455,PROD0186,2025-09-09,341,6243.75,2129118.75,Pending
SO04589,CUST00123,PROD0070,2025-04-18,263,19727.8,5188411.4,Delivered
SO04590,CUST00168,PROD0007,2026-08-17,605,18076.29,10936155.45,Processing
SO04591,CUST00147,PROD0131,2026-06-24,600,15523.98,9314388.0,Delivered
SO04592,CUST00343,PROD0185,2025-10-06,598,6582.22,3936167.56,Processing
SO04593,CUST00181,PROD0076,2025-05-25,478,9125.46,4361969.88,Shipped
SO04594,CUST00148,PROD0126,2025-02-26,257,10356.54,2661630.78,Delivered
SO04595,CUST00348,PROD0028,2025-05-09,459,17498.01,8031586.59,Delivered
SO04596,CUST00132,PROD0151,2026-08-06,2,6502.71,13005.42,Pending
SO04597,CUST00052,PROD0073,2025-11-30,309,11660.44,3603075.96,Delivered
SO04598,CUST00249,PROD0080,2026-01-07,530,5262.46,2789103.8,Delivered
SO04599,CUST00082,PROD0082,2025-11-22,138,23847.82,3290999.16,Processing
SO04600,CUST00274,PROD0171,2026-06-08,404,15116.95,6107247.8,Delivered
SO04601,CUST00454,PROD0144,2025-01-18,626,24731.53,15481937.78,Delivered
SO04602,CUST00043,PROD0122,2025-09-01,572,16279.14,9311668.08,Delivered
SO04603,CUST00115,PROD0199,2025-04-11,448,10348.37,4636069.76,Processing
SO04604,CUST00175,PROD0067,2026-05-27,540,6632.19,3581382.6,Delivered
SO04605,CUST00248,PROD0034,2026-05-12,452,2539.42,1147817.84,Cancelled
SO04606,CUST00428,PROD0039,2025-09-15,168,6970.57,1171055.76,Delivered
SO04607,CUST00497,PROD0196,2025-11-21,2,31787.49,63574.98,Pending
SO04608,CUST00141,PROD0194,2025-08-04,101,15397.82,1555179.82,Delivered
SO04609,CUST00118,PROD0117,2025-07-04,150,12571.54,1885731.0,Delivered
SO04610,CUST00307,PROD0124,2025-03-12,354,4549.46,1610508.84,Delivered
SO04611,CUST00439,PROD0110,2025-02-23,242,25862.22,6258657.24,Processing
SO04612,CUST00340,PROD0161,2026-07-25,569,14661.16,8342200.04,Pending
SO04613,CUST00116,PROD0096,2025-08-03,164,2171.53,356130.92,Delivered
SO04614,CUST00470,PROD0136,2025-12-16,194,16813.03,3261727.82,Delivered
SO04615,CUST00350,PROD0140,2025-12-31,184,1592.27,292977.68,Pending
SO04616,CUST00486,PROD0023,2025-06-12,541,32146.27,17391132.07,Shipped
SO04617,CUST00451,PROD0026,2026-01-14,745,23105.05,17213262.25,Processing
SO04618,CUST00289,PROD0181,2026-06-04,706,34986.1,24700186.6,Cancelled
SO04619,CUST00271,PROD0032,2025-04-06,103,13041.31,1343254.93,Processing
SO04620,CUST00093,PROD0144,2025-10-04,123,27556.5,3389449.5,Pending
SO04621,CUST00121,PROD0074,2026-07-28,139,38206.65,5310724.35,Delivered
SO04622,CUST00098,PROD0052,2025-09-19,674,24441.57,16473618.18,Shipped
SO04623,CUST00174,PROD0049,2025-11-23,317,6176.8,1958045.6,Delivered
SO04624,CUST00365,PROD0026,2026-04-10,611,27184.55,16609760.05,Processing
SO04625,CUST00026,PROD0145,2025-10-04,692,17516.85,12121660.2,Delivered
SO04626,CUST00142,PROD0199,2025-06-01,201,10807.9,2172387.9,Cancelled
SO04627,CUST00444,PROD0007,2025-02-02,628,22202.42,13943119.76,Shipped
SO04628,CUST00116,PROD0029,2026-04-16,386,7991.63,3084769.18,Delivered
SO04629,CUST00002,PROD0169,2025-08-21,529,19737.57,10441174.53,Shipped
SO04630,CUST00157,PROD0066,2025-06-24,492,1102.5,542430.0,Pending
SO04631,CUST00473,PROD0125,2025-01-30,122,11105.4,1354858.8,Delivered
SO04632,CUST00188,PROD0127,2025-06-21,635,32470.78,20618945.3,Pending
SO04633,CUST00479,PROD0154,2026-03-19,80,3138.67,251093.6,Delivered
SO04634,CUST00292,PROD0129,2025-04-25,675,16807.42,11345008.5,Shipped
SO04635,CUST00149,PROD0167,2025-10-15,639,24738.86,15808131.54,Cancelled
SO04636,CUST00197,PROD0147,2026-03-28,597,2975.81,1776558.57,Delivered
SO04637,CUST00418,PROD0139,2025-05-27,216,11127.35,2403507.6,Pending
SO04638,CUST00238,PROD0127,2026-08-03,519,29862.39,15498580.41,Delivered
SO04639,CUST00184,PROD0015,2026-02-20,110,11466.54,1261319.4,Delivered
SO04640,CUST00142,PROD0076,2026-01-17,22,8843.86,194564.92,Delivered
SO04641,CUST00031,PROD0030,2026-02-04,682,19189.79,13087436.78,Delivered
SO04642,CUST00071,PROD0087,2026-02-03,483,26685.82,12889251.06,Delivered
SO04643,CUST00010,PROD0056,2025-02-04,396,33519.24,13273619.04,Shipped
SO04644,CUST00242,PROD0080,2025-12-24,245,6510.54,1595082.3,Pending
SO04645,CUST00330,PROD0061,2026-05-02,562,5645.52,3172782.24,Shipped
SO04646,CUST00382,PROD0178,2025-04-04,560,26337.03,14748736.8,Pending
SO04647,CUST00039,PROD0100,2026-05-30,233,29546.66,6884371.78,Pending
SO04648,CUST00090,PROD0152,2025-04-20,80,10579.45,846356.0,Delivered
SO04649,CUST00437,PROD0122,2025-07-18,138,16525.71,2280547.98,Delivered
SO04650,CUST00306,PROD0170,2025-05-23,534,23657.39,12633046.26,Shipped
SO04651,CUST00489,PROD0194,2025-07-30,738,14730.77,10871308.26,Delivered
SO04652,CUST00120,PROD0113,2025-06-06,26,31833.73,827676.98,Delivered
SO04653,CUST00345,PROD0076,2026-04-11,571,8755.17,4999202.07,Delivered
SO04654,CUST00082,PROD0040,2025-12-25,590,11769.87,6944223.3,Delivered
SO04655,CUST00173,PROD0194,2026-02-07,721,18654.95,13450218.95,Processing
SO04656,CUST00416,PROD0020,2025-08-16,443,8895.23,3940586.89,Delivered
SO04657,CUST00461,PROD0153,2025-12-29,55,25994.37,1429690.35,Delivered
SO04658,CUST00383,PROD0073,2025-12-30,163,14484.42,2360960.46,Delivered
SO04659,CUST00131,PROD0112,2025-06-13,435,3092.13,1345076.55,Delivered
SO04660,CUST00086,PROD0105,2025-05-09,715,20233.25,14466773.75,Delivered
SO04661,CUST00330,PROD0113,2025-11-08,603,27320.41,16474207.23,Shipped
SO04662,CUST00482,PROD0043,2025-12-10,147,4416.87,649279.89,Shipped
SO04663,CUST00185,PROD0153,2025-02-14,438,26604.26,11652665.88,Cancelled
SO04664,CUST00148,PROD0155,2026-01-11,461,10450.59,4817721.99,Delivered
SO04665,CUST00247,PROD0022,2025-08-23,633,19421.19,12293613.27,Pending
SO04666,CUST00021,PROD0178,2026-02-12,663,25447.9,16871957.7,Pending
SO04667,CUST00319,PROD0125,2026-06-08,228,8054.81,1836496.68,Delivered
SO04668,CUST00179,PROD0098,2025-05-06,352,16985.47,5978885.44,Pending
SO04669,CUST00095,PROD0024,2026-01-15,99,6825.36,675710.64,Processing
SO04670,CUST00144,PROD0047,2025-11-22,262,21043.16,5513307.92,Delivered
SO04671,CUST00110,PROD0164,2025-09-25,477,18170.65,8667400.05,Shipped
SO04672,CUST00213,PROD0141,2026-06-22,28,34948.81,978566.68,Processing
SO04673,CUST00270,PROD0184,2025-12-13,379,31360.85,11885762.15,Cancelled
SO04674,CUST00219,PROD0067,2025-08-18,329,6757.67,2223273.43,Processing
SO04675,CUST00392,PROD0157,2026-01-18,460,26565.81,12220272.6,Shipped
SO04676,CUST00134,PROD0035,2026-05-10,358,17639.53,6314951.74,Pending
SO04677,CUST00332,PROD0015,2026-08-18,749,11042.84,8271087.16,Delivered
SO04678,CUST00272,PROD0043,2026-01-29,489,4476.26,2188891.14,Processing
SO04679,CUST00254,PROD0173,2026-08-23,541,21034.91,11379886.31,Shipped
SO04680,CUST00268,PROD0165,2026-04-09,442,36594.06,16174574.52,Processing
SO04681,CUST00391,PROD0082,2025-07-05,239,18373.11,4391173.29,Processing
SO04682,CUST00272,PROD0002,2025-12-08,557,11061.05,6161004.85,Cancelled
SO04683,CUST00346,PROD0200,2026-06-19,610,31296.89,19091102.9,Delivered
SO04684,CUST00348,PROD0041,2025-08-16,291,30784.44,8958272.04,Delivered
SO04685,CUST00316,PROD0152,2026-07-31,159,10292.74,1636545.66,Delivered
SO04686,CUST00461,PROD0028,2026-03-26,21,17737.51,372487.71,Shipped
SO04687,CUST00445,PROD0157,2026-01-12,657,24699.56,16227610.92,Delivered
SO04688,CUST00434,PROD0125,2026-07-27,360,9469.56,3409041.6,Delivered
SO04689,CUST00022,PROD0145,2025-07-05,736,13518.19,9949387.84,Delivered
SO04690,CUST00034,PROD0074,2025-01-21,320,38562.81,12340099.2,Delivered
SO04691,CUST00319,PROD0124,2025-04-21,162,5513.17,893133.54,Pending
SO04692,CUST00037,PROD0169,2025-10-23,59,16572.15,977756.85,Processing
SO04693,CUST00488,PROD0004,2026-06-28,397,4198.66,1666868.02,Shipped
SO04694,CUST00364,PROD0187,2025-06-07,741,27584.45,20440077.45,Processing
SO04695,CUST00037,PROD0024,2025-02-10,468,5182.26,2425297.68,Delivered
SO04696,CUST00385,PROD0064,2025-02-04,724,29332.41,21236664.84,Processing
SO04697,CUST00271,PROD0068,2025-04-14,422,34386.09,14510929.98,Processing
SO04698,CUST00239,PROD0122,2026-07-20,715,15875.92,11351282.8,Delivered
SO04699,CUST00500,PROD0107,2025-04-19,585,25145.09,14709877.65,Delivered
SO04700,CUST00252,PROD0080,2025-06-23,424,7332.9,3109149.6,Delivered
SO04701,CUST00497,PROD0103,2025-01-17,653,21619.17,14117318.01,Shipped
SO04702,CUST00241,PROD0075,2026-03-30,53,19721.67,1045248.51,Shipped
SO04703,CUST00033,PROD0132,2025-02-26,221,22181.15,4902034.15,Processing
SO04704,CUST00196,PROD0191,2026-02-12,74,11476.3,849246.2,Delivered
SO04705,CUST00270,PROD0087,2025-01-04,250,31449.28,7862320.0,Delivered
SO04706,CUST00032,PROD0006,2026-05-27,103,16789.03,1729270.09,Delivered
SO04707,CUST00068,PROD0186,2025-05-24,120,6606.87,792824.4,Delivered
SO04708,CUST00448,PROD0158,2025-08-12,43,25860.16,1111986.88,Pending
SO04709,CUST00063,PROD0020,2025-02-06,560,9900.21,5544117.6,Shipped
SO04710,CUST00101,PROD0069,2026-08-03,744,33938.33,25250117.52,Delivered
SO04711,CUST00469,PROD0119,2026-01-27,447,11317.08,5058734.76,Pending
SO04712,CUST00021,PROD0029,2025-03-08,289,9451.24,2731408.36,Delivered
SO04713,CUST00118,PROD0046,2026-03-12,573,7636.14,4375508.22,Delivered
SO04714,CUST00291,PROD0098,2025-04-25,264,20881.09,5512607.76,Pending
SO04715,CUST00480,PROD0085,2026-08-28,520,4251.56,2210811.2,Delivered
SO04716,CUST00075,PROD0028,2026-04-02,65,17863.47,1161125.55,Processing
SO04717,CUST00417,PROD0084,2025-06-09,260,13477.05,3504033.0,Shipped
SO04718,CUST00162,PROD0084,2026-02-04,37,14014.24,518526.88,Shipped
SO04719,CUST00462,PROD0184,2025-06-10,86,30860.8,2654028.8,Shipped
SO04720,CUST00469,PROD0084,2025-05-26,270,12490.08,3372321.6,Delivered
SO04721,CUST00486,PROD0089,2026-04-23,633,14947.21,9461583.93,Delivered
SO04722,CUST00151,PROD0037,2025-06-24,258,14003.6,3612928.8,Delivered
SO04723,CUST00126,PROD0096,2025-08-09,184,2299.43,423095.12,Shipped
SO04724,CUST00148,PROD0129,2025-11-25,454,19143.2,8691012.8,Delivered
SO04725,CUST00079,PROD0001,2025-07-18,159,6361.16,1011424.44,Delivered
SO04726,CUST00316,PROD0164,2025-07-31,134,14190.59,1901539.06,Delivered
SO04727,CUST00213,PROD0116,2026-06-21,436,8042.3,3506442.8,Shipped
SO04728,CUST00144,PROD0079,2026-04-19,531,33092.04,17571873.24,Delivered
SO04729,CUST00284,PROD0003,2026-05-16,511,25759.3,13163002.3,Processing
SO04730,CUST00472,PROD0077,2025-02-14,627,25084.6,15728044.2,Delivered
SO04731,CUST00469,PROD0099,2026-08-16,428,2468.43,1056488.04,Delivered
SO04732,CUST00090,PROD0146,2026-03-24,388,19405.24,7529233.12,Delivered
SO04733,CUST00485,PROD0167,2026-03-21,320,29584.18,9466937.6,Processing
SO04734,CUST00132,PROD0183,2025-02-12,505,2802.39,1415206.95,Delivered
SO04735,CUST00443,PROD0066,2025-12-02,329,1159.49,381472.21,Pending
SO04736,CUST00466,PROD0105,2025-11-08,353,20123.61,7103634.33,Shipped
SO04737,CUST00126,PROD0177,2025-05-01,649,25239.32,16380318.68,Delivered
SO04738,CUST00086,PROD0120,2025-09-18,515,8607.8,4433017.0,Delivered
SO04739,CUST00267,PROD0119,2025-06-28,221,9368.26,2070385.46,Shipped
SO04740,CUST00413,PROD0120,2025-06-27,387,7644.16,2958289.92,Delivered
SO04741,CUST00324,PROD0075,2026-07-02,132,24365.73,3216276.36,Delivered
SO04742,CUST00220,PROD0177,2025-10-24,313,24181.45,7568793.85,Delivered
SO04743,CUST00097,PROD0187,2025-03-02,31,29631.91,918589.21,Delivered
SO04744,CUST00436,PROD0077,2025-04-13,240,24615.03,5907607.2,Delivered
SO04745,CUST00151,PROD0092,2026-07-31,207,9436.34,1953322.38,Processing
SO04746,CUST00070,PROD0064,2025-08-09,313,32775.46,10258718.98,Delivered
SO04747,CUST00112,PROD0090,2025-09-08,397,33195.2,13178494.4,Shipped
SO04748,CUST00397,PROD0195,2025-05-16,537,10918.6,5863288.2,Shipped
SO04749,CUST00418,PROD0094,2026-03-02,496,15139.5,7509192.0,Delivered
SO04750,CUST00341,PROD0002,2025-06-02,227,10996.82,2496278.14,Processing
SO04751,CUST00058,PROD0052,2025-01-01,239,23564.67,5631956.13,Delivered
SO04752,CUST00038,PROD0157,2026-02-11,80,29785.5,2382840.0,Shipped
SO04753,CUST00498,PROD0003,2026-05-09,102,25778.08,2629364.16,Pending
SO04754,CUST00474,PROD0021,2025-04-28,365,15786.74,5762160.1,Processing
SO04755,CUST00429,PROD0040,2026-01-25,217,11300.75,2452262.75,Delivered
SO04756,CUST00083,PROD0141,2025-10-07,76,29423.6,2236193.6,Processing
SO04757,CUST00173,PROD0010,2026-02-19,591,16579.34,9798389.94,Delivered
SO04758,CUST00451,PROD0164,2026-04-05,374,14246.17,5328067.58,Pending
SO04759,CUST00062,PROD0095,2025-05-21,66,1018.81,67241.46,Pending
SO04760,CUST00425,PROD0024,2026-07-25,64,5070.65,324521.6,Processing
SO04761,CUST00151,PROD0057,2025-09-29,16,22301.64,356826.24,Delivered
SO04762,CUST00071,PROD0193,2025-08-19,15,17671.02,265065.3,Delivered
SO04763,CUST00149,PROD0038,2026-08-03,458,27547.95,12616961.1,Processing
SO04764,CUST00005,PROD0163,2026-07-21,539,4087.78,2203313.42,Pending
SO04765,CUST00447,PROD0101,2025-06-18,456,4263.23,1944032.88,Delivered
SO04766,CUST00045,PROD0080,2025-04-13,253,5288.85,1338079.05,Delivered
SO04767,CUST00118,PROD0153,2025-12-14,516,33371.69,17219792.04,Pending
SO04768,CUST00041,PROD0071,2026-05-03,112,14184.95,1588714.4,Cancelled
SO04769,CUST00222,PROD0185,2025-07-10,299,6185.9,1849584.1,Delivered
SO04770,CUST00344,PROD0066,2026-01-21,749,1051.39,787491.11,Delivered
SO04771,CUST00260,PROD0188,2025-07-23,207,33535.8,6941910.6,Shipped
SO04772,CUST00212,PROD0128,2025-03-06,308,16762.62,5162886.96,Delivered
SO04773,CUST00372,PROD0153,2026-07-08,321,33861.3,10869477.3,Pending
SO04774,CUST00273,PROD0073,2025-12-31,673,12722.25,8562074.25,Delivered
SO04775,CUST00150,PROD0126,2026-08-21,345,8023.53,2768117.85,Processing
SO04776,CUST00248,PROD0042,2026-08-27,668,19008.29,12697537.72,Pending
SO04777,CUST00468,PROD0145,2026-04-15,570,17512.07,9981879.9,Processing
SO04778,CUST00474,PROD0074,2025-07-11,349,32459.56,11328386.44,Delivered
SO04779,CUST00078,PROD0032,2025-10-14,22,9505.44,209119.68,Delivered
SO04780,CUST00313,PROD0103,2026-08-29,122,17650.71,2153386.62,Pending
SO04781,CUST00229,PROD0135,2026-04-30,330,3960.37,1306922.1,Delivered
SO04782,CUST00379,PROD0167,2026-08-03,33,28353.38,935661.54,Delivered
SO04783,CUST00195,PROD0099,2026-07-14,132,3045.03,401943.96,Delivered
SO04784,CUST00435,PROD0056,2025-06-30,243,30207.84,7340505.12,Shipped
SO04785,CUST00017,PROD0191,2025-01-09,688,11841.9,8147227.2,Delivered
SO04786,CUST00378,PROD0090,2025-12-21,201,35525.16,7140557.16,Pending
SO04787,CUST00444,PROD0164,2025-07-07,379,16764.94,6353912.26,Delivered
SO04788,CUST00343,PROD0192,2026-05-15,224,3808.6,853126.4,Pending
SO04789,CUST00160,PROD0093,2025-06-11,544,6622.78,3602792.32,Processing
SO04790,CUST00063,PROD0057,2025-02-02,98,29593.99,2900211.02,Delivered
SO04791,CUST00180,PROD0032,2026-04-01,503,10527.32,5295241.96,Delivered
SO04792,CUST00101,PROD0106,2026-07-25,146,1724.05,251711.3,Pending
SO04793,CUST00064,PROD0087,2025-06-30,89,26383.59,2348139.51,Processing
SO04794,CUST00113,PROD0142,2025-11-15,508,30246.23,15365084.84,Delivered
SO04795,CUST00478,PROD0018,2026-04-14,237,26444.4,6267322.8,Shipped
SO04796,CUST00179,PROD0179,2025-08-09,686,1246.38,855016.68,Processing
SO04797,CUST00468,PROD0090,2025-02-27,286,34786.22,9948858.92,Shipped
SO04798,CUST00170,PROD0111,2025-06-28,163,10911.3,1778541.9,Processing
SO04799,CUST00403,PROD0072,2026-03-11,204,8273.62,1687818.48,Delivered
SO04800,CUST00221,PROD0022,2025-05-08,158,13889.16,2194487.28,Processing
SO04801,CUST00478,PROD0141,2025-05-25,431,36663.1,15801796.1,Shipped
SO04802,CUST00286,PROD0076,2026-05-03,157,8582.11,1347391.27,Delivered
SO04803,CUST00053,PROD0081,2025-12-05,228,1615.46,368324.88,Delivered
SO04804,CUST00025,PROD0178,2025-05-21,605,28217.25,17071436.25,Pending
SO04805,CUST00019,PROD0099,2025-12-29,385,2689.73,1035546.05,Delivered
SO04806,CUST00376,PROD0140,2025-05-12,322,1590.45,512124.9,Shipped
SO04807,CUST00169,PROD0145,2026-06-15,282,13779.65,3885861.3,Delivered
SO04808,CUST00122,PROD0053,2026-08-09,102,4232.58,431723.16,Delivered
SO04809,CUST00196,PROD0194,2025-11-24,653,18890.08,12335222.24,Delivered
SO04810,CUST00088,PROD0100,2025-01-30,129,21980.63,2835501.27,Delivered
SO04811,CUST00367,PROD0063,2025-01-11,419,13694.46,5737978.74,Delivered
SO04812,CUST00379,PROD0032,2026-01-14,564,10920.15,6158964.6,Delivered
SO04813,CUST00219,PROD0091,2025-04-02,409,28073.35,11482000.15,Shipped
SO04814,CUST00429,PROD0113,2025-03-05,247,37446.44,9249270.68,Processing
SO04815,CUST00041,PROD0166,2026-03-25,687,25639.15,17614096.05,Delivered
SO04816,CUST00489,PROD0070,2025-11-26,316,19726.03,6233425.48,Delivered
SO04817,CUST00238,PROD0166,2025-01-05,300,30881.61,9264483.0,Pending
SO04818,CUST00378,PROD0126,2026-04-07,481,10832.91,5210629.71,Delivered
SO04819,CUST00461,PROD0108,2025-10-28,355,17288.13,6137286.15,Processing
SO04820,CUST00206,PROD0063,2025-04-10,206,16638.15,3427458.9,Pending
SO04821,CUST00440,PROD0063,2025-08-16,723,14759.22,10670916.06,Delivered
SO04822,CUST00377,PROD0091,2026-04-13,475,35633.79,16926050.25,Pending
SO04823,CUST00448,PROD0015,2026-02-18,465,11927.89,5546468.85,Delivered
SO04824,CUST00012,PROD0117,2025-12-11,737,18079.46,13324562.02,Delivered
SO04825,CUST00480,PROD0099,2025-02-15,590,2714.15,1601348.5,Delivered
SO04826,CUST00480,PROD0093,2026-06-12,729,5286.79,3854069.91,Delivered
SO04827,CUST00216,PROD0132,2025-02-18,632,24922.26,15750868.32,Delivered
SO04828,CUST00070,PROD0099,2025-08-03,261,2571.95,671278.95,Pending
SO04829,CUST00033,PROD0047,2025-09-23,689,23697.76,16327756.64,Shipped
SO04830,CUST00101,PROD0146,2025-09-24,447,23827.04,10650686.88,Processing
SO04831,CUST00163,PROD0150,2025-08-04,398,25775.24,10258545.52,Delivered
SO04832,CUST00283,PROD0169,2025-03-10,703,16173.3,11369829.9,Pending
SO04833,CUST00055,PROD0100,2026-05-15,648,23146.39,14998860.72,Pending
SO04834,CUST00304,PROD0056,2025-05-05,728,31453.3,22898002.4,Processing
SO04835,CUST00245,PROD0021,2025-05-29,580,12181.35,7065183.0,Processing
SO04836,CUST00287,PROD0028,2025-08-14,626,15704.53,9831035.78,Pending
SO04837,CUST00050,PROD0106,2025-05-12,341,1214.04,413987.64,Pending
SO04838,CUST00239,PROD0189,2025-03-17,371,8616.41,3196688.11,Shipped
SO04839,CUST00262,PROD0009,2025-04-16,533,23925.48,12752280.84,Delivered
SO04840,CUST00384,PROD0033,2025-11-24,130,5136.54,667750.2,Delivered
SO04841,CUST00171,PROD0033,2025-03-30,703,5353.89,3763784.67,Delivered
SO04842,CUST00055,PROD0104,2026-06-07,447,8206.12,3668135.64,Shipped
SO04843,CUST00486,PROD0126,2026-05-15,206,7823.95,1611733.7,Delivered
SO04844,CUST00462,PROD0075,2026-04-17,584,22000.41,12848239.44,Delivered
SO04845,CUST00366,PROD0191,2025-05-21,501,12047.17,6035632.17,Delivered
SO04846,CUST00402,PROD0089,2025-07-06,351,13831.24,4854765.24,Pending
SO04847,CUST00338,PROD0095,2026-03-10,65,1044.55,67895.75,Processing
SO04848,CUST00165,PROD0112,2025-05-11,435,3302.05,1436391.75,Delivered
SO04849,CUST00110,PROD0153,2026-01-28,113,28790.01,3253271.13,Delivered
SO04850,CUST00129,PROD0137,2025-12-04,710,23916.02,16980374.2,Delivered
SO04851,CUST00445,PROD0189,2025-04-06,200,8048.84,1609768.0,Delivered
SO04852,CUST00013,PROD0049,2025-12-08,207,6411.67,1327215.69,Delivered
SO04853,CUST00160,PROD0152,2026-04-30,426,11815.85,5033552.1,Cancelled
SO04854,CUST00167,PROD0115,2026-03-28,309,13299.79,4109635.11,Delivered
SO04855,CUST00156,PROD0182,2025-11-19,260,14058.19,3655129.4,Delivered
SO04856,CUST00112,PROD0158,2026-05-16,572,29485.21,16865540.12,Delivered
SO04857,CUST00458,PROD0085,2025-05-11,334,4064.08,1357402.72,Pending
SO04858,CUST00144,PROD0011,2026-04-28,360,20732.86,7463829.6,Shipped
SO04859,CUST00034,PROD0054,2025-12-15,318,25863.19,8224494.42,Delivered
SO04860,CUST00280,PROD0181,2025-02-25,679,32872.15,22320189.85,Shipped
SO04861,CUST00471,PROD0110,2026-07-31,707,32501.68,22978687.76,Processing
SO04862,CUST00151,PROD0123,2025-09-30,504,28464.53,14346123.12,Delivered
SO04863,CUST00174,PROD0191,2025-06-19,245,11895.33,2914355.85,Processing
SO04864,CUST00135,PROD0023,2025-09-12,27,30020.19,810545.13,Shipped
SO04865,CUST00313,PROD0187,2025-05-19,743,32323.83,24016605.69,Processing
SO04866,CUST00216,PROD0098,2026-04-02,376,18340.22,6895922.72,Delivered
SO04867,CUST00449,PROD0108,2025-02-13,511,15919.22,8134721.42,Pending
SO04868,CUST00110,PROD0097,2025-08-27,452,26045.78,11772692.56,Processing
SO04869,CUST00160,PROD0025,2025-09-20,35,22032.08,771122.8,Pending
SO04870,CUST00129,PROD0052,2026-07-27,600,20820.49,12492294.0,Delivered
SO04871,CUST00267,PROD0048,2025-04-25,722,18709.73,13508425.06,Delivered
SO04872,CUST00019,PROD0160,2025-10-09,252,10094.5,2543814.0,Shipped
SO04873,CUST00245,PROD0189,2025-07-07,701,7465.52,5233329.52,Pending
SO04874,CUST00352,PROD0187,2025-07-22,139,30630.23,4257601.97,Pending
SO04875,CUST00041,PROD0171,2025-08-05,12,15989.36,191872.32,Delivered
SO04876,CUST00360,PROD0093,2026-03-23,99,6910.72,684161.28,Processing
SO04877,CUST00244,PROD0131,2025-10-01,521,13320.47,6939964.87,Pending
SO04878,CUST00270,PROD0141,2026-04-24,525,40986.14,21517723.5,Delivered
SO04879,CUST00321,PROD0181,2026-05-28,743,33857.56,25156167.08,Shipped
SO04880,CUST00239,PROD0180,2025-12-31,595,15323.59,9117536.05,Delivered
SO04881,CUST00235,PROD0155,2025-03-30,301,9993.69,3008100.69,Shipped
SO04882,CUST00477,PROD0097,2025-02-25,604,24760.37,14955263.48,Pending
SO04883,CUST00327,PROD0184,2025-08-19,585,30428.26,17800532.1,Delivered
SO04884,CUST00441,PROD0167,2026-07-06,741,28952.78,21454009.98,Pending
SO04885,CUST00391,PROD0127,2025-05-17,687,29201.54,20061457.98,Delivered
SO04886,CUST00439,PROD0109,2026-06-17,556,14305.73,7953985.88,Cancelled
SO04887,CUST00269,PROD0078,2026-08-09,150,20878.17,3131725.5,Delivered
SO04888,CUST00481,PROD0085,2026-01-30,62,4267.6,264591.2,Cancelled
SO04889,CUST00469,PROD0036,2025-11-21,268,11446.45,3067648.6,Delivered
SO04890,CUST00021,PROD0188,2025-06-22,454,35401.69,16072367.26,Delivered
SO04891,CUST00413,PROD0058,2025-04-08,222,2335.71,518527.62,Pending
SO04892,CUST00308,PROD0096,2025-10-17,488,2505.85,1222854.8,Delivered
SO04893,CUST00214,PROD0177,2026-08-07,73,30591.82,2233202.86,Processing
SO04894,CUST00085,PROD0194,2026-08-04,736,18107.05,13326788.8,Delivered
SO04895,CUST00106,PROD0134,2025-11-21,435,33976.03,14779573.05,Delivered
SO04896,CUST00356,PROD0193,2025-05-27,582,16222.84,9441692.88,Processing
SO04897,CUST00059,PROD0163,2025-06-05,201,4377.67,879911.67,Processing
SO04898,CUST00385,PROD0018,2026-02-18,288,30759.08,8858615.04,Cancelled
SO04899,CUST00177,PROD0190,2025-05-04,203,5434.7,1103244.1,Pending
SO04900,CUST00351,PROD0078,2025-07-15,572,28768.82,16455765.04,Shipped
SO04901,CUST00366,PROD0093,2026-08-24,251,7231.77,1815174.27,Delivered
SO04902,CUST00017,PROD0134,2025-02-21,340,34413.94,11700739.6,Delivered
SO04903,CUST00498,PROD0200,2025-02-18,31,39284.85,1217830.35,Delivered
SO04904,CUST00017,PROD0056,2026-04-07,415,31897.32,13237387.8,Delivered
SO04905,CUST00409,PROD0126,2025-09-07,741,8433.02,6248867.82,Delivered
SO04906,CUST00419,PROD0163,2025-11-03,153,4334.85,663232.05,Delivered
SO04907,CUST00064,PROD0132,2026-03-27,587,29751.18,17463942.66,Pending
SO04908,CUST00084,PROD0020,2026-02-07,492,9490.69,4669419.48,Delivered
SO04909,CUST00373,PROD0037,2025-10-29,658,13795.12,9077188.96,Delivered
SO04910,CUST00254,PROD0035,2025-04-17,508,18622.8,9460382.4,Processing
SO04911,CUST00042,PROD0182,2025-05-17,349,15937.53,5562197.97,Pending
SO04912,CUST00011,PROD0188,2025-12-12,503,31830.26,16010620.78,Delivered
SO04913,CUST00116,PROD0037,2025-03-24,281,14188.92,3987086.52,Shipped
SO04914,CUST00301,PROD0100,2025-10-09,83,27175.62,2255576.46,Delivered
SO04915,CUST00048,PROD0157,2025-11-23,406,24763.98,10054175.88,Processing
SO04916,CUST00180,PROD0124,2025-10-10,53,6058.06,321077.18,Delivered
SO04917,CUST00462,PROD0177,2026-06-29,444,28475.35,12643055.4,Delivered
SO04918,CUST00227,PROD0131,2025-08-08,381,14329.95,5459710.95,Delivered
SO04919,CUST00347,PROD0119,2025-04-09,126,9500.59,1197074.34,Processing
SO04920,CUST00496,PROD0050,2026-08-08,711,4733.44,3365475.84,Processing
SO04921,CUST00253,PROD0098,2025-03-30,739,20663.09,15270023.51,Delivered
SO04922,CUST00327,PROD0003,2026-05-17,2,19074.63,38149.26,Shipped
SO04923,CUST00442,PROD0109,2026-08-15,165,13217.59,2180902.35,Delivered
SO04924,CUST00227,PROD0130,2025-07-07,298,37858.48,11281827.04,Delivered
SO04925,CUST00113,PROD0156,2025-01-11,559,9573.19,5351413.21,Processing
SO04926,CUST00216,PROD0074,2025-02-10,434,39765.67,17258300.78,Delivered
SO04927,CUST00158,PROD0189,2026-08-01,612,7379.44,4516217.28,Shipped
SO04928,CUST00213,PROD0139,2026-07-08,662,14403.72,9535262.64,Pending
SO04929,CUST00250,PROD0179,2026-06-08,279,1288.48,359485.92,Delivered
SO04930,CUST00004,PROD0054,2025-07-02,740,24219.73,17922600.2,Delivered
SO04931,CUST00440,PROD0104,2026-07-21,514,8654.28,4448299.92,Shipped
SO04932,CUST00241,PROD0094,2025-07-31,382,16766.87,6404944.34,Shipped
SO04933,CUST00273,PROD0095,2026-05-18,294,1155.75,339790.5,Shipped
SO04934,CUST00455,PROD0084,2026-01-31,220,9618.17,2115997.4,Delivered
SO04935,CUST00148,PROD0053,2026-03-05,19,4445.99,84473.81,Delivered
SO04936,CUST00077,PROD0045,2025-05-13,355,13477.37,4784466.35,Delivered
SO04937,CUST00039,PROD0036,2025-09-22,168,13146.47,2208606.96,Delivered
SO04938,CUST00355,PROD0096,2025-09-02,749,2823.33,2114674.17,Processing
SO04939,CUST00190,PROD0190,2025-11-19,663,4917.2,3260103.6,Delivered
SO04940,CUST00395,PROD0146,2025-10-21,155,25085.62,3888271.1,Delivered
SO04941,CUST00075,PROD0169,2025-07-01,260,18568.22,4827737.2,Delivered
SO04942,CUST00285,PROD0039,2025-07-26,697,9056.51,6312387.47,Delivered
SO04943,CUST00032,PROD0013,2025-03-13,148,13251.65,1961244.2,Processing
SO04944,CUST00347,PROD0195,2026-06-25,439,9606.72,4217350.08,Processing
SO04945,CUST00123,PROD0154,2026-08-25,618,4282.22,2646411.96,Processing
SO04946,CUST00337,PROD0194,2025-09-08,656,15650.99,10267049.44,Shipped
SO04947,CUST00126,PROD0130,2025-07-27,201,35082.32,7051546.32,Processing
SO04948,CUST00284,PROD0132,2026-03-16,216,26324.4,5686070.4,Shipped
SO04949,CUST00298,PROD0136,2026-06-19,154,13417.73,2066330.42,Delivered
SO04950,CUST00108,PROD0143,2026-04-04,738,23453.02,17308328.76,Processing
SO04951,CUST00179,PROD0047,2026-01-23,146,23473.75,3427167.5,Delivered
SO04952,CUST00246,PROD0140,2025-08-30,503,1211.84,609555.52,Processing
SO04953,CUST00059,PROD0149,2025-05-17,619,22320.37,13816309.03,Delivered
SO04954,CUST00131,PROD0153,2026-06-13,414,24023.96,9945919.44,Delivered
SO04955,CUST00476,PROD0075,2025-08-02,181,25248.25,4569933.25,Pending
SO04956,CUST00030,PROD0139,2025-12-26,405,13042.78,5282325.9,Cancelled
SO04957,CUST00210,PROD0170,2025-06-07,647,19773.45,12793422.15,Processing
SO04958,CUST00231,PROD0104,2025-02-27,451,8607.73,3882086.23,Cancelled
SO04959,CUST00437,PROD0106,2026-07-06,454,1597.29,725169.66,Delivered
SO04960,CUST00039,PROD0137,2026-05-09,70,32093.63,2246554.1,Delivered
SO04961,CUST00225,PROD0068,2026-08-14,441,30510.41,13455090.81,Shipped
SO04962,CUST00117,PROD0056,2026-08-06,34,27897.29,948507.86,Shipped
SO04963,CUST00022,PROD0172,2025-10-15,435,6736.2,2930247.0,Delivered
SO04964,CUST00061,PROD0015,2026-02-02,727,8999.43,6542585.61,Delivered
SO04965,CUST00355,PROD0121,2026-07-24,511,19782.02,10108612.22,Delivered
SO04966,CUST00275,PROD0071,2026-06-25,621,13260.26,8234621.46,Processing
SO04967,CUST00387,PROD0101,2026-02-23,84,3916.65,328998.6,Processing
SO04968,CUST00205,PROD0061,2025-01-22,374,7307.46,2732990.04,Delivered
SO04969,CUST00207,PROD0053,2026-04-24,614,3916.32,2404620.48,Delivered
SO04970,CUST00414,PROD0102,2025-05-31,677,18712.22,12668172.94,Delivered
SO04971,CUST00239,PROD0036,2025-01-12,567,15776.96,8945536.32,Shipped
SO04972,CUST00261,PROD0166,2025-08-21,730,29943.1,21858463.0,Processing
SO04973,CUST00014,PROD0149,2025-01-09,637,24767.71,15777031.27,Pending
SO04974,CUST00223,PROD0176,2026-03-16,717,16180.93,11601726.81,Shipped
SO04975,CUST00331,PROD0081,2025-10-02,707,1370.52,968957.64,Delivered
SO04976,CUST00316,PROD0008,2025-10-01,318,31194.89,9919975.02,Delivered
SO04977,CUST00177,PROD0185,2025-08-17,622,7159.65,4453302.3,Delivered
SO04978,CUST00488,PROD0083,2025-10-21,241,23670.79,5704660.39,Pending
SO04979,CUST00201,PROD0026,2026-08-02,733,23111.01,16940370.33,Processing
SO04980,CUST00310,PROD0163,2026-08-11,456,4594.46,2095073.76,Delivered
SO04981,CUST00358,PROD0110,2025-05-25,315,33924.93,10686352.95,Delivered
SO04982,CUST00388,PROD0083,2025-03-28,248,17918.51,4443790.48,Delivered
SO04983,CUST00255,PROD0003,2025-06-01,140,21912.25,3067715.0,Delivered
SO04984,CUST00439,PROD0122,2025-03-03,430,19736.48,8486686.4,Cancelled
SO04985,CUST00392,PROD0178,2026-04-27,448,31027.14,13900158.72,Delivered
SO04986,CUST00355,PROD0010,2026-07-05,327,12748.63,4168802.01,Delivered
SO04987,CUST00194,PROD0167,2026-07-22,609,27915.18,17000344.62,Delivered
SO04988,CUST00265,PROD0019,2026-03-22,159,30747.32,4888823.88,Pending
SO04989,CUST00176,PROD0002,2026-05-25,56,7959.68,445742.08,Processing
SO04990,CUST00487,PROD0090,2025-03-24,375,34671.11,13001666.25,Pending
SO04991,CUST00113,PROD0150,2026-08-06,678,27046.46,18337499.88,Delivered
SO04992,CUST00132,PROD0082,2025-09-22,365,25884.54,9447857.1,Delivered
SO04993,CUST00093,PROD0033,2025-08-06,99,4917.24,486806.76,Cancelled
SO04994,CUST00144,PROD0197,2025-11-13,86,21764.4,1871738.4,Shipped
SO04995,CUST00295,PROD0096,2026-08-09,672,2160.16,1451627.52,Delivered
SO04996,CUST00308,PROD0051,2026-08-01,214,28315.01,6059412.14,Delivered
SO04997,CUST00163,PROD0112,2025-03-23,598,2941.75,1759166.5,Pending
SO04998,CUST00007,PROD0090,2026-05-09,676,36561.03,24715256.28,Delivered
SO04999,CUST00363,PROD0017,2026-01-14,14,25818.99,361465.86,Pending
SO05000,CUST00211,PROD0029,2025-08-02,667,10045.25,6700181.75,Shipped
SO05001,CUST00437,PROD0125,2026-06-16,299,7951.24,2377420.76,Shipped
SO05002,CUST00033,PROD0117,2025-04-26,196,18038.63,3535571.48,Shipped
SO05003,CUST00407,PROD0154,2026-08-15,235,4274.79,1004575.65,Delivered
SO05004,CUST00161,PROD0034,2025-10-10,559,2274.88,1271657.92,Cancelled
SO05005,CUST00299,PROD0155,2026-06-16,595,11858.41,7055753.95,Delivered
SO05006,CUST00296,PROD0061,2026-06-02,8,6855.2,54841.6,Delivered
SO05007,CUST00029,PROD0093,2025-10-21,148,5115.5,757094.0,Delivered
SO05008,CUST00197,PROD0014,2025-11-25,574,23046.3,13228576.2,Shipped
SO05009,CUST00050,PROD0039,2026-08-08,669,7414.6,4960367.4,Delivered
SO05010,CUST00182,PROD0191,2026-07-14,541,11575.97,6262599.77,Delivered
SO05011,CUST00035,PROD0141,2026-07-19,279,31527.4,8796144.6,Delivered
SO05012,CUST00279,PROD0110,2025-09-05,362,35287.21,12773970.02,Delivered
SO05013,CUST00464,PROD0128,2025-07-11,657,17569.15,11542931.55,Delivered
SO05014,CUST00130,PROD0131,2026-01-17,469,12339.5,5787225.5,Delivered
SO05015,CUST00205,PROD0098,2025-12-11,157,16916.65,2655914.05,Pending
SO05016,CUST00427,PROD0096,2025-02-18,402,3055.42,1228278.84,Processing
SO05017,CUST00140,PROD0161,2025-11-13,401,14510.19,5818586.19,Delivered
SO05018,CUST00071,PROD0200,2025-04-10,689,38111.83,26259050.87,Delivered
SO05019,CUST00027,PROD0107,2025-12-09,405,23707.23,9601428.15,Pending
SO05020,CUST00429,PROD0015,2026-03-20,369,8208.96,3029106.24,Delivered
SO05021,CUST00428,PROD0131,2025-01-22,370,14062.79,5203232.3,Shipped
SO05022,CUST00169,PROD0125,2026-03-15,551,11089.58,6110358.58,Delivered
SO05023,CUST00294,PROD0180,2026-05-03,255,15953.9,4068244.5,Pending
SO05024,CUST00250,PROD0069,2025-11-12,232,32350.83,7505392.56,Pending
SO05025,CUST00022,PROD0181,2026-08-31,196,31699.95,6213190.2,Delivered
SO05026,CUST00375,PROD0100,2026-08-04,19,26879.31,510706.89,Delivered
SO05027,CUST00217,PROD0070,2026-04-12,510,14188.77,7236272.7,Shipped
SO05028,CUST00096,PROD0065,2025-11-12,692,9024.6,6245023.2,Delivered
SO05029,CUST00039,PROD0162,2025-04-14,595,9422.78,5606554.1,Delivered
SO05030,CUST00391,PROD0173,2026-03-03,137,20231.36,2771696.32,Delivered
SO05031,CUST00056,PROD0057,2026-07-20,256,22010.44,5634672.64,Pending
SO05032,CUST00125,PROD0026,2026-07-05,270,26389.46,7125154.2,Delivered
SO05033,CUST00274,PROD0197,2026-05-18,14,21932.16,307050.24,Delivered
SO05034,CUST00378,PROD0047,2025-07-20,528,25396.21,13409198.88,Processing
SO05035,CUST00214,PROD0082,2026-01-09,414,26058.57,10788247.98,Pending
SO05036,CUST00212,PROD0195,2026-02-07,545,8645.41,4711748.45,Shipped
SO05037,CUST00472,PROD0142,2025-12-08,42,21628.23,908385.66,Shipped
SO05038,CUST00295,PROD0169,2026-07-24,359,21629.75,7765080.25,Shipped
SO05039,CUST00279,PROD0030,2025-08-09,336,16637.33,5590142.88,Delivered
SO05040,CUST00468,PROD0024,2025-02-24,322,5636.3,1814888.6,Shipped
SO05041,CUST00233,PROD0139,2025-12-08,110,13529.28,1488220.8,Delivered
SO05042,CUST00233,PROD0159,2026-05-08,730,9767.47,7130253.1,Processing
SO05043,CUST00410,PROD0073,2025-04-20,544,15206.43,8272297.92,Pending
SO05044,CUST00178,PROD0172,2025-04-28,650,9182.55,5968657.5,Pending
SO05045,CUST00139,PROD0110,2025-10-30,417,25082.87,10459556.79,Processing
SO05046,CUST00130,PROD0029,2025-12-16,466,7646.75,3563385.5,Delivered
SO05047,CUST00471,PROD0094,2026-02-21,425,16077.93,6833120.25,Pending
SO05048,CUST00220,PROD0138,2026-02-05,567,22750.87,12899743.29,Pending
SO05049,CUST00342,PROD0086,2025-11-18,241,2950.75,711130.75,Processing
SO05050,CUST00113,PROD0128,2026-02-13,509,15080.83,7676142.47,Delivered
SO05051,CUST00317,PROD0154,2025-12-27,47,3311.1,155621.7,Delivered
SO05052,CUST00473,PROD0199,2025-10-16,136,8621.58,1172534.88,Shipped
SO05053,CUST00428,PROD0110,2025-04-15,186,26127.78,4859767.08,Delivered
SO05054,CUST00262,PROD0080,2025-10-03,629,6656.83,4187146.07,Processing
SO05055,CUST00050,PROD0080,2026-02-06,395,7236.46,2858401.7,Processing
SO05056,CUST00207,PROD0056,2025-08-28,730,27599.7,20147781.0,Pending
SO05057,CUST00385,PROD0053,2026-01-19,206,3234.14,666232.84,Delivered
SO05058,CUST00040,PROD0174,2025-07-24,202,30832.89,6228243.78,Delivered
SO05059,CUST00485,PROD0114,2025-04-22,5,13990.27,69951.35,Processing
SO05060,CUST00097,PROD0077,2026-05-02,315,25319.54,7975655.1,Pending
SO05061,CUST00229,PROD0044,2025-07-16,180,8139.1,1465038.0,Processing
SO05062,CUST00248,PROD0196,2025-04-23,390,24593.37,9591414.3,Shipped
SO05063,CUST00286,PROD0042,2026-02-22,175,19331.01,3382926.75,Processing
SO05064,CUST00486,PROD0070,2026-06-20,678,15005.77,10173912.06,Delivered
SO05065,CUST00357,PROD0175,2025-11-18,698,3459.43,2414682.14,Delivered
SO05066,CUST00158,PROD0115,2026-04-04,281,10320.1,2899948.1,Delivered
SO05067,CUST00078,PROD0148,2026-05-04,644,30646.91,19736610.04,Shipped
SO05068,CUST00209,PROD0088,2025-12-22,450,4175.12,1878804.0,Processing
SO05069,CUST00198,PROD0032,2025-02-26,519,13485.55,6999000.45,Shipped
SO05070,CUST00077,PROD0085,2025-09-26,128,3407.56,436167.68,Delivered
SO05071,CUST00134,PROD0086,2025-11-20,321,2236.82,718019.22,Pending
SO05072,CUST00149,PROD0027,2025-05-10,378,24687.68,9331943.04,Processing
SO05073,CUST00122,PROD0080,2026-03-19,561,5703.64,3199742.04,Delivered
SO05074,CUST00433,PROD0198,2026-03-13,90,11962.3,1076607.0,Delivered
SO05075,CUST00129,PROD0156,2026-01-25,121,8866.46,1072841.66,Delivered
SO05076,CUST00253,PROD0177,2025-09-09,358,29108.25,10420753.5,Delivered
SO05077,CUST00196,PROD0157,2026-01-04,98,23616.61,2314427.78,Pending
SO05078,CUST00195,PROD0176,2025-04-22,306,18747.09,5736609.54,Delivered
SO05079,CUST00117,PROD0049,2026-05-01,487,6792.14,3307772.18,Cancelled
SO05080,CUST00004,PROD0186,2025-10-04,634,6373.44,4040760.96,Delivered
SO05081,CUST00260,PROD0018,2026-05-19,16,29645.56,474328.96,Processing
SO05082,CUST00192,PROD0124,2026-08-11,658,4326.06,2846547.48,Pending
SO05083,CUST00053,PROD0080,2025-12-20,597,5962.56,3559648.32,Delivered
SO05084,CUST00168,PROD0137,2026-01-03,194,27526.41,5340123.54,Pending
SO05085,CUST00282,PROD0010,2026-01-28,479,13130.65,6289581.35,Delivered
SO05086,CUST00433,PROD0133,2025-03-21,51,17437.78,889326.78,Delivered
SO05087,CUST00266,PROD0018,2026-06-17,392,31915.0,12510680.0,Delivered
SO05088,CUST00440,PROD0120,2025-05-24,731,6872.52,5023812.12,Delivered
SO05089,CUST00422,PROD0153,2025-01-24,619,24034.9,14877603.1,Pending
SO05090,CUST00371,PROD0099,2025-11-16,283,2329.79,659330.57,Delivered
SO05091,CUST00340,PROD0002,2025-01-23,387,10365.15,4011313.05,Delivered
SO05092,CUST00346,PROD0157,2025-05-08,630,21357.93,13455495.9,Delivered
SO05093,CUST00246,PROD0060,2026-06-10,217,18274.16,3965492.72,Delivered
SO05094,CUST00123,PROD0183,2026-01-22,143,3660.53,523455.79,Delivered
SO05095,CUST00106,PROD0128,2025-06-20,228,17499.49,3989883.72,Processing
SO05096,CUST00031,PROD0068,2025-11-28,213,26365.05,5615755.65,Shipped
SO05097,CUST00170,PROD0150,2025-02-15,50,28280.71,1414035.5,Delivered
SO05098,CUST00168,PROD0037,2025-08-04,169,12825.56,2167519.64,Pending
SO05099,CUST00134,PROD0151,2026-01-10,211,4610.36,972785.96,Shipped
SO05100,CUST00441,PROD0054,2025-12-19,577,23203.4,13388361.8,Delivered
SO05101,CUST00432,PROD0095,2025-11-09,99,1092.8,108187.2,Shipped
SO05102,CUST00223,PROD0076,2026-08-25,149,7823.16,1165650.84,Processing
SO05103,CUST00367,PROD0007,2025-03-05,625,21529.95,13456218.75,Shipped
SO05104,CUST00240,PROD0066,2025-06-10,12,1185.92,14231.04,Delivered
SO05105,CUST00059,PROD0100,2025-09-06,298,21898.61,6525785.78,Delivered
SO05106,CUST00360,PROD0052,2025-04-02,445,19998.64,8899394.8,Delivered
SO05107,CUST00499,PROD0165,2025-02-20,161,34058.84,5483473.24,Pending
SO05108,CUST00220,PROD0011,2025-06-27,44,24119.33,1061250.52,Processing
SO05109,CUST00338,PROD0047,2026-08-12,172,22876.29,3934721.88,Delivered
SO05110,CUST00436,PROD0119,2026-01-04,624,12549.52,7830900.48,Delivered
SO05111,CUST00473,PROD0147,2025-11-23,308,2692.28,829222.24,Pending
SO05112,CUST00086,PROD0040,2026-08-02,334,11273.11,3765218.74,Processing
SO05113,CUST00165,PROD0046,2026-05-13,611,8044.31,4915073.41,Delivered
SO05114,CUST00204,PROD0094,2025-12-30,323,12046.89,3891145.47,Processing
SO05115,CUST00345,PROD0159,2026-06-10,688,8201.54,5642659.52,Delivered
SO05116,CUST00097,PROD0110,2026-07-03,503,28666.84,14419420.52,Delivered
SO05117,CUST00030,PROD0054,2026-04-10,83,25602.94,2125044.02,Delivered
SO05118,CUST00322,PROD0019,2025-05-11,252,25002.15,6300541.8,Shipped
SO05119,CUST00253,PROD0092,2026-06-13,216,9743.69,2104637.04,Shipped
SO05120,CUST00092,PROD0019,2025-09-26,309,25673.21,7933021.89,Processing
SO05121,CUST00148,PROD0174,2025-12-10,340,35962.04,12227093.6,Delivered
SO05122,CUST00260,PROD0135,2026-08-01,730,3727.23,2720877.9,Processing
SO05123,CUST00497,PROD0052,2026-06-17,576,22626.64,13032944.64,Delivered
SO05124,CUST00445,PROD0074,2026-01-16,221,28380.3,6272046.3,Pending
SO05125,CUST00353,PROD0064,2025-12-16,348,25813.32,8983035.36,Delivered
SO05126,CUST00251,PROD0051,2025-03-06,697,28753.33,20041071.01,Shipped
SO05127,CUST00485,PROD0006,2026-03-07,443,24288.35,10759739.05,Shipped
SO05128,CUST00415,PROD0183,2026-08-02,156,3866.49,603172.44,Delivered
SO05129,CUST00493,PROD0092,2025-04-15,488,10233.71,4994050.48,Delivered
SO05130,CUST00009,PROD0140,2025-04-18,48,1434.79,68869.92,Delivered
SO05131,CUST00420,PROD0006,2025-08-07,167,18162.17,3033082.39,Delivered
SO05132,CUST00108,PROD0150,2025-05-24,347,36630.75,12710870.25,Delivered
SO05133,CUST00441,PROD0107,2025-04-09,611,22701.11,13870378.21,Delivered
SO05134,CUST00285,PROD0091,2025-06-06,266,28142.67,7485950.22,Cancelled
SO05135,CUST00210,PROD0060,2025-06-18,643,18951.65,12185910.95,Shipped
SO05136,CUST00059,PROD0076,2025-05-11,271,7510.17,2035256.07,Pending
SO05137,CUST00173,PROD0166,2025-04-19,38,25379.94,964437.72,Delivered
SO05138,CUST00251,PROD0140,2026-02-07,452,1346.6,608663.2,Processing
SO05139,CUST00393,PROD0021,2025-02-03,696,12344.45,8591737.2,Delivered
SO05140,CUST00107,PROD0046,2025-04-13,433,8941.7,3871756.1,Delivered
SO05141,CUST00362,PROD0176,2025-06-29,403,13898.48,5601087.44,Delivered
SO05142,CUST00213,PROD0157,2025-10-03,697,21289.18,14838558.46,Delivered
SO05143,CUST00422,PROD0189,2026-02-01,577,9451.62,5453584.74,Delivered
SO05144,CUST00228,PROD0022,2025-12-16,582,16878.05,9823025.1,Delivered
SO05145,CUST00052,PROD0091,2026-07-16,301,31221.83,9397770.83,Delivered
SO05146,CUST00374,PROD0121,2026-07-27,448,23659.62,10599509.76,Delivered
SO05147,CUST00004,PROD0047,2026-01-26,221,24271.12,5363917.52,Delivered
SO05148,CUST00120,PROD0004,2026-08-21,638,4267.04,2722371.52,Processing
SO05149,CUST00261,PROD0156,2026-03-20,81,9949.96,805946.76,Delivered
SO05150,CUST00357,PROD0144,2026-05-09,448,27540.95,12338345.6,Processing
SO05151,CUST00292,PROD0147,2026-02-06,622,2908.19,1808894.18,Shipped
SO05152,CUST00292,PROD0166,2025-04-21,127,31994.46,4063296.42,Processing
SO05153,CUST00288,PROD0175,2025-10-25,472,3164.11,1493459.92,Delivered
SO05154,CUST00494,PROD0169,2025-08-29,86,19333.28,1662662.08,Shipped
SO05155,CUST00073,PROD0075,2025-02-06,94,23085.05,2169994.7,Delivered
SO05156,CUST00267,PROD0195,2025-12-01,406,12156.1,4935376.6,Pending
SO05157,CUST00108,PROD0086,2026-04-09,210,2364.19,496479.9,Pending
SO05158,CUST00067,PROD0130,2025-02-05,608,33599.84,20428702.72,Delivered
SO05159,CUST00257,PROD0111,2026-03-21,546,9554.09,5216533.14,Processing
SO05160,CUST00109,PROD0018,2025-10-03,92,27112.34,2494335.28,Pending
SO05161,CUST00365,PROD0172,2025-03-02,711,7469.63,5310906.93,Pending
SO05162,CUST00157,PROD0180,2025-03-28,631,13998.27,8832908.37,Delivered
SO05163,CUST00376,PROD0094,2026-02-17,701,15789.85,11068684.85,Shipped
SO05164,CUST00010,PROD0088,2025-03-22,363,4100.95,1488644.85,Delivered
SO05165,CUST00478,PROD0053,2025-02-16,697,3187.58,2221743.26,Shipped
SO05166,CUST00237,PROD0085,2025-05-28,588,3915.73,2302449.24,Processing
SO05167,CUST00297,PROD0196,2026-07-13,339,29893.89,10134028.71,Processing
SO05168,CUST00170,PROD0134,2025-07-13,307,29640.22,9099547.54,Pending
SO05169,CUST00052,PROD0068,2025-07-12,581,27886.69,16202166.89,Delivered
SO05170,CUST00087,PROD0089,2025-04-14,725,15112.85,10956816.25,Pending
SO05171,CUST00024,PROD0109,2026-03-20,143,12782.24,1827860.32,Shipped
SO05172,CUST00056,PROD0142,2026-06-09,46,28191.12,1296791.52,Delivered
SO05173,CUST00447,PROD0185,2026-08-12,747,7821.66,5842780.02,Processing
SO05174,CUST00163,PROD0032,2025-04-29,310,12800.15,3968046.5,Delivered
SO05175,CUST00404,PROD0016,2026-01-02,572,14469.21,8276388.12,Shipped
SO05176,CUST00346,PROD0069,2025-09-05,491,34456.29,16918038.39,Shipped
SO05177,CUST00466,PROD0057,2026-02-16,425,24576.39,10444965.75,Pending
SO05178,CUST00412,PROD0106,2025-06-25,311,1471.95,457776.45,Delivered
SO05179,CUST00353,PROD0057,2025-10-01,717,27900.14,20004400.38,Pending
SO05180,CUST00175,PROD0055,2025-10-20,615,3181.69,1956739.35,Delivered
SO05181,CUST00065,PROD0065,2025-10-24,27,8647.87,233492.49,Delivered
SO05182,CUST00363,PROD0162,2025-10-17,284,9810.82,2786272.88,Shipped
SO05183,CUST00359,PROD0180,2026-08-08,750,17264.29,12948217.5,Delivered
SO05184,CUST00385,PROD0161,2025-12-12,191,12471.34,2382025.94,Pending
SO05185,CUST00258,PROD0046,2026-03-19,20,9048.53,180970.6,Processing
SO05186,CUST00053,PROD0043,2026-07-17,157,4439.64,697023.48,Cancelled
SO05187,CUST00200,PROD0032,2026-01-29,266,13420.67,3569898.22,Shipped
SO05188,CUST00021,PROD0155,2026-07-04,500,8353.84,4176920.0,Delivered
SO05189,CUST00301,PROD0181,2026-04-25,16,35362.67,565802.72,Shipped
SO05190,CUST00444,PROD0026,2026-01-02,703,25838.56,18164507.68,Delivered
SO05191,CUST00175,PROD0167,2026-04-26,219,23496.31,5145691.89,Delivered
SO05192,CUST00344,PROD0090,2025-05-19,209,30860.25,6449792.25,Processing
SO05193,CUST00273,PROD0100,2025-01-02,53,24056.86,1275013.58,Shipped
SO05194,CUST00391,PROD0123,2026-04-24,354,34597.04,12247352.16,Delivered
SO05195,CUST00102,PROD0120,2026-01-12,89,7843.11,698036.79,Delivered
SO05196,CUST00166,PROD0059,2025-04-28,246,25518.05,6277440.3,Delivered
SO05197,CUST00173,PROD0098,2025-07-10,590,21891.92,12916232.8,Delivered
SO05198,CUST00391,PROD0065,2026-04-01,69,7518.7,518790.3,Pending
SO05199,CUST00473,PROD0026,2025-03-13,366,23429.19,8575083.54,Delivered
SO05200,CUST00313,PROD0075,2025-08-21,553,26705.88,14768351.64,Shipped
SO05201,CUST00073,PROD0106,2025-06-11,672,1460.55,981489.6,Delivered
SO05202,CUST00453,PROD0055,2025-11-06,19,2831.05,53789.95,Pending
SO05203,CUST00106,PROD0165,2025-01-31,669,37034.14,24775839.66,Shipped
SO05204,CUST00127,PROD0020,2025-05-01,365,9612.87,3508697.55,Shipped
SO05205,CUST00440,PROD0182,2025-07-20,389,13492.36,5248528.04,Delivered
SO05206,CUST00157,PROD0108,2026-02-15,723,13390.55,9681367.65,Delivered
SO05207,CUST00167,PROD0044,2025-11-05,189,9142.2,1727875.8,Processing
SO05208,CUST00072,PROD0084,2025-08-06,704,10581.5,7449376.0,Delivered
SO05209,CUST00372,PROD0048,2025-11-25,734,23374.84,17157132.56,Shipped
SO05210,CUST00109,PROD0183,2026-08-05,262,3395.25,889555.5,Delivered
SO05211,CUST00234,PROD0081,2026-03-25,563,1514.35,852579.05,Shipped
SO05212,CUST00091,PROD0031,2025-12-21,686,2899.57,1989105.02,Delivered
SO05213,CUST00151,PROD0002,2026-02-01,444,8939.06,3968942.64,Delivered
SO05214,CUST00166,PROD0072,2025-03-20,42,6736.34,282926.28,Delivered
SO05215,CUST00258,PROD0053,2026-04-17,9,4405.56,39650.04,Delivered
SO05216,CUST00008,PROD0028,2025-12-09,410,13702.77,5618135.7,Processing
SO05217,CUST00491,PROD0049,2025-01-22,667,6374.46,4251764.82,Delivered
SO05218,CUST00444,PROD0005,2025-04-15,692,31370.82,21708607.44,Delivered
SO05219,CUST00103,PROD0106,2026-02-11,305,1308.37,399052.85,Pending
SO05220,CUST00096,PROD0104,2025-03-17,268,9369.01,2510894.68,Pending
SO05221,CUST00199,PROD0125,2025-07-27,429,9680.96,4153131.84,Pending
SO05222,CUST00313,PROD0111,2026-05-08,491,10670.85,5239387.35,Delivered
SO05223,CUST00198,PROD0153,2025-07-10,527,28258.54,14892250.58,Delivered
SO05224,CUST00354,PROD0060,2025-04-02,212,19690.21,4174324.52,Processing
SO05225,CUST00378,PROD0185,2026-07-29,564,8429.8,4754407.2,Pending
SO05226,CUST00001,PROD0044,2026-04-09,657,10655.19,7000459.83,Shipped
SO05227,CUST00062,PROD0155,2026-05-11,581,9867.57,5733058.17,Delivered
SO05228,CUST00320,PROD0025,2025-10-17,554,18252.14,10111685.56,Delivered
SO05229,CUST00182,PROD0109,2026-04-16,127,14321.99,1818892.73,Shipped
SO05230,CUST00279,PROD0073,2025-08-02,598,15052.43,9001353.14,Cancelled
SO05231,CUST00204,PROD0008,2025-06-03,429,31340.52,13445083.08,Delivered
SO05232,CUST00497,PROD0129,2025-06-11,470,19645.96,9233601.2,Shipped
SO05233,CUST00158,PROD0200,2025-03-15,87,37778.15,3286699.05,Processing
SO05234,CUST00196,PROD0018,2026-01-25,689,33085.43,22795861.27,Processing
SO05235,CUST00081,PROD0188,2025-07-14,346,34895.18,12073732.28,Delivered
SO05236,CUST00467,PROD0141,2025-02-17,517,32355.35,16727715.95,Pending
SO05237,CUST00292,PROD0004,2026-03-10,196,3394.72,665365.12,Shipped
SO05238,CUST00147,PROD0189,2025-08-16,495,9555.6,4730022.0,Pending
SO05239,CUST00041,PROD0048,2025-03-14,51,19420.34,990437.34,Delivered
SO05240,CUST00463,PROD0060,2025-05-23,541,23104.87,12499734.67,Pending
SO05241,CUST00427,PROD0085,2026-08-11,720,4624.98,3329985.6,Delivered
SO05242,CUST00304,PROD0161,2025-05-23,158,15044.68,2377059.44,Delivered
SO05243,CUST00076,PROD0051,2025-06-06,47,26938.08,1266089.76,Delivered
SO05244,CUST00077,PROD0057,2026-07-21,230,27915.22,6420500.6,Processing
SO05245,CUST00035,PROD0028,2026-01-03,716,13246.86,9484751.76,Delivered
SO05246,CUST00255,PROD0196,2026-08-20,481,34065.25,16385385.25,Delivered
SO05247,CUST00309,PROD0041,2026-04-14,450,32473.19,14612935.5,Delivered
SO05248,CUST00483,PROD0137,2026-03-25,161,24450.53,3936535.33,Delivered
SO05249,CUST00366,PROD0076,2026-07-19,187,6926.08,1295176.96,Shipped
SO05250,CUST00169,PROD0027,2026-02-22,312,19269.12,6011965.44,Delivered
SO05251,CUST00193,PROD0087,2026-06-06,471,25641.02,12076920.42,Delivered
SO05252,CUST00080,PROD0006,2026-02-17,392,20921.5,8201228.0,Delivered
SO05253,CUST00326,PROD0077,2026-07-25,580,26878.1,15589298.0,Delivered
SO05254,CUST00360,PROD0113,2026-06-02,145,27815.26,4033212.7,Pending
SO05255,CUST00041,PROD0017,2026-06-11,214,18566.68,3973269.52,Delivered
SO05256,CUST00122,PROD0166,2025-10-06,224,28774.84,6445564.16,Cancelled
SO05257,CUST00297,PROD0181,2025-03-28,563,28977.94,16314580.22,Cancelled
SO05258,CUST00303,PROD0106,2026-03-25,256,1724.75,441536.0,Delivered
SO05259,CUST00001,PROD0117,2025-12-12,287,15648.55,4491133.85,Delivered
SO05260,CUST00145,PROD0062,2025-10-17,175,27373.04,4790282.0,Pending
SO05261,CUST00086,PROD0147,2026-08-28,572,3256.19,1862540.68,Cancelled
SO05262,CUST00362,PROD0134,2025-05-26,288,39524.31,11383001.28,Shipped
SO05263,CUST00408,PROD0105,2025-04-25,89,21732.88,1934226.32,Processing
SO05264,CUST00415,PROD0046,2026-02-23,280,9934.2,2781576.0,Processing
SO05265,CUST00393,PROD0085,2026-06-23,118,4736.96,558961.28,Shipped
SO05266,CUST00120,PROD0034,2026-03-15,247,2332.89,576223.83,Delivered
SO05267,CUST00461,PROD0189,2025-01-15,328,8704.18,2854971.04,Shipped
SO05268,CUST00020,PROD0063,2025-03-20,488,14628.08,7138503.04,Delivered
SO05269,CUST00437,PROD0187,2026-03-01,343,28386.3,9736500.9,Delivered
SO05270,CUST00066,PROD0093,2025-12-01,547,5432.58,2971621.26,Delivered
SO05271,CUST00120,PROD0081,2026-03-18,505,1692.69,854808.45,Cancelled
SO05272,CUST00211,PROD0073,2025-05-02,285,13902.08,3962092.8,Delivered
SO05273,CUST00141,PROD0123,2026-05-28,109,38139.94,4157253.46,Delivered
SO05274,CUST00406,PROD0026,2025-03-02,61,31887.66,1945147.26,Pending
SO05275,CUST00482,PROD0087,2025-04-14,534,31036.2,16573330.8,Pending
SO05276,CUST00351,PROD0031,2025-12-16,101,2839.34,286773.34,Processing
SO05277,CUST00424,PROD0014,2025-05-04,97,18129.63,1758574.11,Delivered
SO05278,CUST00393,PROD0191,2025-07-15,380,10205.77,3878192.6,Delivered
SO05279,CUST00498,PROD0102,2026-08-30,522,15142.39,7904327.58,Processing
SO05280,CUST00402,PROD0070,2025-04-10,50,17219.53,860976.5,Pending
SO05281,CUST00173,PROD0110,2025-09-06,234,33263.92,7783757.28,Delivered
SO05282,CUST00203,PROD0013,2026-01-27,147,14359.12,2110790.64,Delivered
SO05283,CUST00093,PROD0119,2026-08-21,542,12478.65,6763428.3,Processing
SO05284,CUST00446,PROD0120,2025-10-09,525,8683.34,4558753.5,Shipped
SO05285,CUST00280,PROD0020,2025-04-02,631,7574.42,4779459.02,Pending
SO05286,CUST00158,PROD0128,2025-08-24,686,17888.18,12271291.48,Shipped
SO05287,CUST00500,PROD0023,2025-12-23,13,32676.17,424790.21,Shipped
SO05288,CUST00243,PROD0060,2025-09-19,2,26180.42,52360.84,Processing
SO05289,CUST00265,PROD0043,2025-07-09,97,4272.53,414435.41,Shipped
SO05290,CUST00430,PROD0131,2025-11-02,177,12364.96,2188597.92,Pending
SO05291,CUST00426,PROD0190,2025-04-05,309,5084.23,1571027.07,Delivered
SO05292,CUST00159,PROD0098,2025-10-30,581,18648.68,10834883.08,Processing
SO05293,CUST00076,PROD0084,2025-10-31,577,11473.44,6620174.88,Delivered
SO05294,CUST00390,PROD0006,2025-01-17,94,21419.84,2013464.96,Delivered
SO05295,CUST00127,PROD0071,2025-08-20,369,12641.45,4664695.05,Delivered
SO05296,CUST00046,PROD0171,2026-01-08,89,14490.74,1289675.86,Delivered
SO05297,CUST00227,PROD0199,2025-01-27,399,10921.7,4357758.3,Delivered
SO05298,CUST00199,PROD0180,2025-01-05,109,14795.07,1612662.63,Shipped
SO05299,CUST00376,PROD0069,2026-07-24,424,30455.4,12913089.6,Shipped
SO05300,CUST00408,PROD0165,2025-05-19,32,36881.52,1180208.64,Processing
SO05301,CUST00272,PROD0080,2025-05-10,536,7313.97,3920287.92,Pending
SO05302,CUST00055,PROD0137,2026-06-09,399,27852.46,11113131.54,Processing
SO05303,CUST00400,PROD0072,2025-08-20,261,8937.13,2332590.93,Delivered
SO05304,CUST00226,PROD0037,2026-01-14,317,13231.57,4194407.69,Delivered
SO05305,CUST00405,PROD0057,2025-03-26,585,26187.92,15319933.2,Delivered
SO05306,CUST00079,PROD0007,2026-02-18,725,24832.59,18003627.75,Delivered
SO05307,CUST00487,PROD0170,2025-01-08,280,20940.18,5863250.4,Pending
SO05308,CUST00245,PROD0189,2025-04-23,718,7613.78,5466694.04,Delivered
SO05309,CUST00033,PROD0113,2025-01-30,58,36151.19,2096769.02,Delivered
SO05310,CUST00472,PROD0097,2026-06-24,249,25719.27,6404098.23,Delivered
SO05311,CUST00407,PROD0093,2026-07-13,569,6287.43,3577547.67,Pending
SO05312,CUST00482,PROD0065,2026-06-10,745,9244.21,6886936.45,Shipped
SO05313,CUST00414,PROD0079,2025-02-22,493,23763.49,11715400.57,Pending
SO05314,CUST00356,PROD0117,2026-01-10,91,17137.83,1559542.53,Shipped
SO05315,CUST00163,PROD0100,2026-03-03,355,24809.08,8807223.4,Pending
SO05316,CUST00052,PROD0175,2025-10-12,439,3220.67,1413874.13,Delivered
SO05317,CUST00049,PROD0086,2026-04-14,470,2946.44,1384826.8,Pending
SO05318,CUST00421,PROD0031,2025-03-27,144,2293.74,330298.56,Processing
SO05319,CUST00268,PROD0177,2025-04-18,673,20980.82,14120091.86,Delivered
SO05320,CUST00394,PROD0146,2026-06-24,197,26041.99,5130272.03,Processing
SO05321,CUST00324,PROD0151,2026-05-18,191,6210.38,1186182.58,Pending
SO05322,CUST00186,PROD0185,2025-07-06,348,6194.76,2155776.48,Delivered
SO05323,CUST00179,PROD0008,2025-03-22,729,33688.5,24558916.5,Pending
SO05324,CUST00097,PROD0089,2025-09-01,622,14749.49,9174182.78,Processing
SO05325,CUST00275,PROD0013,2025-09-22,529,14162.17,7491787.93,Processing
SO05326,CUST00380,PROD0049,2026-06-13,11,7845.39,86299.29,Delivered
SO05327,CUST00083,PROD0152,2025-05-29,618,11930.31,7372931.58,Pending
SO05328,CUST00192,PROD0056,2026-07-08,134,33135.0,4440090.0,Delivered
SO05329,CUST00034,PROD0183,2025-01-04,247,2922.69,721904.43,Processing
SO05330,CUST00424,PROD0056,2026-08-02,10,30191.85,301918.5,Delivered
SO05331,CUST00127,PROD0126,2025-02-18,431,8777.44,3783076.64,Delivered
SO05332,CUST00339,PROD0005,2026-08-04,109,38328.22,4177775.98,Delivered
SO05333,CUST00222,PROD0086,2025-12-14,1,2308.41,2308.41,Delivered
SO05334,CUST00251,PROD0010,2026-07-16,689,16370.17,11279047.13,Shipped
SO05335,CUST00313,PROD0084,2025-02-17,626,9854.6,6168979.6,Shipped
SO05336,CUST00377,PROD0155,2026-04-18,578,8374.92,4840703.76,Delivered
SO05337,CUST00310,PROD0018,2026-02-09,610,31208.8,19037368.0,Pending
SO05338,CUST00392,PROD0050,2026-06-13,535,4330.42,2316774.7,Delivered
SO05339,CUST00097,PROD0098,2026-07-08,137,18244.45,2499489.65,Pending
SO05340,CUST00041,PROD0106,2026-03-01,718,1323.7,950416.6,Pending
SO05341,CUST00454,PROD0018,2026-05-02,467,32885.15,15357365.05,Delivered
SO05342,CUST00307,PROD0106,2025-07-09,734,1742.02,1278642.68,Processing
SO05343,CUST00478,PROD0173,2025-11-03,185,24146.91,4467178.35,Processing
SO05344,CUST00438,PROD0070,2026-01-02,725,17235.14,12495476.5,Processing
SO05345,CUST00279,PROD0187,2026-07-07,91,29125.04,2650378.64,Delivered
SO05346,CUST00133,PROD0084,2025-05-22,168,13209.63,2219217.84,Shipped
SO05347,CUST00019,PROD0093,2026-04-29,40,6793.92,271756.8,Shipped
SO05348,CUST00173,PROD0087,2026-04-29,42,26193.36,1100121.12,Delivered
SO05349,CUST00432,PROD0137,2025-10-30,83,27535.1,2285413.3,Pending
SO05350,CUST00273,PROD0169,2026-07-04,395,18215.98,7195312.1,Cancelled
SO05351,CUST00443,PROD0007,2026-01-12,104,18826.03,1957907.12,Processing
SO05352,CUST00103,PROD0135,2026-08-14,473,2957.2,1398755.6,Pending
SO05353,CUST00153,PROD0044,2025-03-24,23,7702.8,177164.4,Delivered
SO05354,CUST00440,PROD0080,2026-07-05,217,6429.78,1395262.26,Pending
SO05355,CUST00280,PROD0170,2025-06-28,77,23668.08,1822442.16,Delivered
SO05356,CUST00200,PROD0046,2025-10-27,320,8732.57,2794422.4,Delivered
SO05357,CUST00408,PROD0092,2025-07-20,451,10755.42,4850694.42,Delivered
SO05358,CUST00340,PROD0042,2026-02-25,494,23806.74,11760529.56,Delivered
SO05359,CUST00339,PROD0147,2026-05-29,12,2556.19,30674.28,Delivered
SO05360,CUST00159,PROD0102,2025-10-31,672,17384.27,11682229.44,Shipped
SO05361,CUST00494,PROD0195,2025-09-12,183,11870.52,2172305.16,Cancelled
SO05362,CUST00444,PROD0153,2025-02-13,330,26998.64,8909551.2,Processing
SO05363,CUST00215,PROD0027,2026-07-30,499,20934.68,10446405.32,Shipped
SO05364,CUST00030,PROD0121,2025-07-12,580,26179.58,15184156.4,Processing
SO05365,CUST00356,PROD0185,2025-03-19,585,7498.4,4386564.0,Pending
SO05366,CUST00433,PROD0072,2026-05-28,407,7598.44,3092565.08,Delivered
SO05367,CUST00306,PROD0148,2025-01-20,382,26995.91,10312437.62,Shipped
SO05368,CUST00366,PROD0090,2025-08-09,414,37286.14,15436461.96,Delivered
SO05369,CUST00355,PROD0102,2026-05-10,137,14516.74,1988793.38,Cancelled
SO05370,CUST00073,PROD0135,2025-02-04,27,3343.55,90275.85,Shipped
SO05371,CUST00499,PROD0180,2026-08-28,352,14711.49,5178444.48,Delivered
SO05372,CUST00392,PROD0066,2025-02-26,305,1006.18,306884.9,Delivered
SO05373,CUST00349,PROD0061,2026-01-27,43,7244.38,311508.34,Delivered
SO05374,CUST00459,PROD0041,2026-04-05,509,30299.77,15422582.93,Delivered
SO05375,CUST00012,PROD0042,2025-07-11,117,20154.39,2358063.63,Processing
SO05376,CUST00422,PROD0144,2025-07-03,218,28269.51,6162753.18,Delivered
SO05377,CUST00236,PROD0008,2025-07-18,121,34069.02,4122351.42,Shipped
SO05378,CUST00360,PROD0190,2026-02-06,30,5491.97,164759.1,Shipped
SO05379,CUST00003,PROD0172,2025-07-09,222,6720.85,1492028.7,Shipped
SO05380,CUST00312,PROD0050,2026-06-16,145,4001.26,580182.7,Delivered
SO05381,CUST00470,PROD0094,2026-05-09,431,14164.42,6104865.02,Processing
SO05382,CUST00479,PROD0097,2025-10-05,398,26137.02,10402533.96,Delivered
SO05383,CUST00142,PROD0030,2025-07-10,301,16870.75,5078095.75,Delivered
SO05384,CUST00310,PROD0131,2026-07-30,564,14492.47,8173753.08,Pending
SO05385,CUST00184,PROD0122,2026-03-28,649,20618.33,13381296.17,Delivered
SO05386,CUST00272,PROD0087,2025-12-19,693,30793.66,21340006.38,Processing
SO05387,CUST00421,PROD0077,2026-02-08,376,21688.5,8154876.0,Shipped
SO05388,CUST00142,PROD0036,2025-07-03,460,13905.03,6396313.8,Delivered
SO05389,CUST00349,PROD0033,2026-07-06,669,5554.48,3715947.12,Processing
SO05390,CUST00047,PROD0103,2026-01-07,355,17927.64,6364312.2,Shipped
SO05391,CUST00500,PROD0054,2026-05-18,335,19964.18,6688000.3,Processing
SO05392,CUST00272,PROD0101,2026-05-08,247,3997.71,987434.37,Processing
SO05393,CUST00146,PROD0144,2025-10-08,490,29332.52,14372934.8,Delivered
SO05394,CUST00482,PROD0105,2026-04-01,202,21031.3,4248322.6,Shipped
SO05395,CUST00489,PROD0005,2025-03-21,198,27812.92,5506958.16,Processing
SO05396,CUST00255,PROD0125,2025-07-03,583,11302.35,6589270.05,Cancelled
SO05397,CUST00342,PROD0139,2026-02-24,518,14717.48,7623654.64,Shipped
SO05398,CUST00342,PROD0183,2026-03-25,290,3563.6,1033444.0,Delivered
SO05399,CUST00170,PROD0176,2025-01-10,720,12934.47,9312818.4,Pending
SO05400,CUST00241,PROD0137,2025-11-29,304,26083.72,7929450.88,Delivered
SO05401,CUST00208,PROD0054,2025-03-13,269,25930.44,6975288.36,Delivered
SO05402,CUST00370,PROD0104,2026-06-29,326,9662.68,3150033.68,Delivered
SO05403,CUST00068,PROD0017,2025-03-29,301,26279.72,7910195.72,Shipped
SO05404,CUST00365,PROD0134,2025-08-28,129,35074.64,4524628.56,Processing
SO05405,CUST00320,PROD0013,2026-05-11,545,16013.95,8727602.75,Shipped
SO05406,CUST00219,PROD0081,2026-06-06,111,1952.5,216727.5,Delivered
SO05407,CUST00414,PROD0014,2026-02-24,105,19708.75,2069418.75,Shipped
SO05408,CUST00291,PROD0061,2025-12-25,629,5988.16,3766552.64,Delivered
SO05409,CUST00190,PROD0178,2025-12-09,169,25391.89,4291229.41,Delivered
SO05410,CUST00135,PROD0099,2025-05-17,384,2412.68,926469.12,Shipped
SO05411,CUST00368,PROD0125,2026-01-05,575,9469.34,5444870.5,Shipped
SO05412,CUST00471,PROD0082,2025-07-20,118,21105.13,2490405.34,Delivered
SO05413,CUST00482,PROD0047,2025-01-06,163,28924.56,4714703.28,Delivered
SO05414,CUST00043,PROD0055,2025-05-08,669,2295.14,1535448.66,Delivered
SO05415,CUST00043,PROD0192,2025-05-27,285,4658.73,1327738.05,Delivered
SO05416,CUST00131,PROD0114,2026-07-01,703,14919.18,10488183.54,Pending
SO05417,CUST00229,PROD0176,2026-01-04,498,14238.94,7090992.12,Shipped
SO05418,CUST00077,PROD0144,2025-08-10,185,24726.8,4574458.0,Processing
SO05419,CUST00066,PROD0170,2025-07-12,724,24166.63,17496640.12,Processing
SO05420,CUST00213,PROD0100,2025-09-04,595,29057.71,17289337.45,Cancelled
SO05421,CUST00128,PROD0092,2026-06-14,602,9290.71,5593007.42,Delivered
SO05422,CUST00200,PROD0154,2025-10-06,529,4246.0,2246134.0,Processing
SO05423,CUST00296,PROD0117,2025-05-22,324,15293.08,4954957.92,Shipped
SO05424,CUST00073,PROD0122,2026-03-14,110,20384.26,2242268.6,Delivered
SO05425,CUST00321,PROD0037,2025-02-24,266,15340.69,4080623.54,Delivered
SO05426,CUST00142,PROD0090,2026-06-22,578,34829.38,20131381.64,Processing
SO05427,CUST00309,PROD0016,2025-01-30,389,14766.45,5744149.05,Pending
SO05428,CUST00153,PROD0120,2026-08-11,538,6958.41,3743624.58,Delivered
SO05429,CUST00076,PROD0109,2026-03-03,298,11682.01,3481238.98,Cancelled
SO05430,CUST00459,PROD0137,2026-05-30,580,28019.96,16251576.8,Processing
SO05431,CUST00138,PROD0195,2025-10-02,308,10073.78,3102724.24,Pending
SO05432,CUST00043,PROD0037,2025-09-06,746,13390.95,9989648.7,Delivered
SO05433,CUST00352,PROD0011,2025-05-24,594,29219.34,17356287.96,Delivered
SO05434,CUST00126,PROD0176,2026-08-23,581,17742.32,10308287.92,Processing
SO05435,CUST00351,PROD0021,2025-04-05,147,12420.19,1825767.93,Delivered
SO05436,CUST00175,PROD0168,2025-03-17,99,15112.09,1496096.91,Shipped
SO05437,CUST00182,PROD0021,2026-06-04,216,13771.06,2974548.96,Delivered
SO05438,CUST00149,PROD0028,2025-11-29,733,14835.05,10874091.65,Delivered
SO05439,CUST00251,PROD0003,2025-08-24,2,24519.36,49038.72,Pending
SO05440,CUST00256,PROD0122,2026-04-08,381,14815.28,5644621.68,Delivered
SO05441,CUST00106,PROD0046,2025-02-17,163,10383.37,1692489.31,Delivered
SO05442,CUST00124,PROD0074,2026-05-03,476,34633.9,16485736.4,Delivered
SO05443,CUST00219,PROD0120,2025-06-14,263,9011.99,2370153.37,Delivered
SO05444,CUST00326,PROD0057,2025-10-06,80,29992.1,2399368.0,Pending
SO05445,CUST00072,PROD0056,2025-08-02,238,29962.55,7131086.9,Shipped
SO05446,CUST00416,PROD0066,2025-12-29,249,1078.84,268631.16,Delivered
SO05447,CUST00121,PROD0015,2026-05-08,365,10197.25,3721996.25,Processing
SO05448,CUST00318,PROD0109,2025-03-21,285,13335.83,3800711.55,Processing
SO05449,CUST00280,PROD0039,2026-03-06,142,7011.89,995688.38,Delivered
SO05450,CUST00349,PROD0171,2025-05-20,82,14184.46,1163125.72,Pending
SO05451,CUST00483,PROD0129,2026-01-10,514,19991.55,10275656.7,Delivered
SO05452,CUST00353,PROD0053,2025-06-22,22,3808.2,83780.4,Delivered
SO05453,CUST00066,PROD0199,2025-04-24,338,9482.85,3205203.3,Shipped
SO05454,CUST00463,PROD0015,2026-04-07,469,10006.57,4693081.33,Processing
SO05455,CUST00431,PROD0077,2025-07-10,260,29669.17,7713984.2,Pending
SO05456,CUST00377,PROD0121,2025-11-04,334,23790.68,7946087.12,Cancelled
SO05457,CUST00053,PROD0060,2025-03-13,113,20983.3,2371112.9,Shipped
SO05458,CUST00410,PROD0135,2026-03-02,499,3159.27,1576475.73,Shipped
SO05459,CUST00153,PROD0041,2025-05-14,397,35556.98,14116121.06,Delivered
SO05460,CUST00454,PROD0060,2026-03-16,586,25808.1,15123546.6,Cancelled
SO05461,CUST00147,PROD0096,2026-06-26,526,2286.24,1202562.24,Delivered
SO05462,CUST00410,PROD0147,2025-01-13,15,2502.44,37536.6,Delivered
SO05463,CUST00258,PROD0183,2025-12-20,488,2817.72,1375047.36,Delivered
SO05464,CUST00356,PROD0122,2025-07-11,359,14525.52,5214661.68,Delivered
SO05465,CUST00311,PROD0040,2025-03-14,399,12525.73,4997766.27,Delivered
SO05466,CUST00089,PROD0061,2025-01-07,563,6856.22,3860051.86,Pending
SO05467,CUST00489,PROD0141,2026-06-13,32,34385.68,1100341.76,Delivered
SO05468,CUST00479,PROD0189,2026-03-01,732,9222.96,6751206.72,Processing
SO05469,CUST00022,PROD0097,2026-05-21,665,24027.79,15978480.35,Delivered
SO05470,CUST00373,PROD0188,2025-01-03,700,31225.43,21857801.0,Processing
SO05471,CUST00340,PROD0162,2026-02-19,274,10169.87,2786544.38,Shipped
SO05472,CUST00177,PROD0106,2025-09-03,147,1320.87,194167.89,Delivered
SO05473,CUST00089,PROD0019,2025-01-28,80,31820.78,2545662.4,Pending
SO05474,CUST00242,PROD0002,2026-06-05,703,8029.87,5644998.61,Delivered
SO05475,CUST00447,PROD0036,2026-07-05,184,11623.03,2138637.52,Delivered
SO05476,CUST00068,PROD0192,2025-08-30,171,3700.46,632778.66,Processing
SO05477,CUST00368,PROD0092,2026-08-13,393,10963.79,4308769.47,Delivered
SO05478,CUST00271,PROD0008,2026-08-08,299,30258.32,9047237.68,Delivered
SO05479,CUST00060,PROD0004,2026-04-03,95,3756.67,356883.65,Pending
SO05480,CUST00135,PROD0120,2025-07-05,361,9060.98,3271013.78,Processing
SO05481,CUST00394,PROD0032,2025-04-13,499,10320.6,5149979.4,Delivered
SO05482,CUST00215,PROD0083,2026-02-06,60,21725.19,1303511.4,Processing
SO05483,CUST00187,PROD0119,2026-05-30,735,10544.2,7749987.0,Delivered
SO05484,CUST00486,PROD0051,2026-04-22,125,23553.6,2944200.0,Delivered
SO05485,CUST00028,PROD0040,2025-12-23,706,12524.06,8841986.36,Pending
SO05486,CUST00202,PROD0052,2025-01-16,130,23020.56,2992672.8,Shipped
SO05487,CUST00478,PROD0177,2025-03-04,712,27426.19,19527447.28,Delivered
SO05488,CUST00469,PROD0023,2025-10-09,677,36487.98,24702362.46,Delivered
SO05489,CUST00399,PROD0197,2025-09-21,651,26997.17,17575157.67,Delivered
SO05490,CUST00196,PROD0138,2025-11-03,426,22905.84,9757887.84,Delivered
SO05491,CUST00211,PROD0158,2025-09-18,123,25428.65,3127723.95,Shipped
SO05492,CUST00005,PROD0005,2025-11-09,6,38874.65,233247.9,Pending
SO05493,CUST00109,PROD0195,2025-04-23,455,9567.49,4353207.95,Delivered
SO05494,CUST00251,PROD0188,2025-10-05,100,24244.27,2424427.0,Delivered
SO05495,CUST00416,PROD0046,2026-06-04,196,10365.99,2031734.04,Delivered
SO05496,CUST00354,PROD0058,2026-07-10,229,2472.56,566216.24,Shipped
SO05497,CUST00329,PROD0187,2025-06-18,145,31209.52,4525380.4,Delivered
SO05498,CUST00138,PROD0085,2025-08-29,46,3452.91,158833.86,Delivered
SO05499,CUST00253,PROD0104,2026-04-28,378,8624.18,3259940.04,Cancelled
SO05500,CUST00041,PROD0011,2026-03-24,716,26399.08,18901741.28,Delivered
SO05501,CUST00307,PROD0023,2025-12-26,126,31271.31,3940185.06,Delivered
SO05502,CUST00256,PROD0156,2025-10-02,245,10035.93,2458802.85,Processing
SO05503,CUST00491,PROD0078,2025-07-31,521,27216.95,14180030.95,Delivered
SO05504,CUST00066,PROD0102,2025-02-27,603,18329.82,11052881.46,Delivered
SO05505,CUST00045,PROD0082,2025-08-19,717,20836.32,14939641.44,Delivered
SO05506,CUST00025,PROD0167,2026-06-23,20,26173.5,523470.0,Delivered
SO05507,CUST00236,PROD0085,2025-12-13,101,4740.82,478822.82,Delivered
SO05508,CUST00476,PROD0196,2026-06-06,229,31998.9,7327748.1,Processing
SO05509,CUST00252,PROD0014,2025-07-17,682,21582.23,14719080.86,Delivered
SO05510,CUST00199,PROD0138,2025-09-20,654,22361.59,14624479.86,Delivered
SO05511,CUST00324,PROD0139,2025-07-22,90,11933.59,1074023.1,Delivered
SO05512,CUST00437,PROD0028,2025-11-02,563,18117.06,10199904.78,Delivered
SO05513,CUST00083,PROD0104,2025-08-20,287,10395.84,2983606.08,Delivered
SO05514,CUST00241,PROD0115,2025-03-09,256,11288.71,2889909.76,Pending
SO05515,CUST00035,PROD0013,2025-02-08,433,13846.36,5995473.88,Delivered
SO05516,CUST00151,PROD0186,2025-12-21,579,7524.8,4356859.2,Delivered
SO05517,CUST00120,PROD0021,2026-08-15,643,11866.79,7630345.97,Delivered
SO05518,CUST00085,PROD0166,2026-02-02,664,27660.24,18366399.36,Delivered
SO05519,CUST00223,PROD0178,2025-01-01,23,26681.84,613682.32,Processing
SO05520,CUST00006,PROD0157,2026-02-02,369,24685.44,9108927.36,Pending
SO05521,CUST00044,PROD0189,2025-04-13,570,7712.02,4395851.4,Processing
SO05522,CUST00362,PROD0005,2025-03-31,493,30949.4,15258054.2,Delivered
SO05523,CUST00185,PROD0144,2025-08-13,244,22546.37,5501314.28,Processing
SO05524,CUST00102,PROD0177,2025-08-17,387,22758.37,8807489.19,Pending
SO05525,CUST00443,PROD0035,2026-08-16,514,16994.04,8734936.56,Delivered
SO05526,CUST00049,PROD0133,2026-08-16,703,16576.46,11653251.38,Shipped
SO05527,CUST00332,PROD0102,2025-11-24,559,16931.68,9464809.12,Delivered
SO05528,CUST00338,PROD0071,2025-11-21,606,18317.95,11100677.7,Pending
SO05529,CUST00089,PROD0008,2025-06-23,427,34843.16,14878029.32,Shipped
SO05530,CUST00341,PROD0040,2026-08-11,347,14949.48,5187469.56,Processing
SO05531,CUST00028,PROD0003,2025-09-04,203,24803.42,5035094.26,Delivered
SO05532,CUST00340,PROD0180,2025-03-02,725,15765.46,11429958.5,Delivered
SO05533,CUST00321,PROD0063,2026-02-20,261,16561.2,4322473.2,Processing
SO05534,CUST00260,PROD0133,2025-02-10,357,19463.92,6948619.44,Delivered
SO05535,CUST00469,PROD0140,2026-07-25,246,1567.46,385595.16,Pending
SO05536,CUST00226,PROD0186,2025-07-10,168,8825.61,1482702.48,Pending
SO05537,CUST00260,PROD0054,2026-03-30,296,19417.84,5747680.64,Processing
SO05538,CUST00071,PROD0129,2025-07-12,81,22377.51,1812578.31,Delivered
SO05539,CUST00045,PROD0126,2026-05-01,463,9922.96,4594330.48,Delivered
SO05540,CUST00146,PROD0012,2025-08-20,179,9425.25,1687119.75,Pending
SO05541,CUST00224,PROD0017,2025-08-13,511,21197.0,10831667.0,Delivered
SO05542,CUST00055,PROD0122,2025-09-25,642,18440.69,11838922.98,Processing
SO05543,CUST00003,PROD0005,2026-06-26,64,27314.92,1748154.88,Delivered
SO05544,CUST00117,PROD0062,2025-04-03,61,31579.35,1926340.35,Shipped
SO05545,CUST00370,PROD0031,2025-06-22,283,3130.98,886067.34,Processing
SO05546,CUST00469,PROD0003,2025-09-19,82,18791.04,1540865.28,Pending
SO05547,CUST00428,PROD0198,2025-09-11,658,11532.09,7588115.22,Delivered
SO05548,CUST00443,PROD0186,2026-07-26,80,7796.4,623712.0,Delivered
SO05549,CUST00481,PROD0038,2026-05-19,273,24003.54,6552966.42,Shipped
SO05550,CUST00487,PROD0074,2026-03-07,331,32889.98,10886583.38,Processing
SO05551,CUST00219,PROD0144,2025-11-14,588,31701.1,18640246.8,Delivered
SO05552,CUST00382,PROD0051,2026-07-13,212,28076.88,5952298.56,Pending
SO05553,CUST00159,PROD0125,2026-03-30,46,11234.13,516769.98,Processing
SO05554,CUST00054,PROD0075,2026-08-28,528,24009.19,12676852.32,Cancelled
SO05555,CUST00309,PROD0048,2025-05-02,715,24045.45,17192496.75,Shipped
SO05556,CUST00404,PROD0058,2026-06-08,229,2913.14,667109.06,Pending
SO05557,CUST00178,PROD0109,2026-01-20,125,12429.13,1553641.25,Processing
SO05558,CUST00194,PROD0140,2026-08-18,73,1161.61,84797.53,Delivered
SO05559,CUST00061,PROD0099,2026-08-18,748,2916.27,2181369.96,Pending
SO05560,CUST00374,PROD0184,2025-06-11,469,31119.61,14595097.09,Shipped
SO05561,CUST00416,PROD0163,2026-05-30,435,5022.67,2184861.45,Delivered
SO05562,CUST00472,PROD0076,2026-04-12,552,8788.01,4850981.52,Delivered
SO05563,CUST00227,PROD0170,2026-04-06,328,21066.33,6909756.24,Pending
SO05564,CUST00223,PROD0124,2026-05-18,220,5477.68,1205089.6,Shipped
SO05565,CUST00009,PROD0011,2026-06-04,474,23215.68,11004232.32,Shipped
SO05566,CUST00269,PROD0035,2026-02-26,197,17156.27,3379785.19,Delivered
SO05567,CUST00121,PROD0058,2026-05-02,580,2241.82,1300255.6,Delivered
SO05568,CUST00354,PROD0024,2025-10-17,681,6699.18,4562141.58,Delivered
SO05569,CUST00257,PROD0104,2026-07-30,346,8580.56,2968873.76,Delivered
SO05570,CUST00464,PROD0095,2026-07-12,268,1398.39,374768.52,Delivered
SO05571,CUST00080,PROD0021,2026-01-04,471,17145.36,8075464.56,Pending
SO05572,CUST00035,PROD0064,2025-05-19,224,23895.49,5352589.76,Delivered
SO05573,CUST00349,PROD0144,2026-03-26,598,24078.19,14398757.62,Processing
SO05574,CUST00455,PROD0004,2026-06-22,169,4848.3,819362.7,Shipped
SO05575,CUST00302,PROD0169,2025-06-10,355,17444.34,6192740.7,Shipped
SO05576,CUST00204,PROD0159,2026-05-27,224,7269.62,1628394.88,Processing
SO05577,CUST00256,PROD0176,2025-08-09,33,15397.69,508123.77,Shipped
SO05578,CUST00427,PROD0178,2025-03-12,689,30003.83,20672638.87,Shipped
SO05579,CUST00066,PROD0049,2026-03-04,702,7425.63,5212792.26,Delivered
SO05580,CUST00116,PROD0198,2025-10-16,314,10341.4,3247199.6,Delivered
SO05581,CUST00159,PROD0117,2026-05-19,4,16037.37,64149.48,Cancelled
SO05582,CUST00278,PROD0191,2025-10-20,407,11233.64,4572091.48,Delivered
SO05583,CUST00387,PROD0198,2026-03-27,163,10339.44,1685328.72,Processing
SO05584,CUST00425,PROD0150,2025-11-20,387,28033.39,10848921.93,Delivered
SO05585,CUST00426,PROD0186,2026-01-18,49,8924.43,437297.07,Delivered
SO05586,CUST00478,PROD0037,2026-03-04,647,14232.02,9208116.94,Shipped
SO05587,CUST00494,PROD0117,2026-02-06,183,13868.05,2537853.15,Processing
SO05588,CUST00084,PROD0144,2026-01-24,681,27509.7,18734105.7,Delivered
SO05589,CUST00074,PROD0026,2025-09-10,382,31751.43,12129046.26,Delivered
SO05590,CUST00032,PROD0017,2026-04-05,694,26048.92,18077950.48,Delivered
SO05591,CUST00061,PROD0119,2026-04-22,114,8792.85,1002384.9,Shipped
SO05592,CUST00411,PROD0154,2026-08-10,163,4105.89,669260.07,Delivered
SO05593,CUST00466,PROD0133,2025-03-22,623,17538.01,10926180.23,Shipped
SO05594,CUST00077,PROD0045,2025-01-23,81,10268.22,831725.82,Cancelled
SO05595,CUST00332,PROD0102,2026-08-20,34,16141.39,548807.26,Delivered
SO05596,CUST00198,PROD0028,2025-11-16,650,13068.4,8494460.0,Delivered
SO05597,CUST00481,PROD0124,2025-04-03,724,4628.02,3350686.48,Delivered
SO05598,CUST00428,PROD0089,2026-02-22,373,12226.15,4560353.95,Delivered
SO05599,CUST00491,PROD0064,2025-07-07,212,34403.04,7293444.48,Delivered
SO05600,CUST00039,PROD0107,2026-08-25,309,24724.34,7639821.06,Delivered
SO05601,CUST00208,PROD0050,2026-02-25,25,4792.46,119811.5,Delivered
SO05602,CUST00263,PROD0106,2025-08-27,733,1389.04,1018166.32,Delivered
SO05603,CUST00028,PROD0115,2025-01-20,302,11449.58,3457773.16,Delivered
SO05604,CUST00434,PROD0167,2025-11-21,2,21781.48,43562.96,Processing
SO05605,CUST00188,PROD0060,2026-02-28,408,20019.68,8168029.44,Delivered
SO05606,CUST00334,PROD0112,2026-02-07,629,3062.12,1926073.48,Shipped
SO05607,CUST00249,PROD0130,2026-05-07,641,27350.88,17531914.08,Pending
SO05608,CUST00034,PROD0080,2025-09-29,351,5459.03,1916119.53,Pending
SO05609,CUST00281,PROD0111,2025-10-10,282,11101.04,3130493.28,Delivered
SO05610,CUST00111,PROD0089,2025-11-20,26,13597.63,353538.38,Shipped
SO05611,CUST00494,PROD0090,2025-07-21,78,38655.51,3015129.78,Delivered
SO05612,CUST00481,PROD0054,2026-01-23,613,20373.62,12489029.06,Shipped
SO05613,CUST00187,PROD0026,2026-02-18,210,23996.08,5039176.8,Delivered
SO05614,CUST00018,PROD0077,2025-02-20,634,27282.94,17297383.96,Delivered
SO05615,CUST00220,PROD0197,2025-06-27,287,29228.39,8388547.93,Delivered
SO05616,CUST00136,PROD0194,2026-06-13,484,18915.62,9155160.08,Shipped
SO05617,CUST00051,PROD0148,2026-07-29,163,33396.22,5443583.86,Delivered
SO05618,CUST00197,PROD0055,2025-04-08,245,2803.37,686825.65,Shipped
SO05619,CUST00338,PROD0063,2025-06-05,401,12983.1,5206223.1,Processing
SO05620,CUST00069,PROD0142,2025-08-14,439,24955.62,10955517.18,Shipped
SO05621,CUST00057,PROD0178,2025-05-03,623,25224.49,15714857.27,Delivered
SO05622,CUST00381,PROD0028,2026-08-11,144,15565.59,2241444.96,Shipped
SO05623,CUST00002,PROD0007,2025-08-05,438,18403.11,8060562.18,Delivered
SO05624,CUST00058,PROD0132,2026-06-29,217,29877.8,6483482.6,Cancelled
SO05625,CUST00138,PROD0094,2025-06-24,119,13745.17,1635675.23,Processing
SO05626,CUST00231,PROD0103,2026-05-21,126,22196.7,2796784.2,Processing
SO05627,CUST00252,PROD0159,2025-01-09,88,7402.81,651447.28,Delivered
SO05628,CUST00122,PROD0059,2025-06-02,721,26598.66,19177633.86,Delivered
SO05629,CUST00186,PROD0053,2025-08-03,85,4438.25,377251.25,Delivered
SO05630,CUST00086,PROD0183,2026-03-19,557,3723.79,2074151.03,Shipped
SO05631,CUST00182,PROD0179,2025-11-15,649,1013.15,657534.35,Delivered
SO05632,CUST00295,PROD0065,2025-01-29,107,7765.45,830903.15,Delivered
SO05633,CUST00047,PROD0194,2026-05-24,440,17839.33,7849305.2,Processing
SO05634,CUST00089,PROD0020,2026-07-06,550,9054.5,4979975.0,Delivered
SO05635,CUST00281,PROD0042,2026-01-31,100,19754.91,1975491.0,Delivered
SO05636,CUST00003,PROD0055,2026-05-15,536,2661.93,1426794.48,Shipped
SO05637,CUST00450,PROD0060,2026-03-26,145,26020.9,3773030.5,Delivered
SO05638,CUST00491,PROD0036,2025-05-23,259,11783.23,3051856.57,Delivered
SO05639,CUST00446,PROD0143,2026-04-09,743,21437.79,15928277.97,Processing
SO05640,CUST00082,PROD0088,2025-03-22,258,3562.79,919199.82,Delivered
SO05641,CUST00479,PROD0134,2025-05-20,497,39075.75,19420647.75,Processing
SO05642,CUST00178,PROD0157,2026-05-04,8,23630.81,189046.48,Delivered
SO05643,CUST00227,PROD0109,2025-04-03,320,10797.74,3455276.8,Delivered
SO05644,CUST00177,PROD0118,2025-01-04,601,31113.28,18699081.28,Shipped
SO05645,CUST00354,PROD0083,2026-01-31,187,21873.43,4090331.41,Delivered
SO05646,CUST00127,PROD0162,2026-08-16,132,10376.66,1369719.12,Pending
SO05647,CUST00387,PROD0060,2026-07-05,285,23961.59,6829053.15,Delivered
SO05648,CUST00189,PROD0082,2026-08-25,6,24272.71,145636.26,Shipped
SO05649,CUST00248,PROD0082,2026-04-06,271,22076.4,5982704.4,Shipped
SO05650,CUST00381,PROD0083,2025-05-04,685,19546.53,13389373.05,Pending
SO05651,CUST00092,PROD0089,2026-03-10,731,10708.79,7828125.49,Shipped
SO05652,CUST00096,PROD0007,2025-06-27,308,18580.2,5722701.6,Pending
SO05653,CUST00064,PROD0067,2026-03-31,628,8472.54,5320755.12,Processing
SO05654,CUST00085,PROD0073,2026-05-03,531,11619.76,6170092.56,Cancelled
SO05655,CUST00060,PROD0090,2026-03-16,177,39864.74,7056058.98,Pending
SO05656,CUST00003,PROD0083,2025-09-01,436,20301.92,8851637.12,Shipped
SO05657,CUST00438,PROD0013,2026-07-28,521,12806.97,6672431.37,Shipped
SO05658,CUST00438,PROD0002,2026-05-30,609,9732.28,5926958.52,Pending
SO05659,CUST00019,PROD0149,2025-06-25,133,20911.77,2781265.41,Processing
SO05660,CUST00332,PROD0181,2025-01-05,608,31025.83,18863704.64,Delivered
SO05661,CUST00348,PROD0067,2025-12-20,503,7616.53,3831114.59,Delivered
SO05662,CUST00251,PROD0200,2025-06-10,595,29572.6,17595697.0,Pending
SO05663,CUST00006,PROD0043,2026-08-18,323,4036.48,1303783.04,Delivered
SO05664,CUST00087,PROD0123,2025-06-21,613,34741.1,21296294.3,Shipped
SO05665,CUST00429,PROD0119,2026-01-05,586,12809.04,7506097.44,Processing
SO05666,CUST00461,PROD0135,2026-06-09,254,3325.21,844603.34,Processing
SO05667,CUST00476,PROD0055,2025-09-14,173,2661.79,460489.67,Delivered
SO05668,CUST00431,PROD0044,2025-07-02,307,7521.69,2309158.83,Delivered
SO05669,CUST00243,PROD0165,2026-04-25,33,25753.1,849852.3,Processing
SO05670,CUST00054,PROD0126,2026-07-01,109,10356.85,1128896.65,Delivered
SO05671,CUST00278,PROD0084,2026-01-24,152,10932.85,1661793.2,Delivered
SO05672,CUST00457,PROD0144,2026-06-07,600,26207.91,15724746.0,Processing
SO05673,CUST00278,PROD0084,2025-02-21,120,13896.17,1667540.4,Delivered
SO05674,CUST00072,PROD0166,2025-07-11,523,26979.33,14110189.59,Delivered
SO05675,CUST00012,PROD0147,2025-02-16,598,2970.04,1776083.92,Delivered
SO05676,CUST00296,PROD0072,2025-10-24,113,6579.67,743502.71,Delivered
SO05677,CUST00299,PROD0016,2026-01-18,241,14804.79,3567954.39,Pending
SO05678,CUST00369,PROD0126,2026-05-28,255,9229.32,2353476.6,Shipped
SO05679,CUST00387,PROD0028,2025-01-22,150,14410.22,2161533.0,Processing
SO05680,CUST00143,PROD0134,2026-06-03,707,29639.6,20955197.2,Shipped
SO05681,CUST00289,PROD0176,2025-05-19,705,15415.49,10867920.45,Pending
SO05682,CUST00322,PROD0126,2026-03-13,77,8743.57,673254.89,Cancelled
SO05683,CUST00415,PROD0188,2025-07-08,581,31898.87,18533243.47,Pending
SO05684,CUST00412,PROD0125,2025-11-28,84,10706.93,899382.12,Delivered
SO05685,CUST00027,PROD0012,2026-05-24,479,13478.24,6456076.96,Processing
SO05686,CUST00380,PROD0165,2025-03-27,722,34621.39,24996643.58,Delivered
SO05687,CUST00097,PROD0057,2026-01-11,412,30389.84,12520614.08,Pending
SO05688,CUST00059,PROD0161,2025-06-02,482,11145.83,5372290.06,Delivered
SO05689,CUST00386,PROD0162,2025-12-13,89,10833.2,964154.8,Processing
SO05690,CUST00331,PROD0112,2026-07-11,431,2845.86,1226565.66,Pending
SO05691,CUST00342,PROD0057,2025-10-06,555,26772.83,14858920.65,Delivered
SO05692,CUST00176,PROD0078,2025-03-07,150,29113.22,4366983.0,Cancelled
SO05693,CUST00433,PROD0179,2025-04-26,535,1363.28,729354.8,Processing
SO05694,CUST00314,PROD0066,2025-12-13,612,1189.63,728053.56,Delivered
SO05695,CUST00372,PROD0182,2025-06-01,396,12925.9,5118656.4,Processing
SO05696,CUST00244,PROD0053,2025-05-01,239,3685.78,880901.42,Delivered
SO05697,CUST00281,PROD0031,2025-11-09,286,2489.89,712108.54,Delivered
SO05698,CUST00462,PROD0068,2026-04-07,24,36226.49,869435.76,Shipped
SO05699,CUST00291,PROD0140,2025-04-06,60,1551.59,93095.4,Pending
SO05700,CUST00460,PROD0105,2025-01-05,254,20805.5,5284597.0,Delivered
SO05701,CUST00121,PROD0041,2025-10-05,394,29987.43,11815047.42,Delivered
SO05702,CUST00422,PROD0188,2026-08-06,322,24961.78,8037693.16,Processing
SO05703,CUST00062,PROD0165,2026-05-29,594,31502.41,18712431.54,Shipped
SO05704,CUST00440,PROD0084,2025-12-05,67,14099.58,944671.86,Processing
SO05705,CUST00146,PROD0062,2025-12-21,411,28852.94,11858558.34,Pending
SO05706,CUST00457,PROD0165,2025-02-11,219,28868.65,6322234.35,Processing
SO05707,CUST00274,PROD0153,2025-09-20,210,24003.1,5040651.0,Cancelled
SO05708,CUST00026,PROD0135,2025-10-07,48,3699.48,177575.04,Delivered
SO05709,CUST00214,PROD0151,2025-01-06,334,5351.86,1787521.24,Processing
SO05710,CUST00360,PROD0056,2026-07-03,193,34355.18,6630549.74,Cancelled
SO05711,CUST00044,PROD0102,2025-07-15,482,17976.96,8664894.72,Shipped
SO05712,CUST00410,PROD0099,2026-02-03,295,2099.63,619390.85,Pending
SO05713,CUST00363,PROD0013,2025-09-01,458,13765.97,6304814.26,Delivered
SO05714,CUST00291,PROD0007,2026-08-12,672,24626.46,16548981.12,Delivered
SO05715,CUST00060,PROD0016,2026-06-13,385,15049.64,5794111.4,Delivered
SO05716,CUST00227,PROD0160,2025-04-18,385,10235.47,3940655.95,Delivered
SO05717,CUST00310,PROD0042,2025-11-30,27,20856.33,563120.91,Delivered
SO05718,CUST00149,PROD0149,2026-05-26,279,20890.17,5828357.43,Delivered
SO05719,CUST00101,PROD0153,2026-06-30,193,24636.0,4754748.0,Delivered
SO05720,CUST00198,PROD0188,2026-03-22,735,27829.2,20454462.0,Pending
SO05721,CUST00131,PROD0119,2025-09-09,523,9202.28,4812792.44,Delivered
SO05722,CUST00265,PROD0141,2026-02-25,527,37603.32,19816949.64,Delivered
SO05723,CUST00448,PROD0097,2026-07-26,722,24046.99,17361926.78,Delivered
SO05724,CUST00042,PROD0154,2025-03-02,476,3124.11,1487076.36,Pending
SO05725,CUST00252,PROD0161,2025-01-24,538,10859.63,5842480.94,Shipped
SO05726,CUST00128,PROD0184,2025-05-12,177,25461.92,4506759.84,Pending
SO05727,CUST00059,PROD0022,2026-07-12,663,18755.14,12434657.82,Pending
SO05728,CUST00085,PROD0189,2025-04-30,451,8639.09,3896229.59,Delivered
SO05729,CUST00436,PROD0025,2026-01-07,559,15865.25,8868674.75,Cancelled
SO05730,CUST00160,PROD0033,2025-09-30,270,5090.84,1374526.8,Delivered
SO05731,CUST00032,PROD0066,2025-01-20,675,1287.97,869379.75,Shipped
SO05732,CUST00312,PROD0114,2025-12-20,422,14922.39,6297248.58,Delivered
SO05733,CUST00132,PROD0077,2025-12-13,359,26194.81,9403936.79,Shipped
SO05734,CUST00291,PROD0171,2026-03-28,362,13798.68,4995122.16,Delivered
SO05735,CUST00294,PROD0158,2025-09-18,19,32790.08,623011.52,Delivered
SO05736,CUST00015,PROD0178,2025-09-28,602,33934.73,20428707.46,Delivered
SO05737,CUST00160,PROD0147,2025-11-04,433,2478.11,1073021.63,Shipped
SO05738,CUST00075,PROD0029,2026-01-19,432,8534.53,3686916.96,Processing
SO05739,CUST00419,PROD0199,2026-04-13,223,10683.7,2382465.1,Cancelled
SO05740,CUST00235,PROD0104,2025-02-19,400,9566.02,3826408.0,Processing
SO05741,CUST00434,PROD0066,2025-06-05,660,1016.01,670566.6,Delivered
SO05742,CUST00054,PROD0197,2025-09-04,329,24517.45,8066241.05,Processing
SO05743,CUST00208,PROD0089,2025-01-10,571,11038.96,6303246.16,Cancelled
SO05744,CUST00189,PROD0194,2025-10-12,60,19480.68,1168840.8,Delivered
SO05745,CUST00224,PROD0058,2025-08-28,336,2054.83,690422.88,Shipped
SO05746,CUST00377,PROD0131,2026-03-08,50,15238.34,761917.0,Processing
SO05747,CUST00236,PROD0031,2025-05-30,429,2694.63,1155996.27,Delivered
SO05748,CUST00184,PROD0047,2025-08-23,430,21007.31,9033143.3,Delivered
SO05749,CUST00089,PROD0107,2026-04-04,352,21177.0,7454304.0,Delivered
SO05750,CUST00066,PROD0112,2025-07-28,101,2776.31,280407.31,Shipped
SO05751,CUST00481,PROD0035,2025-09-24,464,18796.8,8721715.2,Pending
SO05752,CUST00344,PROD0142,2025-03-26,132,23468.33,3097819.56,Shipped
SO05753,CUST00330,PROD0161,2025-05-16,59,10523.53,620888.27,Delivered
SO05754,CUST00023,PROD0071,2025-08-17,741,14977.39,11098245.99,Shipped
SO05755,CUST00400,PROD0117,2025-01-18,97,15491.66,1502691.02,Shipped
SO05756,CUST00113,PROD0060,2026-01-17,116,24242.59,2812140.44,Delivered
SO05757,CUST00357,PROD0130,2025-10-30,226,30128.4,6809018.4,Delivered
SO05758,CUST00452,PROD0118,2026-07-23,348,29743.53,10350748.44,Delivered
SO05759,CUST00133,PROD0139,2026-06-06,243,11899.17,2891498.31,Delivered
SO05760,CUST00057,PROD0089,2025-06-04,154,14862.96,2288895.84,Pending
SO05761,CUST00213,PROD0065,2026-08-25,373,10000.06,3730022.38,Delivered
SO05762,CUST00194,PROD0099,2025-03-06,199,2722.75,541827.25,Delivered
SO05763,CUST00107,PROD0034,2025-02-18,165,1967.82,324690.3,Shipped
SO05764,CUST00366,PROD0132,2026-07-20,48,25481.31,1223102.88,Delivered
SO05765,CUST00446,PROD0022,2025-06-09,718,19300.76,13857945.68,Pending
SO05766,CUST00173,PROD0126,2025-12-09,270,11006.52,2971760.4,Pending
SO05767,CUST00460,PROD0035,2025-03-31,377,13716.01,5170935.77,Delivered
SO05768,CUST00098,PROD0178,2026-07-14,200,26567.86,5313572.0,Pending
SO05769,CUST00241,PROD0148,2025-03-21,731,26442.81,19329694.11,Pending
SO05770,CUST00358,PROD0182,2025-09-30,351,14538.73,5103094.23,Pending
SO05771,CUST00378,PROD0100,2026-03-24,596,28495.8,16983496.8,Delivered
SO05772,CUST00104,PROD0106,2025-12-19,463,1690.59,782743.17,Delivered
SO05773,CUST00384,PROD0035,2025-05-06,45,14507.41,652833.45,Cancelled
SO05774,CUST00355,PROD0069,2026-05-07,126,34491.64,4345946.64,Cancelled
SO05775,CUST00195,PROD0089,2025-12-15,634,14359.49,9103916.66,Delivered
SO05776,CUST00025,PROD0034,2025-01-06,190,2142.83,407137.7,Delivered
SO05777,CUST00496,PROD0116,2025-08-25,94,6869.96,645776.24,Delivered
SO05778,CUST00112,PROD0170,2025-08-22,748,17900.18,13389334.64,Shipped
SO05779,CUST00470,PROD0022,2025-12-31,614,17979.33,11039308.62,Delivered
SO05780,CUST00470,PROD0017,2025-06-13,68,19079.21,1297386.28,Delivered
SO05781,CUST00227,PROD0193,2025-06-15,9,18691.18,168220.62,Cancelled
SO05782,CUST00109,PROD0186,2026-08-16,57,7337.47,418235.79,Delivered
SO05783,CUST00065,PROD0013,2025-09-20,650,17146.84,11145446.0,Shipped
SO05784,CUST00373,PROD0198,2025-04-30,96,11222.49,1077359.04,Shipped
SO05785,CUST00039,PROD0011,2025-09-09,80,20561.34,1644907.2,Pending
SO05786,CUST00490,PROD0175,2025-02-01,269,3322.56,893768.64,Delivered
SO05787,CUST00096,PROD0166,2025-12-06,48,25856.29,1241101.92,Delivered
SO05788,CUST00461,PROD0107,2026-02-01,548,25284.4,13855851.2,Shipped
SO05789,CUST00011,PROD0052,2025-04-02,562,23825.8,13390099.6,Delivered
SO05790,CUST00352,PROD0163,2026-04-29,186,4020.41,747796.26,Shipped
SO05791,CUST00118,PROD0147,2026-06-27,188,3094.45,581756.6,Delivered
SO05792,CUST00405,PROD0055,2025-12-15,186,2532.38,471022.68,Processing
SO05793,CUST00444,PROD0006,2026-07-12,504,22863.23,11523067.92,Delivered
SO05794,CUST00183,PROD0119,2026-03-23,485,12056.66,5847480.1,Delivered
SO05795,CUST00293,PROD0091,2025-08-07,611,39036.84,23851509.24,Processing
SO05796,CUST00132,PROD0109,2025-04-13,242,13338.21,3227846.82,Delivered
SO05797,CUST00176,PROD0176,2025-10-30,243,14314.79,3478493.97,Delivered
SO05798,CUST00486,PROD0020,2025-03-09,416,7034.86,2926501.76,Processing
SO05799,CUST00279,PROD0175,2026-04-22,124,3542.23,439236.52,Delivered
SO05800,CUST00330,PROD0183,2025-08-07,273,3499.19,955278.87,Processing
SO05801,CUST00143,PROD0117,2025-10-24,684,16960.48,11600968.32,Processing
SO05802,CUST00182,PROD0171,2026-06-22,405,18128.25,7341941.25,Shipped
SO05803,CUST00155,PROD0085,2025-11-14,83,4357.72,361690.76,Delivered
SO05804,CUST00238,PROD0036,2026-01-12,636,14813.26,9421233.36,Delivered
SO05805,CUST00195,PROD0184,2025-05-16,57,27054.04,1542080.28,Delivered
SO05806,CUST00044,PROD0070,2026-08-17,240,19594.74,4702737.6,Delivered
SO05807,CUST00403,PROD0073,2026-02-17,680,12338.69,8390309.2,Pending
SO05808,CUST00109,PROD0188,2025-05-16,616,28049.18,17278294.88,Delivered
SO05809,CUST00459,PROD0086,2025-05-31,742,2740.27,2033280.34,Delivered
SO05810,CUST00227,PROD0045,2025-08-01,11,12804.46,140849.06,Shipped
SO05811,CUST00327,PROD0171,2026-03-28,223,13626.59,3038729.57,Processing
SO05812,CUST00288,PROD0007,2026-04-17,247,23874.38,5896971.86,Processing
SO05813,CUST00131,PROD0103,2025-08-07,573,19918.82,11413483.86,Delivered
SO05814,CUST00176,PROD0055,2026-05-06,577,2331.78,1345437.06,Processing
SO05815,CUST00488,PROD0049,2026-08-20,563,8149.06,4587920.78,Processing
SO05816,CUST00422,PROD0022,2026-08-01,523,19411.96,10152455.08,Delivered
SO05817,CUST00007,PROD0114,2025-11-25,242,16807.61,4067441.62,Delivered
SO05818,CUST00174,PROD0003,2025-11-26,372,18307.01,6810207.72,Processing
SO05819,CUST00049,PROD0176,2025-12-21,89,14350.71,1277213.19,Delivered
SO05820,CUST00171,PROD0102,2026-05-30,650,16765.39,10897503.5,Delivered
SO05821,CUST00475,PROD0042,2026-02-07,692,20241.15,14006875.8,Shipped
SO05822,CUST00118,PROD0130,2025-11-14,127,37974.42,4822751.34,Delivered
SO05823,CUST00210,PROD0090,2026-01-07,86,37028.72,3184469.92,Pending
SO05824,CUST00309,PROD0116,2026-08-30,352,6327.01,2227107.52,Delivered
SO05825,CUST00133,PROD0099,2025-10-31,218,2323.26,506470.68,Delivered
SO05826,CUST00146,PROD0086,2025-11-29,4,2248.39,8993.56,Shipped
SO05827,CUST00038,PROD0158,2025-05-24,704,30976.56,21807498.24,Shipped
SO05828,CUST00153,PROD0144,2026-05-30,103,24469.03,2520310.09,Delivered
SO05829,CUST00492,PROD0092,2025-02-24,622,8342.89,5189277.58,Processing
SO05830,CUST00317,PROD0183,2026-06-17,240,2678.07,642736.8,Processing
SO05831,CUST00335,PROD0048,2025-06-05,156,24381.57,3803524.92,Delivered
SO05832,CUST00450,PROD0018,2025-11-13,512,27562.85,14112179.2,Pending
SO05833,CUST00225,PROD0012,2026-08-30,697,10950.48,7632484.56,Processing
SO05834,CUST00082,PROD0142,2026-07-15,169,25125.48,4246206.12,Delivered
SO05835,CUST00031,PROD0176,2025-10-24,19,16770.99,318648.81,Processing
SO05836,CUST00250,PROD0057,2026-05-08,336,29103.2,9778675.2,Delivered
SO05837,CUST00095,PROD0094,2026-02-24,682,16000.29,10912197.78,Delivered
SO05838,CUST00375,PROD0030,2025-01-19,145,14199.59,2058940.55,Delivered
SO05839,CUST00027,PROD0031,2025-07-13,166,2612.53,433679.98,Delivered
SO05840,CUST00222,PROD0187,2025-07-23,265,26167.63,6934421.95,Processing
SO05841,CUST00032,PROD0110,2026-04-22,487,31246.24,15216918.88,Pending
SO05842,CUST00149,PROD0006,2025-11-02,216,21729.5,4693572.0,Delivered
SO05843,CUST00094,PROD0031,2025-06-29,76,2912.51,221350.76,Delivered
SO05844,CUST00488,PROD0194,2025-12-05,715,17458.75,12483006.25,Delivered
SO05845,CUST00192,PROD0082,2025-12-22,233,19270.61,4490052.13,Delivered
SO05846,CUST00430,PROD0084,2026-07-19,361,11039.71,3985335.31,Delivered
SO05847,CUST00409,PROD0095,2025-10-19,15,1167.57,17513.55,Processing
SO05848,CUST00373,PROD0101,2025-08-02,56,4339.72,243024.32,Delivered
SO05849,CUST00258,PROD0073,2026-07-28,593,13223.85,7841743.05,Cancelled
SO05850,CUST00077,PROD0187,2026-08-17,545,28734.44,15660269.8,Processing
SO05851,CUST00449,PROD0100,2026-02-21,518,26740.29,13851470.22,Delivered
SO05852,CUST00205,PROD0162,2025-02-01,695,10692.28,7431134.6,Shipped
SO05853,CUST00272,PROD0089,2025-07-04,292,15544.66,4539040.72,Shipped
SO05854,CUST00161,PROD0045,2025-02-02,677,10133.16,6860149.32,Cancelled
SO05855,CUST00486,PROD0066,2025-04-16,98,1072.76,105130.48,Shipped
SO05856,CUST00335,PROD0114,2025-08-28,19,15812.87,300444.53,Delivered
SO05857,CUST00362,PROD0036,2025-09-24,30,11193.87,335816.1,Cancelled
SO05858,CUST00028,PROD0047,2025-12-24,666,27160.32,18088773.12,Shipped
SO05859,CUST00454,PROD0114,2025-01-05,584,16754.51,9784633.84,Delivered
SO05860,CUST00243,PROD0188,2026-03-30,575,29881.38,17181793.5,Delivered
SO05861,CUST00261,PROD0095,2025-09-26,600,1048.09,628854.0,Delivered
SO05862,CUST00380,PROD0092,2025-01-26,272,8079.72,2197683.84,Pending
SO05863,CUST00388,PROD0115,2026-07-24,536,11549.23,6190387.28,Delivered
SO05864,CUST00394,PROD0079,2025-04-18,512,34012.9,17414604.8,Delivered
SO05865,CUST00441,PROD0194,2026-06-09,531,17252.26,9160950.06,Pending
SO05866,CUST00434,PROD0020,2025-12-24,332,9210.46,3057872.72,Delivered
SO05867,CUST00426,PROD0042,2026-08-26,138,21258.96,2933736.48,Pending
SO05868,CUST00234,PROD0162,2025-07-24,597,9356.05,5585561.85,Delivered
SO05869,CUST00269,PROD0073,2026-07-22,691,10456.91,7225724.81,Shipped
SO05870,CUST00354,PROD0061,2026-02-18,236,5032.81,1187743.16,Processing
SO05871,CUST00159,PROD0121,2026-08-19,657,23294.49,15304479.93,Delivered
SO05872,CUST00336,PROD0148,2025-11-18,191,34848.71,6656103.61,Pending
SO05873,CUST00071,PROD0120,2025-11-06,390,7837.06,3056453.4,Pending
SO05874,CUST00053,PROD0111,2025-10-12,345,9065.4,3127563.0,Delivered
SO05875,CUST00377,PROD0097,2026-02-22,452,23420.75,10586179.0,Pending
SO05876,CUST00351,PROD0114,2025-07-30,104,15305.43,1591764.72,Delivered
SO05877,CUST00335,PROD0181,2025-03-11,117,28694.6,3357268.2,Delivered
SO05878,CUST00189,PROD0151,2026-06-15,381,6607.57,2517484.17,Delivered
SO05879,CUST00464,PROD0127,2025-03-14,121,28241.45,3417215.45,Processing
SO05880,CUST00281,PROD0042,2026-05-18,323,19806.73,6397573.79,Delivered
SO05881,CUST00089,PROD0084,2025-07-28,90,9644.57,868011.3,Pending
SO05882,CUST00085,PROD0169,2025-01-28,571,18797.24,10733224.04,Shipped
SO05883,CUST00293,PROD0171,2025-10-02,70,14940.59,1045841.3,Delivered
SO05884,CUST00380,PROD0034,2025-04-02,47,2600.71,122233.37,Shipped
SO05885,CUST00240,PROD0067,2025-11-09,718,7602.87,5458860.66,Cancelled
SO05886,CUST00292,PROD0112,2026-05-02,99,3745.66,370820.34,Pending
SO05887,CUST00454,PROD0034,2025-10-08,194,2575.85,499714.9,Delivered
SO05888,CUST00089,PROD0066,2025-03-11,330,1229.33,405678.9,Processing
SO05889,CUST00439,PROD0200,2025-09-26,490,37728.16,18486798.4,Processing
SO05890,CUST00384,PROD0128,2025-01-26,45,16025.95,721167.75,Delivered
SO05891,CUST00230,PROD0069,2026-01-07,750,28976.22,21732165.0,Shipped
SO05892,CUST00169,PROD0071,2025-06-17,183,16633.52,3043934.16,Shipped
SO05893,CUST00486,PROD0045,2025-03-04,396,11934.45,4726042.2,Delivered
SO05894,CUST00422,PROD0170,2025-11-23,300,19498.36,5849508.0,Delivered
SO05895,CUST00472,PROD0001,2025-05-15,496,8626.47,4278729.12,Delivered
SO05896,CUST00077,PROD0034,2026-04-16,242,2506.45,606560.9,Shipped
SO05897,CUST00332,PROD0113,2026-06-20,27,33708.74,910135.98,Delivered
SO05898,CUST00107,PROD0078,2025-09-04,284,24137.48,6855044.32,Processing
SO05899,CUST00448,PROD0012,2026-01-04,563,9943.48,5598179.24,Pending
SO05900,CUST00353,PROD0052,2025-01-21,526,22837.57,12012561.82,Delivered
SO05901,CUST00024,PROD0036,2026-05-29,571,12532.37,7155983.27,Delivered
SO05902,CUST00231,PROD0133,2025-06-07,205,16679.24,3419244.2,Delivered
SO05903,CUST00283,PROD0184,2026-01-23,283,28497.07,8064670.81,Delivered
SO05904,CUST00414,PROD0118,2025-10-28,614,27962.74,17169122.36,Delivered
SO05905,CUST00042,PROD0089,2025-12-01,241,15243.88,3673775.08,Processing
SO05906,CUST00206,PROD0164,2025-06-20,19,19674.29,373811.51,Delivered
SO05907,CUST00395,PROD0034,2026-07-07,256,2491.01,637698.56,Delivered
SO05908,CUST00008,PROD0175,2025-01-17,652,3030.73,1976035.96,Delivered
SO05909,CUST00216,PROD0164,2025-01-09,494,18968.92,9370646.48,Processing
SO05910,CUST00217,PROD0081,2025-10-02,647,1561.72,1010432.84,Delivered
SO05911,CUST00077,PROD0047,2025-05-31,175,22196.76,3884433.0,Processing
SO05912,CUST00205,PROD0160,2025-04-16,22,9556.36,210239.92,Pending
SO05913,CUST00420,PROD0056,2026-07-04,179,31902.97,5710631.63,Delivered
SO05914,CUST00254,PROD0037,2025-06-20,231,12251.27,2830043.37,Delivered
SO05915,CUST00461,PROD0197,2025-03-15,402,28003.57,11257435.14,Processing
SO05916,CUST00269,PROD0165,2026-07-24,684,26588.17,18186308.28,Shipped
SO05917,CUST00332,PROD0153,2026-08-22,278,29755.84,8272123.52,Shipped
SO05918,CUST00110,PROD0176,2025-06-18,197,13516.71,2662791.87,Processing
SO05919,CUST00218,PROD0194,2025-11-05,405,14951.96,6055543.8,Processing
SO05920,CUST00042,PROD0012,2026-04-01,521,12270.22,6392784.62,Shipped
SO05921,CUST00101,PROD0038,2026-02-14,114,23516.83,2680918.62,Delivered
SO05922,CUST00367,PROD0175,2025-11-22,183,2909.26,532394.58,Delivered
SO05923,CUST00423,PROD0078,2026-01-01,264,25079.95,6621106.8,Delivered
SO05924,CUST00366,PROD0014,2025-01-29,271,23460.89,6357901.19,Pending
SO05925,CUST00411,PROD0068,2026-05-20,261,26588.61,6939627.21,Delivered
SO05926,CUST00315,PROD0175,2025-12-18,464,3068.33,1423705.12,Delivered
SO05927,CUST00264,PROD0094,2025-09-17,664,11775.39,7818858.96,Delivered
SO05928,CUST00430,PROD0069,2026-03-25,228,28372.92,6469025.76,Delivered
SO05929,CUST00205,PROD0169,2025-02-23,5,20988.01,104940.05,Shipped
SO05930,CUST00002,PROD0164,2025-09-10,466,17346.55,8083492.3,Pending
SO05931,CUST00248,PROD0195,2026-01-26,373,12350.44,4606714.12,Delivered
SO05932,CUST00227,PROD0125,2026-06-16,96,10483.83,1006447.68,Pending
SO05933,CUST00240,PROD0060,2025-11-21,232,19791.57,4591644.24,Cancelled
SO05934,CUST00109,PROD0128,2026-05-29,604,18294.11,11049642.44,Delivered
SO05935,CUST00371,PROD0192,2026-07-01,607,5197.33,3154779.31,Delivered
SO05936,CUST00168,PROD0112,2025-02-27,609,3429.06,2088297.54,Shipped
SO05937,CUST00195,PROD0196,2026-04-15,108,34431.41,3718592.28,Delivered
SO05938,CUST00062,PROD0040,2026-06-22,693,15610.87,10818332.91,Delivered
SO05939,CUST00080,PROD0072,2026-02-15,554,6381.27,3535223.58,Processing
SO05940,CUST00082,PROD0041,2025-12-28,269,33761.71,9081899.99,Shipped
SO05941,CUST00219,PROD0030,2025-12-02,461,18231.97,8404938.17,Pending
SO05942,CUST00078,PROD0014,2026-04-03,81,19570.89,1585242.09,Shipped
SO05943,CUST00033,PROD0029,2025-01-24,457,8436.85,3855640.45,Delivered
SO05944,CUST00233,PROD0118,2026-02-05,302,33439.21,10098641.42,Delivered
SO05945,CUST00456,PROD0108,2025-02-14,465,16404.63,7628152.95,Pending
SO05946,CUST00355,PROD0155,2025-09-24,621,11468.9,7122186.9,Processing
SO05947,CUST00403,PROD0182,2025-02-13,503,16233.4,8165400.2,Shipped
SO05948,CUST00322,PROD0126,2026-05-15,532,10746.9,5717350.8,Shipped
SO05949,CUST00027,PROD0061,2026-06-12,19,6924.56,131566.64,Cancelled
SO05950,CUST00435,PROD0035,2026-08-13,225,17273.09,3886445.25,Shipped
SO05951,CUST00287,PROD0055,2025-01-10,230,2527.29,581276.7,Pending
SO05952,CUST00413,PROD0031,2026-05-07,328,3005.55,985820.4,Shipped
SO05953,CUST00415,PROD0051,2025-01-19,632,25415.93,16062867.76,Delivered
SO05954,CUST00261,PROD0003,2025-08-24,195,24392.52,4756541.4,Delivered
SO05955,CUST00424,PROD0064,2025-04-18,452,32167.91,14539895.32,Delivered
SO05956,CUST00190,PROD0178,2026-08-08,30,32143.06,964291.8,Delivered
SO05957,CUST00321,PROD0188,2026-06-12,559,25280.81,14131972.79,Processing
SO05958,CUST00360,PROD0094,2026-05-26,579,16101.55,9322797.45,Processing
SO05959,CUST00071,PROD0178,2025-08-22,182,30456.23,5543033.86,Delivered
SO05960,CUST00269,PROD0010,2026-05-08,637,15515.68,9883488.16,Pending
SO05961,CUST00452,PROD0180,2025-08-29,679,15903.07,10798184.53,Processing
SO05962,CUST00448,PROD0148,2025-08-04,97,33177.99,3218265.03,Delivered
SO05963,CUST00142,PROD0110,2025-02-01,472,30417.43,14357026.96,Pending
SO05964,CUST00394,PROD0057,2025-02-11,556,22593.21,12561824.76,Delivered
SO05965,CUST00468,PROD0147,2025-03-11,264,2885.52,761777.28,Delivered
SO05966,CUST00333,PROD0098,2026-04-24,716,19718.59,14118510.44,Processing
SO05967,CUST00434,PROD0066,2026-02-21,280,1238.48,346774.4,Processing
SO05968,CUST00280,PROD0090,2025-05-03,84,28276.39,2375216.76,Delivered
SO05969,CUST00226,PROD0200,2025-06-20,180,32105.95,5779071.0,Pending
SO05970,CUST00008,PROD0189,2025-08-23,105,10411.2,1093176.0,Shipped
SO05971,CUST00254,PROD0035,2026-06-23,346,16211.39,5609140.94,Delivered
SO05972,CUST00009,PROD0034,2025-08-18,166,2452.88,407178.08,Delivered
SO05973,CUST00249,PROD0177,2025-07-04,382,22364.57,8543265.74,Shipped
SO05974,CUST00250,PROD0200,2025-06-22,748,40648.85,30405339.8,Pending
SO05975,CUST00124,PROD0018,2025-05-31,124,30539.92,3786950.08,Delivered
SO05976,CUST00373,PROD0099,2025-03-11,393,3026.98,1189603.14,Delivered
SO05977,CUST00214,PROD0119,2025-06-12,450,11902.16,5355972.0,Shipped
SO05978,CUST00068,PROD0120,2026-03-26,452,7764.29,3509459.08,Shipped
SO05979,CUST00359,PROD0071,2026-06-06,418,12756.71,5332304.78,Delivered
SO05980,CUST00488,PROD0101,2025-11-05,749,4118.64,3084861.36,Pending
SO05981,CUST00460,PROD0195,2025-10-21,63,10979.33,691697.79,Shipped
SO05982,CUST00133,PROD0177,2025-08-26,663,26064.09,17280491.67,Delivered
SO05983,CUST00251,PROD0025,2026-06-01,438,20793.33,9107478.54,Shipped
SO05984,CUST00404,PROD0041,2026-02-15,629,27287.88,17164076.52,Delivered
SO05985,CUST00246,PROD0193,2026-05-25,198,15848.88,3138078.24,Delivered
SO05986,CUST00388,PROD0153,2025-09-05,3,33926.28,101778.84,Cancelled
SO05987,CUST00044,PROD0004,2025-03-07,24,3358.88,80613.12,Pending
SO05988,CUST00277,PROD0061,2026-04-28,120,7355.43,882651.6,Processing
SO05989,CUST00376,PROD0105,2025-06-10,209,20192.42,4220215.78,Delivered
SO05990,CUST00277,PROD0125,2026-08-24,696,10549.95,7342765.2,Delivered
SO05991,CUST00096,PROD0082,2025-07-07,58,24100.3,1397817.4,Delivered
SO05992,CUST00119,PROD0160,2025-07-23,691,9330.81,6447589.71,Delivered
SO05993,CUST00333,PROD0075,2025-09-22,379,22178.65,8405708.35,Shipped
SO05994,CUST00394,PROD0073,2025-10-18,494,15045.81,7432630.14,Delivered
SO05995,CUST00364,PROD0154,2026-05-22,179,3487.38,624241.02,Shipped
SO05996,CUST00473,PROD0020,2026-04-16,467,7944.81,3710226.27,Delivered
SO05997,CUST00286,PROD0100,2026-02-06,461,26640.5,12281270.5,Processing
SO05998,CUST00065,PROD0002,2025-09-25,698,10738.37,7495382.26,Delivered
SO05999,CUST00220,PROD0156,2026-04-29,545,10936.05,5960147.25,Delivered
SO06000,CUST00044,PROD0144,2026-01-20,135,25658.6,3463911.0,Shipped
SO06001,CUST00467,PROD0008,2025-07-29,558,31065.17,17334364.86,Pending
SO06002,CUST00289,PROD0008,2026-05-21,615,26029.57,16008185.55,Processing
SO06003,CUST00091,PROD0022,2025-03-20,166,19791.32,3285359.12,Delivered
SO06004,CUST00058,PROD0094,2026-07-23,445,14092.22,6271037.9,Delivered
SO06005,CUST00088,PROD0044,2026-02-03,727,8479.89,6164880.03,Pending
SO06006,CUST00312,PROD0052,2025-04-15,197,19593.36,3859891.92,Delivered
SO06007,CUST00443,PROD0074,2026-06-04,298,30940.86,9220376.28,Shipped
SO06008,CUST00095,PROD0129,2026-07-09,261,15699.58,4097590.38,Pending
SO06009,CUST00182,PROD0179,2025-06-21,136,1030.42,140137.12,Delivered
SO06010,CUST00024,PROD0145,2025-07-10,72,15209.73,1095100.56,Processing
SO06011,CUST00079,PROD0075,2025-05-01,494,28232.48,13946845.12,Delivered
SO06012,CUST00221,PROD0170,2026-03-05,478,20387.91,9745420.98,Delivered
SO06013,CUST00251,PROD0044,2025-04-10,612,9944.68,6086144.16,Delivered
SO06014,CUST00449,PROD0122,2025-08-10,359,14836.0,5326124.0,Processing
SO06015,CUST00485,PROD0067,2026-07-02,544,6329.43,3443209.92,Shipped
SO06016,CUST00366,PROD0153,2025-04-15,390,29226.02,11398147.8,Processing
SO06017,CUST00285,PROD0075,2025-04-13,335,20343.35,6815022.25,Delivered
SO06018,CUST00370,PROD0070,2026-06-05,637,18593.04,11843766.48,Delivered
SO06019,CUST00173,PROD0024,2026-06-10,584,5619.3,3281671.2,Delivered
SO06020,CUST00277,PROD0075,2026-02-17,700,22942.35,16059645.0,Shipped
SO06021,CUST00434,PROD0055,2026-08-19,711,2474.5,1759369.5,Pending
SO06022,CUST00025,PROD0119,2025-04-12,373,12347.79,4605725.67,Processing
SO06023,CUST00085,PROD0036,2026-05-01,348,13411.15,4667080.2,Shipped
SO06024,CUST00025,PROD0033,2025-11-25,179,4983.6,892064.4,Delivered
SO06025,CUST00339,PROD0041,2025-05-01,190,37439.23,7113453.7,Delivered
SO06026,CUST00451,PROD0074,2025-10-03,694,38193.04,26505969.76,Shipped
SO06027,CUST00321,PROD0004,2025-11-19,254,4375.06,1111265.24,Delivered
SO06028,CUST00280,PROD0034,2025-11-21,339,2106.14,713981.46,Delivered
SO06029,CUST00077,PROD0061,2026-03-27,634,5894.31,3736992.54,Shipped
SO06030,CUST00098,PROD0145,2026-06-17,12,17610.64,211327.68,Delivered
SO06031,CUST00209,PROD0052,2025-03-24,557,17074.21,9510334.97,Delivered
SO06032,CUST00387,PROD0124,2026-02-19,637,5927.19,3775620.03,Delivered
SO06033,CUST00429,PROD0010,2026-08-16,471,13324.54,6275858.34,Shipped
SO06034,CUST00317,PROD0186,2025-06-23,115,7562.84,869726.6,Delivered
SO06035,CUST00112,PROD0103,2025-01-16,71,19049.87,1352540.77,Shipped
SO06036,CUST00156,PROD0065,2025-12-31,26,9111.13,236889.38,Delivered
SO06037,CUST00468,PROD0157,2025-03-23,371,24666.73,9151356.83,Delivered
SO06038,CUST00383,PROD0134,2025-11-29,288,34201.92,9850152.96,Delivered
SO06039,CUST00293,PROD0046,2025-10-05,130,8945.11,1162864.3,Pending
SO06040,CUST00018,PROD0182,2026-02-16,137,11916.55,1632567.35,Processing
SO06041,CUST00463,PROD0017,2026-01-01,84,24277.33,2039295.72,Shipped
SO06042,CUST00325,PROD0104,2026-06-08,194,8469.13,1643011.22,Delivered
SO06043,CUST00377,PROD0012,2026-07-08,359,11537.91,4142109.69,Delivered
SO06044,CUST00243,PROD0002,2025-02-04,677,11385.29,7707841.33,Pending
SO06045,CUST00173,PROD0172,2025-08-23,715,6579.22,4704142.3,Delivered
SO06046,CUST00042,PROD0113,2025-07-16,165,32594.32,5378062.8,Pending
SO06047,CUST00278,PROD0173,2025-02-04,270,21024.57,5676633.9,Delivered
SO06048,CUST00387,PROD0065,2025-03-20,458,9122.03,4177889.74,Cancelled
SO06049,CUST00393,PROD0046,2025-04-17,432,8263.51,3569836.32,Processing
SO06050,CUST00185,PROD0086,2026-05-14,518,2988.58,1548084.44,Delivered
SO06051,CUST00303,PROD0154,2026-04-30,683,3758.29,2566912.07,Processing
SO06052,CUST00430,PROD0021,2026-06-08,437,15580.63,6808735.31,Processing
SO06053,CUST00320,PROD0104,2025-02-14,338,7338.87,2480538.06,Processing
SO06054,CUST00284,PROD0115,2026-06-04,293,13291.15,3894306.95,Shipped
SO06055,CUST00406,PROD0047,2025-07-18,86,25711.56,2211194.16,Delivered
SO06056,CUST00392,PROD0083,2026-06-06,301,18536.88,5579600.88,Delivered
SO06057,CUST00473,PROD0175,2026-05-04,474,2833.22,1342946.28,Delivered
SO06058,CUST00378,PROD0087,2025-12-17,566,30490.48,17257611.68,Shipped
SO06059,CUST00277,PROD0096,2025-11-16,425,2354.87,1000819.75,Pending
SO06060,CUST00476,PROD0043,2025-08-26,478,5172.35,2472383.3,Delivered
SO06061,CUST00372,PROD0083,2025-03-14,437,18886.31,8253317.47,Delivered
SO06062,CUST00468,PROD0022,2025-02-22,658,16150.47,10627009.26,Pending
SO06063,CUST00083,PROD0100,2026-01-28,411,29812.48,12252929.28,Processing
SO06064,CUST00042,PROD0139,2026-07-05,59,14857.41,876587.19,Delivered
SO06065,CUST00077,PROD0007,2026-08-25,47,21502.54,1010619.38,Delivered
SO06066,CUST00419,PROD0027,2025-09-01,433,23037.78,9975358.74,Shipped
SO06067,CUST00021,PROD0103,2026-02-23,703,19972.0,14040316.0,Delivered
SO06068,CUST00442,PROD0042,2025-07-25,245,20420.45,5003010.25,Delivered
SO06069,CUST00108,PROD0132,2026-07-06,534,22866.52,12210721.68,Shipped
SO06070,CUST00335,PROD0023,2025-08-21,270,31883.91,8608655.7,Shipped
SO06071,CUST00436,PROD0074,2026-01-02,524,32193.76,16869530.24,Processing
SO06072,CUST00257,PROD0162,2025-06-18,179,12456.35,2229686.65,Pending
SO06073,CUST00220,PROD0112,2026-02-08,330,2797.69,923237.7,Processing
SO06074,CUST00470,PROD0179,2026-04-05,90,1019.32,91738.8,Delivered
SO06075,CUST00433,PROD0138,2025-06-05,85,19424.37,1651071.45,Delivered
SO06076,CUST00383,PROD0108,2025-06-21,409,14629.29,5983379.61,Delivered
SO06077,CUST00007,PROD0131,2026-07-29,735,13387.06,9839489.1,Delivered
SO06078,CUST00158,PROD0178,2025-09-20,640,33515.57,21449964.8,Processing
SO06079,CUST00201,PROD0037,2025-03-13,507,14226.18,7212673.26,Shipped
SO06080,CUST00002,PROD0038,2025-12-20,750,27204.87,20403652.5,Delivered
SO06081,CUST00182,PROD0016,2025-06-15,88,13325.9,1172679.2,Pending
SO06082,CUST00060,PROD0093,2026-08-11,207,5802.2,1201055.4,Delivered
SO06083,CUST00457,PROD0041,2026-08-23,493,26644.43,13135703.99,Processing
SO06084,CUST00382,PROD0101,2026-02-09,120,4193.78,503253.6,Delivered
SO06085,CUST00109,PROD0136,2025-07-14,26,12129.31,315362.06,Shipped
SO06086,CUST00452,PROD0175,2026-05-01,46,2955.52,135953.92,Delivered
SO06087,CUST00158,PROD0102,2025-10-28,21,17645.16,370548.36,Delivered
SO06088,CUST00467,PROD0097,2026-07-27,272,23584.84,6415076.48,Processing
SO06089,CUST00005,PROD0117,2025-11-28,561,16741.97,9392245.17,Pending
SO06090,CUST00476,PROD0034,2025-04-08,210,2080.55,436915.5,Pending
SO06091,CUST00140,PROD0154,2025-08-20,511,3613.83,1846667.13,Delivered
SO06092,CUST00147,PROD0019,2026-05-17,654,22920.03,14989699.62,Shipped
SO06093,CUST00232,PROD0090,2025-08-15,108,31633.26,3416392.08,Delivered
SO06094,CUST00376,PROD0189,2026-07-29,419,9414.83,3944813.77,Processing
SO06095,CUST00287,PROD0048,2026-08-15,195,23495.26,4581575.7,Delivered
SO06096,CUST00489,PROD0166,2025-07-17,134,27284.39,3656108.26,Delivered
SO06097,CUST00416,PROD0135,2025-06-13,297,3818.42,1134070.74,Pending
SO06098,CUST00111,PROD0093,2026-02-28,376,7095.26,2667817.76,Shipped
SO06099,CUST00035,PROD0037,2025-01-18,68,14038.38,954609.84,Shipped
SO06100,CUST00415,PROD0021,2026-08-04,269,16756.01,4507366.69,Processing
SO06101,CUST00179,PROD0034,2026-08-27,330,2052.66,677377.8,Pending
SO06102,CUST00188,PROD0061,2026-08-14,8,5204.58,41636.64,Processing
SO06103,CUST00140,PROD0146,2026-01-09,748,23534.13,17603529.24,Delivered
SO06104,CUST00497,PROD0066,2025-10-24,370,1176.36,435253.2,Processing
SO06105,CUST00134,PROD0081,2025-04-13,152,1855.88,282093.76,Delivered
SO06106,CUST00020,PROD0164,2025-05-21,210,17459.09,3666408.9,Shipped
SO06107,CUST00324,PROD0116,2025-01-02,75,6445.23,483392.25,Shipped
SO06108,CUST00012,PROD0074,2026-03-16,135,28786.65,3886197.75,Pending
SO06109,CUST00412,PROD0002,2025-04-12,35,8931.16,312590.6,Processing
SO06110,CUST00182,PROD0037,2026-04-28,83,10911.09,905620.47,Delivered
SO06111,CUST00283,PROD0111,2025-10-19,322,9286.99,2990410.78,Delivered
SO06112,CUST00363,PROD0111,2025-12-06,722,10124.68,7310018.96,Pending
SO06113,CUST00085,PROD0159,2025-07-07,57,10278.8,585891.6,Shipped
SO06114,CUST00146,PROD0025,2025-09-30,472,16302.37,7694718.64,Delivered
SO06115,CUST00255,PROD0055,2026-01-27,615,2976.58,1830596.7,Processing
SO06116,CUST00387,PROD0147,2026-02-26,34,2799.02,95166.68,Delivered
SO06117,CUST00129,PROD0174,2026-01-25,529,34602.69,18304823.01,Delivered
SO06118,CUST00172,PROD0195,2025-09-04,538,12386.2,6663775.6,Cancelled
SO06119,CUST00485,PROD0144,2025-07-12,648,31868.88,20651034.24,Shipped
SO06120,CUST00043,PROD0119,2025-12-08,374,11398.7,4263113.8,Delivered
SO06121,CUST00248,PROD0006,2026-04-21,41,19165.52,785786.32,Delivered
SO06122,CUST00352,PROD0115,2025-01-08,401,10812.52,4335820.52,Pending
SO06123,CUST00186,PROD0088,2025-06-24,219,4273.24,935839.56,Delivered
SO06124,CUST00111,PROD0143,2025-11-11,240,20895.85,5015004.0,Pending
SO06125,CUST00444,PROD0033,2025-06-15,346,4418.12,1528669.52,Pending
SO06126,CUST00156,PROD0136,2025-08-02,216,14017.83,3027851.28,Pending
SO06127,CUST00459,PROD0060,2025-05-21,3,18430.67,55292.01,Pending
SO06128,CUST00132,PROD0109,2026-02-25,495,11487.15,5686139.25,Shipped
SO06129,CUST00128,PROD0136,2025-01-31,58,15865.05,920172.9,Cancelled
SO06130,CUST00461,PROD0022,2025-10-30,555,15960.44,8858044.2,Delivered
SO06131,CUST00300,PROD0127,2025-08-06,108,32843.86,3547136.88,Pending
SO06132,CUST00355,PROD0006,2025-05-04,283,22725.9,6431429.7,Delivered
SO06133,CUST00187,PROD0196,2025-02-06,45,30297.23,1363375.35,Delivered
SO06134,CUST00301,PROD0062,2026-08-18,261,23086.42,6025555.62,Processing
SO06135,CUST00357,PROD0006,2026-02-23,57,22515.54,1283385.78,Pending
SO06136,CUST00258,PROD0075,2026-02-18,683,24618.54,16814462.82,Delivered
SO06137,CUST00344,PROD0078,2026-06-18,160,22299.0,3567840.0,Delivered
SO06138,CUST00226,PROD0100,2026-04-21,536,24486.9,13124978.4,Delivered
SO06139,CUST00431,PROD0197,2026-03-22,301,22919.21,6898682.21,Delivered
SO06140,CUST00254,PROD0127,2025-06-29,350,23719.89,8301961.5,Processing
SO06141,CUST00412,PROD0093,2025-05-30,134,6596.12,883880.08,Pending
SO06142,CUST00313,PROD0072,2025-11-16,141,8822.3,1243944.3,Shipped
SO06143,CUST00047,PROD0109,2025-06-27,395,10070.43,3977819.85,Cancelled
SO06144,CUST00090,PROD0049,2025-12-30,522,7772.89,4057448.58,Cancelled
SO06145,CUST00231,PROD0020,2026-07-15,706,7865.97,5553374.82,Shipped
SO06146,CUST00341,PROD0082,2025-08-16,468,25353.89,11865620.52,Delivered
SO06147,CUST00062,PROD0046,2025-08-14,260,7301.76,1898457.6,Processing
SO06148,CUST00197,PROD0183,2026-06-14,219,3118.2,682885.8,Shipped
SO06149,CUST00471,PROD0126,2025-03-11,347,9829.53,3410846.91,Delivered
SO06150,CUST00103,PROD0162,2026-04-24,305,13186.39,4021848.95,Cancelled
SO06151,CUST00112,PROD0016,2026-03-19,735,18028.77,13251145.95,Delivered
SO06152,CUST00183,PROD0131,2026-07-04,147,13094.3,1924862.1,Shipped
SO06153,CUST00154,PROD0162,2025-12-31,398,12940.46,5150303.08,Pending
SO06154,CUST00035,PROD0089,2026-08-24,693,13932.2,9655014.6,Processing
SO06155,CUST00113,PROD0163,2026-05-17,30,4922.94,147688.2,Shipped
SO06156,CUST00475,PROD0083,2026-06-07,541,23209.78,12556490.98,Pending
SO06157,CUST00327,PROD0033,2025-11-16,581,5365.46,3117332.26,Shipped
SO06158,CUST00273,PROD0120,2026-02-23,420,6705.63,2816364.6,Delivered
SO06159,CUST00013,PROD0082,2025-11-17,406,18558.08,7534580.48,Pending
SO06160,CUST00486,PROD0198,2025-12-22,362,10643.08,3852794.96,Delivered
SO06161,CUST00477,PROD0077,2026-05-21,610,26988.31,16462869.1,Delivered
SO06162,CUST00206,PROD0194,2026-06-18,621,19998.02,12418770.42,Pending
SO06163,CUST00191,PROD0143,2025-03-30,541,25059.82,13557362.62,Delivered
SO06164,CUST00376,PROD0129,2025-03-15,449,21607.69,9701852.81,Processing
SO06165,CUST00422,PROD0021,2025-01-09,747,12683.42,9474514.74,Delivered
SO06166,CUST00329,PROD0030,2025-08-07,365,18500.63,6752729.95,Delivered
SO06167,CUST00096,PROD0016,2025-09-25,400,12705.46,5082184.0,Processing
SO06168,CUST00399,PROD0025,2025-03-12,414,20274.67,8393713.38,Cancelled
SO06169,CUST00313,PROD0003,2026-03-04,352,20255.69,7130002.88,Delivered
SO06170,CUST00438,PROD0104,2025-06-05,565,9714.05,5488438.25,Shipped
SO06171,CUST00310,PROD0077,2025-03-10,728,25233.45,18369951.6,Processing
SO06172,CUST00355,PROD0034,2025-01-02,683,2102.51,1436014.33,Processing
SO06173,CUST00017,PROD0179,2025-04-18,486,1373.63,667584.18,Delivered
SO06174,CUST00188,PROD0160,2026-04-08,144,9208.53,1326028.32,Delivered
SO06175,CUST00414,PROD0052,2025-02-06,307,21139.73,6489897.11,Processing
SO06176,CUST00167,PROD0105,2025-03-04,730,18435.57,13457966.1,Shipped
SO06177,CUST00227,PROD0036,2025-03-25,81,14783.17,1197436.77,Shipped
SO06178,CUST00431,PROD0102,2025-10-14,215,19186.1,4125011.5,Delivered
SO06179,CUST00269,PROD0178,2025-03-14,396,31780.22,12584967.12,Shipped
SO06180,CUST00334,PROD0018,2025-01-17,580,28763.45,16682801.0,Processing
SO06181,CUST00180,PROD0006,2025-08-03,699,19270.82,13470303.18,Pending
SO06182,CUST00318,PROD0049,2026-01-06,112,7117.93,797208.16,Delivered
SO06183,CUST00077,PROD0092,2025-04-08,300,10667.3,3200190.0,Delivered
SO06184,CUST00298,PROD0128,2026-08-15,198,14073.08,2786469.84,Delivered
SO06185,CUST00334,PROD0006,2026-01-02,351,18944.75,6649607.25,Delivered
SO06186,CUST00131,PROD0193,2026-02-26,495,14075.66,6967451.7,Processing
SO06187,CUST00355,PROD0034,2026-01-29,646,2405.36,1553862.56,Delivered
SO06188,CUST00354,PROD0029,2026-07-16,195,7629.24,1487701.8,Pending
SO06189,CUST00386,PROD0158,2025-08-28,289,28350.41,8193268.49,Delivered
SO06190,CUST00426,PROD0035,2026-04-25,24,18164.97,435959.28,Delivered
SO06191,CUST00436,PROD0065,2026-06-29,747,9781.28,7306616.16,Shipped
SO06192,CUST00142,PROD0085,2026-06-15,549,3740.63,2053605.87,Delivered
SO06193,CUST00228,PROD0185,2025-06-15,496,8513.03,4222462.88,Shipped
SO06194,CUST00050,PROD0142,2025-05-13,56,25583.42,1432671.52,Delivered
SO06195,CUST00065,PROD0086,2026-05-12,182,2615.35,475993.7,Delivered
SO06196,CUST00131,PROD0070,2025-10-18,360,19499.29,7019744.4,Delivered
SO06197,CUST00020,PROD0104,2026-08-26,451,8714.5,3930239.5,Shipped
SO06198,CUST00376,PROD0002,2025-03-08,571,8581.16,4899842.36,Delivered
SO06199,CUST00152,PROD0052,2025-10-11,744,20988.46,15615414.24,Delivered
SO06200,CUST00132,PROD0043,2026-06-16,340,4692.28,1595375.2,Shipped
SO06201,CUST00139,PROD0048,2025-12-21,235,22206.54,5218536.9,Delivered
SO06202,CUST00353,PROD0067,2025-08-04,580,8436.54,4893193.2,Delivered
SO06203,CUST00268,PROD0108,2025-11-15,533,15843.32,8444489.56,Processing
SO06204,CUST00085,PROD0042,2025-07-18,341,23280.29,7938578.89,Pending
SO06205,CUST00173,PROD0007,2025-08-15,189,24712.92,4670741.88,Delivered
SO06206,CUST00134,PROD0167,2026-04-02,406,27537.12,11180070.72,Delivered
SO06207,CUST00266,PROD0066,2025-08-24,504,1259.12,634596.48,Delivered
SO06208,CUST00455,PROD0003,2026-05-04,348,22488.23,7825904.04,Processing
SO06209,CUST00373,PROD0086,2026-05-18,144,2323.31,334556.64,Shipped
SO06210,CUST00371,PROD0012,2025-06-14,35,12386.48,433526.8,Delivered
SO06211,CUST00110,PROD0170,2025-06-03,288,17436.31,5021657.28,Pending
SO06212,CUST00097,PROD0058,2025-02-18,695,2802.98,1948071.1,Delivered
SO06213,CUST00284,PROD0078,2025-08-04,382,29711.54,11349808.28,Pending
SO06214,CUST00428,PROD0009,2026-01-03,56,21050.12,1178806.72,Delivered
SO06215,CUST00123,PROD0140,2026-02-26,204,1299.69,265136.76,Delivered
SO06216,CUST00328,PROD0194,2025-10-14,194,16878.24,3274378.56,Delivered
SO06217,CUST00375,PROD0160,2026-01-20,312,11252.98,3510929.76,Processing
SO06218,CUST00278,PROD0178,2026-05-07,329,32776.03,10783313.87,Delivered
SO06219,CUST00364,PROD0165,2025-08-14,318,29159.88,9272841.84,Delivered
SO06220,CUST00127,PROD0179,2025-11-25,166,1285.75,213434.5,Processing
SO06221,CUST00252,PROD0081,2025-07-14,596,1560.5,930058.0,Pending
SO06222,CUST00108,PROD0023,2026-07-09,516,32663.39,16854309.24,Processing
SO06223,CUST00056,PROD0102,2026-02-08,429,16719.32,7172588.28,Delivered
SO06224,CUST00095,PROD0132,2025-11-03,36,26833.33,965999.88,Delivered
SO06225,CUST00375,PROD0029,2025-09-23,389,9093.49,3537367.61,Delivered
SO06226,CUST00234,PROD0002,2026-04-21,365,10386.72,3791152.8,Delivered
SO06227,CUST00059,PROD0019,2026-08-11,691,32569.35,22505420.85,Delivered
SO06228,CUST00484,PROD0110,2025-02-02,381,31340.8,11940844.8,Cancelled
SO06229,CUST00181,PROD0025,2026-02-11,186,22519.96,4188712.56,Delivered
SO06230,CUST00500,PROD0153,2025-10-08,18,28815.36,518676.48,Shipped
SO06231,CUST00052,PROD0052,2025-12-23,526,19039.85,10014961.1,Pending
SO06232,CUST00085,PROD0145,2026-02-28,222,13376.9,2969671.8,Shipped
SO06233,CUST00217,PROD0085,2025-11-30,112,3792.27,424734.24,Processing
SO06234,CUST00361,PROD0055,2025-06-08,54,2832.01,152928.54,Cancelled
SO06235,CUST00206,PROD0010,2026-05-14,351,15384.46,5399945.46,Delivered
SO06236,CUST00344,PROD0196,2026-01-08,444,24678.88,10957422.72,Delivered
SO06237,CUST00350,PROD0056,2026-07-16,236,32543.4,7680242.4,Delivered
SO06238,CUST00160,PROD0098,2025-04-10,498,21067.65,10491689.7,Pending
SO06239,CUST00375,PROD0190,2026-08-19,210,4676.38,982039.8,Delivered
SO06240,CUST00435,PROD0158,2025-06-18,104,31058.13,3230045.52,Shipped
SO06241,CUST00474,PROD0122,2025-08-18,219,19388.9,4246169.1,Processing
SO06242,CUST00314,PROD0013,2025-06-13,532,17052.72,9072047.04,Delivered
SO06243,CUST00360,PROD0101,2025-03-24,705,4671.16,3293167.8,Delivered
SO06244,CUST00454,PROD0068,2025-09-28,459,30776.41,14126372.19,Delivered
SO06245,CUST00470,PROD0116,2026-06-23,205,6129.16,1256477.8,Delivered
SO06246,CUST00045,PROD0025,2026-06-29,414,20216.56,8369655.84,Delivered
SO06247,CUST00340,PROD0141,2025-04-28,147,33133.81,4870670.07,Processing
SO06248,CUST00259,PROD0184,2025-03-26,479,29212.56,13992816.24,Shipped
SO06249,CUST00117,PROD0185,2025-12-18,586,7347.73,4305769.78,Delivered
SO06250,CUST00180,PROD0193,2025-01-22,279,13870.97,3870000.63,Delivered
SO06251,CUST00299,PROD0077,2026-08-23,736,29570.67,21764013.12,Processing
SO06252,CUST00337,PROD0032,2025-11-23,126,13561.36,1708731.36,Delivered
SO06253,CUST00041,PROD0080,2026-02-04,135,5440.1,734413.5,Delivered
SO06254,CUST00152,PROD0092,2025-01-30,84,10962.17,920822.28,Pending
SO06255,CUST00349,PROD0085,2026-06-21,514,4150.22,2133213.08,Shipped
SO06256,CUST00333,PROD0118,2025-08-12,31,34466.6,1068464.6,Delivered
SO06257,CUST00177,PROD0116,2025-08-30,700,6524.96,4567472.0,Pending
SO06258,CUST00291,PROD0030,2026-07-24,38,13805.5,524609.0,Shipped
SO06259,CUST00476,PROD0046,2026-08-20,262,8487.13,2223628.06,Pending
SO06260,CUST00456,PROD0039,2025-05-04,556,8056.5,4479414.0,Delivered
SO06261,CUST00295,PROD0186,2026-08-07,656,7441.37,4881538.72,Delivered
SO06262,CUST00052,PROD0167,2025-08-22,343,21664.3,7430854.9,Delivered
SO06263,CUST00223,PROD0112,2026-07-21,453,3560.86,1613069.58,Delivered
SO06264,CUST00378,PROD0149,2025-05-13,368,24883.63,9157175.84,Delivered
SO06265,CUST00498,PROD0055,2025-01-19,330,2502.25,825742.5,Delivered
SO06266,CUST00139,PROD0039,2026-02-01,669,7767.0,5196123.0,Delivered
SO06267,CUST00292,PROD0129,2026-01-04,287,21420.56,6147700.72,Processing
SO06268,CUST00204,PROD0160,2026-05-12,679,9036.48,6135769.92,Shipped
SO06269,CUST00145,PROD0196,2026-03-05,531,31533.45,16744261.95,Delivered
SO06270,CUST00042,PROD0039,2025-06-29,244,7042.12,1718277.28,Delivered
SO06271,CUST00309,PROD0165,2025-12-25,210,34774.45,7302634.5,Delivered
SO06272,CUST00075,PROD0119,2026-02-06,147,9699.09,1425766.23,Delivered
SO06273,CUST00365,PROD0054,2025-10-04,391,19796.09,7740271.19,Delivered
SO06274,CUST00408,PROD0137,2026-06-15,486,22501.12,10935544.32,Delivered
SO06275,CUST00459,PROD0111,2025-04-16,166,11357.16,1885288.56,Processing
SO06276,CUST00376,PROD0096,2026-05-25,310,2571.22,797078.2,Cancelled
SO06277,CUST00292,PROD0111,2025-02-23,262,9719.15,2546417.3,Delivered
SO06278,CUST00313,PROD0072,2026-08-11,527,7001.33,3689700.91,Shipped
SO06279,CUST00446,PROD0162,2026-06-09,361,10972.96,3961238.56,Delivered
SO06280,CUST00413,PROD0109,2026-03-22,516,11371.64,5867766.24,Pending
SO06281,CUST00233,PROD0113,2026-02-28,540,34924.57,18859267.8,Delivered
SO06282,CUST00158,PROD0159,2025-05-21,462,9653.5,4459917.0,Shipped
SO06283,CUST00022,PROD0059,2025-08-03,657,27301.59,17937144.63,Delivered
SO06284,CUST00289,PROD0054,2026-08-08,129,22392.94,2888689.26,Delivered
SO06285,CUST00474,PROD0177,2026-07-09,407,30498.38,12412840.66,Processing
SO06286,CUST00451,PROD0165,2026-03-25,293,37525.26,10994901.18,Pending
SO06287,CUST00443,PROD0101,2025-07-13,548,3896.81,2135451.88,Shipped
SO06288,CUST00346,PROD0056,2025-01-09,463,24718.47,11444651.61,Delivered
SO06289,CUST00165,PROD0138,2026-03-20,558,19619.44,10947647.52,Delivered
SO06290,CUST00401,PROD0030,2026-02-17,707,14559.33,10293446.31,Delivered
SO06291,CUST00173,PROD0078,2026-02-28,335,24406.29,8176107.15,Delivered
SO06292,CUST00354,PROD0099,2025-08-15,215,2467.77,530570.55,Cancelled
SO06293,CUST00342,PROD0194,2026-07-20,117,15550.61,1819421.37,Processing
SO06294,CUST00453,PROD0046,2025-05-24,216,10036.0,2167776.0,Pending
SO06295,CUST00050,PROD0015,2025-07-07,237,9983.07,2365987.59,Shipped
SO06296,CUST00282,PROD0048,2026-08-08,32,20843.49,666991.68,Processing
SO06297,CUST00481,PROD0184,2026-07-31,221,27249.56,6022152.76,Delivered
SO06298,CUST00090,PROD0060,2025-04-05,206,20656.71,4255282.26,Delivered
SO06299,CUST00416,PROD0191,2026-08-06,223,12322.66,2747953.18,Processing
SO06300,CUST00306,PROD0002,2025-12-22,83,8530.76,708053.08,Delivered
SO06301,CUST00317,PROD0040,2025-05-13,25,11294.51,282362.75,Delivered
SO06302,CUST00382,PROD0074,2025-01-15,329,39571.69,13019086.01,Pending
SO06303,CUST00339,PROD0142,2025-01-08,330,21809.61,7197171.3,Shipped
SO06304,CUST00362,PROD0076,2026-04-29,617,8495.26,5241575.42,Pending
SO06305,CUST00116,PROD0155,2025-03-24,160,10474.9,1675984.0,Delivered
SO06306,CUST00297,PROD0109,2026-02-26,320,12691.85,4061392.0,Processing
SO06307,CUST00396,PROD0111,2025-06-01,575,8997.08,5173321.0,Delivered
SO06308,CUST00353,PROD0005,2025-01-15,732,35694.03,26128029.96,Pending
SO06309,CUST00102,PROD0061,2026-07-30,445,6781.16,3017616.2,Shipped
SO06310,CUST00484,PROD0180,2025-07-23,415,12916.28,5360256.2,Shipped
SO06311,CUST00146,PROD0128,2025-03-05,690,15012.45,10358590.5,Processing
SO06312,CUST00456,PROD0108,2026-01-09,90,17510.76,1575968.4,Shipped
SO06313,CUST00056,PROD0130,2026-07-03,114,34102.7,3887707.8,Delivered
SO06314,CUST00339,PROD0039,2025-10-23,593,6755.93,4006266.49,Pending
SO06315,CUST00381,PROD0159,2025-03-07,503,9576.55,4817004.65,Processing
SO06316,CUST00366,PROD0174,2025-12-18,536,38914.48,20858161.28,Delivered
SO06317,CUST00022,PROD0017,2025-05-31,40,27184.97,1087398.8,Processing
SO06318,CUST00353,PROD0020,2026-06-15,8,8498.38,67987.04,Delivered
SO06319,CUST00335,PROD0173,2025-05-26,510,20795.31,10605608.1,Shipped
SO06320,CUST00122,PROD0009,2026-06-16,93,25748.33,2394594.69,Shipped
SO06321,CUST00064,PROD0002,2025-10-01,522,11388.53,5944812.66,Delivered
SO06322,CUST00129,PROD0039,2025-10-03,348,6943.43,2416313.64,Delivered
SO06323,CUST00307,PROD0195,2025-10-01,308,8879.07,2734753.56,Processing
SO06324,CUST00282,PROD0068,2025-12-06,487,33397.05,16264363.35,Delivered
SO06325,CUST00299,PROD0034,2025-08-09,520,2479.33,1289251.6,Delivered
SO06326,CUST00309,PROD0017,2025-02-26,384,22318.62,8570350.08,Delivered
SO06327,CUST00006,PROD0075,2025-04-06,657,21944.9,14417799.3,Processing
SO06328,CUST00361,PROD0045,2026-08-15,246,13437.76,3305688.96,Pending
SO06329,CUST00343,PROD0192,2025-01-29,157,5315.02,834458.14,Delivered
SO06330,CUST00024,PROD0083,2025-12-23,622,21348.91,13279022.02,Delivered
SO06331,CUST00470,PROD0097,2025-02-27,162,22262.32,3606495.84,Processing
SO06332,CUST00459,PROD0017,2025-10-16,562,22575.48,12687419.76,Shipped
SO06333,CUST00427,PROD0173,2026-03-19,553,23475.15,12981757.95,Delivered
SO06334,CUST00475,PROD0110,2026-04-26,649,30092.71,19530168.79,Shipped
SO06335,CUST00491,PROD0107,2026-07-31,129,24533.07,3164766.03,Delivered
SO06336,CUST00394,PROD0151,2025-06-24,505,5279.98,2666389.9,Shipped
SO06337,CUST00030,PROD0024,2025-04-01,706,7283.46,5142122.76,Delivered
SO06338,CUST00370,PROD0008,2025-02-18,540,33868.51,18288995.4,Delivered
SO06339,CUST00326,PROD0046,2026-08-30,217,7290.33,1582001.61,Delivered
SO06340,CUST00246,PROD0106,2025-04-29,571,1304.89,745092.19,Pending
SO06341,CUST00164,PROD0039,2025-05-02,518,7724.56,4001322.08,Cancelled
SO06342,CUST00312,PROD0107,2025-11-14,26,25400.63,660416.38,Delivered
SO06343,CUST00013,PROD0096,2026-08-01,45,2573.4,115803.0,Shipped
SO06344,CUST00380,PROD0086,2026-08-24,674,3178.0,2141972.0,Delivered
SO06345,CUST00469,PROD0067,2025-01-15,129,8305.9,1071461.1,Shipped
SO06346,CUST00108,PROD0006,2026-05-06,537,23305.44,12515021.28,Processing
SO06347,CUST00170,PROD0033,2026-03-28,396,4755.79,1883292.84,Delivered
SO06348,CUST00447,PROD0066,2026-06-19,303,939.37,284629.11,Delivered
SO06349,CUST00165,PROD0142,2025-07-16,668,21861.43,14603435.24,Delivered
SO06350,CUST00031,PROD0056,2025-03-17,492,32255.94,15869922.48,Delivered
SO06351,CUST00123,PROD0055,2025-05-26,326,2778.44,905771.44,Delivered
SO06352,CUST00224,PROD0045,2025-01-25,480,10564.28,5070854.4,Delivered
SO06353,CUST00243,PROD0014,2026-01-14,521,23069.64,12019282.44,Pending
SO06354,CUST00104,PROD0043,2026-06-28,520,5703.02,2965570.4,Pending
SO06355,CUST00050,PROD0098,2025-09-28,103,17542.93,1806921.79,Delivered
SO06356,CUST00113,PROD0183,2025-10-14,312,3381.23,1054943.76,Delivered
SO06357,CUST00294,PROD0039,2026-05-31,315,8638.66,2721177.9,Shipped
SO06358,CUST00374,PROD0074,2026-04-09,667,33461.78,22319007.26,Delivered
SO06359,CUST00101,PROD0060,2025-08-27,58,20125.81,1167296.98,Delivered
SO06360,CUST00342,PROD0171,2025-02-15,719,15373.52,11053560.88,Shipped
SO06361,CUST00061,PROD0093,2026-05-28,679,6141.43,4170030.97,Delivered
SO06362,CUST00002,PROD0111,2025-12-18,129,10452.25,1348340.25,Delivered
SO06363,CUST00340,PROD0009,2026-07-03,611,27430.98,16760328.78,Delivered
SO06364,CUST00495,PROD0146,2025-03-06,671,26831.79,18004131.09,Delivered
SO06365,CUST00227,PROD0051,2025-09-03,244,21595.61,5269328.84,Delivered
SO06366,CUST00357,PROD0136,2025-07-29,391,15576.67,6090477.97,Pending
SO06367,CUST00207,PROD0199,2025-12-11,565,9018.54,5095475.1,Shipped
SO06368,CUST00457,PROD0036,2025-06-10,10,14271.54,142715.4,Delivered
SO06369,CUST00279,PROD0181,2025-07-14,305,37287.22,11372602.1,Pending
SO06370,CUST00449,PROD0179,2026-08-14,157,1216.21,190944.97,Delivered
SO06371,CUST00440,PROD0048,2025-08-06,287,21654.32,6214789.84,Delivered
SO06372,CUST00350,PROD0095,2025-07-13,609,1047.67,638031.03,Delivered
SO06373,CUST00023,PROD0030,2025-06-21,748,15324.56,11462770.88,Shipped
SO06374,CUST00464,PROD0130,2026-08-27,232,29520.1,6848663.2,Delivered
SO06375,CUST00404,PROD0020,2026-04-01,704,9059.42,6377831.68,Processing
SO06376,CUST00377,PROD0008,2025-04-13,576,33841.17,19492513.92,Shipped
SO06377,CUST00438,PROD0113,2025-04-23,248,31140.41,7722821.68,Processing
SO06378,CUST00221,PROD0052,2026-08-02,180,17806.75,3205215.0,Delivered
SO06379,CUST00436,PROD0158,2025-09-04,476,31656.49,15068489.24,Delivered
SO06380,CUST00254,PROD0084,2025-04-15,135,13310.87,1796967.45,Pending
SO06381,CUST00193,PROD0026,2026-07-14,190,32397.25,6155477.5,Delivered
SO06382,CUST00460,PROD0165,2025-01-24,687,26171.12,17979559.44,Delivered
SO06383,CUST00102,PROD0127,2026-08-11,726,27173.72,19728120.72,Processing
SO06384,CUST00117,PROD0088,2026-06-30,40,4422.48,176899.2,Delivered
SO06385,CUST00243,PROD0192,2026-07-29,274,3649.42,999941.08,Shipped
SO06386,CUST00252,PROD0096,2026-08-29,661,2555.98,1689502.78,Shipped
SO06387,CUST00446,PROD0035,2025-09-25,235,15240.14,3581432.9,Processing
SO06388,CUST00363,PROD0041,2025-02-08,445,29542.1,13146234.5,Delivered
SO06389,CUST00300,PROD0036,2025-11-05,546,14637.79,7992233.34,Delivered
SO06390,CUST00370,PROD0060,2026-02-01,727,20178.19,14669544.13,Delivered
SO06391,CUST00333,PROD0152,2026-04-25,192,10375.64,1992122.88,Processing
SO06392,CUST00317,PROD0172,2025-07-23,155,6285.03,974179.65,Delivered
SO06393,CUST00428,PROD0094,2025-03-24,666,14021.79,9338512.14,Shipped
SO06394,CUST00445,PROD0184,2025-12-30,194,29737.05,5768987.7,Delivered
SO06395,CUST00113,PROD0065,2025-10-24,639,7785.01,4974621.39,Delivered
SO06396,CUST00288,PROD0131,2026-08-04,147,14301.07,2102257.29,Processing
SO06397,CUST00150,PROD0057,2025-10-27,245,28918.73,7085088.85,Pending
SO06398,CUST00058,PROD0068,2025-07-31,646,35455.94,22904537.24,Delivered
SO06399,CUST00117,PROD0006,2025-01-22,52,21057.17,1094972.84,Shipped
SO06400,CUST00114,PROD0156,2025-01-08,93,8008.04,744747.72,Shipped
SO06401,CUST00252,PROD0089,2025-01-13,383,15642.37,5991027.71,Delivered
SO06402,CUST00087,PROD0019,2026-03-24,427,32293.92,13789503.84,Delivered
SO06403,CUST00379,PROD0189,2025-11-09,295,7870.97,2321936.15,Delivered
SO06404,CUST00155,PROD0067,2025-08-07,650,8579.03,5576369.5,Cancelled
SO06405,CUST00011,PROD0132,2025-12-30,152,29719.88,4517421.76,Processing
SO06406,CUST00326,PROD0137,2026-06-25,572,22912.52,13105961.44,Delivered
SO06407,CUST00486,PROD0118,2025-08-27,669,28349.8,18966016.2,Pending
SO06408,CUST00275,PROD0198,2026-06-12,30,11187.77,335633.1,Shipped
SO06409,CUST00466,PROD0125,2025-05-27,125,8935.02,1116877.5,Delivered
SO06410,CUST00151,PROD0037,2025-12-18,547,12253.75,6702801.25,Pending
SO06411,CUST00110,PROD0195,2026-03-01,647,11383.89,7365376.83,Shipped
SO06412,CUST00228,PROD0046,2026-07-11,54,7836.78,423186.12,Pending
SO06413,CUST00269,PROD0058,2025-07-24,159,2731.07,434240.13,Processing
SO06414,CUST00313,PROD0067,2025-11-16,245,8503.08,2083254.6,Delivered
SO06415,CUST00015,PROD0041,2025-10-27,389,30051.25,11689936.25,Processing
SO06416,CUST00135,PROD0094,2025-07-04,574,16532.13,9489442.62,Delivered
SO06417,CUST00062,PROD0008,2025-09-11,520,26380.56,13717891.2,Delivered
SO06418,CUST00370,PROD0138,2025-10-14,748,19642.62,14692679.76,Delivered
SO06419,CUST00130,PROD0061,2025-04-06,676,6228.41,4210405.16,Shipped
SO06420,CUST00116,PROD0125,2026-05-01,652,10657.19,6948487.88,Delivered
SO06421,CUST00024,PROD0151,2026-08-16,587,5050.59,2964696.33,Delivered
SO06422,CUST00274,PROD0165,2025-04-04,68,34347.82,2335651.76,Pending
SO06423,CUST00152,PROD0195,2025-05-28,40,10144.63,405785.2,Pending
SO06424,CUST00497,PROD0105,2025-10-19,98,18288.13,1792236.74,Delivered
SO06425,CUST00097,PROD0186,2026-03-25,254,7483.4,1900783.6,Delivered
SO06426,CUST00165,PROD0089,2025-11-26,707,12685.69,8968782.83,Delivered
SO06427,CUST00062,PROD0068,2026-07-17,118,34633.9,4086800.2,Shipped
SO06428,CUST00233,PROD0171,2026-04-20,114,19484.03,2221179.42,Delivered
SO06429,CUST00469,PROD0065,2026-04-06,579,7336.52,4247845.08,Shipped
SO06430,CUST00317,PROD0110,2025-07-13,425,28130.07,11955279.75,Processing
SO06431,CUST00360,PROD0027,2026-01-10,655,19295.77,12638729.35,Processing
SO06432,CUST00388,PROD0047,2026-06-09,459,23758.18,10905004.62,Shipped
SO06433,CUST00192,PROD0106,2025-10-09,358,1703.94,610010.52,Processing
SO06434,CUST00191,PROD0005,2025-06-03,500,32431.77,16215885.0,Delivered
SO06435,CUST00244,PROD0177,2025-08-21,237,24897.39,5900681.43,Pending
SO06436,CUST00192,PROD0194,2025-07-26,237,17469.94,4140375.78,Delivered
SO06437,CUST00202,PROD0063,2025-10-27,55,15138.79,832633.45,Shipped
SO06438,CUST00312,PROD0085,2025-03-01,544,3593.15,1954673.6,Delivered
SO06439,CUST00395,PROD0193,2025-06-25,553,19228.58,10633404.74,Delivered
SO06440,CUST00123,PROD0017,2025-06-02,51,20027.15,1021384.65,Delivered
SO06441,CUST00483,PROD0128,2025-11-24,289,15386.76,4446773.64,Shipped
SO06442,CUST00203,PROD0101,2025-07-24,503,3944.24,1983952.72,Pending
SO06443,CUST00205,PROD0005,2025-04-12,533,30106.85,16046951.05,Delivered
SO06444,CUST00304,PROD0117,2026-06-04,287,16867.09,4840854.83,Processing
SO06445,CUST00105,PROD0069,2026-08-23,628,35233.83,22126845.24,Shipped
SO06446,CUST00244,PROD0154,2025-10-14,202,3594.29,726046.58,Processing
SO06447,CUST00445,PROD0100,2025-12-11,168,28943.86,4862568.48,Shipped
SO06448,CUST00077,PROD0181,2025-10-26,427,29203.36,12469834.72,Delivered
SO06449,CUST00489,PROD0135,2025-03-25,552,3692.48,2038248.96,Shipped
SO06450,CUST00477,PROD0105,2025-06-11,490,16956.04,8308459.6,Delivered
SO06451,CUST00299,PROD0024,2025-03-08,423,5915.11,2502091.53,Delivered
SO06452,CUST00062,PROD0180,2025-05-26,659,15208.24,10022230.16,Shipped
SO06453,CUST00179,PROD0151,2026-04-04,284,6226.0,1768184.0,Delivered
SO06454,CUST00246,PROD0189,2026-05-14,183,7166.33,1311438.39,Delivered
SO06455,CUST00457,PROD0058,2025-08-19,454,2711.29,1230925.66,Delivered
SO06456,CUST00307,PROD0026,2026-04-13,713,27082.35,19309715.55,Delivered
SO06457,CUST00406,PROD0070,2025-06-03,251,17464.8,4383664.8,Shipped
SO06458,CUST00386,PROD0103,2025-02-21,227,17087.5,3878862.5,Cancelled
SO06459,CUST00272,PROD0045,2026-08-27,213,12301.25,2620166.25,Processing
SO06460,CUST00298,PROD0020,2026-07-23,486,8561.73,4161000.78,Shipped
SO06461,CUST00443,PROD0108,2026-01-09,227,15863.2,3600946.4,Delivered
SO06462,CUST00487,PROD0117,2026-05-31,568,17550.73,9968814.64,Delivered
SO06463,CUST00073,PROD0099,2026-01-29,659,3036.25,2000888.75,Processing
SO06464,CUST00225,PROD0057,2026-05-04,337,29612.07,9979267.59,Delivered
SO06465,CUST00181,PROD0176,2025-02-19,653,16520.01,10787566.53,Delivered
SO06466,CUST00400,PROD0106,2025-11-04,536,1409.38,755427.68,Cancelled
SO06467,CUST00318,PROD0076,2025-02-07,460,8427.71,3876746.6,Delivered
SO06468,CUST00084,PROD0150,2026-08-30,240,35341.29,8481909.6,Delivered
SO06469,CUST00199,PROD0106,2025-04-12,158,1733.29,273859.82,Shipped
SO06470,CUST00279,PROD0114,2025-02-11,588,18435.68,10840179.84,Delivered
SO06471,CUST00277,PROD0099,2026-02-08,238,2720.72,647531.36,Pending
SO06472,CUST00232,PROD0110,2026-05-17,237,31119.19,7375248.03,Delivered
SO06473,CUST00066,PROD0122,2026-01-17,245,17018.25,4169471.25,Delivered
SO06474,CUST00185,PROD0095,2026-04-09,12,1122.21,13466.52,Shipped
SO06475,CUST00059,PROD0182,2025-10-10,201,16255.99,3267453.99,Delivered
SO06476,CUST00294,PROD0014,2026-05-28,101,16474.95,1663969.95,Delivered
SO06477,CUST00407,PROD0140,2025-06-02,662,1159.26,767430.12,Pending
SO06478,CUST00306,PROD0004,2026-04-26,510,4065.69,2073501.9,Shipped
SO06479,CUST00337,PROD0129,2026-08-18,744,20817.08,15487907.52,Shipped
SO06480,CUST00470,PROD0133,2025-05-07,179,16374.89,2931105.31,Shipped
SO06481,CUST00219,PROD0067,2026-03-01,42,8534.14,358433.88,Processing
SO06482,CUST00068,PROD0144,2025-01-04,27,23838.52,643640.04,Pending
SO06483,CUST00348,PROD0078,2025-07-03,302,28943.66,8740985.32,Delivered
SO06484,CUST00167,PROD0024,2026-02-28,485,6651.92,3226181.2,Delivered
SO06485,CUST00204,PROD0105,2026-03-20,188,23098.4,4342499.2,Delivered
SO06486,CUST00417,PROD0014,2026-05-25,306,22828.96,6985661.76,Processing
SO06487,CUST00103,PROD0051,2026-06-27,585,21241.32,12426172.2,Cancelled
SO06488,CUST00136,PROD0007,2026-06-19,638,21660.72,13819539.36,Delivered
SO06489,CUST00456,PROD0154,2026-02-09,80,3726.82,298145.6,Shipped
SO06490,CUST00286,PROD0094,2026-08-13,459,13908.14,6383836.26,Pending
SO06491,CUST00228,PROD0054,2025-06-21,323,24099.0,7783977.0,Pending
SO06492,CUST00348,PROD0175,2025-02-26,697,3981.93,2775405.21,Delivered
SO06493,CUST00154,PROD0120,2025-11-26,159,6505.81,1034423.79,Processing
SO06494,CUST00138,PROD0100,2026-03-20,705,24245.65,17093183.25,Delivered
SO06495,CUST00236,PROD0184,2026-02-27,609,30630.93,18654236.37,Pending
SO06496,CUST00257,PROD0155,2025-04-24,80,11119.19,889535.2,Delivered
SO06497,CUST00251,PROD0060,2025-02-14,732,18795.07,13757991.24,Pending
SO06498,CUST00474,PROD0021,2025-01-30,459,14795.93,6791331.87,Delivered
SO06499,CUST00483,PROD0172,2026-01-28,48,6423.41,308323.68,Delivered
SO06500,CUST00332,PROD0064,2025-01-26,706,31768.54,22428589.24,Delivered
SO06501,CUST00112,PROD0131,2025-05-14,171,11474.66,1962166.86,Delivered
SO06502,CUST00073,PROD0008,2025-07-05,617,28900.66,17831707.22,Delivered
SO06503,CUST00498,PROD0087,2025-09-24,671,30301.2,20332105.2,Delivered
SO06504,CUST00076,PROD0190,2025-04-22,24,4070.28,97686.72,Delivered
SO06505,CUST00296,PROD0065,2025-01-27,109,7156.08,780012.72,Delivered
SO06506,CUST00171,PROD0067,2026-02-17,357,6462.94,2307269.58,Shipped
SO06507,CUST00228,PROD0199,2025-04-10,399,8939.47,3566848.53,Shipped
SO06508,CUST00113,PROD0108,2026-07-28,311,17173.75,5341036.25,Pending
SO06509,CUST00425,PROD0154,2025-01-27,671,4336.05,2909489.55,Delivered
SO06510,CUST00475,PROD0158,2026-06-08,494,26414.27,13048649.38,Cancelled
SO06511,CUST00031,PROD0187,2025-06-06,680,29696.89,20193885.2,Shipped
SO06512,CUST00147,PROD0178,2025-04-12,202,32810.98,6627817.96,Delivered
SO06513,CUST00122,PROD0046,2025-11-03,523,8819.11,4612394.53,Delivered
SO06514,CUST00296,PROD0160,2026-06-26,297,10578.78,3141897.66,Processing
SO06515,CUST00417,PROD0006,2026-08-20,425,21474.86,9126815.5,Shipped
SO06516,CUST00059,PROD0142,2026-07-15,580,22608.71,13113051.8,Shipped
SO06517,CUST00037,PROD0016,2026-04-29,265,14202.63,3763696.95,Delivered
SO06518,CUST00337,PROD0027,2025-04-09,229,22554.02,5164870.58,Delivered
SO06519,CUST00490,PROD0158,2026-07-08,56,31793.47,1780434.32,Delivered
SO06520,CUST00461,PROD0136,2026-06-30,479,14341.37,6869516.23,Processing
SO06521,CUST00097,PROD0154,2025-01-27,103,3272.73,337091.19,Shipped
SO06522,CUST00317,PROD0010,2026-05-11,345,13223.97,4562269.65,Shipped
SO06523,CUST00171,PROD0020,2026-05-27,737,9192.4,6774798.8,Shipped
SO06524,CUST00109,PROD0187,2025-12-16,258,32149.7,8294622.6,Cancelled
SO06525,CUST00232,PROD0165,2026-08-15,56,28386.1,1589621.6,Shipped
SO06526,CUST00375,PROD0195,2026-04-19,506,9325.81,4718859.86,Pending
SO06527,CUST00444,PROD0008,2025-01-04,259,35982.39,9319439.01,Delivered
SO06528,CUST00085,PROD0168,2025-07-18,711,12334.83,8770064.13,Shipped
SO06529,CUST00326,PROD0078,2025-11-16,127,28396.85,3606399.95,Pending
SO06530,CUST00483,PROD0053,2025-05-17,145,4476.5,649092.5,Delivered
SO06531,CUST00199,PROD0094,2026-07-19,560,13531.51,7577645.6,Shipped
SO06532,CUST00481,PROD0058,2025-07-14,266,2549.7,678220.2,Processing
SO06533,CUST00153,PROD0043,2025-08-23,96,3993.72,383397.12,Delivered
SO06534,CUST00204,PROD0120,2025-10-17,323,8944.25,2888992.75,Processing
SO06535,CUST00360,PROD0082,2025-06-23,87,23889.89,2078420.43,Delivered
SO06536,CUST00452,PROD0108,2025-12-08,72,14902.14,1072954.08,Delivered
SO06537,CUST00091,PROD0072,2025-03-30,232,6718.73,1558745.36,Shipped
SO06538,CUST00294,PROD0040,2026-04-15,259,16023.71,4150140.89,Pending
SO06539,CUST00059,PROD0119,2026-02-13,281,8963.91,2518858.71,Delivered
SO06540,CUST00363,PROD0010,2025-07-29,41,16540.18,678147.38,Pending
SO06541,CUST00139,PROD0032,2026-06-18,460,10162.05,4674543.0,Delivered
SO06542,CUST00201,PROD0145,2025-02-27,503,16752.19,8426351.57,Delivered
SO06543,CUST00397,PROD0047,2025-08-21,394,22921.9,9031228.6,Shipped
SO06544,CUST00412,PROD0082,2025-04-16,57,25605.13,1459492.41,Processing
SO06545,CUST00068,PROD0034,2026-08-16,629,2331.51,1466519.79,Delivered
SO06546,CUST00075,PROD0020,2025-06-05,230,7601.03,1748236.9,Delivered
SO06547,CUST00342,PROD0083,2025-09-17,717,16428.53,11779256.01,Shipped
SO06548,CUST00210,PROD0005,2026-06-11,509,29050.85,14786882.65,Delivered
SO06549,CUST00211,PROD0036,2025-02-05,516,13332.7,6879673.2,Shipped
SO06550,CUST00064,PROD0036,2025-12-10,588,12874.64,7570288.32,Delivered
SO06551,CUST00346,PROD0176,2026-03-29,150,15991.02,2398653.0,Delivered
SO06552,CUST00197,PROD0128,2026-07-10,640,16833.88,10773683.2,Delivered
SO06553,CUST00331,PROD0040,2025-02-10,485,13599.77,6595888.45,Delivered
SO06554,CUST00274,PROD0113,2025-10-31,430,37172.18,15984037.4,Delivered
SO06555,CUST00469,PROD0191,2026-02-06,98,9701.86,950782.28,Pending
SO06556,CUST00311,PROD0090,2026-02-23,326,38010.87,12391543.62,Delivered
SO06557,CUST00054,PROD0010,2025-05-08,714,16851.25,12031792.5,Shipped
SO06558,CUST00041,PROD0102,2025-08-06,113,16281.14,1839768.82,Shipped
SO06559,CUST00368,PROD0142,2026-04-29,702,24714.88,17349845.76,Delivered
SO06560,CUST00109,PROD0069,2025-04-18,75,27975.71,2098178.25,Pending
SO06561,CUST00312,PROD0038,2025-05-14,648,26480.16,17159143.68,Pending
SO06562,CUST00005,PROD0070,2025-03-10,173,19254.33,3330999.09,Processing
SO06563,CUST00321,PROD0047,2025-11-29,260,25475.6,6623656.0,Delivered
SO06564,CUST00149,PROD0091,2026-01-02,45,37142.07,1671393.15,Delivered
SO06565,CUST00277,PROD0133,2025-09-25,344,17869.19,6147001.36,Pending
SO06566,CUST00199,PROD0147,2025-02-14,52,2625.68,136535.36,Processing
SO06567,CUST00244,PROD0132,2026-07-16,541,26207.65,14178338.65,Processing
SO06568,CUST00148,PROD0160,2026-08-15,656,12144.92,7967067.52,Pending
SO06569,CUST00393,PROD0072,2025-11-08,2,7449.06,14898.12,Delivered
SO06570,CUST00297,PROD0194,2026-02-02,36,17976.44,647151.84,Delivered
SO06571,CUST00025,PROD0089,2025-11-11,696,13967.59,9721442.64,Delivered
SO06572,CUST00270,PROD0147,2026-08-03,633,2313.69,1464565.77,Pending
SO06573,CUST00239,PROD0128,2026-05-24,199,12856.34,2558411.66,Pending
SO06574,CUST00451,PROD0024,2026-05-31,338,5542.32,1873304.16,Delivered
SO06575,CUST00113,PROD0053,2026-08-17,208,4508.4,937747.2,Shipped
SO06576,CUST00230,PROD0016,2026-04-22,354,13249.26,4690238.04,Processing
SO06577,CUST00181,PROD0060,2025-05-20,554,20424.07,11314934.78,Shipped
SO06578,CUST00480,PROD0179,2025-05-28,460,1281.7,589582.0,Delivered
SO06579,CUST00074,PROD0096,2025-08-18,226,2981.39,673794.14,Delivered
SO06580,CUST00267,PROD0194,2026-01-02,575,17562.45,10098408.75,Delivered
SO06581,CUST00156,PROD0195,2025-01-18,81,10209.05,826933.05,Processing
SO06582,CUST00071,PROD0025,2025-07-01,132,20620.77,2721941.64,Delivered
SO06583,CUST00155,PROD0167,2025-11-30,279,24239.57,6762840.03,Pending
SO06584,CUST00008,PROD0038,2025-12-25,694,24104.23,16728335.62,Delivered
SO06585,CUST00010,PROD0174,2025-03-16,708,27384.83,19388459.64,Pending
SO06586,CUST00451,PROD0001,2025-04-06,507,6616.99,3354813.93,Pending
SO06587,CUST00348,PROD0149,2026-05-12,502,19853.8,9966607.6,Pending
SO06588,CUST00482,PROD0025,2025-12-09,723,17894.46,12937694.58,Pending
SO06589,CUST00006,PROD0115,2026-02-08,195,14357.99,2799808.05,Delivered
SO06590,CUST00021,PROD0063,2025-11-12,651,13278.34,8644199.34,Shipped
SO06591,CUST00005,PROD0073,2025-11-02,311,14933.38,4644281.18,Delivered
SO06592,CUST00228,PROD0143,2025-03-19,351,28250.73,9916006.23,Cancelled
SO06593,CUST00461,PROD0168,2025-07-30,318,11273.13,3584855.34,Delivered
SO06594,CUST00187,PROD0009,2025-12-12,87,21342.57,1856803.59,Delivered
SO06595,CUST00043,PROD0041,2025-09-02,542,37658.16,20410722.72,Processing
SO06596,CUST00220,PROD0118,2026-03-12,450,31702.45,14266102.5,Delivered
SO06597,CUST00396,PROD0172,2026-05-29,207,7403.48,1532520.36,Delivered
SO06598,CUST00018,PROD0146,2025-06-04,290,23849.98,6916494.2,Delivered
SO06599,CUST00430,PROD0091,2026-06-04,196,27973.07,5482721.72,Processing
SO06600,CUST00338,PROD0153,2026-08-16,2,31390.39,62780.78,Delivered
SO06601,CUST00035,PROD0194,2025-02-04,312,16699.47,5210234.64,Pending
SO06602,CUST00452,PROD0015,2026-04-26,644,10800.74,6955676.56,Delivered
SO06603,CUST00456,PROD0160,2025-08-22,133,9810.89,1304848.37,Delivered
SO06604,CUST00400,PROD0060,2026-07-06,92,20400.85,1876878.2,Shipped
SO06605,CUST00144,PROD0041,2026-02-02,342,35158.63,12024251.46,Processing
SO06606,CUST00376,PROD0045,2026-06-14,244,9828.21,2398083.24,Delivered
SO06607,CUST00320,PROD0106,2025-07-23,585,1460.26,854252.1,Processing
SO06608,CUST00499,PROD0184,2025-11-09,688,26721.75,18384564.0,Pending
SO06609,CUST00486,PROD0039,2025-08-07,256,7660.67,1961131.52,Delivered
SO06610,CUST00366,PROD0184,2026-08-29,169,28356.25,4792206.25,Shipped
SO06611,CUST00119,PROD0036,2025-09-10,314,15877.74,4985610.36,Pending
SO06612,CUST00265,PROD0104,2025-03-15,702,9135.0,6412770.0,Delivered
SO06613,CUST00184,PROD0102,2025-01-21,603,19466.83,11738498.49,Delivered
SO06614,CUST00130,PROD0095,2026-04-04,28,1438.09,40266.52,Shipped
SO06615,CUST00317,PROD0092,2026-02-21,683,9329.2,6371843.6,Delivered
SO06616,CUST00378,PROD0150,2026-03-16,98,27557.88,2700672.24,Cancelled
SO06617,CUST00346,PROD0193,2026-06-19,73,14370.59,1049053.07,Delivered
SO06618,CUST00095,PROD0082,2025-02-18,402,19325.65,7768911.3,Processing
SO06619,CUST00244,PROD0112,2025-10-04,49,2908.69,142525.81,Delivered
SO06620,CUST00076,PROD0069,2025-11-01,112,30176.66,3379785.92,Shipped
SO06621,CUST00162,PROD0097,2026-03-03,159,22250.08,3537762.72,Pending
SO06622,CUST00132,PROD0104,2025-02-26,305,7902.29,2410198.45,Pending
SO06623,CUST00225,PROD0042,2025-01-28,313,20248.97,6337927.61,Delivered
SO06624,CUST00498,PROD0177,2026-02-01,11,30275.81,333033.91,Delivered
SO06625,CUST00037,PROD0056,2025-08-12,632,31747.85,20064641.2,Shipped
SO06626,CUST00237,PROD0073,2025-08-03,490,12238.84,5997031.6,Shipped
SO06627,CUST00253,PROD0121,2025-08-18,746,22307.05,16641059.3,Shipped
SO06628,CUST00396,PROD0191,2025-11-09,181,12989.5,2351099.5,Delivered
SO06629,CUST00160,PROD0178,2026-06-07,74,25305.53,1872609.22,Processing
SO06630,CUST00328,PROD0106,2026-05-19,109,1289.15,140517.35,Shipped
SO06631,CUST00219,PROD0028,2025-05-29,164,14193.7,2327766.8,Shipped
SO06632,CUST00237,PROD0115,2026-07-21,624,12921.46,8062991.04,Pending
SO06633,CUST00038,PROD0150,2026-06-02,320,33435.76,10699443.2,Delivered
SO06634,CUST00063,PROD0046,2026-07-19,470,8301.44,3901676.8,Cancelled
SO06635,CUST00151,PROD0010,2025-01-11,573,14568.51,8347756.23,Pending
SO06636,CUST00074,PROD0083,2025-07-12,534,23254.33,12417812.22,Processing
SO06637,CUST00267,PROD0019,2025-09-30,31,26648.43,826101.33,Delivered
SO06638,CUST00039,PROD0100,2026-04-17,356,30093.32,10713221.92,Processing
SO06639,CUST00379,PROD0108,2026-07-03,325,12658.74,4114090.5,Delivered
SO06640,CUST00135,PROD0029,2025-12-11,364,10066.95,3664369.8,Processing
SO06641,CUST00257,PROD0108,2026-05-11,307,14949.55,4589511.85,Processing
SO06642,CUST00216,PROD0149,2025-04-27,385,26351.87,10145469.95,Pending
SO06643,CUST00340,PROD0062,2025-06-04,198,26722.25,5291005.5,Processing
SO06644,CUST00205,PROD0096,2025-02-01,250,2738.09,684522.5,Delivered
SO06645,CUST00277,PROD0152,2026-04-29,339,12213.94,4140525.66,Shipped
SO06646,CUST00168,PROD0076,2025-07-26,232,7652.16,1775301.12,Pending
SO06647,CUST00302,PROD0005,2025-06-16,319,31538.43,10060759.17,Shipped
SO06648,CUST00113,PROD0182,2026-03-02,565,13078.45,7389324.25,Processing
SO06649,CUST00071,PROD0075,2026-01-08,50,22872.95,1143647.5,Delivered
SO06650,CUST00424,PROD0081,2025-10-12,90,1840.45,165640.5,Pending
SO06651,CUST00330,PROD0098,2026-02-13,418,15380.31,6428969.58,Processing
SO06652,CUST00297,PROD0081,2025-02-15,583,1460.6,851529.8,Delivered
SO06653,CUST00328,PROD0168,2026-08-17,516,10713.85,5528346.6,Cancelled
SO06654,CUST00127,PROD0042,2026-06-08,159,24052.08,3824280.72,Pending
SO06655,CUST00087,PROD0029,2025-02-27,110,8750.59,962564.9,Shipped
SO06656,CUST00498,PROD0171,2026-02-17,45,14256.26,641531.7,Processing
SO06657,CUST00269,PROD0024,2025-07-06,264,6452.37,1703425.68,Processing
SO06658,CUST00455,PROD0112,2025-12-25,673,3257.97,2192613.81,Pending
SO06659,CUST00283,PROD0029,2026-05-09,375,10758.8,4034550.0,Shipped
SO06660,CUST00358,PROD0049,2026-07-20,394,7802.69,3074259.86,Shipped
SO06661,CUST00162,PROD0062,2025-03-12,572,25008.94,14305113.68,Pending
SO06662,CUST00391,PROD0164,2026-02-02,313,15995.2,5006497.6,Delivered
SO06663,CUST00359,PROD0073,2026-04-23,235,10646.95,2502033.25,Delivered
SO06664,CUST00221,PROD0120,2025-05-26,561,8610.18,4830310.98,Delivered
SO06665,CUST00411,PROD0102,2025-12-16,445,18926.57,8422323.65,Pending
SO06666,CUST00393,PROD0085,2025-04-22,359,3891.87,1397181.33,Shipped
SO06667,CUST00472,PROD0001,2026-02-23,611,9238.7,5644845.7,Delivered
SO06668,CUST00190,PROD0113,2025-02-28,524,33510.97,17559748.28,Delivered
SO06669,CUST00391,PROD0198,2025-01-29,750,13255.89,9941917.5,Delivered
SO06670,CUST00081,PROD0174,2026-07-12,638,31276.23,19954234.74,Delivered
SO06671,CUST00384,PROD0161,2025-10-19,483,11379.08,5496095.64,Delivered
SO06672,CUST00369,PROD0008,2026-07-09,154,30636.56,4718030.24,Processing
SO06673,CUST00484,PROD0128,2025-05-18,208,12627.34,2626486.72,Pending
SO06674,CUST00320,PROD0150,2026-03-14,313,29888.04,9354956.52,Delivered
SO06675,CUST00055,PROD0122,2025-06-06,300,20208.7,6062610.0,Shipped
SO06676,CUST00285,PROD0149,2025-11-18,710,22517.87,15987687.7,Delivered
SO06677,CUST00217,PROD0144,2026-07-21,303,31039.4,9404938.2,Pending
SO06678,CUST00012,PROD0171,2026-07-25,402,18783.08,7550798.16,Delivered
SO06679,CUST00192,PROD0120,2025-11-07,590,7425.73,4381180.7,Delivered
SO06680,CUST00101,PROD0142,2026-04-11,68,24764.18,1683964.24,Delivered
SO06681,CUST00296,PROD0153,2026-04-08,481,30890.39,14858277.59,Processing
SO06682,CUST00477,PROD0109,2025-12-19,86,10673.81,917947.66,Delivered
SO06683,CUST00439,PROD0042,2025-08-21,493,23468.75,11570093.75,Delivered
SO06684,CUST00202,PROD0183,2025-04-03,647,3621.69,2343233.43,Delivered
SO06685,CUST00106,PROD0198,2026-05-27,592,11017.0,6522064.0,Processing
SO06686,CUST00188,PROD0150,2026-01-28,419,28699.21,12024968.99,Pending
SO06687,CUST00274,PROD0021,2025-04-22,691,16812.5,11617437.5,Delivered
SO06688,CUST00137,PROD0010,2025-08-21,595,14607.97,8691742.15,Cancelled
SO06689,CUST00464,PROD0164,2026-08-12,633,17037.57,10784781.81,Processing
SO06690,CUST00059,PROD0023,2025-12-19,498,28743.88,14314452.24,Pending
SO06691,CUST00421,PROD0072,2025-10-17,60,7499.08,449944.8,Delivered
SO06692,CUST00302,PROD0026,2025-02-05,393,31102.03,12223097.79,Pending
SO06693,CUST00315,PROD0107,2026-03-20,636,26586.98,16909319.28,Pending
SO06694,CUST00396,PROD0199,2025-06-16,466,10661.67,4968338.22,Processing
SO06695,CUST00110,PROD0045,2025-09-02,183,10865.38,1988364.54,Delivered
SO06696,CUST00103,PROD0017,2026-05-19,579,22090.18,12790214.22,Processing
SO06697,CUST00100,PROD0108,2025-11-08,596,15155.74,9032821.04,Delivered
SO06698,CUST00455,PROD0012,2025-05-10,46,11066.52,509059.92,Processing
SO06699,CUST00081,PROD0109,2026-04-05,470,10360.67,4869514.9,Delivered
SO06700,CUST00300,PROD0023,2026-03-09,654,28574.15,18687494.1,Shipped
SO06701,CUST00038,PROD0041,2025-01-16,634,35828.54,22715294.36,Processing
SO06702,CUST00384,PROD0197,2026-08-25,262,26454.4,6931052.8,Delivered
SO06703,CUST00142,PROD0099,2026-01-27,28,2563.1,71766.8,Delivered
SO06704,CUST00001,PROD0111,2025-02-13,656,10809.67,7091143.52,Delivered
SO06705,CUST00281,PROD0085,2025-06-19,206,3351.4,690388.4,Delivered
SO06706,CUST00241,PROD0178,2026-01-19,670,28986.82,19421169.4,Delivered
SO06707,CUST00317,PROD0047,2025-12-10,154,22500.48,3465073.92,Delivered
SO06708,CUST00010,PROD0197,2025-02-23,395,28733.15,11349594.25,Delivered
SO06709,CUST00332,PROD0116,2026-05-05,314,7523.42,2362353.88,Delivered
SO06710,CUST00327,PROD0015,2025-05-19,85,10042.52,853614.2,Pending
SO06711,CUST00471,PROD0074,2025-08-04,148,27922.83,4132578.84,Delivered
SO06712,CUST00240,PROD0045,2026-07-17,70,13241.71,926919.7,Delivered
SO06713,CUST00214,PROD0135,2026-03-16,484,3745.33,1812739.72,Delivered
SO06714,CUST00062,PROD0126,2026-07-26,626,8931.34,5591018.84,Delivered
SO06715,CUST00248,PROD0028,2026-03-21,151,13930.47,2103500.97,Delivered
SO06716,CUST00260,PROD0058,2025-12-18,407,2782.97,1132668.79,Processing
SO06717,CUST00002,PROD0192,2026-07-07,691,4712.75,3256510.25,Delivered
SO06718,CUST00184,PROD0140,2026-03-02,701,1144.13,802035.13,Delivered
SO06719,CUST00360,PROD0042,2026-02-22,172,22594.71,3886290.12,Delivered
SO06720,CUST00279,PROD0097,2025-02-09,65,24553.13,1595953.45,Delivered
SO06721,CUST00440,PROD0006,2025-09-01,727,22270.66,16190769.82,Delivered
SO06722,CUST00475,PROD0098,2026-08-08,242,19645.91,4754310.22,Delivered
SO06723,CUST00100,PROD0076,2026-07-18,543,8212.99,4459653.57,Shipped
SO06724,CUST00004,PROD0194,2026-02-11,689,20743.53,14292292.17,Processing
SO06725,CUST00357,PROD0114,2025-09-24,310,13078.79,4054424.9,Shipped
SO06726,CUST00354,PROD0078,2026-08-04,213,23748.97,5058530.61,Delivered
SO06727,CUST00344,PROD0120,2025-04-26,378,7494.77,2833023.06,Pending
SO06728,CUST00426,PROD0154,2025-04-02,408,3335.98,1361079.84,Delivered
SO06729,CUST00299,PROD0047,2025-08-30,636,24705.99,15713009.64,Delivered
SO06730,CUST00248,PROD0099,2026-08-25,85,2121.96,180366.6,Delivered
SO06731,CUST00201,PROD0087,2025-04-15,515,30326.69,15618245.35,Cancelled
SO06732,CUST00077,PROD0097,2026-04-16,685,22720.25,15563371.25,Delivered
SO06733,CUST00338,PROD0020,2025-12-06,747,7298.34,5451859.98,Delivered
SO06734,CUST00275,PROD0055,2026-06-21,696,2275.36,1583650.56,Delivered
SO06735,CUST00321,PROD0131,2025-12-16,90,12791.41,1151226.9,Pending
SO06736,CUST00308,PROD0022,2025-07-11,616,20078.36,12368269.76,Delivered
SO06737,CUST00400,PROD0009,2025-05-13,90,28888.68,2599981.2,Delivered
SO06738,CUST00396,PROD0090,2025-03-04,164,33994.03,5575020.92,Delivered
SO06739,CUST00225,PROD0101,2026-07-18,360,5024.44,1808798.4,Processing
SO06740,CUST00096,PROD0071,2025-07-10,111,13532.0,1502052.0,Delivered
SO06741,CUST00373,PROD0007,2025-12-10,717,19008.3,13628951.1,Pending
SO06742,CUST00064,PROD0014,2025-11-16,99,23073.37,2284263.63,Processing
SO06743,CUST00310,PROD0161,2026-08-18,729,11180.94,8150905.26,Delivered
SO06744,CUST00092,PROD0177,2026-08-23,278,23315.4,6481681.2,Pending
SO06745,CUST00368,PROD0191,2025-01-29,410,10992.37,4506871.7,Pending
SO06746,CUST00437,PROD0089,2025-03-29,588,13895.57,8170595.16,Shipped
SO06747,CUST00027,PROD0152,2025-05-18,503,11741.52,5905984.56,Shipped
SO06748,CUST00420,PROD0139,2025-10-12,396,11029.18,4367555.28,Delivered
SO06749,CUST00087,PROD0090,2026-07-29,346,36755.73,12717482.58,Delivered
SO06750,CUST00091,PROD0020,2025-08-13,118,9243.95,1090786.1,Delivered
SO06751,CUST00194,PROD0189,2025-12-25,63,9700.42,611126.46,Delivered
SO06752,CUST00029,PROD0135,2025-06-29,654,2924.61,1912694.94,Delivered
SO06753,CUST00482,PROD0132,2026-04-08,3,26073.3,78219.9,Pending
SO06754,CUST00175,PROD0058,2025-07-24,531,2699.03,1433184.93,Delivered
SO06755,CUST00077,PROD0068,2025-07-20,159,35234.53,5602290.27,Pending
SO06756,CUST00238,PROD0016,2026-01-02,229,14952.01,3424010.29,Processing
SO06757,CUST00298,PROD0048,2026-01-19,324,22361.69,7245187.56,Processing
SO06758,CUST00405,PROD0123,2025-07-11,670,37094.85,24853549.5,Delivered
SO06759,CUST00359,PROD0068,2025-01-02,726,29682.88,21549770.88,Processing
SO06760,CUST00388,PROD0019,2026-07-05,72,30392.51,2188260.72,Delivered
SO06761,CUST00333,PROD0059,2025-03-29,492,23599.38,11610894.96,Shipped
SO06762,CUST00197,PROD0126,2025-03-15,95,8925.78,847949.1,Shipped
SO06763,CUST00419,PROD0128,2025-07-05,55,13450.31,739767.05,Shipped
SO06764,CUST00020,PROD0043,2025-03-23,428,4174.29,1786596.12,Delivered
SO06765,CUST00007,PROD0141,2025-07-31,212,38955.49,8258563.88,Delivered
SO06766,CUST00045,PROD0078,2026-08-16,727,22922.21,16664446.67,Delivered
SO06767,CUST00122,PROD0138,2026-08-15,262,27173.98,7119582.76,Shipped
SO06768,CUST00047,PROD0174,2025-09-11,71,35363.63,2510817.73,Processing
SO06769,CUST00118,PROD0014,2025-06-21,494,22187.3,10960526.2,Delivered
SO06770,CUST00237,PROD0037,2026-08-26,582,13446.89,7826089.98,Delivered
SO06771,CUST00271,PROD0116,2025-07-03,473,5969.93,2823776.89,Pending
SO06772,CUST00155,PROD0037,2025-02-11,238,13277.17,3159966.46,Shipped
SO06773,CUST00460,PROD0006,2026-06-01,602,16794.65,10110379.3,Shipped
SO06774,CUST00417,PROD0173,2026-05-11,470,23523.75,11056162.5,Delivered
SO06775,CUST00449,PROD0117,2026-04-17,36,15851.75,570663.0,Delivered
SO06776,CUST00077,PROD0096,2026-01-13,252,2903.65,731719.8,Shipped
SO06777,CUST00097,PROD0135,2025-03-09,331,4030.18,1333989.58,Pending
SO06778,CUST00063,PROD0184,2025-08-20,472,28592.51,13495664.72,Delivered
SO06779,CUST00345,PROD0165,2026-07-05,344,35397.68,12176801.92,Delivered
SO06780,CUST00184,PROD0065,2026-08-20,288,9981.18,2874579.84,Shipped
SO06781,CUST00134,PROD0066,2025-07-30,43,964.47,41472.21,Shipped
SO06782,CUST00489,PROD0093,2026-06-03,340,7078.68,2406751.2,Delivered
SO06783,CUST00311,PROD0039,2026-06-22,649,8612.11,5589259.39,Delivered
SO06784,CUST00457,PROD0134,2025-01-02,681,32829.48,22356875.88,Processing
SO06785,CUST00042,PROD0087,2025-09-07,617,31711.1,19565748.7,Shipped
SO06786,CUST00148,PROD0173,2026-03-20,407,24225.25,9859676.75,Processing
SO06787,CUST00349,PROD0035,2026-04-05,347,14648.29,5082956.63,Pending
SO06788,CUST00170,PROD0061,2026-05-26,524,6802.48,3564499.52,Processing
SO06789,CUST00407,PROD0112,2026-04-06,550,2818.26,1550043.0,Delivered
SO06790,CUST00242,PROD0135,2025-10-09,82,3970.59,325588.38,Shipped
SO06791,CUST00434,PROD0170,2025-01-12,122,22561.78,2752537.16,Delivered
SO06792,CUST00292,PROD0123,2026-06-17,262,37592.12,9849135.44,Delivered
SO06793,CUST00394,PROD0052,2026-08-18,93,20416.6,1898743.8,Shipped
SO06794,CUST00348,PROD0173,2025-12-20,76,21556.47,1638291.72,Processing
SO06795,CUST00253,PROD0013,2025-01-20,648,13340.31,8644520.88,Delivered
SO06796,CUST00307,PROD0177,2025-04-29,386,23648.15,9128185.9,Processing
SO06797,CUST00123,PROD0192,2025-07-05,26,4280.46,111291.96,Pending
SO06798,CUST00436,PROD0158,2025-03-08,15,23690.47,355357.05,Shipped
SO06799,CUST00491,PROD0076,2026-06-15,168,9519.58,1599289.44,Delivered
SO06800,CUST00432,PROD0119,2026-02-23,123,11248.64,1383582.72,Delivered
SO06801,CUST00423,PROD0125,2025-10-31,204,10337.46,2108841.84,Delivered
SO06802,CUST00246,PROD0091,2026-06-26,198,31214.8,6180530.4,Shipped
SO06803,CUST00105,PROD0042,2026-07-28,744,18757.18,13955341.92,Delivered
SO06804,CUST00469,PROD0030,2026-01-05,242,14844.0,3592248.0,Delivered
SO06805,CUST00381,PROD0153,2026-02-23,382,33850.47,12930879.54,Delivered
SO06806,CUST00094,PROD0071,2025-09-08,426,15978.38,6806789.88,Delivered
SO06807,CUST00215,PROD0158,2025-05-07,509,28337.87,14423975.83,Shipped
SO06808,CUST00416,PROD0122,2026-05-24,494,19680.7,9722265.8,Shipped
SO06809,CUST00118,PROD0145,2025-11-12,510,17016.59,8678460.9,Processing
SO06810,CUST00348,PROD0070,2026-07-16,146,16748.79,2445323.34,Delivered
SO06811,CUST00371,PROD0160,2026-01-20,436,10016.22,4367071.92,Delivered
SO06812,CUST00185,PROD0188,2025-12-30,224,33035.13,7399869.12,Pending
SO06813,CUST00267,PROD0067,2025-06-16,19,8494.08,161387.52,Pending
SO06814,CUST00222,PROD0154,2026-05-14,412,3501.33,1442547.96,Delivered
SO06815,CUST00477,PROD0079,2025-09-30,1,27941.11,27941.11,Processing
SO06816,CUST00373,PROD0077,2026-08-29,154,24174.76,3722913.04,Delivered
SO06817,CUST00204,PROD0149,2025-07-13,238,17939.87,4269689.06,Processing
SO06818,CUST00016,PROD0019,2026-07-21,101,29527.75,2982302.75,Pending
SO06819,CUST00090,PROD0030,2026-05-17,667,14837.7,9896745.9,Processing
SO06820,CUST00374,PROD0005,2025-07-13,169,27410.87,4632437.03,Delivered
SO06821,CUST00495,PROD0110,2025-12-29,643,31383.56,20179629.08,Delivered
SO06822,CUST00341,PROD0052,2025-06-18,550,20495.57,11272563.5,Delivered
SO06823,CUST00040,PROD0140,2025-02-18,440,1127.65,496166.0,Delivered
SO06824,CUST00483,PROD0197,2025-09-07,746,28732.6,21434519.6,Shipped
SO06825,CUST00347,PROD0070,2026-03-18,61,18209.44,1110775.84,Processing
SO06826,CUST00017,PROD0093,2026-07-08,78,6138.04,478767.12,Delivered
SO06827,CUST00330,PROD0127,2025-10-31,500,26143.29,13071645.0,Delivered
SO06828,CUST00263,PROD0136,2025-05-04,310,14736.7,4568377.0,Pending
SO06829,CUST00199,PROD0058,2025-03-07,187,2171.49,406068.63,Processing
SO06830,CUST00209,PROD0058,2025-12-30,236,2416.8,570364.8,Pending
SO06831,CUST00489,PROD0048,2025-01-06,229,21131.41,4839092.89,Pending
SO06832,CUST00255,PROD0162,2025-04-05,588,12074.08,7099559.04,Cancelled
SO06833,CUST00061,PROD0143,2025-04-19,179,28279.74,5062073.46,Processing
SO06834,CUST00015,PROD0180,2025-09-11,331,12940.17,4283196.27,Delivered
SO06835,CUST00313,PROD0005,2025-03-29,361,38438.83,13876417.63,Processing
SO06836,CUST00236,PROD0161,2025-09-29,589,12313.09,7252410.01,Delivered
SO06837,CUST00194,PROD0036,2025-12-07,250,16026.89,4006722.5,Delivered
SO06838,CUST00131,PROD0118,2026-08-28,591,36804.28,21751329.48,Shipped
SO06839,CUST00207,PROD0132,2026-04-07,540,24201.09,13068588.6,Delivered
SO06840,CUST00406,PROD0165,2025-09-25,395,35276.55,13934237.25,Pending
SO06841,CUST00260,PROD0040,2025-11-29,626,12621.56,7901096.56,Delivered
SO06842,CUST00495,PROD0123,2025-07-30,213,30673.75,6533508.75,Pending
SO06843,CUST00115,PROD0187,2025-02-12,8,24950.02,199600.16,Delivered
SO06844,CUST00416,PROD0039,2026-02-19,242,7050.08,1706119.36,Shipped
SO06845,CUST00127,PROD0191,2026-01-10,661,12715.79,8405137.19,Cancelled
SO06846,CUST00325,PROD0135,2025-05-09,645,3965.19,2557547.55,Processing
SO06847,CUST00386,PROD0001,2025-01-13,112,6579.6,736915.2,Processing
SO06848,CUST00027,PROD0125,2025-05-18,680,10466.47,7117199.6,Delivered
SO06849,CUST00376,PROD0169,2026-05-22,300,15762.22,4728666.0,Delivered
SO06850,CUST00424,PROD0107,2026-03-03,667,20317.76,13551945.92,Delivered
SO06851,CUST00324,PROD0067,2025-02-08,707,6680.28,4722957.96,Shipped
SO06852,CUST00392,PROD0117,2025-07-19,721,14458.99,10424931.79,Delivered
SO06853,CUST00492,PROD0062,2026-01-18,329,26413.96,8690192.84,Delivered
SO06854,CUST00065,PROD0040,2025-06-19,698,13715.34,9573307.32,Shipped
SO06855,CUST00391,PROD0104,2026-04-15,397,7196.63,2857062.11,Processing
SO06856,CUST00401,PROD0199,2025-11-11,592,7770.75,4600284.0,Pending
SO06857,CUST00331,PROD0040,2025-04-04,390,11501.34,4485522.6,Delivered
SO06858,CUST00051,PROD0095,2026-07-23,104,1141.48,118713.92,Processing
SO06859,CUST00319,PROD0077,2026-01-15,59,21392.27,1262143.93,Pending
SO06860,CUST00172,PROD0112,2026-02-16,8,3212.89,25703.12,Delivered
SO06861,CUST00139,PROD0172,2026-01-13,279,8040.4,2243271.6,Delivered
SO06862,CUST00382,PROD0180,2026-01-22,580,17378.83,10079721.4,Pending
SO06863,CUST00189,PROD0110,2026-01-05,69,25853.64,1783901.16,Delivered
SO06864,CUST00042,PROD0194,2025-02-16,715,16347.56,11688505.4,Delivered
SO06865,CUST00452,PROD0076,2025-01-27,26,8465.62,220106.12,Delivered
SO06866,CUST00221,PROD0043,2026-05-10,608,5194.73,3158395.84,Delivered
SO06867,CUST00051,PROD0038,2025-01-24,112,25706.76,2879157.12,Shipped
SO06868,CUST00304,PROD0077,2025-02-13,228,23344.0,5322432.0,Delivered
SO06869,CUST00474,PROD0036,2026-06-15,305,15964.71,4869236.55,Cancelled
SO06870,CUST00335,PROD0093,2026-07-15,475,6005.93,2852816.75,Processing
SO06871,CUST00148,PROD0029,2025-08-05,686,9802.55,6724549.3,Cancelled
SO06872,CUST00107,PROD0011,2025-06-02,735,26889.75,19763966.25,Delivered
SO06873,CUST00051,PROD0164,2026-05-20,218,16697.46,3640046.28,Delivered
SO06874,CUST00239,PROD0066,2026-04-01,592,1100.25,651348.0,Pending
SO06875,CUST00185,PROD0054,2026-08-30,700,22261.91,15583337.0,Pending
SO06876,CUST00274,PROD0082,2025-11-25,253,24739.95,6259207.35,Delivered
SO06877,CUST00175,PROD0031,2026-08-08,323,2540.22,820491.06,Cancelled
SO06878,CUST00216,PROD0014,2025-09-12,296,17787.0,5264952.0,Processing
SO06879,CUST00121,PROD0001,2025-10-21,554,7842.64,4344822.56,Processing
SO06880,CUST00375,PROD0009,2026-02-19,437,27875.68,12181672.16,Shipped
SO06881,CUST00154,PROD0189,2025-11-02,158,8301.87,1311695.46,Shipped
SO06882,CUST00291,PROD0174,2025-02-21,391,33760.84,13200488.44,Delivered
SO06883,CUST00170,PROD0180,2026-05-24,498,15896.73,7916571.54,Delivered
SO06884,CUST00490,PROD0092,2025-12-01,18,9348.08,168265.44,Delivered
SO06885,CUST00104,PROD0147,2026-03-15,348,2858.67,994817.16,Delivered
SO06886,CUST00004,PROD0161,2025-12-22,329,14633.68,4814480.72,Shipped
SO06887,CUST00497,PROD0155,2025-07-05,399,9706.31,3872817.69,Processing
SO06888,CUST00243,PROD0106,2025-09-18,743,1500.72,1115034.96,Delivered
SO06889,CUST00182,PROD0102,2026-07-21,562,15624.06,8780721.72,Delivered
SO06890,CUST00051,PROD0135,2025-12-30,243,3248.39,789358.77,Cancelled
SO06891,CUST00235,PROD0093,2025-07-06,372,5553.0,2065716.0,Processing
SO06892,CUST00064,PROD0071,2025-02-24,182,17876.56,3253533.92,Processing
SO06893,CUST00124,PROD0162,2025-01-22,207,11072.7,2292048.9,Delivered
SO06894,CUST00116,PROD0077,2026-07-11,37,22347.1,826842.7,Delivered
SO06895,CUST00138,PROD0089,2025-01-30,306,14517.7,4442416.2,Processing
SO06896,CUST00200,PROD0007,2025-10-22,405,19902.62,8060561.1,Pending
SO06897,CUST00110,PROD0006,2026-08-17,636,20090.9,12777812.4,Pending
SO06898,CUST00159,PROD0155,2025-07-22,128,9987.85,1278444.8,Pending
SO06899,CUST00381,PROD0083,2026-01-18,505,19540.09,9867745.45,Delivered
SO06900,CUST00021,PROD0067,2026-08-12,368,6966.76,2563767.68,Delivered
SO06901,CUST00096,PROD0057,2026-03-03,198,22770.05,4508469.9,Cancelled
SO06902,CUST00038,PROD0179,2025-08-05,160,1328.28,212524.8,Shipped
SO06903,CUST00064,PROD0031,2026-07-23,699,3279.84,2292608.16,Delivered
SO06904,CUST00251,PROD0121,2026-07-10,196,26151.08,5125611.68,Cancelled
SO06905,CUST00014,PROD0009,2026-07-16,457,26837.78,12264865.46,Shipped
SO06906,CUST00308,PROD0133,2026-07-27,97,19569.62,1898253.14,Shipped
SO06907,CUST00397,PROD0116,2026-07-20,12,7665.11,91981.32,Delivered
SO06908,CUST00483,PROD0111,2026-01-30,522,10677.36,5573581.92,Delivered
SO06909,CUST00422,PROD0051,2025-07-24,91,23635.5,2150830.5,Delivered
SO06910,CUST00110,PROD0058,2026-07-10,546,2077.14,1134118.44,Delivered
SO06911,CUST00404,PROD0076,2025-05-24,621,8827.51,5481883.71,Delivered
SO06912,CUST00028,PROD0093,2025-10-03,313,5406.64,1692278.32,Processing
SO06913,CUST00193,PROD0160,2025-10-14,530,11191.11,5931288.3,Delivered
SO06914,CUST00264,PROD0073,2025-09-09,255,13302.2,3392061.0,Pending
SO06915,CUST00092,PROD0095,2026-05-14,739,1245.51,920431.89,Delivered
SO06916,CUST00395,PROD0060,2025-12-11,683,25727.98,17572210.34,Processing
SO06917,CUST00212,PROD0040,2026-08-08,19,11125.42,211382.98,Delivered
SO06918,CUST00019,PROD0042,2025-08-19,12,17487.13,209845.56,Shipped
SO06919,CUST00195,PROD0169,2025-05-19,549,21908.27,12027640.23,Pending
SO06920,CUST00433,PROD0029,2025-03-03,503,8117.78,4083243.34,Delivered
SO06921,CUST00187,PROD0091,2026-01-08,51,31283.89,1595478.39,Processing
SO06922,CUST00423,PROD0181,2025-04-05,478,38494.16,18400208.48,Pending
SO06923,CUST00155,PROD0041,2025-04-04,396,35398.67,14017873.32,Delivered
SO06924,CUST00117,PROD0106,2025-11-10,507,1486.44,753625.08,Shipped
SO06925,CUST00323,PROD0197,2025-09-21,716,20821.68,14908322.88,Delivered
SO06926,CUST00028,PROD0162,2025-02-11,183,12015.76,2198884.08,Delivered
SO06927,CUST00317,PROD0027,2025-10-10,208,24729.69,5143775.52,Shipped
SO06928,CUST00133,PROD0135,2026-05-04,607,3360.77,2039987.39,Delivered
SO06929,CUST00191,PROD0039,2025-05-24,504,7209.9,3633789.6,Delivered
SO06930,CUST00251,PROD0194,2026-03-30,599,20412.64,12227171.36,Delivered
SO06931,CUST00227,PROD0045,2025-08-25,367,10999.67,4036878.89,Delivered
SO06932,CUST00255,PROD0051,2025-08-02,264,21389.12,5646727.68,Delivered
SO06933,CUST00312,PROD0019,2026-07-21,633,23248.43,14716256.19,Shipped
SO06934,CUST00474,PROD0007,2025-02-01,173,19027.43,3291745.39,Delivered
SO06935,CUST00412,PROD0034,2025-03-15,461,2293.92,1057497.12,Shipped
SO06936,CUST00493,PROD0102,2026-02-03,137,16540.92,2266106.04,Processing
SO06937,CUST00279,PROD0121,2026-04-28,303,20732.21,6281859.63,Delivered
SO06938,CUST00160,PROD0129,2026-05-31,294,16774.34,4931655.96,Processing
SO06939,CUST00405,PROD0125,2025-06-29,260,10639.54,2766280.4,Cancelled
SO06940,CUST00040,PROD0182,2025-06-02,637,12559.96,8000694.52,Shipped
SO06941,CUST00441,PROD0122,2025-10-22,571,19186.71,10955611.41,Pending
SO06942,CUST00104,PROD0111,2025-03-30,492,8560.03,4211534.76,Delivered
SO06943,CUST00269,PROD0076,2026-03-04,603,8587.39,5178196.17,Processing
SO06944,CUST00307,PROD0165,2026-08-04,78,33267.71,2594881.38,Delivered
SO06945,CUST00354,PROD0136,2025-08-30,705,15962.14,11253308.7,Delivered
SO06946,CUST00045,PROD0079,2025-11-12,359,30452.65,10932501.35,Shipped
SO06947,CUST00303,PROD0120,2025-01-04,245,8990.41,2202650.45,Delivered
SO06948,CUST00309,PROD0134,2025-02-17,489,27627.09,13509647.01,Pending
SO06949,CUST00083,PROD0181,2026-06-11,281,38401.16,10790725.96,Pending
SO06950,CUST00185,PROD0192,2026-07-14,160,4479.27,716683.2,Delivered
SO06951,CUST00322,PROD0171,2026-04-02,237,14989.69,3552556.53,Pending
SO06952,CUST00451,PROD0054,2026-02-04,675,21642.17,14608464.75,Delivered
SO06953,CUST00292,PROD0111,2025-09-21,347,10318.83,3580634.01,Delivered
SO06954,CUST00008,PROD0019,2025-03-27,382,23960.55,9152930.1,Delivered
SO06955,CUST00443,PROD0161,2025-03-17,544,10726.5,5835216.0,Pending
SO06956,CUST00182,PROD0139,2026-08-22,546,11061.57,6039617.22,Delivered
SO06957,CUST00270,PROD0106,2026-07-29,394,1231.47,485199.18,Shipped
SO06958,CUST00119,PROD0038,2025-06-27,243,30501.19,7411789.17,Delivered
SO06959,CUST00337,PROD0150,2025-09-10,337,33641.75,11337269.75,Delivered
SO06960,CUST00295,PROD0175,2025-09-28,294,3281.77,964840.38,Delivered
SO06961,CUST00241,PROD0103,2025-03-23,559,22014.77,12306256.43,Delivered
SO06962,CUST00388,PROD0168,2025-03-30,220,14346.59,3156249.8,Delivered
SO06963,CUST00435,PROD0124,2025-02-25,193,4237.24,817787.32,Delivered
SO06964,CUST00143,PROD0047,2025-03-22,229,25356.11,5806549.19,Delivered
SO06965,CUST00363,PROD0088,2025-10-10,697,3835.72,2673496.84,Pending
SO06966,CUST00443,PROD0167,2026-01-19,126,31129.3,3922291.8,Delivered
SO06967,CUST00388,PROD0165,2025-08-26,199,25662.39,5106815.61,Delivered
SO06968,CUST00431,PROD0130,2025-09-26,467,30973.49,14464619.83,Delivered
SO06969,CUST00491,PROD0096,2025-04-03,577,2148.52,1239696.04,Delivered
SO06970,CUST00172,PROD0163,2025-12-28,689,5438.11,3746857.79,Shipped
SO06971,CUST00401,PROD0143,2025-05-29,397,21766.67,8641367.99,Delivered
SO06972,CUST00223,PROD0014,2025-08-10,117,19603.11,2293563.87,Delivered
SO06973,CUST00467,PROD0041,2026-05-11,178,35694.79,6353672.62,Delivered
SO06974,CUST00170,PROD0052,2025-10-18,102,21587.38,2201912.76,Shipped
SO06975,CUST00042,PROD0099,2025-11-21,289,2863.78,827632.42,Pending
SO06976,CUST00281,PROD0170,2025-04-11,16,22474.3,359588.8,Delivered
SO06977,CUST00015,PROD0133,2025-01-11,333,18697.02,6226107.66,Processing
SO06978,CUST00341,PROD0170,2025-01-14,620,18525.85,11486027.0,Delivered
SO06979,CUST00390,PROD0158,2026-04-23,408,29843.59,12176184.72,Shipped
SO06980,CUST00020,PROD0162,2026-08-29,631,11226.2,7083732.2,Processing
SO06981,CUST00219,PROD0085,2026-08-29,590,4351.18,2567196.2,Delivered
SO06982,CUST00285,PROD0128,2025-04-18,23,18353.39,422127.97,Shipped
SO06983,CUST00236,PROD0133,2026-06-20,79,16110.31,1272714.49,Pending
SO06984,CUST00477,PROD0175,2026-08-22,124,3362.22,416915.28,Processing
SO06985,CUST00452,PROD0083,2026-03-10,444,19711.61,8751954.84,Shipped
SO06986,CUST00461,PROD0111,2026-06-23,441,10028.62,4422621.42,Pending
SO06987,CUST00169,PROD0031,2026-07-02,750,2705.64,2029230.0,Delivered
SO06988,CUST00495,PROD0143,2025-07-26,377,20803.47,7842908.19,Processing
SO06989,CUST00314,PROD0077,2026-04-25,62,21473.96,1331385.52,Pending
SO06990,CUST00478,PROD0180,2025-10-23,86,16443.97,1414181.42,Pending
SO06991,CUST00264,PROD0150,2026-02-13,571,29228.71,16689593.41,Delivered
SO06992,CUST00329,PROD0024,2026-07-21,83,5898.77,489597.91,Shipped
SO06993,CUST00433,PROD0137,2026-05-17,502,23972.14,12034014.28,Processing
SO06994,CUST00287,PROD0199,2025-02-26,329,8194.36,2695944.44,Delivered
SO06995,CUST00443,PROD0106,2026-02-18,464,1427.36,662295.04,Shipped
SO06996,CUST00293,PROD0082,2026-01-25,298,18098.43,5393332.14,Delivered
SO06997,CUST00390,PROD0188,2025-07-25,295,35020.36,10331006.2,Shipped
SO06998,CUST00101,PROD0157,2026-07-28,670,28588.85,19154529.5,Delivered
SO06999,CUST00237,PROD0025,2025-12-19,226,21668.03,4896974.78,Processing
SO07000,CUST00238,PROD0006,2025-12-28,47,17582.42,826373.74,Processing
SO07001,CUST00178,PROD0017,2025-10-27,641,19753.75,12662153.75,Shipped
SO07002,CUST00090,PROD0057,2025-03-05,532,29824.02,15866378.64,Shipped
SO07003,CUST00315,PROD0174,2026-07-03,194,27054.93,5248656.42,Processing
SO07004,CUST00375,PROD0120,2025-10-30,402,9213.0,3703626.0,Delivered
SO07005,CUST00294,PROD0102,2025-01-03,716,19890.18,14241368.88,Shipped
SO07006,CUST00074,PROD0145,2026-03-09,165,12973.41,2140612.65,Shipped
SO07007,CUST00402,PROD0183,2026-08-05,366,2902.69,1062384.54,Delivered
SO07008,CUST00439,PROD0002,2025-05-02,742,9970.01,7397747.42,Pending
SO07009,CUST00093,PROD0184,2025-07-24,456,23399.68,10670254.08,Shipped
SO07010,CUST00222,PROD0102,2025-02-11,475,16510.08,7842288.0,Delivered
SO07011,CUST00332,PROD0004,2026-08-19,373,4777.72,1782089.56,Processing
SO07012,CUST00124,PROD0117,2025-01-17,332,16200.42,5378539.44,Delivered
SO07013,CUST00192,PROD0177,2025-09-19,63,30142.41,1898971.83,Shipped
SO07014,CUST00105,PROD0002,2026-06-13,736,9356.84,6886634.24,Pending
SO07015,CUST00134,PROD0133,2026-08-01,126,19546.23,2462824.98,Pending
SO07016,CUST00143,PROD0149,2025-02-22,706,21447.99,15142280.94,Delivered
SO07017,CUST00070,PROD0115,2025-11-02,738,13176.31,9724116.78,Delivered
SO07018,CUST00480,PROD0018,2026-08-22,440,32782.22,14424176.8,Pending
SO07019,CUST00232,PROD0178,2025-08-06,631,29139.59,18387081.29,Pending
SO07020,CUST00138,PROD0194,2025-02-06,459,15130.77,6945023.43,Delivered
SO07021,CUST00480,PROD0138,2026-06-28,571,25952.94,14819128.74,Cancelled
SO07022,CUST00227,PROD0145,2026-08-16,500,12125.74,6062870.0,Processing
SO07023,CUST00244,PROD0010,2026-03-27,71,13940.77,989794.67,Delivered
SO07024,CUST00352,PROD0045,2025-11-04,274,10448.47,2862880.78,Delivered
SO07025,CUST00318,PROD0147,2025-05-10,223,3174.15,707835.45,Delivered
SO07026,CUST00207,PROD0121,2025-08-08,669,25504.16,17062283.04,Pending
SO07027,CUST00302,PROD0048,2025-02-06,748,21175.15,15839012.2,Shipped
SO07028,CUST00076,PROD0128,2025-09-27,25,17265.99,431649.75,Processing
SO07029,CUST00355,PROD0132,2025-04-21,125,30200.12,3775015.0,Delivered
SO07030,CUST00097,PROD0008,2025-10-13,468,26442.71,12375188.28,Pending
SO07031,CUST00329,PROD0056,2026-07-18,43,34332.71,1476306.53,Shipped
SO07032,CUST00177,PROD0007,2025-11-11,563,18071.75,10174395.25,Processing
SO07033,CUST00352,PROD0154,2026-01-02,558,4240.64,2366277.12,Delivered
SO07034,CUST00284,PROD0025,2026-01-13,610,22754.83,13880446.3,Delivered
SO07035,CUST00349,PROD0180,2026-07-19,307,14963.95,4593932.65,Delivered
SO07036,CUST00451,PROD0040,2026-07-14,175,11926.41,2087121.75,Shipped
SO07037,CUST00497,PROD0066,2026-02-13,170,1234.81,209917.7,Delivered
SO07038,CUST00143,PROD0119,2026-02-22,96,12626.06,1212101.76,Cancelled
SO07039,CUST00150,PROD0036,2026-05-13,397,12836.61,5096134.17,Pending
SO07040,CUST00460,PROD0077,2026-07-12,55,30359.26,1669759.3,Delivered
SO07041,CUST00468,PROD0039,2025-03-28,277,7228.07,2002175.39,Delivered
SO07042,CUST00343,PROD0010,2026-03-20,103,13028.1,1341894.3,Processing
SO07043,CUST00427,PROD0142,2025-04-28,108,22332.73,2411934.84,Delivered
SO07044,CUST00204,PROD0046,2026-04-13,104,7208.13,749645.52,Pending
SO07045,CUST00313,PROD0167,2026-02-14,738,22768.64,16803256.32,Shipped
SO07046,CUST00193,PROD0144,2025-04-05,278,27261.49,7578694.22,Shipped
SO07047,CUST00025,PROD0098,2025-06-10,200,15790.88,3158176.0,Delivered
SO07048,CUST00471,PROD0152,2025-02-05,134,9562.23,1281338.82,Delivered
SO07049,CUST00183,PROD0192,2026-08-23,305,3634.73,1108592.65,Delivered
SO07050,CUST00440,PROD0136,2026-03-23,719,13663.71,9824207.49,Delivered
SO07051,CUST00414,PROD0101,2026-08-10,127,4753.18,603653.86,Processing
SO07052,CUST00406,PROD0195,2025-10-11,469,12161.79,5703879.51,Delivered
SO07053,CUST00346,PROD0054,2026-05-19,70,23711.86,1659830.2,Processing
SO07054,CUST00019,PROD0112,2026-05-18,49,2919.51,143055.99,Delivered
SO07055,CUST00108,PROD0114,2025-01-18,289,18704.21,5405516.69,Shipped
SO07056,CUST00038,PROD0148,2026-05-02,640,26488.61,16952710.4,Delivered
SO07057,CUST00103,PROD0073,2026-05-04,716,11117.53,7960151.48,Processing
SO07058,CUST00075,PROD0024,2025-09-18,102,5657.29,577043.58,Delivered
SO07059,CUST00396,PROD0020,2026-07-26,237,10086.84,2390581.08,Shipped
SO07060,CUST00306,PROD0034,2025-11-16,608,1891.15,1149819.2,Delivered
SO07061,CUST00416,PROD0057,2026-06-15,578,24963.76,14429053.28,Delivered
SO07062,CUST00373,PROD0068,2025-08-14,147,28132.96,4135545.12,Delivered
SO07063,CUST00341,PROD0172,2025-11-01,583,6664.62,3885473.46,Pending
SO07064,CUST00356,PROD0114,2025-11-19,100,15571.17,1557117.0,Pending
SO07065,CUST00407,PROD0008,2025-02-20,287,35332.69,10140482.03,Pending
SO07066,CUST00185,PROD0042,2026-08-09,270,17530.75,4733302.5,Delivered
SO07067,CUST00403,PROD0181,2025-10-15,732,36482.83,26705431.56,Delivered
SO07068,CUST00470,PROD0102,2026-02-23,224,18072.84,4048316.16,Delivered
SO07069,CUST00022,PROD0024,2026-05-28,143,6730.42,962450.06,Delivered
SO07070,CUST00124,PROD0091,2025-08-01,506,31424.85,15900974.1,Processing
SO07071,CUST00318,PROD0070,2026-05-04,612,16763.08,10259004.96,Pending
SO07072,CUST00183,PROD0108,2026-04-17,288,14451.47,4162023.36,Delivered
SO07073,CUST00204,PROD0113,2026-01-22,262,39563.99,10365765.38,Shipped
SO07074,CUST00155,PROD0180,2025-08-14,523,13111.68,6857408.64,Pending
SO07075,CUST00466,PROD0004,2025-10-13,218,3568.81,778000.58,Shipped
SO07076,CUST00057,PROD0109,2025-06-15,719,10988.01,7900379.19,Delivered
SO07077,CUST00447,PROD0174,2025-05-20,291,35547.42,10344299.22,Delivered
SO07078,CUST00062,PROD0079,2025-05-17,409,24378.28,9970716.52,Delivered
SO07079,CUST00264,PROD0050,2026-08-09,323,5226.81,1688259.63,Delivered
SO07080,CUST00172,PROD0129,2025-02-24,103,21098.26,2173120.78,Pending
SO07081,CUST00217,PROD0094,2025-07-16,78,15643.93,1220226.54,Delivered
SO07082,CUST00166,PROD0153,2025-02-28,683,24641.73,16830301.59,Pending
SO07083,CUST00212,PROD0091,2026-05-08,210,34767.89,7301256.9,Processing
SO07084,CUST00019,PROD0083,2025-02-03,470,23663.92,11122042.4,Delivered
SO07085,CUST00047,PROD0005,2025-09-19,556,27584.92,15337215.52,Delivered
SO07086,CUST00170,PROD0016,2026-08-28,674,17905.15,12068071.1,Delivered
SO07087,CUST00140,PROD0096,2025-11-28,115,2282.08,262439.2,Delivered
SO07088,CUST00020,PROD0033,2025-10-09,743,5720.37,4250234.91,Pending
SO07089,CUST00496,PROD0187,2025-06-29,153,29300.86,4483031.58,Delivered
SO07090,CUST00171,PROD0150,2026-07-29,330,25209.23,8319045.9,Delivered
SO07091,CUST00075,PROD0194,2025-04-13,715,19753.01,14123402.15,Delivered
SO07092,CUST00183,PROD0148,2026-08-11,629,35791.73,22512998.17,Shipped
SO07093,CUST00397,PROD0045,2026-08-08,275,9517.62,2617345.5,Shipped
SO07094,CUST00222,PROD0101,2025-04-24,347,4103.97,1424077.59,Shipped
SO07095,CUST00415,PROD0012,2026-01-24,121,11568.36,1399771.56,Delivered
SO07096,CUST00393,PROD0001,2026-04-27,210,6699.26,1406844.6,Delivered
SO07097,CUST00078,PROD0178,2025-09-12,364,25581.08,9311513.12,Delivered
SO07098,CUST00449,PROD0074,2025-03-14,274,40785.85,11175322.9,Shipped
SO07099,CUST00241,PROD0149,2025-05-05,160,24864.44,3978310.4,Shipped
SO07100,CUST00038,PROD0080,2025-12-13,559,5388.95,3012423.05,Delivered
SO07101,CUST00460,PROD0105,2025-10-29,567,20364.34,11546580.78,Delivered
SO07102,CUST00061,PROD0127,2025-04-29,241,28773.7,6934461.7,Delivered
SO07103,CUST00107,PROD0140,2026-01-19,264,1272.4,335913.6,Pending
SO07104,CUST00167,PROD0161,2026-01-07,599,13184.21,7897341.79,Pending
SO07105,CUST00046,PROD0051,2025-08-18,681,20607.39,14033632.59,Delivered
SO07106,CUST00497,PROD0185,2025-03-18,190,6671.15,1267518.5,Delivered
SO07107,CUST00195,PROD0179,2026-01-26,398,1063.53,423284.94,Processing
SO07108,CUST00473,PROD0178,2025-07-26,387,34112.27,13201448.49,Delivered
SO07109,CUST00304,PROD0071,2025-08-21,265,12684.58,3361413.7,Delivered
SO07110,CUST00430,PROD0075,2025-03-20,430,26493.96,11392402.8,Shipped
SO07111,CUST00176,PROD0184,2025-01-10,567,24921.05,14130235.35,Processing
SO07112,CUST00479,PROD0116,2025-09-21,382,6371.42,2433882.44,Delivered
SO07113,CUST00015,PROD0123,2025-03-05,304,34147.35,10380794.4,Pending
SO07114,CUST00190,PROD0061,2025-07-13,217,7281.31,1580044.27,Delivered
SO07115,CUST00466,PROD0160,2026-03-15,282,8971.81,2530050.42,Delivered
SO07116,CUST00257,PROD0008,2025-04-24,690,25233.46,17411087.4,Shipped
SO07117,CUST00189,PROD0138,2026-01-31,146,22512.53,3286829.38,Delivered
SO07118,CUST00378,PROD0062,2026-06-07,519,27209.85,14121912.15,Shipped
SO07119,CUST00046,PROD0037,2026-01-20,204,15224.45,3105787.8,Shipped
SO07120,CUST00250,PROD0157,2026-06-18,3,30006.04,90018.12,Delivered
SO07121,CUST00022,PROD0180,2025-07-30,611,12867.05,7861767.55,Pending
SO07122,CUST00129,PROD0175,2026-08-03,689,3503.54,2413939.06,Delivered
SO07123,CUST00199,PROD0110,2025-09-12,414,29055.03,12028782.42,Delivered
SO07124,CUST00388,PROD0155,2025-08-07,415,11304.68,4691442.2,Shipped
SO07125,CUST00127,PROD0053,2026-02-11,558,3955.46,2207146.68,Delivered
SO07126,CUST00012,PROD0031,2026-05-17,685,2336.87,1600755.95,Delivered
SO07127,CUST00435,PROD0182,2025-07-21,368,14424.22,5308112.96,Shipped
SO07128,CUST00459,PROD0159,2025-07-15,233,8995.78,2096016.74,Delivered
SO07129,CUST00088,PROD0132,2026-04-01,153,29871.73,4570374.69,Processing
SO07130,CUST00062,PROD0197,2026-06-08,360,28331.03,10199170.8,Delivered
SO07131,CUST00008,PROD0076,2026-01-27,56,7066.3,395712.8,Shipped
SO07132,CUST00157,PROD0118,2025-10-16,476,39041.6,18583801.6,Delivered
SO07133,CUST00041,PROD0053,2026-07-10,246,3602.43,886197.78,Processing
SO07134,CUST00317,PROD0151,2025-06-12,159,5069.59,806064.81,Shipped
SO07135,CUST00119,PROD0084,2025-05-14,46,11442.73,526365.58,Processing
SO07136,CUST00388,PROD0152,2025-08-09,254,10797.44,2742549.76,Delivered
SO07137,CUST00014,PROD0101,2026-02-03,717,3804.6,2727898.2,Delivered
SO07138,CUST00361,PROD0038,2026-07-10,236,27317.53,6446937.08,Processing
SO07139,CUST00152,PROD0121,2026-08-23,716,24572.58,17593967.28,Shipped
SO07140,CUST00143,PROD0091,2026-04-28,263,37124.69,9763793.47,Delivered
SO07141,CUST00441,PROD0050,2025-01-16,680,3820.68,2598062.4,Processing
SO07142,CUST00211,PROD0130,2026-07-10,395,30583.96,12080664.2,Delivered
SO07143,CUST00475,PROD0133,2025-11-15,117,19311.96,2259499.32,Delivered
SO07144,CUST00151,PROD0083,2026-02-27,292,20074.28,5861689.76,Cancelled
SO07145,CUST00236,PROD0127,2025-05-14,128,29748.03,3807747.84,Shipped
SO07146,CUST00488,PROD0163,2025-03-24,125,4893.4,611675.0,Processing
SO07147,CUST00425,PROD0186,2025-04-24,233,7272.6,1694515.8,Delivered
SO07148,CUST00242,PROD0042,2026-04-02,593,17367.77,10299087.61,Processing
SO07149,CUST00442,PROD0080,2025-10-18,45,6868.29,309073.05,Delivered
SO07150,CUST00229,PROD0200,2025-09-19,714,27875.49,19903099.86,Delivered
SO07151,CUST00046,PROD0176,2025-07-23,606,17492.64,10600539.84,Delivered
SO07152,CUST00181,PROD0132,2025-05-27,560,22193.77,12428511.2,Shipped
SO07153,CUST00353,PROD0068,2025-09-22,175,35777.91,6261134.25,Cancelled
SO07154,CUST00434,PROD0008,2026-06-04,271,29500.28,7994575.88,Processing
SO07155,CUST00500,PROD0045,2025-04-04,556,12991.66,7223362.96,Processing
SO07156,CUST00060,PROD0042,2026-01-17,112,21608.39,2420139.68,Shipped
SO07157,CUST00463,PROD0079,2026-05-04,654,33393.16,21839126.64,Pending
SO07158,CUST00491,PROD0109,2026-01-19,744,13250.61,9858453.84,Delivered
SO07159,CUST00437,PROD0129,2025-05-08,223,21238.8,4736252.4,Delivered
SO07160,CUST00235,PROD0011,2025-11-07,727,21744.56,15808295.12,Pending
SO07161,CUST00336,PROD0177,2025-05-07,167,24378.49,4071207.83,Delivered
SO07162,CUST00095,PROD0029,2026-06-06,141,7349.34,1036256.94,Pending
SO07163,CUST00264,PROD0031,2026-01-12,247,3289.54,812516.38,Pending
SO07164,CUST00318,PROD0170,2026-04-01,339,17048.95,5779594.05,Shipped
SO07165,CUST00325,PROD0047,2026-03-19,720,23617.67,17004722.4,Delivered
SO07166,CUST00188,PROD0093,2025-02-02,519,6265.07,3251571.33,Delivered
SO07167,CUST00305,PROD0017,2026-01-07,582,27115.45,15781191.9,Processing
SO07168,CUST00496,PROD0081,2026-06-14,367,1460.71,536080.57,Delivered
SO07169,CUST00314,PROD0113,2025-06-09,495,37281.94,18454560.3,Delivered
SO07170,CUST00407,PROD0142,2026-08-23,291,24893.37,7243970.67,Shipped
SO07171,CUST00432,PROD0073,2025-11-18,140,11164.64,1563049.6,Delivered
SO07172,CUST00374,PROD0129,2025-10-29,743,22128.1,16441178.3,Pending
SO07173,CUST00057,PROD0048,2026-08-15,615,22584.25,13889313.75,Shipped
SO07174,CUST00206,PROD0115,2026-07-31,245,11384.78,2789271.1,Delivered
SO07175,CUST00234,PROD0008,2025-08-30,648,30303.49,19636661.52,Delivered
SO07176,CUST00027,PROD0001,2025-07-31,642,6533.32,4194391.44,Delivered
SO07177,CUST00495,PROD0092,2025-12-29,489,10288.14,5030900.46,Delivered
SO07178,CUST00333,PROD0031,2026-01-19,403,3162.01,1274290.03,Delivered
SO07179,CUST00354,PROD0109,2025-12-23,651,13731.57,8939252.07,Delivered
SO07180,CUST00379,PROD0097,2026-07-25,211,22903.12,4832558.32,Pending
SO07181,CUST00122,PROD0165,2025-02-22,17,28176.59,479002.03,Delivered
SO07182,CUST00219,PROD0171,2026-06-13,723,13586.65,9823147.95,Delivered
SO07183,CUST00233,PROD0030,2026-06-08,698,16555.24,11555557.52,Pending
SO07184,CUST00465,PROD0006,2025-09-22,342,18533.46,6338443.32,Shipped
SO07185,CUST00321,PROD0142,2026-06-29,417,24660.06,10283245.02,Delivered
SO07186,CUST00260,PROD0132,2025-07-10,655,25508.24,16707897.2,Shipped
SO07187,CUST00081,PROD0119,2026-04-02,280,12439.33,3483012.4,Delivered
SO07188,CUST00450,PROD0076,2025-09-09,93,6524.18,606748.74,Delivered
SO07189,CUST00483,PROD0143,2026-07-29,177,26865.21,4755142.17,Delivered
SO07190,CUST00191,PROD0023,2025-08-30,489,26026.56,12726987.84,Processing
SO07191,CUST00228,PROD0067,2026-08-03,347,6052.88,2100349.36,Cancelled
SO07192,CUST00310,PROD0123,2025-01-21,51,32998.09,1682902.59,Pending
SO07193,CUST00026,PROD0178,2025-09-22,485,30653.71,14867049.35,Delivered
SO07194,CUST00349,PROD0083,2025-06-27,235,22210.09,5219371.15,Cancelled
SO07195,CUST00050,PROD0084,2025-04-19,337,12442.09,4192984.33,Delivered
SO07196,CUST00323,PROD0008,2025-09-24,141,36493.31,5145556.71,Processing
SO07197,CUST00028,PROD0030,2025-07-08,371,17174.29,6371661.59,Delivered
SO07198,CUST00458,PROD0132,2025-01-31,668,29708.78,19845465.04,Processing
SO07199,CUST00057,PROD0020,2025-07-15,445,9012.26,4010455.7,Delivered
SO07200,CUST00181,PROD0033,2025-05-07,151,6099.79,921068.29,Cancelled
SO07201,CUST00135,PROD0084,2025-07-30,57,13375.96,762429.72,Processing
SO07202,CUST00015,PROD0176,2026-03-09,492,17485.96,8603092.32,Pending
SO07203,CUST00250,PROD0197,2025-08-11,393,23594.24,9272536.32,Delivered
SO07204,CUST00449,PROD0016,2026-07-29,394,16902.24,6659482.56,Delivered
SO07205,CUST00368,PROD0016,2025-12-18,729,14887.2,10852768.8,Delivered
SO07206,CUST00046,PROD0139,2025-04-08,235,11596.72,2725229.2,Shipped
SO07207,CUST00424,PROD0179,2025-01-23,100,1315.62,131562.0,Shipped
SO07208,CUST00233,PROD0159,2025-02-11,21,8001.35,168028.35,Pending
SO07209,CUST00455,PROD0194,2026-08-02,197,16303.5,3211789.5,Delivered
SO07210,CUST00379,PROD0038,2025-07-14,298,25449.26,7583879.48,Delivered
SO07211,CUST00081,PROD0040,2026-01-02,298,14314.15,4265616.7,Delivered
SO07212,CUST00477,PROD0067,2025-09-12,81,6844.77,554426.37,Processing
SO07213,CUST00071,PROD0107,2025-04-17,750,23022.27,17266702.5,Delivered
SO07214,CUST00190,PROD0139,2026-01-29,713,11804.99,8416957.87,Pending
SO07215,CUST00242,PROD0062,2025-06-28,550,24839.96,13661978.0,Cancelled
SO07216,CUST00404,PROD0129,2026-02-24,560,17868.3,10006248.0,Delivered
SO07217,CUST00497,PROD0157,2026-02-24,275,24100.49,6627634.75,Delivered
SO07218,CUST00225,PROD0014,2025-10-08,622,22414.28,13941682.16,Pending
SO07219,CUST00252,PROD0146,2026-01-19,682,24454.58,16678023.56,Delivered
SO07220,CUST00093,PROD0162,2025-04-17,250,11798.5,2949625.0,Delivered
SO07221,CUST00420,PROD0166,2025-09-20,623,25255.48,15734164.04,Delivered
SO07222,CUST00334,PROD0178,2026-04-20,567,26773.15,15180376.05,Delivered
SO07223,CUST00135,PROD0065,2026-05-30,611,9020.37,5511446.07,Delivered
SO07224,CUST00415,PROD0193,2025-06-22,240,13751.32,3300316.8,Pending
SO07225,CUST00059,PROD0080,2026-05-01,672,6029.48,4051810.56,Delivered
SO07226,CUST00335,PROD0173,2025-02-02,154,23002.72,3542418.88,Delivered
SO07227,CUST00040,PROD0130,2025-03-18,256,31622.24,8095293.44,Pending
SO07228,CUST00017,PROD0131,2025-03-10,75,14782.84,1108713.0,Pending
SO07229,CUST00050,PROD0178,2026-07-07,664,31711.55,21056469.2,Delivered
SO07230,CUST00058,PROD0029,2025-02-26,46,8311.06,382308.76,Delivered
SO07231,CUST00142,PROD0179,2025-10-02,260,1123.85,292201.0,Pending
SO07232,CUST00397,PROD0173,2025-08-24,138,21218.55,2928159.9,Delivered
SO07233,CUST00499,PROD0178,2025-04-02,66,29579.69,1952259.54,Shipped
SO07234,CUST00491,PROD0023,2025-03-19,8,31727.97,253823.76,Delivered
SO07235,CUST00206,PROD0091,2025-05-16,538,35026.15,18844068.7,Delivered
SO07236,CUST00175,PROD0092,2026-02-21,91,8537.45,776907.95,Delivered
SO07237,CUST00436,PROD0001,2025-01-12,8,7903.73,63229.84,Processing
SO07238,CUST00335,PROD0121,2026-06-18,658,21789.86,14337727.88,Shipped
SO07239,CUST00158,PROD0062,2025-04-20,469,32254.94,15127566.86,Delivered
SO07240,CUST00260,PROD0095,2025-07-03,334,1446.68,483191.12,Delivered
SO07241,CUST00494,PROD0186,2026-08-17,702,6666.59,4679946.18,Pending
SO07242,CUST00289,PROD0060,2025-10-13,364,20253.31,7372204.84,Processing
SO07243,CUST00370,PROD0127,2025-02-15,206,25053.05,5160928.3,Delivered
SO07244,CUST00303,PROD0173,2025-03-15,623,24434.07,15222425.61,Delivered
SO07245,CUST00232,PROD0064,2026-04-28,91,24961.15,2271464.65,Shipped
SO07246,CUST00354,PROD0050,2025-11-23,466,5294.19,2467092.54,Delivered
SO07247,CUST00113,PROD0054,2026-08-18,339,27438.07,9301505.73,Delivered
SO07248,CUST00342,PROD0018,2025-12-22,641,26140.44,16756022.04,Delivered
SO07249,CUST00254,PROD0068,2025-01-21,442,34823.25,15391876.5,Delivered
SO07250,CUST00301,PROD0118,2025-08-21,638,37728.35,24070687.3,Pending
SO07251,CUST00275,PROD0021,2026-06-19,107,14551.62,1557023.34,Processing
SO07252,CUST00388,PROD0192,2025-04-09,49,4381.45,214691.05,Pending
SO07253,CUST00166,PROD0171,2025-02-02,592,19020.14,11259922.88,Pending
SO07254,CUST00338,PROD0163,2026-07-03,704,5001.02,3520718.08,Cancelled
SO07255,CUST00129,PROD0037,2025-02-16,378,11837.56,4474597.68,Delivered
SO07256,CUST00209,PROD0152,2026-04-25,734,12424.27,9119414.18,Delivered
SO07257,CUST00068,PROD0096,2025-09-13,278,2653.55,737686.9,Delivered
SO07258,CUST00402,PROD0002,2026-05-13,181,9904.6,1792732.6,Delivered
SO07259,CUST00430,PROD0033,2026-05-23,215,5417.99,1164867.85,Delivered
SO07260,CUST00500,PROD0040,2025-04-30,119,13029.88,1550555.72,Pending
SO07261,CUST00093,PROD0155,2026-03-23,394,11002.33,4334918.02,Delivered
SO07262,CUST00245,PROD0059,2025-07-05,272,24885.05,6768733.6,Processing
SO07263,CUST00335,PROD0068,2025-03-02,175,29292.6,5126205.0,Delivered
SO07264,CUST00149,PROD0101,2025-10-26,4,4622.6,18490.4,Processing
SO07265,CUST00260,PROD0135,2026-02-17,589,3323.65,1957629.85,Processing
SO07266,CUST00075,PROD0019,2025-09-02,639,23425.99,14969207.61,Pending
SO07267,CUST00097,PROD0188,2025-08-23,33,34530.75,1139514.75,Delivered
SO07268,CUST00245,PROD0155,2025-04-08,334,12280.35,4101636.9,Delivered
SO07269,CUST00399,PROD0089,2026-06-29,427,11981.59,5116138.93,Delivered
SO07270,CUST00146,PROD0080,2025-01-15,425,5504.03,2339212.75,Delivered
SO07271,CUST00351,PROD0197,2025-11-13,665,22725.2,15112258.0,Pending
SO07272,CUST00478,PROD0056,2026-02-19,94,28610.2,2689358.8,Shipped
SO07273,CUST00394,PROD0193,2026-01-31,295,18722.16,5523037.2,Processing
SO07274,CUST00032,PROD0057,2025-02-24,225,26506.65,5963996.25,Delivered
SO07275,CUST00137,PROD0033,2026-03-28,120,4569.29,548314.8,Pending
SO07276,CUST00412,PROD0173,2026-03-12,405,18395.22,7450064.1,Pending
SO07277,CUST00014,PROD0178,2026-05-28,549,31838.5,17479336.5,Delivered
SO07278,CUST00386,PROD0034,2025-01-07,742,2380.3,1766182.6,Processing
SO07279,CUST00027,PROD0129,2026-05-25,520,19174.95,9970974.0,Delivered
SO07280,CUST00142,PROD0039,2025-05-25,64,7617.43,487515.52,Delivered
SO07281,CUST00482,PROD0178,2026-07-29,456,32988.69,15042842.64,Delivered
SO07282,CUST00428,PROD0154,2026-01-24,434,4190.68,1818755.12,Pending
SO07283,CUST00116,PROD0072,2026-04-01,635,7210.04,4578375.4,Pending
SO07284,CUST00499,PROD0016,2026-03-23,92,16750.48,1541044.16,Shipped
SO07285,CUST00271,PROD0096,2025-02-15,569,2393.22,1361742.18,Delivered
SO07286,CUST00365,PROD0075,2025-03-11,707,23333.03,16496452.21,Delivered
SO07287,CUST00404,PROD0150,2026-05-24,173,36606.4,6332907.2,Delivered
SO07288,CUST00369,PROD0155,2025-03-08,328,8907.5,2921660.0,Delivered
SO07289,CUST00263,PROD0108,2025-05-06,482,12604.02,6075137.64,Processing
SO07290,CUST00124,PROD0179,2026-06-02,731,1357.0,991967.0,Delivered
SO07291,CUST00035,PROD0198,2025-01-28,448,10176.72,4559170.56,Shipped
SO07292,CUST00482,PROD0067,2025-11-19,474,6232.44,2954176.56,Delivered
SO07293,CUST00284,PROD0024,2025-11-30,718,6382.51,4582642.18,Delivered
SO07294,CUST00284,PROD0024,2025-09-17,234,5041.56,1179725.04,Delivered
SO07295,CUST00453,PROD0099,2025-09-05,148,3046.99,450954.52,Shipped
SO07296,CUST00291,PROD0030,2026-02-05,685,15761.02,10796298.7,Pending
SO07297,CUST00004,PROD0088,2025-09-03,570,4661.96,2657317.2,Delivered
SO07298,CUST00256,PROD0178,2026-07-06,390,25185.32,9822274.8,Delivered
SO07299,CUST00473,PROD0110,2025-10-15,388,25079.4,9730807.2,Pending
SO07300,CUST00223,PROD0176,2025-02-05,720,13143.68,9463449.6,Delivered
SO07301,CUST00439,PROD0018,2026-06-04,385,23925.77,9211421.45,Processing
SO07302,CUST00294,PROD0179,2025-06-02,555,1207.23,670012.65,Delivered
SO07303,CUST00198,PROD0199,2026-03-15,116,8863.92,1028214.72,Delivered
SO07304,CUST00284,PROD0019,2025-03-20,575,27730.29,15944916.75,Delivered
SO07305,CUST00492,PROD0059,2025-02-28,476,26321.08,12528834.08,Shipped
SO07306,CUST00331,PROD0020,2026-01-30,182,8035.06,1462380.92,Delivered
SO07307,CUST00449,PROD0025,2026-02-01,539,22784.36,12280770.04,Shipped
SO07308,CUST00160,PROD0017,2025-05-14,336,25600.62,8601808.32,Delivered
SO07309,CUST00042,PROD0168,2025-06-09,641,13342.43,8552497.63,Shipped
SO07310,CUST00280,PROD0117,2025-08-06,212,12417.75,2632563.0,Shipped
SO07311,CUST00408,PROD0061,2025-02-09,666,5383.98,3585730.68,Pending
SO07312,CUST00302,PROD0114,2026-06-02,617,17790.61,10976806.37,Shipped
SO07313,CUST00117,PROD0120,2026-04-18,473,7467.31,3532037.63,Pending
SO07314,CUST00330,PROD0027,2025-10-31,23,21663.47,498259.81,Pending
SO07315,CUST00071,PROD0009,2026-01-14,491,21060.64,10340774.24,Shipped
SO07316,CUST00382,PROD0002,2025-10-07,198,9708.99,1922380.02,Delivered
SO07317,CUST00356,PROD0021,2025-11-03,198,17062.25,3378325.5,Pending
SO07318,CUST00263,PROD0066,2026-08-31,750,1025.21,768907.5,Delivered
SO07319,CUST00422,PROD0096,2025-05-19,332,2361.53,784027.96,Pending
SO07320,CUST00415,PROD0033,2025-09-19,174,5335.97,928458.78,Cancelled
SO07321,CUST00133,PROD0024,2025-03-14,241,6778.38,1633589.58,Shipped
SO07322,CUST00180,PROD0081,2025-06-01,541,1858.2,1005286.2,Pending
SO07323,CUST00109,PROD0189,2025-08-29,195,10196.07,1988233.65,Delivered
SO07324,CUST00219,PROD0026,2025-12-23,644,32032.48,20628917.12,Delivered
SO07325,CUST00344,PROD0168,2025-05-07,717,11488.25,8237075.25,Delivered
SO07326,CUST00357,PROD0108,2025-07-31,481,16413.37,7894830.97,Processing
SO07327,CUST00093,PROD0191,2026-06-08,128,13208.39,1690673.92,Shipped
SO07328,CUST00372,PROD0162,2026-01-15,181,12433.25,2250418.25,Delivered
SO07329,CUST00040,PROD0027,2025-05-01,529,21954.0,11613666.0,Pending
SO07330,CUST00111,PROD0170,2026-07-17,749,16783.98,12571201.02,Processing
SO07331,CUST00110,PROD0057,2026-08-07,212,22418.06,4752628.72,Shipped
SO07332,CUST00097,PROD0133,2025-03-06,665,17896.2,11900973.0,Processing
SO07333,CUST00483,PROD0109,2026-07-30,22,10551.42,232131.24,Pending
SO07334,CUST00079,PROD0144,2026-06-07,578,26607.35,15379048.3,Pending
SO07335,CUST00326,PROD0031,2026-06-03,559,2379.24,1329995.16,Delivered
SO07336,CUST00473,PROD0165,2025-11-22,532,30709.37,16337384.84,Cancelled
SO07337,CUST00453,PROD0095,2025-09-12,518,1340.49,694373.82,Delivered
SO07338,CUST00269,PROD0199,2026-07-10,463,9551.23,4422219.49,Pending
SO07339,CUST00224,PROD0129,2026-08-31,38,18846.55,716168.9,Processing
SO07340,CUST00027,PROD0046,2026-08-06,287,8087.92,2321233.04,Delivered
SO07341,CUST00476,PROD0052,2025-06-12,672,19814.73,13315498.56,Processing
SO07342,CUST00140,PROD0132,2026-01-26,280,21153.72,5923041.6,Shipped
SO07343,CUST00096,PROD0176,2026-08-21,484,12927.66,6256987.44,Delivered
SO07344,CUST00414,PROD0125,2025-02-11,382,8743.37,3339967.34,Delivered
SO07345,CUST00475,PROD0164,2025-06-06,270,17792.85,4804069.5,Processing
SO07346,CUST00155,PROD0119,2025-04-03,397,11005.61,4369227.17,Processing
SO07347,CUST00423,PROD0103,2025-08-01,195,21922.43,4274873.85,Processing
SO07348,CUST00172,PROD0160,2025-04-21,402,10184.18,4094040.36,Processing
SO07349,CUST00347,PROD0135,2026-03-03,738,4160.48,3070434.24,Delivered
SO07350,CUST00428,PROD0070,2025-09-10,552,19249.03,10625464.56,Pending
SO07351,CUST00167,PROD0062,2025-10-11,432,27519.43,11888393.76,Pending
SO07352,CUST00334,PROD0194,2025-07-12,177,20226.66,3580118.82,Delivered
SO07353,CUST00177,PROD0175,2025-09-24,456,2879.45,1313029.2,Shipped
SO07354,CUST00472,PROD0122,2025-03-15,368,20923.63,7699895.84,Pending
SO07355,CUST00209,PROD0023,2026-01-22,721,28451.79,20513740.59,Shipped
SO07356,CUST00192,PROD0133,2026-02-03,684,15679.88,10725037.92,Processing
SO07357,CUST00356,PROD0156,2026-06-22,730,9035.52,6595929.6,Delivered
SO07358,CUST00023,PROD0099,2026-05-10,120,2177.2,261264.0,Pending
SO07359,CUST00086,PROD0169,2025-06-30,220,20956.13,4610348.6,Delivered
SO07360,CUST00214,PROD0003,2026-08-27,387,25841.63,10000710.81,Processing
SO07361,CUST00089,PROD0046,2025-12-27,602,9768.09,5880390.18,Cancelled
SO07362,CUST00305,PROD0172,2025-01-24,309,7124.38,2201433.42,Delivered
SO07363,CUST00274,PROD0132,2025-10-05,295,26147.78,7713595.1,Shipped
SO07364,CUST00369,PROD0196,2026-02-09,68,29726.75,2021419.0,Processing
SO07365,CUST00226,PROD0192,2025-11-27,324,4384.81,1420678.44,Processing
SO07366,CUST00222,PROD0167,2025-05-14,219,29099.5,6372790.5,Processing
SO07367,CUST00326,PROD0010,2025-01-13,520,15461.21,8039829.2,Delivered
SO07368,CUST00332,PROD0013,2025-08-28,227,14196.79,3222671.33,Cancelled
SO07369,CUST00239,PROD0120,2025-02-05,282,7636.72,2153555.04,Shipped
SO07370,CUST00111,PROD0050,2025-09-14,305,5207.57,1588308.85,Processing
SO07371,CUST00028,PROD0083,2026-04-13,347,18683.21,6483073.87,Delivered
SO07372,CUST00106,PROD0050,2025-07-24,298,5089.89,1516787.22,Cancelled
SO07373,CUST00393,PROD0121,2025-04-02,743,19320.19,14354901.17,Shipped
SO07374,CUST00319,PROD0109,2025-10-23,713,10840.6,7729347.8,Processing
SO07375,CUST00183,PROD0061,2026-06-03,264,5053.61,1334153.04,Delivered
SO07376,CUST00424,PROD0174,2025-05-08,50,28034.42,1401721.0,Shipped
SO07377,CUST00496,PROD0039,2025-11-24,391,6824.11,2668227.01,Delivered
SO07378,CUST00024,PROD0114,2025-03-27,720,18862.32,13580870.4,Processing
SO07379,CUST00241,PROD0122,2025-12-11,527,18942.83,9982871.41,Delivered
SO07380,CUST00495,PROD0009,2025-05-25,381,27762.28,10577428.68,Delivered
SO07381,CUST00047,PROD0133,2025-03-31,430,16499.21,7094660.3,Processing
SO07382,CUST00085,PROD0103,2026-04-27,233,22682.07,5284922.31,Delivered
SO07383,CUST00280,PROD0024,2026-06-06,290,6335.68,1837347.2,Pending
SO07384,CUST00371,PROD0066,2026-03-27,111,1122.31,124576.41,Delivered
SO07385,CUST00353,PROD0033,2026-05-31,475,4461.24,2119089.0,Delivered
SO07386,CUST00397,PROD0050,2025-04-16,113,4620.97,522169.61,Processing
SO07387,CUST00287,PROD0196,2026-07-06,144,28982.66,4173503.04,Shipped
SO07388,CUST00108,PROD0153,2025-10-04,270,28525.53,7701893.1,Delivered
SO07389,CUST00273,PROD0178,2025-04-17,542,27800.63,15067941.46,Processing
SO07390,CUST00163,PROD0072,2025-07-21,484,9140.29,4423900.36,Pending
SO07391,CUST00171,PROD0118,2025-10-20,114,31263.91,3564085.74,Shipped
SO07392,CUST00095,PROD0115,2026-04-03,271,14718.85,3988808.35,Shipped
SO07393,CUST00064,PROD0177,2025-07-26,667,28870.63,19256710.21,Processing
SO07394,CUST00038,PROD0033,2026-03-29,254,4686.22,1190299.88,Delivered
SO07395,CUST00351,PROD0038,2025-04-16,742,22193.39,16467495.38,Delivered
SO07396,CUST00426,PROD0057,2025-06-13,450,24478.02,11015109.0,Shipped
SO07397,CUST00232,PROD0170,2026-04-08,719,23699.42,17039882.98,Delivered
SO07398,CUST00129,PROD0180,2025-04-16,345,17927.86,6185111.7,Processing
SO07399,CUST00043,PROD0056,2026-02-28,405,26865.49,10880523.45,Delivered
SO07400,CUST00289,PROD0193,2026-01-12,34,15905.2,540776.8,Delivered
SO07401,CUST00235,PROD0116,2026-06-02,329,7839.66,2579248.14,Pending
SO07402,CUST00147,PROD0010,2026-05-29,16,13749.88,219998.08,Delivered
SO07403,CUST00500,PROD0176,2025-01-04,612,16231.47,9933659.64,Processing
SO07404,CUST00266,PROD0086,2026-06-17,471,2573.16,1211958.36,Delivered
SO07405,CUST00208,PROD0184,2026-08-09,428,31584.37,13518110.36,Cancelled
SO07406,CUST00294,PROD0053,2026-03-29,596,3939.07,2347685.72,Delivered
SO07407,CUST00345,PROD0050,2026-07-05,398,4703.6,1872032.8,Delivered
SO07408,CUST00298,PROD0133,2026-05-21,612,14187.92,8683007.04,Pending
SO07409,CUST00377,PROD0175,2026-05-14,547,4058.32,2219901.04,Processing
SO07410,CUST00256,PROD0169,2025-01-17,747,19175.17,14323851.99,Cancelled
SO07411,CUST00267,PROD0019,2025-09-07,14,23757.52,332605.28,Shipped
SO07412,CUST00451,PROD0034,2026-02-18,288,1887.11,543487.68,Shipped
SO07413,CUST00313,PROD0086,2025-03-25,697,2310.29,1610272.13,Cancelled
SO07414,CUST00134,PROD0199,2026-01-23,405,9535.88,3862031.4,Pending
SO07415,CUST00211,PROD0177,2025-11-26,198,27968.31,5537725.38,Pending
SO07416,CUST00480,PROD0165,2025-05-29,337,25873.23,8719278.51,Delivered
SO07417,CUST00239,PROD0189,2026-01-27,535,9984.07,5341477.45,Pending
SO07418,CUST00257,PROD0143,2025-10-22,12,26384.51,316614.12,Pending
SO07419,CUST00170,PROD0068,2026-08-15,491,28006.91,13751392.81,Delivered
SO07420,CUST00273,PROD0146,2025-05-11,153,21149.71,3235905.63,Shipped
SO07421,CUST00339,PROD0116,2025-08-15,97,8416.36,816386.92,Pending
SO07422,CUST00099,PROD0174,2025-10-19,516,34769.57,17941098.12,Delivered
SO07423,CUST00126,PROD0185,2025-05-06,473,8200.82,3878987.86,Delivered
SO07424,CUST00312,PROD0041,2025-10-07,549,32483.84,17833628.16,Delivered
SO07425,CUST00401,PROD0189,2025-02-02,586,8436.82,4943976.52,Shipped
SO07426,CUST00252,PROD0058,2025-11-21,542,2669.12,1446663.04,Delivered
SO07427,CUST00162,PROD0028,2026-04-22,181,18083.51,3273115.31,Delivered
SO07428,CUST00044,PROD0082,2025-05-21,585,23647.0,13833495.0,Processing
SO07429,CUST00169,PROD0099,2025-02-18,6,2257.43,13544.58,Delivered
SO07430,CUST00254,PROD0167,2025-10-03,37,23448.13,867580.81,Shipped
SO07431,CUST00122,PROD0187,2025-03-28,196,26953.23,5282833.08,Pending
SO07432,CUST00031,PROD0100,2025-01-18,551,24060.95,13257583.45,Processing
SO07433,CUST00143,PROD0038,2026-02-23,587,29324.13,17213264.31,Processing
SO07434,CUST00168,PROD0094,2026-01-06,41,13877.74,568987.34,Processing
SO07435,CUST00400,PROD0195,2025-06-29,8,8660.97,69287.76,Shipped
SO07436,CUST00069,PROD0169,2026-06-27,132,20777.89,2742681.48,Delivered
SO07437,CUST00063,PROD0057,2026-08-30,41,28451.97,1166530.77,Pending
SO07438,CUST00263,PROD0095,2025-01-01,326,1311.43,427526.18,Processing
SO07439,CUST00063,PROD0149,2025-10-14,193,21344.74,4119534.82,Delivered
SO07440,CUST00141,PROD0026,2026-01-27,384,31384.68,12051717.12,Cancelled
SO07441,CUST00261,PROD0035,2025-05-07,187,14148.0,2645676.0,Delivered
SO07442,CUST00382,PROD0188,2025-06-19,591,28289.38,16719023.58,Delivered
SO07443,CUST00126,PROD0046,2025-05-11,200,10093.45,2018690.0,Delivered
SO07444,CUST00112,PROD0146,2025-05-04,592,24887.04,14733127.68,Delivered
SO07445,CUST00162,PROD0130,2026-07-08,124,29626.16,3673643.84,Delivered
SO07446,CUST00163,PROD0010,2025-08-28,177,12916.37,2286197.49,Shipped
SO07447,CUST00201,PROD0024,2025-03-28,54,6631.84,358119.36,Delivered
SO07448,CUST00174,PROD0058,2026-08-18,699,2149.51,1502507.49,Delivered
SO07449,CUST00313,PROD0123,2025-12-03,515,35781.49,18427467.35,Cancelled
SO07450,CUST00417,PROD0170,2025-07-03,554,17094.28,9470231.12,Delivered
SO07451,CUST00326,PROD0083,2025-09-10,124,21538.23,2670740.52,Processing
SO07452,CUST00353,PROD0181,2025-11-08,126,35589.4,4484264.4,Processing
SO07453,CUST00445,PROD0023,2026-07-05,498,29814.71,14847725.58,Delivered
SO07454,CUST00305,PROD0168,2025-04-19,106,10824.97,1147446.82,Delivered
SO07455,CUST00375,PROD0030,2025-08-03,446,18065.95,8057413.7,Cancelled
SO07456,CUST00342,PROD0075,2025-03-22,113,28505.67,3221140.71,Delivered
SO07457,CUST00346,PROD0144,2025-11-05,535,23758.53,12710813.55,Delivered
SO07458,CUST00341,PROD0090,2025-09-26,390,40214.49,15683651.1,Shipped
SO07459,CUST00323,PROD0007,2025-01-31,631,21412.53,13511306.43,Processing
SO07460,CUST00098,PROD0111,2026-05-22,377,8692.33,3277008.41,Shipped
SO07461,CUST00499,PROD0053,2026-07-31,625,3776.48,2360300.0,Delivered
SO07462,CUST00027,PROD0191,2025-05-10,653,10488.31,6848866.43,Delivered
SO07463,CUST00317,PROD0184,2026-04-21,97,31235.01,3029795.97,Delivered
SO07464,CUST00458,PROD0037,2025-03-15,476,14848.2,7067743.2,Pending
SO07465,CUST00412,PROD0070,2025-11-15,723,13848.97,10012805.31,Delivered
SO07466,CUST00296,PROD0116,2025-12-23,134,6648.09,890844.06,Delivered
SO07467,CUST00159,PROD0198,2025-06-19,646,11586.18,7484672.28,Shipped
SO07468,CUST00342,PROD0051,2026-04-15,17,23287.45,395886.65,Delivered
SO07469,CUST00261,PROD0121,2026-07-16,565,25387.9,14344163.5,Pending
SO07470,CUST00094,PROD0016,2026-08-12,729,16370.8,11934313.2,Pending
SO07471,CUST00279,PROD0180,2025-05-25,353,14210.38,5016264.14,Delivered
SO07472,CUST00207,PROD0193,2025-05-25,95,16095.7,1529091.5,Delivered
SO07473,CUST00337,PROD0066,2026-06-17,328,1179.74,386954.72,Delivered
SO07474,CUST00384,PROD0168,2026-03-19,134,11107.33,1488382.22,Shipped
SO07475,CUST00266,PROD0030,2025-09-26,638,18488.14,11795433.32,Delivered
SO07476,CUST00171,PROD0166,2025-10-25,625,28331.31,17707068.75,Shipped
SO07477,CUST00034,PROD0073,2026-07-17,486,15187.24,7380998.64,Delivered
SO07478,CUST00155,PROD0157,2026-03-21,473,27581.38,13045992.74,Pending
SO07479,CUST00298,PROD0032,2025-05-30,175,11255.44,1969702.0,Processing
SO07480,CUST00422,PROD0063,2025-11-18,229,13814.97,3163628.13,Cancelled
SO07481,CUST00099,PROD0140,2025-08-19,305,1514.17,461821.85,Delivered
SO07482,CUST00214,PROD0154,2025-05-22,465,3799.23,1766641.95,Shipped
SO07483,CUST00061,PROD0013,2025-08-03,730,12810.91,9351964.3,Shipped
SO07484,CUST00258,PROD0088,2025-02-21,705,3641.08,2566961.4,Shipped
SO07485,CUST00133,PROD0087,2026-02-14,630,28360.5,17867115.0,Cancelled
SO07486,CUST00131,PROD0014,2025-09-22,349,20033.54,6991705.46,Delivered
SO07487,CUST00376,PROD0158,2026-01-01,374,23311.65,8718557.1,Pending
SO07488,CUST00358,PROD0063,2025-09-21,621,16712.16,10378251.36,Pending
SO07489,CUST00449,PROD0076,2025-09-15,725,9600.73,6960529.25,Processing
SO07490,CUST00444,PROD0181,2025-11-05,717,34789.48,24944057.16,Pending
SO07491,CUST00387,PROD0176,2025-05-24,18,16328.84,293919.12,Delivered
SO07492,CUST00139,PROD0155,2026-01-10,89,9068.73,807116.97,Processing
SO07493,CUST00428,PROD0026,2025-03-16,464,31902.69,14802848.16,Processing
SO07494,CUST00476,PROD0150,2025-10-19,301,35945.78,10819679.78,Pending
SO07495,CUST00430,PROD0132,2025-07-08,243,22263.97,5410144.71,Processing
SO07496,CUST00342,PROD0129,2025-12-10,471,22750.89,10715669.19,Delivered
SO07497,CUST00487,PROD0154,2026-03-25,421,4142.16,1743849.36,Delivered
SO07498,CUST00315,PROD0083,2025-10-12,663,18712.5,12406387.5,Processing
SO07499,CUST00498,PROD0114,2025-11-08,545,16991.02,9260105.9,Delivered
SO07500,CUST00035,PROD0112,2025-10-19,202,3205.96,647603.92,Pending
