shipment_id,po_id,destination,transport_mode,shipment_date,delivery_date,delivery_performance,shipment_status
SHIP00001,PO00001,Chennai Port,Sea,2026-04-18,2026-04-21,On Time,Delivered
SHIP00002,PO00002,Pune DC,Sea,2026-07-27,,On Time,In Transit
SHIP00003,PO00003,Pune DC,Rail,2025-12-16,2025-12-23,On Time,Delivered
SHIP00004,PO00004,Pune DC,Sea,2025-11-23,,On Time,Pending
SHIP00005,PO00005,Hyderabad DC,Road,2026-05-10,2026-05-19,On Time,Delivered
SHIP00006,PO00006,Delhi ICD,Air,2026-01-27,2026-02-01,On Time,Delivered
SHIP00007,PO00007,Pune DC,Sea,2025-12-05,,At Risk,In Transit
SHIP00008,PO00008,JNPT,Road,2026-03-21,2026-03-30,On Time,Delivered
SHIP00009,PO00009,Hyderabad DC,Rail,2026-08-22,2026-08-30,On Time,Delivered
SHIP00010,PO00010,Pune DC,Sea,2025-04-26,2025-05-08,On Time,Delivered
SHIP00011,PO00011,Hyderabad DC,Road,2025-08-27,2025-09-04,On Time,Delivered
SHIP00012,PO00012,Hyderabad DC,Sea,2025-10-03,2025-10-06,Delayed,Delivered
SHIP00013,PO00013,Bengaluru DC,Sea,2025-12-15,2025-12-19,On Time,Delivered
SHIP00014,PO00014,Chennai Port,Sea,2026-02-16,2026-02-28,Delayed,Delivered
SHIP00015,PO00015,Mumbai Port,Sea,2026-01-26,2026-02-07,On Time,Delivered
SHIP00016,PO00016,Pune DC,Air,2025-12-07,,On Time,In Transit
SHIP00017,PO00017,Bengaluru DC,Sea,2025-06-14,,Delayed,Cancelled
SHIP00018,PO00018,Hyderabad DC,Air,2026-03-13,2026-03-20,On Time,Delivered
SHIP00019,PO00019,Chennai Port,Sea,2026-06-19,,On Time,In Transit
SHIP00020,PO00020,Chennai Port,Air,2026-09-05,2026-09-14,On Time,Delivered
SHIP00021,PO00021,Delhi ICD,Sea,2025-03-08,,On Time,In Transit
SHIP00022,PO00022,Bengaluru DC,Air,2025-09-24,2025-10-07,On Time,Delayed
SHIP00023,PO00023,Delhi ICD,Air,2025-07-05,2025-07-14,On Time,Delivered
SHIP00024,PO00024,Bengaluru DC,Sea,2026-01-08,2026-01-10,On Time,Delivered
SHIP00025,PO00025,Hyderabad DC,Rail,2025-03-23,2025-03-27,On Time,Delivered
SHIP00026,PO00026,Delhi ICD,Sea,2026-03-11,,On Time,Pending
SHIP00027,PO00027,Pune DC,Sea,2026-04-21,,On Time,Pending
SHIP00028,PO00028,Bengaluru DC,Road,2026-03-29,2026-04-02,On Time,Delivered
SHIP00029,PO00029,Hyderabad DC,Air,2025-12-26,2026-01-07,On Time,Delivered
SHIP00030,PO00030,Hyderabad DC,Road,2026-06-29,2026-07-05,Delayed,Delivered
SHIP00031,PO00031,Pune DC,Rail,2025-06-08,,On Time,Pending
SHIP00032,PO00032,Bengaluru DC,Rail,2025-06-11,,On Time,In Transit
SHIP00033,PO00033,JNPT,Sea,2026-05-22,2026-05-31,On Time,Delivered
SHIP00034,PO00034,Bengaluru DC,Road,2026-08-14,2026-09-04,On Time,Delayed
SHIP00035,PO00035,Delhi ICD,Road,2025-06-07,,On Time,In Transit
SHIP00036,PO00036,Delhi ICD,Air,2025-10-10,2025-10-27,On Time,Delayed
SHIP00037,PO00037,JNPT,Road,2026-04-19,2026-04-24,On Time,Delivered
SHIP00038,PO00038,Hyderabad DC,Sea,2025-04-07,2025-04-13,On Time,Delivered
SHIP00039,PO00039,Bengaluru DC,Sea,2025-02-23,,On Time,In Transit
SHIP00040,PO00040,Delhi ICD,Air,2025-06-13,2025-06-20,Delayed,Delivered
SHIP00041,PO00041,JNPT,Rail,2025-03-31,2025-04-09,On Time,Delivered
SHIP00042,PO00042,Pune DC,Road,2026-03-31,2026-04-12,On Time,Delivered
SHIP00043,PO00043,Mumbai Port,Rail,2026-02-10,,Delayed,Cancelled
SHIP00044,PO00044,Pune DC,Air,2025-12-18,2025-12-24,On Time,Delivered
SHIP00045,PO00045,Bengaluru DC,Rail,2025-09-24,2025-10-05,On Time,Delivered
SHIP00046,PO00046,Pune DC,Air,2026-08-30,2026-09-01,On Time,Delivered
SHIP00047,PO00047,Chennai Port,Rail,2026-02-14,,On Time,Cancelled
SHIP00048,PO00048,JNPT,Road,2025-12-05,2025-12-10,On Time,Delivered
SHIP00049,PO00049,Pune DC,Sea,2026-06-08,,On Time,Pending
SHIP00050,PO00050,Bengaluru DC,Air,2025-12-22,2026-01-17,On Time,Delayed
SHIP00051,PO00051,Hyderabad DC,Air,2025-03-27,,On Time,In Transit
SHIP00052,PO00052,Chennai Port,Sea,2026-07-03,2026-07-11,On Time,Delivered
SHIP00053,PO00053,Chennai Port,Air,2026-01-29,2026-02-02,On Time,Delivered
SHIP00054,PO00054,Hyderabad DC,Road,2025-06-25,2025-07-13,On Time,Delayed
SHIP00055,PO00055,Chennai Port,Rail,2025-09-12,2025-09-20,On Time,Delivered
SHIP00056,PO00056,Bengaluru DC,Road,2025-09-07,2025-09-18,On Time,Delivered
SHIP00057,PO00057,Delhi ICD,Rail,2025-07-30,2025-08-01,On Time,Delivered
SHIP00058,PO00058,Delhi ICD,Road,2025-10-27,2025-10-30,Delayed,Delivered
SHIP00059,PO00059,Pune DC,Rail,2025-08-04,2025-08-14,Delayed,Delivered
SHIP00060,PO00060,JNPT,Sea,2026-01-19,2026-01-24,At Risk,Delivered
SHIP00061,PO00061,Mumbai Port,Road,2025-06-18,2025-06-24,On Time,Delivered
SHIP00062,PO00062,Bengaluru DC,Sea,2025-08-24,2025-09-05,At Risk,Delivered
SHIP00063,PO00063,Bengaluru DC,Road,2026-01-21,,Delayed,Cancelled
SHIP00064,PO00064,JNPT,Rail,2025-04-18,,On Time,Pending
SHIP00065,PO00065,Hyderabad DC,Sea,2025-10-23,2025-10-25,Delayed,Delivered
SHIP00066,PO00066,Mumbai Port,Sea,2025-01-14,,At Risk,Pending
SHIP00067,PO00067,Hyderabad DC,Road,2026-07-07,2026-07-18,On Time,Delivered
SHIP00068,PO00068,Pune DC,Road,2025-09-14,2025-09-22,On Time,Delivered
SHIP00069,PO00069,Hyderabad DC,Sea,2026-06-08,,On Time,Pending
SHIP00070,PO00070,Pune DC,Road,2025-05-30,2025-06-05,Delayed,Delivered
SHIP00071,PO00071,JNPT,Rail,2026-03-09,2026-03-16,Delayed,Delivered
SHIP00072,PO00072,Hyderabad DC,Road,2026-06-27,2026-07-04,On Time,Delivered
SHIP00073,PO00073,Pune DC,Air,2026-05-09,2026-05-14,On Time,Delivered
SHIP00074,PO00074,Hyderabad DC,Air,2025-01-29,2025-02-07,On Time,Delivered
SHIP00075,PO00075,JNPT,Air,2025-04-27,2025-05-01,On Time,Delivered
SHIP00076,PO00076,Delhi ICD,Rail,2025-12-19,2025-12-25,On Time,Delivered
SHIP00077,PO00077,Hyderabad DC,Air,2025-07-11,2025-07-20,On Time,Delivered
SHIP00078,PO00078,Delhi ICD,Sea,2025-08-05,2025-08-16,On Time,Delivered
SHIP00079,PO00079,Bengaluru DC,Air,2026-07-15,2026-07-20,On Time,Delivered
SHIP00080,PO00080,Hyderabad DC,Sea,2026-01-02,2026-01-12,On Time,Delivered
SHIP00081,PO00081,Hyderabad DC,Rail,2026-03-27,,On Time,Cancelled
SHIP00082,PO00082,Chennai Port,Sea,2025-07-20,2025-07-27,On Time,Delivered
SHIP00083,PO00083,Chennai Port,Road,2025-10-10,2025-10-19,On Time,Delivered
SHIP00084,PO00084,JNPT,Rail,2025-07-06,2025-07-12,On Time,Delivered
SHIP00085,PO00085,Hyderabad DC,Rail,2025-11-09,2025-11-25,On Time,Delayed
SHIP00086,PO00086,Mumbai Port,Rail,2026-04-08,2026-04-20,Delayed,Delivered
SHIP00087,PO00087,Chennai Port,Road,2026-03-28,,At Risk,In Transit
SHIP00088,PO00088,Bengaluru DC,Road,2026-01-17,2026-01-27,At Risk,Delivered
SHIP00089,PO00089,JNPT,Rail,2026-03-26,2026-04-05,On Time,Delivered
SHIP00090,PO00090,Pune DC,Rail,2026-01-18,2026-01-30,On Time,Delivered
SHIP00091,PO00091,Bengaluru DC,Air,2026-01-27,2026-01-29,On Time,Delivered
SHIP00092,PO00092,JNPT,Air,2026-02-14,2026-03-01,On Time,Delayed
SHIP00093,PO00093,Chennai Port,Sea,2025-07-14,2025-07-25,On Time,Delivered
SHIP00094,PO00094,Mumbai Port,Rail,2025-09-25,2025-10-07,On Time,Delivered
SHIP00095,PO00095,Mumbai Port,Rail,2026-05-26,2026-05-31,On Time,Delivered
SHIP00096,PO00096,Chennai Port,Road,2026-04-06,2026-04-17,On Time,Delivered
SHIP00097,PO00097,Bengaluru DC,Sea,2026-07-26,2026-08-14,At Risk,Delayed
SHIP00098,PO00098,Chennai Port,Rail,2025-07-03,2025-07-24,On Time,Delayed
SHIP00099,PO00099,Delhi ICD,Air,2025-05-31,2025-06-12,Delayed,Delivered
SHIP00100,PO00100,Bengaluru DC,Air,2026-04-28,2026-05-10,On Time,Delivered
SHIP00101,PO00101,JNPT,Sea,2026-05-08,,On Time,Cancelled
SHIP00102,PO00102,JNPT,Road,2025-11-30,2025-12-04,Delayed,Delivered
SHIP00103,PO00103,Delhi ICD,Rail,2025-05-23,2025-06-01,On Time,Delivered
SHIP00104,PO00104,Delhi ICD,Air,2026-03-22,2026-04-10,On Time,Delayed
SHIP00105,PO00105,Delhi ICD,Rail,2025-06-24,2025-07-06,On Time,Delivered
SHIP00106,PO00106,Pune DC,Sea,2025-10-21,2025-10-26,Delayed,Delivered
SHIP00107,PO00107,JNPT,Air,2025-05-12,,At Risk,In Transit
SHIP00108,PO00108,Pune DC,Sea,2026-09-07,,Delayed,In Transit
SHIP00109,PO00109,Chennai Port,Air,2025-12-17,2025-12-23,On Time,Delivered
SHIP00110,PO00110,Pune DC,Air,2026-08-19,2026-08-26,On Time,Delivered
SHIP00111,PO00111,Mumbai Port,Sea,2025-02-08,2025-02-16,On Time,Delivered
SHIP00112,PO00112,Chennai Port,Air,2026-05-17,2026-05-21,On Time,Delivered
SHIP00113,PO00113,Hyderabad DC,Air,2025-03-15,2025-03-27,On Time,Delivered
SHIP00114,PO00114,Pune DC,Sea,2025-06-03,2025-06-11,On Time,Delivered
SHIP00115,PO00115,Bengaluru DC,Sea,2026-02-22,2026-03-13,Delayed,Delayed
SHIP00116,PO00116,Delhi ICD,Sea,2025-09-07,2025-09-11,At Risk,Delivered
SHIP00117,PO00117,Pune DC,Sea,2025-03-03,2025-03-05,On Time,Delivered
SHIP00118,PO00118,Bengaluru DC,Sea,2025-06-25,2025-07-01,On Time,Delivered
SHIP00119,PO00119,Delhi ICD,Air,2026-06-13,,On Time,In Transit
SHIP00120,PO00120,Hyderabad DC,Road,2026-02-12,2026-02-16,On Time,Delivered
SHIP00121,PO00121,Pune DC,Rail,2025-03-05,2025-03-09,On Time,Delivered
SHIP00122,PO00122,Chennai Port,Rail,2026-05-07,2026-05-10,On Time,Delivered
SHIP00123,PO00123,Bengaluru DC,Air,2025-10-07,2025-10-28,On Time,Delayed
SHIP00124,PO00124,Pune DC,Air,2026-08-10,2026-08-25,At Risk,Delayed
SHIP00125,PO00125,Chennai Port,Rail,2026-06-07,,On Time,Pending
SHIP00126,PO00126,Delhi ICD,Rail,2025-05-10,2025-05-17,On Time,Delivered
SHIP00127,PO00127,Hyderabad DC,Road,2026-08-07,2026-08-18,On Time,Delivered
SHIP00128,PO00128,Pune DC,Sea,2026-06-08,2026-06-16,Delayed,Delivered
SHIP00129,PO00129,Delhi ICD,Road,2026-05-10,2026-05-20,On Time,Delivered
SHIP00130,PO00130,Pune DC,Air,2025-12-03,,Delayed,Pending
SHIP00131,PO00131,Hyderabad DC,Road,2025-11-11,2025-11-18,Delayed,Delivered
SHIP00132,PO00132,Pune DC,Road,2026-08-10,2026-08-20,On Time,Delivered
SHIP00133,PO00133,Bengaluru DC,Sea,2026-03-12,2026-03-27,On Time,Delayed
SHIP00134,PO00134,Pune DC,Air,2026-08-20,2026-09-15,On Time,Delayed
SHIP00135,PO00135,Mumbai Port,Rail,2026-02-06,2026-02-13,On Time,Delivered
SHIP00136,PO00136,Mumbai Port,Sea,2025-04-29,2025-05-07,On Time,Delivered
SHIP00137,PO00137,Chennai Port,Road,2025-07-29,,On Time,In Transit
SHIP00138,PO00138,Pune DC,Rail,2025-03-11,2025-03-17,On Time,Delivered
SHIP00139,PO00139,Hyderabad DC,Rail,2026-05-11,2026-05-23,Delayed,Delivered
SHIP00140,PO00140,Hyderabad DC,Rail,2026-07-10,,On Time,Pending
SHIP00141,PO00141,Mumbai Port,Road,2025-10-01,2025-10-05,On Time,Delivered
SHIP00142,PO00142,Delhi ICD,Road,2025-11-03,2025-12-03,On Time,Delayed
SHIP00143,PO00143,Hyderabad DC,Rail,2026-05-22,,On Time,Pending
SHIP00144,PO00144,JNPT,Rail,2025-10-11,2025-10-17,Delayed,Delivered
SHIP00145,PO00145,Mumbai Port,Sea,2026-02-10,2026-02-19,On Time,Delivered
SHIP00146,PO00146,JNPT,Sea,2025-04-03,,On Time,Pending
SHIP00147,PO00147,Pune DC,Sea,2026-07-14,2026-07-19,On Time,Delivered
SHIP00148,PO00148,Bengaluru DC,Road,2026-08-26,2026-08-30,On Time,Delivered
SHIP00149,PO00149,Hyderabad DC,Air,2025-08-31,2025-09-09,Delayed,Delivered
SHIP00150,PO00150,Mumbai Port,Air,2025-05-27,2025-06-01,On Time,Delivered
SHIP00151,PO00151,Mumbai Port,Road,2026-05-12,2026-05-21,On Time,Delivered
SHIP00152,PO00152,Delhi ICD,Air,2025-10-27,2025-10-30,At Risk,Delivered
SHIP00153,PO00153,Delhi ICD,Rail,2025-02-10,2025-02-22,At Risk,Delivered
SHIP00154,PO00154,Pune DC,Sea,2026-02-13,,Delayed,In Transit
SHIP00155,PO00155,Delhi ICD,Air,2026-08-06,,On Time,Pending
SHIP00156,PO00156,JNPT,Rail,2026-07-15,2026-07-17,On Time,Delivered
SHIP00157,PO00157,Bengaluru DC,Rail,2025-07-25,2025-08-08,Delayed,Delayed
SHIP00158,PO00158,Chennai Port,Rail,2025-07-21,2025-08-01,On Time,Delivered
SHIP00159,PO00159,JNPT,Rail,2025-07-20,,On Time,Pending
SHIP00160,PO00160,Chennai Port,Rail,2025-04-01,2025-04-14,On Time,Delayed
SHIP00161,PO00161,Bengaluru DC,Air,2025-12-09,2025-12-15,On Time,Delivered
SHIP00162,PO00162,Mumbai Port,Rail,2025-10-02,2025-10-11,At Risk,Delivered
SHIP00163,PO00163,Hyderabad DC,Rail,2026-01-05,2026-01-16,On Time,Delivered
SHIP00164,PO00164,Mumbai Port,Sea,2025-06-14,2025-06-19,At Risk,Delivered
SHIP00165,PO00165,Chennai Port,Sea,2025-11-17,,Delayed,Pending
SHIP00166,PO00166,Pune DC,Road,2025-05-26,2025-06-06,On Time,Delivered
SHIP00167,PO00167,Delhi ICD,Rail,2026-03-10,,On Time,Pending
SHIP00168,PO00168,Hyderabad DC,Road,2025-08-21,2025-09-01,On Time,Delivered
SHIP00169,PO00169,JNPT,Rail,2026-04-15,2026-05-04,On Time,Delayed
SHIP00170,PO00170,Hyderabad DC,Road,2025-03-08,2025-03-11,On Time,Delivered
SHIP00171,PO00171,Mumbai Port,Rail,2025-12-07,,On Time,Pending
SHIP00172,PO00172,Delhi ICD,Sea,2026-05-19,2026-06-10,On Time,Delayed
SHIP00173,PO00173,Pune DC,Rail,2026-06-19,2026-06-25,On Time,Delivered
SHIP00174,PO00174,Bengaluru DC,Road,2025-11-18,,Delayed,In Transit
SHIP00175,PO00175,Pune DC,Rail,2025-08-19,,At Risk,In Transit
SHIP00176,PO00176,Pune DC,Rail,2026-07-10,2026-07-12,On Time,Delivered
SHIP00177,PO00177,Chennai Port,Air,2025-05-25,2025-06-03,On Time,Delivered
SHIP00178,PO00178,Chennai Port,Air,2026-04-15,2026-04-20,On Time,Delivered
SHIP00179,PO00179,Delhi ICD,Air,2026-07-09,2026-08-07,At Risk,Delayed
SHIP00180,PO00180,Pune DC,Sea,2026-02-10,2026-02-19,On Time,Delivered
SHIP00181,PO00181,Pune DC,Air,2025-11-13,,On Time,Pending
SHIP00182,PO00182,Bengaluru DC,Rail,2025-08-30,2025-09-01,On Time,Delivered
SHIP00183,PO00183,Bengaluru DC,Air,2025-05-04,2025-05-20,On Time,Delayed
SHIP00184,PO00184,Bengaluru DC,Road,2025-01-23,2025-01-31,At Risk,Delivered
SHIP00185,PO00185,JNPT,Rail,2025-02-28,2025-03-10,Delayed,Delivered
SHIP00186,PO00186,Hyderabad DC,Air,2025-08-15,2025-09-03,On Time,Delayed
SHIP00187,PO00187,Bengaluru DC,Road,2025-08-31,2025-09-10,Delayed,Delivered
SHIP00188,PO00188,JNPT,Air,2025-12-01,2025-12-11,On Time,Delivered
SHIP00189,PO00189,Pune DC,Rail,2026-03-11,2026-03-23,Delayed,Delivered
SHIP00190,PO00190,Chennai Port,Rail,2025-07-11,2025-07-22,On Time,Delivered
SHIP00191,PO00191,Chennai Port,Sea,2025-12-26,2026-01-05,On Time,Delivered
SHIP00192,PO00192,Delhi ICD,Road,2026-03-06,,On Time,In Transit
SHIP00193,PO00193,JNPT,Road,2026-05-12,2026-05-18,On Time,Delivered
SHIP00194,PO00194,Pune DC,Rail,2026-04-27,2026-05-06,Delayed,Delivered
SHIP00195,PO00195,Hyderabad DC,Sea,2025-05-22,2025-05-26,On Time,Delivered
SHIP00196,PO00196,Mumbai Port,Rail,2026-04-10,2026-04-17,At Risk,Delivered
SHIP00197,PO00197,Mumbai Port,Rail,2025-10-07,2025-10-15,On Time,Delivered
SHIP00198,PO00198,Pune DC,Air,2025-07-15,,On Time,In Transit
SHIP00199,PO00199,Mumbai Port,Sea,2025-12-09,2025-12-19,On Time,Delivered
SHIP00200,PO00200,Bengaluru DC,Sea,2025-05-09,2025-05-12,On Time,Delivered
SHIP00201,PO00201,Mumbai Port,Sea,2025-08-10,2025-08-16,Delayed,Delivered
SHIP00202,PO00202,Chennai Port,Rail,2026-04-28,2026-05-07,Delayed,Delivered
SHIP00203,PO00203,Chennai Port,Air,2026-06-06,,On Time,Pending
SHIP00204,PO00204,Bengaluru DC,Air,2025-07-30,2025-08-10,On Time,Delivered
SHIP00205,PO00205,Chennai Port,Road,2025-06-10,2025-06-18,On Time,Delivered
SHIP00206,PO00206,Delhi ICD,Air,2026-03-09,2026-03-30,On Time,Delayed
SHIP00207,PO00207,Mumbai Port,Road,2025-09-14,,On Time,Cancelled
SHIP00208,PO00208,JNPT,Sea,2026-05-26,2026-06-04,On Time,Delivered
SHIP00209,PO00209,Pune DC,Sea,2026-05-18,,On Time,Cancelled
SHIP00210,PO00210,Pune DC,Sea,2025-03-28,2025-04-07,On Time,Delivered
SHIP00211,PO00211,Pune DC,Road,2025-08-27,,On Time,In Transit
SHIP00212,PO00212,JNPT,Air,2026-01-20,,On Time,Pending
SHIP00213,PO00213,Chennai Port,Sea,2026-07-11,,On Time,Pending
SHIP00214,PO00214,Pune DC,Sea,2026-07-04,2026-07-13,On Time,Delivered
SHIP00215,PO00215,Pune DC,Sea,2025-07-12,2025-07-20,On Time,Delivered
SHIP00216,PO00216,Mumbai Port,Air,2026-06-25,2026-06-29,On Time,Delivered
SHIP00217,PO00217,Pune DC,Air,2026-02-27,2026-03-26,On Time,Delayed
SHIP00218,PO00218,Delhi ICD,Sea,2025-04-04,2025-04-09,Delayed,Delivered
SHIP00219,PO00219,Delhi ICD,Rail,2026-07-26,2026-08-07,On Time,Delivered
SHIP00220,PO00220,Hyderabad DC,Sea,2026-03-30,,Delayed,In Transit
SHIP00221,PO00221,Delhi ICD,Air,2026-06-28,2026-07-13,On Time,Delayed
SHIP00222,PO00222,Delhi ICD,Air,2026-08-16,2026-09-05,On Time,Delayed
SHIP00223,PO00223,Delhi ICD,Sea,2025-10-27,2025-11-04,On Time,Delivered
SHIP00224,PO00224,Delhi ICD,Air,2025-01-24,2025-02-02,Delayed,Delivered
SHIP00225,PO00225,Delhi ICD,Road,2026-02-18,2026-03-08,On Time,Delayed
SHIP00226,PO00226,Hyderabad DC,Air,2026-02-13,2026-02-23,Delayed,Delivered
SHIP00227,PO00227,Hyderabad DC,Road,2025-03-31,2025-04-11,On Time,Delivered
SHIP00228,PO00228,Hyderabad DC,Sea,2025-03-21,,Delayed,In Transit
SHIP00229,PO00229,Bengaluru DC,Air,2025-02-03,,On Time,In Transit
SHIP00230,PO00230,Bengaluru DC,Road,2026-01-27,2026-02-02,On Time,Delivered
SHIP00231,PO00231,JNPT,Rail,2025-11-03,2025-11-05,On Time,Delivered
SHIP00232,PO00232,Pune DC,Rail,2025-06-12,2025-06-17,On Time,Delivered
SHIP00233,PO00233,JNPT,Road,2025-11-16,2025-11-21,On Time,Delivered
SHIP00234,PO00234,Chennai Port,Sea,2026-03-19,,On Time,Pending
SHIP00235,PO00235,JNPT,Sea,2025-04-11,,On Time,Cancelled
SHIP00236,PO00236,Hyderabad DC,Sea,2026-02-08,,Delayed,In Transit
SHIP00237,PO00237,Pune DC,Air,2026-08-08,2026-09-01,On Time,Delayed
SHIP00238,PO00238,JNPT,Air,2025-05-29,,On Time,Pending
SHIP00239,PO00239,JNPT,Air,2026-03-24,,Delayed,Pending
SHIP00240,PO00240,Bengaluru DC,Rail,2025-09-27,2025-10-07,On Time,Delivered
SHIP00241,PO00241,Bengaluru DC,Air,2025-04-29,,On Time,In Transit
SHIP00242,PO00242,Hyderabad DC,Rail,2026-02-04,2026-02-11,On Time,Delivered
SHIP00243,PO00243,Bengaluru DC,Sea,2025-05-30,2025-06-26,On Time,Delayed
SHIP00244,PO00244,Mumbai Port,Sea,2025-11-25,2025-11-29,On Time,Delivered
SHIP00245,PO00245,Chennai Port,Rail,2026-05-19,,On Time,Pending
SHIP00246,PO00246,Bengaluru DC,Air,2026-02-13,2026-02-19,At Risk,Delivered
SHIP00247,PO00247,Chennai Port,Sea,2025-07-16,2025-07-27,On Time,Delivered
SHIP00248,PO00248,JNPT,Sea,2025-08-06,,On Time,Cancelled
SHIP00249,PO00249,Delhi ICD,Rail,2026-03-07,,On Time,In Transit
SHIP00250,PO00250,JNPT,Air,2025-06-16,,Delayed,Pending
SHIP00251,PO00251,Bengaluru DC,Road,2026-05-16,2026-05-23,Delayed,Delivered
SHIP00252,PO00252,Bengaluru DC,Sea,2026-03-07,,Delayed,In Transit
SHIP00253,PO00253,Pune DC,Rail,2025-04-10,2025-04-21,Delayed,Delivered
SHIP00254,PO00254,Chennai Port,Road,2025-02-16,,On Time,In Transit
SHIP00255,PO00255,Bengaluru DC,Sea,2026-03-19,,Delayed,Pending
SHIP00256,PO00256,JNPT,Air,2026-06-23,,On Time,In Transit
SHIP00257,PO00257,Delhi ICD,Sea,2026-04-25,2026-05-03,On Time,Delivered
SHIP00258,PO00258,Delhi ICD,Road,2025-01-31,2025-02-05,On Time,Delivered
SHIP00259,PO00259,Bengaluru DC,Road,2025-05-01,2025-05-03,At Risk,Delivered
SHIP00260,PO00260,Mumbai Port,Rail,2025-08-01,,On Time,In Transit
SHIP00261,PO00261,Chennai Port,Air,2026-04-18,2026-04-25,On Time,Delivered
SHIP00262,PO00262,JNPT,Rail,2025-02-03,2025-02-06,On Time,Delivered
SHIP00263,PO00263,Delhi ICD,Road,2025-09-15,2025-09-20,Delayed,Delivered
SHIP00264,PO00264,Bengaluru DC,Rail,2026-04-22,,Delayed,In Transit
SHIP00265,PO00265,Bengaluru DC,Rail,2026-02-22,2026-03-12,Delayed,Delayed
SHIP00266,PO00266,Bengaluru DC,Road,2025-01-13,2025-01-15,Delayed,Delivered
SHIP00267,PO00267,Mumbai Port,Air,2025-03-11,,On Time,Pending
SHIP00268,PO00268,Chennai Port,Rail,2026-04-24,2026-04-27,On Time,Delivered
SHIP00269,PO00269,Chennai Port,Sea,2026-02-12,,Delayed,Pending
SHIP00270,PO00270,Mumbai Port,Air,2026-04-16,,On Time,In Transit
SHIP00271,PO00271,JNPT,Sea,2025-05-21,2025-05-30,On Time,Delivered
SHIP00272,PO00272,Chennai Port,Road,2025-05-26,,Delayed,Pending
SHIP00273,PO00273,Delhi ICD,Sea,2026-03-12,,Delayed,In Transit
SHIP00274,PO00274,JNPT,Sea,2025-07-08,2025-07-15,Delayed,Delivered
SHIP00275,PO00275,Chennai Port,Sea,2026-04-12,,On Time,Pending
SHIP00276,PO00276,Mumbai Port,Air,2025-07-21,2025-07-30,On Time,Delivered
SHIP00277,PO00277,Pune DC,Air,2026-05-29,2026-06-07,Delayed,Delivered
SHIP00278,PO00278,JNPT,Road,2025-02-13,2025-02-15,On Time,Delivered
SHIP00279,PO00279,JNPT,Air,2025-11-02,2025-12-02,Delayed,Delayed
SHIP00280,PO00280,Chennai Port,Rail,2026-06-01,2026-06-07,On Time,Delivered
SHIP00281,PO00281,Pune DC,Sea,2026-07-20,2026-08-01,Delayed,Delivered
SHIP00282,PO00282,Delhi ICD,Road,2025-08-21,2025-09-19,At Risk,Delayed
SHIP00283,PO00283,JNPT,Air,2026-04-08,2026-04-12,On Time,Delivered
SHIP00284,PO00284,Hyderabad DC,Road,2025-09-04,2025-09-15,On Time,Delivered
SHIP00285,PO00285,Delhi ICD,Road,2026-03-22,2026-03-25,At Risk,Delivered
SHIP00286,PO00286,JNPT,Sea,2025-03-13,2025-04-05,Delayed,Delayed
SHIP00287,PO00287,Chennai Port,Road,2025-12-04,,On Time,Pending
SHIP00288,PO00288,Delhi ICD,Sea,2026-06-21,2026-07-03,On Time,Delivered
SHIP00289,PO00289,Hyderabad DC,Air,2025-03-14,,On Time,Pending
SHIP00290,PO00290,Chennai Port,Road,2025-06-10,2025-07-01,On Time,Delayed
SHIP00291,PO00291,Pune DC,Sea,2026-05-24,2026-05-29,On Time,Delivered
SHIP00292,PO00292,Chennai Port,Road,2025-03-20,,On Time,In Transit
SHIP00293,PO00293,Mumbai Port,Road,2026-01-21,2026-01-26,On Time,Delivered
SHIP00294,PO00294,Delhi ICD,Rail,2025-04-14,2025-04-24,At Risk,Delivered
SHIP00295,PO00295,Hyderabad DC,Sea,2026-02-17,,On Time,Pending
SHIP00296,PO00296,Delhi ICD,Road,2025-10-23,2025-11-03,Delayed,Delivered
SHIP00297,PO00297,Mumbai Port,Sea,2025-12-25,2026-01-13,On Time,Delayed
SHIP00298,PO00298,Chennai Port,Sea,2026-04-25,,On Time,Cancelled
SHIP00299,PO00299,JNPT,Road,2026-03-19,2026-03-27,Delayed,Delivered
SHIP00300,PO00300,Delhi ICD,Sea,2025-10-10,2025-10-21,Delayed,Delivered
SHIP00301,PO00301,Mumbai Port,Rail,2025-06-27,,Delayed,In Transit
SHIP00302,PO00302,Mumbai Port,Rail,2026-03-28,2026-04-08,On Time,Delivered
SHIP00303,PO00303,Delhi ICD,Sea,2025-05-21,,On Time,Pending
SHIP00304,PO00304,JNPT,Air,2025-12-29,2026-01-06,On Time,Delivered
SHIP00305,PO00305,Delhi ICD,Sea,2025-04-06,2025-04-11,On Time,Delivered
SHIP00306,PO00306,Bengaluru DC,Air,2025-05-29,2025-06-03,On Time,Delivered
SHIP00307,PO00307,Mumbai Port,Road,2025-03-15,2025-03-22,On Time,Delivered
SHIP00308,PO00308,Bengaluru DC,Rail,2026-01-02,2026-01-04,Delayed,Delivered
SHIP00309,PO00309,Mumbai Port,Rail,2026-04-05,2026-04-09,On Time,Delivered
SHIP00310,PO00310,Pune DC,Road,2026-01-30,2026-02-07,Delayed,Delivered
SHIP00311,PO00311,Mumbai Port,Road,2025-04-08,2025-04-18,On Time,Delivered
SHIP00312,PO00312,Hyderabad DC,Sea,2025-02-05,,On Time,Pending
SHIP00313,PO00313,Hyderabad DC,Sea,2026-02-16,2026-02-21,On Time,Delivered
SHIP00314,PO00314,Hyderabad DC,Sea,2025-09-09,,On Time,Cancelled
SHIP00315,PO00315,JNPT,Rail,2025-03-17,2025-03-24,On Time,Delivered
SHIP00316,PO00316,Delhi ICD,Rail,2026-08-18,2026-08-26,On Time,Delivered
SHIP00317,PO00317,JNPT,Road,2025-03-17,2025-03-23,On Time,Delivered
SHIP00318,PO00318,Pune DC,Rail,2025-03-15,,At Risk,Pending
SHIP00319,PO00319,JNPT,Sea,2026-03-05,2026-03-29,On Time,Delayed
SHIP00320,PO00320,Chennai Port,Sea,2025-06-13,2025-06-22,On Time,Delivered
SHIP00321,PO00321,JNPT,Rail,2025-06-15,2025-06-23,On Time,Delivered
SHIP00322,PO00322,Pune DC,Air,2025-03-21,2025-03-26,At Risk,Delivered
SHIP00323,PO00323,Pune DC,Sea,2025-03-10,,On Time,Pending
SHIP00324,PO00324,Chennai Port,Road,2025-03-03,2025-03-07,On Time,Delivered
SHIP00325,PO00325,Chennai Port,Road,2025-01-20,2025-01-31,On Time,Delivered
SHIP00326,PO00326,Hyderabad DC,Sea,2025-09-29,2025-10-03,At Risk,Delivered
SHIP00327,PO00327,Mumbai Port,Rail,2025-05-08,2025-05-17,On Time,Delivered
SHIP00328,PO00328,Bengaluru DC,Rail,2025-03-18,2025-03-30,On Time,Delivered
SHIP00329,PO00329,JNPT,Sea,2026-06-18,2026-07-07,On Time,Delayed
SHIP00330,PO00330,JNPT,Sea,2025-06-15,,On Time,Pending
SHIP00331,PO00331,Mumbai Port,Road,2025-05-09,2025-05-21,Delayed,Delivered
SHIP00332,PO00332,Delhi ICD,Road,2025-01-15,2025-01-17,On Time,Delivered
SHIP00333,PO00333,JNPT,Air,2025-07-09,2025-07-13,Delayed,Delivered
SHIP00334,PO00334,Delhi ICD,Sea,2025-11-30,,On Time,In Transit
SHIP00335,PO00335,Mumbai Port,Rail,2025-03-07,2025-03-13,At Risk,Delivered
SHIP00336,PO00336,Bengaluru DC,Sea,2025-03-15,2025-03-18,On Time,Delivered
SHIP00337,PO00337,Hyderabad DC,Air,2025-01-18,,On Time,In Transit
SHIP00338,PO00338,Hyderabad DC,Rail,2025-09-10,,At Risk,Cancelled
SHIP00339,PO00339,Chennai Port,Sea,2025-07-22,2025-08-08,On Time,Delayed
SHIP00340,PO00340,Chennai Port,Rail,2025-01-28,2025-02-21,On Time,Delayed
SHIP00341,PO00341,Hyderabad DC,Air,2025-01-11,,Delayed,Cancelled
SHIP00342,PO00342,Mumbai Port,Rail,2025-04-19,,On Time,Pending
SHIP00343,PO00343,JNPT,Road,2025-05-31,,At Risk,In Transit
SHIP00344,PO00344,Delhi ICD,Air,2026-06-28,2026-07-10,On Time,Delivered
SHIP00345,PO00345,Mumbai Port,Sea,2026-08-20,2026-08-29,At Risk,Delivered
SHIP00346,PO00346,JNPT,Air,2026-09-05,,At Risk,Pending
SHIP00347,PO00347,Mumbai Port,Rail,2025-10-27,2025-10-31,On Time,Delivered
SHIP00348,PO00348,Delhi ICD,Road,2025-11-27,2025-12-05,On Time,Delivered
SHIP00349,PO00349,Delhi ICD,Road,2026-09-02,2026-09-05,On Time,Delivered
SHIP00350,PO00350,Mumbai Port,Air,2026-03-03,2026-03-14,On Time,Delivered
SHIP00351,PO00351,Hyderabad DC,Air,2025-11-20,2025-11-22,On Time,Delivered
SHIP00352,PO00352,Pune DC,Sea,2025-11-14,2025-11-24,On Time,Delivered
SHIP00353,PO00353,Hyderabad DC,Air,2025-12-08,2025-12-15,On Time,Delivered
SHIP00354,PO00354,Chennai Port,Road,2025-02-28,2025-03-03,Delayed,Delivered
SHIP00355,PO00355,Mumbai Port,Road,2026-02-25,,Delayed,Pending
SHIP00356,PO00356,Delhi ICD,Road,2025-05-26,2025-05-30,On Time,Delivered
SHIP00357,PO00357,Mumbai Port,Road,2025-05-18,2025-06-02,Delayed,Delayed
SHIP00358,PO00358,Bengaluru DC,Road,2025-04-03,,On Time,Pending
SHIP00359,PO00359,Chennai Port,Air,2025-03-19,,Delayed,Pending
SHIP00360,PO00360,Mumbai Port,Rail,2025-12-08,,On Time,In Transit
SHIP00361,PO00361,JNPT,Road,2026-04-01,,On Time,Pending
SHIP00362,PO00362,JNPT,Rail,2025-06-28,2025-07-10,On Time,Delivered
SHIP00363,PO00363,Bengaluru DC,Rail,2025-06-04,2025-06-16,On Time,Delivered
SHIP00364,PO00364,Chennai Port,Rail,2026-07-22,,On Time,In Transit
SHIP00365,PO00365,Pune DC,Road,2025-08-05,,On Time,In Transit
SHIP00366,PO00366,JNPT,Air,2025-01-29,2025-02-02,On Time,Delivered
SHIP00367,PO00367,Hyderabad DC,Road,2025-12-28,2026-01-02,On Time,Delivered
SHIP00368,PO00368,Pune DC,Rail,2025-11-25,2025-12-02,On Time,Delivered
SHIP00369,PO00369,Bengaluru DC,Sea,2025-03-12,2025-04-03,On Time,Delayed
SHIP00370,PO00370,Pune DC,Air,2025-06-18,2025-06-24,Delayed,Delivered
SHIP00371,PO00371,Delhi ICD,Air,2025-03-08,2025-03-20,Delayed,Delivered
SHIP00372,PO00372,Delhi ICD,Road,2026-01-01,2026-01-10,On Time,Delivered
SHIP00373,PO00373,Mumbai Port,Road,2026-01-10,2026-01-19,On Time,Delivered
SHIP00374,PO00374,Bengaluru DC,Road,2026-08-06,,On Time,In Transit
SHIP00375,PO00375,Delhi ICD,Sea,2025-04-15,2025-05-12,On Time,Delayed
SHIP00376,PO00376,Bengaluru DC,Rail,2025-01-06,2025-01-29,On Time,Delayed
SHIP00377,PO00377,Chennai Port,Sea,2025-07-04,2025-07-11,Delayed,Delivered
SHIP00378,PO00378,Pune DC,Sea,2025-06-01,,On Time,Pending
SHIP00379,PO00379,Hyderabad DC,Sea,2026-01-26,2026-01-30,On Time,Delivered
SHIP00380,PO00380,Pune DC,Air,2025-11-28,,On Time,Pending
SHIP00381,PO00381,Mumbai Port,Sea,2025-12-02,2025-12-09,Delayed,Delivered
SHIP00382,PO00382,JNPT,Rail,2026-01-12,,On Time,Pending
SHIP00383,PO00383,Delhi ICD,Air,2025-10-30,2025-11-03,On Time,Delivered
SHIP00384,PO00384,Pune DC,Air,2026-02-13,2026-02-19,On Time,Delivered
SHIP00385,PO00385,Chennai Port,Sea,2025-08-23,,On Time,In Transit
SHIP00386,PO00386,Mumbai Port,Air,2025-03-24,2025-04-05,At Risk,Delivered
SHIP00387,PO00387,Hyderabad DC,Sea,2025-04-03,,On Time,Pending
SHIP00388,PO00388,Pune DC,Rail,2025-09-16,2025-09-25,On Time,Delivered
SHIP00389,PO00389,Hyderabad DC,Rail,2025-01-03,,On Time,Pending
SHIP00390,PO00390,Chennai Port,Road,2026-03-05,,On Time,In Transit
SHIP00391,PO00391,Pune DC,Rail,2026-05-15,2026-05-22,On Time,Delivered
SHIP00392,PO00392,Delhi ICD,Sea,2025-02-12,2025-02-21,On Time,Delivered
SHIP00393,PO00393,Pune DC,Air,2025-12-23,,On Time,In Transit
SHIP00394,PO00394,Delhi ICD,Air,2025-04-14,2025-05-14,On Time,Delayed
SHIP00395,PO00395,Pune DC,Rail,2025-06-21,,On Time,Pending
SHIP00396,PO00396,Chennai Port,Sea,2025-07-24,2025-07-29,Delayed,Delivered
SHIP00397,PO00397,Chennai Port,Rail,2025-10-05,2025-10-08,On Time,Delivered
SHIP00398,PO00398,Bengaluru DC,Air,2026-08-11,2026-08-20,On Time,Delivered
SHIP00399,PO00399,Hyderabad DC,Rail,2025-04-07,2025-04-28,On Time,Delayed
SHIP00400,PO00400,Hyderabad DC,Road,2025-08-01,2025-08-06,On Time,Delivered
SHIP00401,PO00401,Pune DC,Air,2025-05-09,2025-05-13,At Risk,Delivered
SHIP00402,PO00402,Bengaluru DC,Rail,2025-04-12,,Delayed,Cancelled
SHIP00403,PO00403,Bengaluru DC,Road,2026-01-25,2026-02-05,On Time,Delivered
SHIP00404,PO00404,Bengaluru DC,Air,2025-08-21,2025-09-09,On Time,Delayed
SHIP00405,PO00405,Delhi ICD,Air,2025-04-17,2025-04-19,On Time,Delivered
SHIP00406,PO00406,Hyderabad DC,Sea,2026-09-01,2026-09-13,On Time,Delivered
SHIP00407,PO00407,Chennai Port,Sea,2026-03-13,2026-03-30,On Time,Delayed
SHIP00408,PO00408,Mumbai Port,Air,2025-11-13,2025-11-20,On Time,Delivered
SHIP00409,PO00409,Chennai Port,Air,2026-08-13,,On Time,In Transit
SHIP00410,PO00410,Mumbai Port,Road,2025-06-30,2025-07-02,Delayed,Delivered
SHIP00411,PO00411,Delhi ICD,Sea,2026-03-31,2026-04-04,On Time,Delivered
SHIP00412,PO00412,Chennai Port,Rail,2025-03-21,2025-03-28,On Time,Delivered
SHIP00413,PO00413,Delhi ICD,Road,2025-10-11,,Delayed,In Transit
SHIP00414,PO00414,Hyderabad DC,Rail,2026-06-21,,On Time,In Transit
SHIP00415,PO00415,Bengaluru DC,Rail,2026-08-22,2026-08-25,At Risk,Delivered
SHIP00416,PO00416,Delhi ICD,Air,2025-10-24,2025-10-31,On Time,Delivered
SHIP00417,PO00417,Chennai Port,Road,2026-08-15,2026-09-12,On Time,Delayed
SHIP00418,PO00418,Bengaluru DC,Road,2026-02-27,2026-03-16,Delayed,Delayed
SHIP00419,PO00419,JNPT,Rail,2026-05-10,2026-05-16,On Time,Delivered
SHIP00420,PO00420,Hyderabad DC,Rail,2025-11-26,2025-11-28,On Time,Delivered
SHIP00421,PO00421,JNPT,Rail,2025-11-05,2025-11-10,On Time,Delivered
SHIP00422,PO00422,Hyderabad DC,Sea,2025-04-08,2025-04-20,On Time,Delivered
SHIP00423,PO00423,Hyderabad DC,Sea,2026-05-17,2026-05-29,On Time,Delivered
SHIP00424,PO00424,JNPT,Rail,2025-06-13,2025-06-15,On Time,Delivered
SHIP00425,PO00425,Bengaluru DC,Air,2026-06-22,2026-06-25,On Time,Delivered
SHIP00426,PO00426,Bengaluru DC,Road,2025-03-04,2025-03-08,At Risk,Delivered
SHIP00427,PO00427,Delhi ICD,Air,2025-08-04,,On Time,In Transit
SHIP00428,PO00428,Delhi ICD,Rail,2025-05-10,2025-05-31,On Time,Delayed
SHIP00429,PO00429,Delhi ICD,Sea,2025-07-06,2025-07-18,On Time,Delivered
SHIP00430,PO00430,Hyderabad DC,Sea,2025-10-02,,On Time,Pending
SHIP00431,PO00431,Hyderabad DC,Rail,2025-06-18,2025-06-21,On Time,Delivered
SHIP00432,PO00432,Pune DC,Rail,2025-08-10,2025-09-01,Delayed,Delayed
SHIP00433,PO00433,Hyderabad DC,Rail,2025-01-15,2025-01-17,On Time,Delivered
SHIP00434,PO00434,Delhi ICD,Road,2025-09-21,2025-09-23,On Time,Delivered
SHIP00435,PO00435,JNPT,Sea,2025-12-27,,At Risk,Pending
SHIP00436,PO00436,Chennai Port,Sea,2026-02-18,,On Time,In Transit
SHIP00437,PO00437,Chennai Port,Air,2026-01-22,,Delayed,Pending
SHIP00438,PO00438,JNPT,Road,2025-05-02,,On Time,Pending
SHIP00439,PO00439,Bengaluru DC,Road,2025-10-12,,Delayed,Pending
SHIP00440,PO00440,Delhi ICD,Sea,2025-09-09,,On Time,Pending
SHIP00441,PO00441,Mumbai Port,Road,2025-02-06,,On Time,Pending
SHIP00442,PO00442,Hyderabad DC,Air,2026-02-13,2026-02-21,On Time,Delivered
SHIP00443,PO00443,Delhi ICD,Road,2025-07-21,,Delayed,In Transit
SHIP00444,PO00444,Pune DC,Rail,2026-05-08,2026-05-17,On Time,Delivered
SHIP00445,PO00445,Chennai Port,Rail,2026-08-06,2026-08-19,On Time,Delayed
SHIP00446,PO00446,Chennai Port,Air,2026-07-29,,On Time,In Transit
SHIP00447,PO00447,Hyderabad DC,Rail,2025-08-29,2025-09-01,On Time,Delivered
SHIP00448,PO00448,Mumbai Port,Road,2025-10-01,,On Time,In Transit
SHIP00449,PO00449,Bengaluru DC,Road,2026-08-29,2026-08-31,On Time,Delivered
SHIP00450,PO00450,Hyderabad DC,Sea,2025-05-08,,On Time,In Transit
SHIP00451,PO00451,Pune DC,Rail,2025-06-09,2025-06-15,On Time,Delivered
SHIP00452,PO00452,Pune DC,Sea,2026-04-22,2026-05-06,On Time,Delayed
SHIP00453,PO00453,Hyderabad DC,Road,2025-07-13,2025-07-18,On Time,Delivered
SHIP00454,PO00454,Chennai Port,Sea,2025-06-24,,On Time,In Transit
SHIP00455,PO00455,Delhi ICD,Rail,2025-04-07,,On Time,In Transit
SHIP00456,PO00456,Bengaluru DC,Sea,2026-05-15,2026-05-19,On Time,Delivered
SHIP00457,PO00457,Pune DC,Sea,2025-01-21,2025-02-07,On Time,Delayed
SHIP00458,PO00458,Mumbai Port,Air,2025-09-19,2025-09-27,Delayed,Delivered
SHIP00459,PO00459,Hyderabad DC,Sea,2026-06-06,,On Time,Pending
SHIP00460,PO00460,JNPT,Road,2025-11-03,,On Time,Pending
SHIP00461,PO00461,Bengaluru DC,Rail,2025-05-29,2025-06-05,Delayed,Delivered
SHIP00462,PO00462,Pune DC,Sea,2026-02-28,2026-03-05,On Time,Delivered
SHIP00463,PO00463,Bengaluru DC,Road,2025-01-30,,On Time,Pending
SHIP00464,PO00464,Hyderabad DC,Rail,2025-02-18,2025-02-28,Delayed,Delivered
SHIP00465,PO00465,Delhi ICD,Sea,2025-03-02,,On Time,In Transit
SHIP00466,PO00466,Bengaluru DC,Sea,2026-04-12,2026-05-06,On Time,Delayed
SHIP00467,PO00467,Hyderabad DC,Sea,2025-08-06,2025-08-13,On Time,Delivered
SHIP00468,PO00468,Chennai Port,Rail,2026-06-19,2026-07-01,Delayed,Delivered
SHIP00469,PO00469,Pune DC,Road,2025-04-22,,On Time,In Transit
SHIP00470,PO00470,Delhi ICD,Rail,2026-05-27,,Delayed,In Transit
SHIP00471,PO00471,Hyderabad DC,Road,2025-07-31,2025-08-30,At Risk,Delayed
SHIP00472,PO00472,Delhi ICD,Road,2026-05-28,2026-05-30,On Time,Delivered
SHIP00473,PO00473,Chennai Port,Road,2025-04-13,2025-04-19,On Time,Delivered
SHIP00474,PO00474,Mumbai Port,Air,2026-06-14,,On Time,In Transit
SHIP00475,PO00475,Bengaluru DC,Sea,2026-04-19,2026-04-27,On Time,Delivered
SHIP00476,PO00476,Mumbai Port,Sea,2025-02-20,2025-03-01,On Time,Delivered
SHIP00477,PO00477,Pune DC,Sea,2025-02-17,2025-02-26,Delayed,Delivered
SHIP00478,PO00478,Bengaluru DC,Air,2025-10-04,2025-10-15,At Risk,Delivered
SHIP00479,PO00479,Chennai Port,Road,2026-02-26,2026-02-28,At Risk,Delivered
SHIP00480,PO00480,Mumbai Port,Road,2026-05-07,2026-05-17,On Time,Delivered
SHIP00481,PO00481,Mumbai Port,Sea,2025-03-14,,On Time,In Transit
SHIP00482,PO00482,Mumbai Port,Air,2026-08-12,2026-08-21,On Time,Delivered
SHIP00483,PO00483,JNPT,Sea,2025-02-11,,On Time,Pending
SHIP00484,PO00484,Pune DC,Road,2026-03-09,2026-03-21,At Risk,Delivered
SHIP00485,PO00485,Chennai Port,Air,2026-06-30,2026-07-04,On Time,Delivered
SHIP00486,PO00486,Hyderabad DC,Road,2025-12-20,2026-01-19,On Time,Delayed
SHIP00487,PO00487,Chennai Port,Rail,2026-05-11,,At Risk,In Transit
SHIP00488,PO00488,Mumbai Port,Air,2025-03-02,,On Time,Pending
SHIP00489,PO00489,Pune DC,Road,2026-05-30,2026-06-03,On Time,Delivered
SHIP00490,PO00490,Pune DC,Rail,2025-10-20,2025-10-28,Delayed,Delivered
SHIP00491,PO00491,Delhi ICD,Sea,2025-08-30,2025-09-04,On Time,Delivered
SHIP00492,PO00492,Mumbai Port,Rail,2026-06-03,2026-06-19,On Time,Delayed
SHIP00493,PO00493,Bengaluru DC,Road,2025-01-31,,On Time,Cancelled
SHIP00494,PO00494,Mumbai Port,Air,2025-04-10,2025-05-06,On Time,Delayed
SHIP00495,PO00495,Delhi ICD,Sea,2026-04-15,2026-04-17,On Time,Delivered
SHIP00496,PO00496,Delhi ICD,Air,2025-12-13,2025-12-16,On Time,Delivered
SHIP00497,PO00497,JNPT,Road,2026-04-18,,On Time,Pending
SHIP00498,PO00498,JNPT,Sea,2025-10-28,2025-11-09,On Time,Delivered
SHIP00499,PO00499,Chennai Port,Road,2025-06-27,2025-07-03,At Risk,Delivered
SHIP00500,PO00500,Mumbai Port,Road,2025-07-23,2025-07-31,On Time,Delivered
SHIP00501,PO00501,Mumbai Port,Air,2025-12-16,2025-12-24,On Time,Delivered
SHIP00502,PO00502,Delhi ICD,Road,2026-08-27,2026-09-08,On Time,Delivered
SHIP00503,PO00503,Pune DC,Sea,2026-06-04,2026-06-09,Delayed,Delivered
SHIP00504,PO00504,Chennai Port,Sea,2026-03-24,,On Time,In Transit
SHIP00505,PO00505,Hyderabad DC,Road,2026-08-19,2026-08-31,On Time,Delivered
SHIP00506,PO00506,JNPT,Road,2025-11-29,,On Time,Pending
SHIP00507,PO00507,Hyderabad DC,Sea,2025-09-14,2025-09-19,Delayed,Delivered
SHIP00508,PO00508,Pune DC,Air,2025-05-23,,On Time,Pending
SHIP00509,PO00509,Pune DC,Sea,2025-11-10,2025-11-17,On Time,Delivered
SHIP00510,PO00510,Delhi ICD,Sea,2025-08-22,,On Time,In Transit
SHIP00511,PO00511,Chennai Port,Sea,2025-05-20,2025-06-06,On Time,Delayed
SHIP00512,PO00512,Bengaluru DC,Air,2025-12-08,2025-12-19,On Time,Delivered
SHIP00513,PO00513,Chennai Port,Road,2026-03-06,2026-03-08,On Time,Delivered
SHIP00514,PO00514,JNPT,Road,2025-01-26,,On Time,Pending
SHIP00515,PO00515,Pune DC,Air,2025-03-06,2025-03-18,On Time,Delivered
SHIP00516,PO00516,Delhi ICD,Sea,2025-06-08,,On Time,In Transit
SHIP00517,PO00517,Hyderabad DC,Rail,2026-01-10,2026-02-09,On Time,Delayed
SHIP00518,PO00518,Delhi ICD,Road,2026-07-31,,On Time,In Transit
SHIP00519,PO00519,Pune DC,Air,2025-10-27,,On Time,Pending
SHIP00520,PO00520,JNPT,Rail,2025-11-21,2025-11-28,On Time,Delivered
SHIP00521,PO00521,Bengaluru DC,Sea,2026-04-04,2026-04-11,On Time,Delivered
SHIP00522,PO00522,JNPT,Rail,2025-07-31,2025-08-12,Delayed,Delivered
SHIP00523,PO00523,Hyderabad DC,Air,2025-03-30,2025-04-11,On Time,Delivered
SHIP00524,PO00524,Bengaluru DC,Rail,2025-10-22,2025-10-31,On Time,Delivered
SHIP00525,PO00525,Hyderabad DC,Rail,2025-01-18,,On Time,Pending
SHIP00526,PO00526,Hyderabad DC,Sea,2025-03-05,2025-03-23,On Time,Delayed
SHIP00527,PO00527,Bengaluru DC,Sea,2026-01-09,2026-01-15,On Time,Delivered
SHIP00528,PO00528,Delhi ICD,Road,2026-06-21,2026-06-24,At Risk,Delivered
SHIP00529,PO00529,Mumbai Port,Road,2025-04-14,,On Time,Cancelled
SHIP00530,PO00530,Chennai Port,Air,2025-11-02,,On Time,Pending
SHIP00531,PO00531,Chennai Port,Sea,2025-01-17,2025-01-19,On Time,Delivered
SHIP00532,PO00532,Mumbai Port,Rail,2025-09-15,2025-09-22,On Time,Delivered
SHIP00533,PO00533,Mumbai Port,Road,2025-05-03,2025-05-17,On Time,Delayed
SHIP00534,PO00534,Pune DC,Road,2026-06-23,2026-06-27,At Risk,Delivered
SHIP00535,PO00535,Hyderabad DC,Road,2025-02-25,2025-02-27,On Time,Delivered
SHIP00536,PO00536,Hyderabad DC,Air,2025-04-15,,On Time,Cancelled
SHIP00537,PO00537,Bengaluru DC,Air,2025-08-08,2025-08-19,At Risk,Delivered
SHIP00538,PO00538,Mumbai Port,Air,2025-04-23,2025-05-10,Delayed,Delayed
SHIP00539,PO00539,JNPT,Road,2025-06-10,2025-07-05,At Risk,Delayed
SHIP00540,PO00540,Delhi ICD,Sea,2025-07-04,2025-07-15,On Time,Delivered
SHIP00541,PO00541,JNPT,Sea,2025-09-26,2025-10-16,On Time,Delayed
SHIP00542,PO00542,Delhi ICD,Road,2025-01-21,,On Time,Pending
SHIP00543,PO00543,Pune DC,Sea,2025-03-17,2025-03-28,On Time,Delivered
SHIP00544,PO00544,Chennai Port,Sea,2026-01-06,2026-01-09,On Time,Delivered
SHIP00545,PO00545,Pune DC,Sea,2025-04-11,,On Time,Pending
SHIP00546,PO00546,Chennai Port,Sea,2025-02-06,2025-02-18,Delayed,Delivered
SHIP00547,PO00547,Chennai Port,Sea,2026-07-22,2026-07-24,Delayed,Delivered
SHIP00548,PO00548,Hyderabad DC,Road,2026-01-28,2026-02-01,On Time,Delivered
SHIP00549,PO00549,JNPT,Sea,2026-08-22,,On Time,In Transit
SHIP00550,PO00550,JNPT,Air,2025-08-10,2025-08-16,Delayed,Delivered
SHIP00551,PO00551,Chennai Port,Road,2026-06-16,,On Time,In Transit
SHIP00552,PO00552,Chennai Port,Road,2025-07-28,2025-07-31,On Time,Delivered
SHIP00553,PO00553,Chennai Port,Sea,2026-07-23,2026-07-25,Delayed,Delivered
SHIP00554,PO00554,Delhi ICD,Rail,2025-09-21,2025-09-27,On Time,Delivered
SHIP00555,PO00555,JNPT,Rail,2025-05-17,2025-05-21,Delayed,Delivered
SHIP00556,PO00556,Mumbai Port,Rail,2025-07-25,2025-07-30,On Time,Delivered
SHIP00557,PO00557,Mumbai Port,Air,2026-09-03,2026-09-09,On Time,Delivered
SHIP00558,PO00558,Delhi ICD,Rail,2026-03-20,2026-03-28,On Time,Delivered
SHIP00559,PO00559,JNPT,Road,2026-03-28,2026-03-31,On Time,Delivered
SHIP00560,PO00560,Pune DC,Rail,2026-05-17,,On Time,In Transit
SHIP00561,PO00561,JNPT,Rail,2025-04-30,,On Time,Pending
SHIP00562,PO00562,Mumbai Port,Road,2025-05-28,,Delayed,In Transit
SHIP00563,PO00563,Bengaluru DC,Road,2025-03-24,2025-04-11,Delayed,Delayed
SHIP00564,PO00564,JNPT,Rail,2026-09-06,2026-09-24,On Time,Delayed
SHIP00565,PO00565,Pune DC,Air,2026-07-08,2026-07-12,On Time,Delivered
SHIP00566,PO00566,Chennai Port,Rail,2026-08-28,2026-08-30,On Time,Delivered
SHIP00567,PO00567,JNPT,Air,2026-02-19,2026-02-23,On Time,Delivered
SHIP00568,PO00568,JNPT,Road,2025-06-24,2025-07-03,On Time,Delivered
SHIP00569,PO00569,Pune DC,Road,2026-08-06,,On Time,In Transit
SHIP00570,PO00570,Chennai Port,Sea,2026-05-22,2026-05-28,On Time,Delivered
SHIP00571,PO00571,Bengaluru DC,Sea,2025-08-07,2025-08-15,At Risk,Delivered
SHIP00572,PO00572,Bengaluru DC,Sea,2025-02-26,2025-03-09,Delayed,Delivered
SHIP00573,PO00573,JNPT,Sea,2025-10-17,,On Time,Pending
SHIP00574,PO00574,Delhi ICD,Air,2026-01-24,2026-02-04,On Time,Delivered
SHIP00575,PO00575,Delhi ICD,Road,2025-08-24,2025-08-30,On Time,Delivered
SHIP00576,PO00576,Chennai Port,Rail,2026-05-13,2026-06-01,On Time,Delayed
SHIP00577,PO00577,Hyderabad DC,Air,2025-09-03,2025-09-20,On Time,Delayed
SHIP00578,PO00578,Chennai Port,Air,2026-01-09,2026-01-14,On Time,Delivered
SHIP00579,PO00579,Delhi ICD,Rail,2025-12-13,,On Time,In Transit
SHIP00580,PO00580,JNPT,Rail,2026-09-04,,Delayed,Pending
SHIP00581,PO00581,Delhi ICD,Sea,2026-08-13,2026-08-15,At Risk,Delivered
SHIP00582,PO00582,Mumbai Port,Air,2026-08-21,,On Time,Pending
SHIP00583,PO00583,Pune DC,Sea,2026-03-01,2026-03-03,On Time,Delivered
SHIP00584,PO00584,JNPT,Road,2025-10-24,2025-11-03,At Risk,Delivered
SHIP00585,PO00585,Delhi ICD,Road,2026-05-12,2026-06-11,On Time,Delayed
SHIP00586,PO00586,Delhi ICD,Road,2025-07-10,,On Time,In Transit
SHIP00587,PO00587,Delhi ICD,Air,2025-12-23,2026-01-19,On Time,Delayed
SHIP00588,PO00588,Chennai Port,Sea,2025-05-17,2025-06-02,On Time,Delayed
SHIP00589,PO00589,Hyderabad DC,Road,2026-03-15,2026-03-25,At Risk,Delivered
SHIP00590,PO00590,Chennai Port,Air,2025-02-12,,On Time,Pending
SHIP00591,PO00591,JNPT,Rail,2026-07-15,2026-08-05,Delayed,Delayed
SHIP00592,PO00592,Delhi ICD,Sea,2025-02-18,2025-02-26,On Time,Delivered
SHIP00593,PO00593,JNPT,Sea,2026-01-27,2026-01-31,On Time,Delivered
SHIP00594,PO00594,Chennai Port,Air,2026-05-11,2026-05-28,At Risk,Delayed
SHIP00595,PO00595,JNPT,Road,2026-02-27,2026-03-02,On Time,Delivered
SHIP00596,PO00596,Chennai Port,Rail,2026-08-23,2026-09-12,At Risk,Delayed
SHIP00597,PO00597,Chennai Port,Air,2025-11-28,2025-12-10,On Time,Delivered
SHIP00598,PO00598,Delhi ICD,Air,2025-09-23,,On Time,Pending
SHIP00599,PO00599,Hyderabad DC,Air,2026-02-17,2026-03-01,Delayed,Delivered
SHIP00600,PO00600,Chennai Port,Sea,2025-07-07,2025-07-09,On Time,Delivered
SHIP00601,PO00601,Mumbai Port,Air,2026-08-24,2026-09-01,Delayed,Delivered
SHIP00602,PO00602,Bengaluru DC,Rail,2025-05-07,2025-05-11,Delayed,Delivered
SHIP00603,PO00603,JNPT,Sea,2025-04-17,,At Risk,Pending
SHIP00604,PO00604,Bengaluru DC,Air,2025-02-25,,On Time,In Transit
SHIP00605,PO00605,Delhi ICD,Road,2026-05-05,2026-05-12,On Time,Delivered
SHIP00606,PO00606,Mumbai Port,Air,2025-04-02,2025-04-14,At Risk,Delivered
SHIP00607,PO00607,JNPT,Sea,2026-06-19,2026-06-27,On Time,Delivered
SHIP00608,PO00608,Mumbai Port,Air,2025-06-30,2025-07-07,On Time,Delivered
SHIP00609,PO00609,Chennai Port,Rail,2026-06-23,,On Time,Pending
SHIP00610,PO00610,Pune DC,Rail,2025-08-30,2025-09-10,On Time,Delivered
SHIP00611,PO00611,Pune DC,Road,2025-06-21,2025-06-29,On Time,Delivered
SHIP00612,PO00612,JNPT,Sea,2026-08-26,2026-09-08,On Time,Delayed
SHIP00613,PO00613,Pune DC,Rail,2025-04-05,,At Risk,Pending
SHIP00614,PO00614,JNPT,Air,2025-10-12,2025-10-14,At Risk,Delivered
SHIP00615,PO00615,Pune DC,Air,2025-01-11,,On Time,In Transit
SHIP00616,PO00616,Delhi ICD,Road,2026-06-02,2026-06-08,On Time,Delivered
SHIP00617,PO00617,Bengaluru DC,Road,2026-07-15,2026-07-17,Delayed,Delivered
SHIP00618,PO00618,Pune DC,Sea,2025-09-11,2025-10-06,On Time,Delayed
SHIP00619,PO00619,Mumbai Port,Air,2025-02-08,2025-02-18,On Time,Delivered
SHIP00620,PO00620,Delhi ICD,Rail,2025-08-22,,On Time,In Transit
SHIP00621,PO00621,Bengaluru DC,Rail,2026-01-09,2026-01-18,On Time,Delivered
SHIP00622,PO00622,Hyderabad DC,Rail,2025-10-23,2025-10-30,On Time,Delivered
SHIP00623,PO00623,Delhi ICD,Air,2026-05-11,2026-05-21,On Time,Delivered
SHIP00624,PO00624,Pune DC,Air,2025-07-21,2025-07-26,On Time,Delivered
SHIP00625,PO00625,Hyderabad DC,Rail,2025-10-03,2025-10-07,On Time,Delivered
SHIP00626,PO00626,Mumbai Port,Rail,2026-01-01,,On Time,In Transit
SHIP00627,PO00627,Delhi ICD,Air,2026-05-28,2026-05-31,On Time,Delivered
SHIP00628,PO00628,Chennai Port,Sea,2026-01-26,2026-02-04,On Time,Delivered
SHIP00629,PO00629,Hyderabad DC,Air,2026-08-23,,At Risk,In Transit
SHIP00630,PO00630,Hyderabad DC,Road,2025-10-18,,On Time,Pending
SHIP00631,PO00631,Mumbai Port,Road,2026-03-17,2026-03-20,Delayed,Delivered
SHIP00632,PO00632,Chennai Port,Sea,2025-07-03,2025-07-12,Delayed,Delivered
SHIP00633,PO00633,Hyderabad DC,Sea,2025-01-19,2025-01-26,On Time,Delivered
SHIP00634,PO00634,JNPT,Road,2025-10-03,,Delayed,Pending
SHIP00635,PO00635,Chennai Port,Road,2025-12-21,,On Time,Pending
SHIP00636,PO00636,JNPT,Sea,2026-01-23,2026-01-27,At Risk,Delivered
SHIP00637,PO00637,Chennai Port,Road,2026-08-17,,Delayed,In Transit
SHIP00638,PO00638,Pune DC,Air,2026-08-03,2026-08-10,On Time,Delivered
SHIP00639,PO00639,JNPT,Rail,2025-06-05,2025-06-15,On Time,Delivered
SHIP00640,PO00640,Hyderabad DC,Air,2026-06-25,,On Time,In Transit
SHIP00641,PO00641,Bengaluru DC,Rail,2026-08-08,,On Time,Cancelled
SHIP00642,PO00642,Hyderabad DC,Air,2025-08-21,2025-09-17,On Time,Delayed
SHIP00643,PO00643,Mumbai Port,Sea,2026-01-13,2026-01-20,On Time,Delivered
SHIP00644,PO00644,Chennai Port,Rail,2025-01-23,2025-01-31,At Risk,Delivered
SHIP00645,PO00645,Delhi ICD,Road,2025-08-02,2025-08-08,Delayed,Delivered
SHIP00646,PO00646,Delhi ICD,Sea,2026-01-10,,On Time,Pending
SHIP00647,PO00647,Pune DC,Sea,2025-03-31,2025-04-05,On Time,Delivered
SHIP00648,PO00648,Pune DC,Air,2025-06-22,2025-06-25,On Time,Delivered
SHIP00649,PO00649,Mumbai Port,Air,2025-03-24,,Delayed,Pending
SHIP00650,PO00650,JNPT,Air,2025-11-06,2025-11-17,Delayed,Delivered
SHIP00651,PO00651,Chennai Port,Air,2026-04-05,,On Time,Pending
SHIP00652,PO00652,Chennai Port,Road,2025-07-02,2025-07-14,On Time,Delivered
SHIP00653,PO00653,Mumbai Port,Road,2025-03-27,,On Time,Pending
SHIP00654,PO00654,Hyderabad DC,Air,2026-05-12,2026-05-30,On Time,Delayed
SHIP00655,PO00655,JNPT,Rail,2025-04-03,2025-04-11,On Time,Delivered
SHIP00656,PO00656,Hyderabad DC,Road,2026-02-09,2026-02-19,On Time,Delivered
SHIP00657,PO00657,Pune DC,Road,2025-05-13,,At Risk,Pending
SHIP00658,PO00658,JNPT,Road,2025-12-02,2025-12-23,Delayed,Delayed
SHIP00659,PO00659,Chennai Port,Road,2025-05-25,2025-06-04,On Time,Delivered
SHIP00660,PO00660,Delhi ICD,Road,2026-08-11,2026-08-14,On Time,Delivered
SHIP00661,PO00661,Delhi ICD,Road,2026-07-14,2026-08-13,At Risk,Delayed
SHIP00662,PO00662,Mumbai Port,Rail,2025-06-19,2025-07-04,On Time,Delayed
SHIP00663,PO00663,JNPT,Sea,2025-05-23,2025-06-02,At Risk,Delivered
SHIP00664,PO00664,Pune DC,Sea,2026-05-30,2026-06-06,Delayed,Delivered
SHIP00665,PO00665,Pune DC,Sea,2025-11-03,2025-11-13,On Time,Delivered
SHIP00666,PO00666,Chennai Port,Road,2026-08-02,,At Risk,In Transit
SHIP00667,PO00667,Pune DC,Sea,2026-02-16,2026-02-28,On Time,Delivered
SHIP00668,PO00668,Delhi ICD,Rail,2026-06-22,2026-07-04,Delayed,Delivered
SHIP00669,PO00669,Bengaluru DC,Air,2025-10-04,2025-10-06,On Time,Delivered
SHIP00670,PO00670,Hyderabad DC,Air,2026-04-23,,On Time,Pending
SHIP00671,PO00671,Pune DC,Sea,2025-11-26,,On Time,Pending
SHIP00672,PO00672,Bengaluru DC,Road,2025-04-17,,On Time,In Transit
SHIP00673,PO00673,Hyderabad DC,Air,2025-09-04,2025-09-14,On Time,Delivered
SHIP00674,PO00674,JNPT,Air,2025-11-17,2025-12-10,On Time,Delayed
SHIP00675,PO00675,Mumbai Port,Air,2025-03-31,2025-04-03,On Time,Delivered
SHIP00676,PO00676,Pune DC,Sea,2026-07-14,,At Risk,In Transit
SHIP00677,PO00677,Mumbai Port,Air,2026-01-31,2026-02-08,On Time,Delivered
SHIP00678,PO00678,Mumbai Port,Road,2025-09-16,2025-10-12,At Risk,Delayed
SHIP00679,PO00679,Pune DC,Rail,2026-06-24,2026-06-27,At Risk,Delivered
SHIP00680,PO00680,Mumbai Port,Air,2025-12-07,,On Time,In Transit
SHIP00681,PO00681,Mumbai Port,Rail,2025-05-11,2025-06-03,On Time,Delayed
SHIP00682,PO00682,Mumbai Port,Air,2025-08-22,2025-09-11,On Time,Delayed
SHIP00683,PO00683,Pune DC,Air,2025-10-19,2025-11-03,At Risk,Delayed
SHIP00684,PO00684,Pune DC,Road,2025-02-24,2025-03-04,On Time,Delivered
SHIP00685,PO00685,Delhi ICD,Road,2025-04-09,2025-04-16,On Time,Delivered
SHIP00686,PO00686,Bengaluru DC,Road,2025-03-05,,On Time,Pending
SHIP00687,PO00687,Chennai Port,Road,2025-05-17,2025-05-24,On Time,Delivered
SHIP00688,PO00688,Pune DC,Rail,2026-01-01,,On Time,Pending
SHIP00689,PO00689,Hyderabad DC,Road,2025-05-21,2025-06-01,On Time,Delivered
SHIP00690,PO00690,JNPT,Rail,2026-07-11,2026-07-15,At Risk,Delivered
SHIP00691,PO00691,Delhi ICD,Rail,2025-11-29,,On Time,In Transit
SHIP00692,PO00692,Bengaluru DC,Sea,2026-07-26,2026-07-31,On Time,Delivered
SHIP00693,PO00693,Chennai Port,Sea,2025-10-06,2025-10-10,At Risk,Delivered
SHIP00694,PO00694,Pune DC,Road,2026-01-29,2026-02-09,On Time,Delivered
SHIP00695,PO00695,Chennai Port,Road,2025-09-07,,At Risk,In Transit
SHIP00696,PO00696,Hyderabad DC,Air,2026-02-08,,On Time,In Transit
SHIP00697,PO00697,Bengaluru DC,Road,2025-10-27,2025-11-08,At Risk,Delivered
SHIP00698,PO00698,JNPT,Rail,2025-03-14,2025-03-16,Delayed,Delivered
SHIP00699,PO00699,JNPT,Rail,2026-05-25,2026-06-02,On Time,Delivered
SHIP00700,PO00700,JNPT,Road,2026-05-19,2026-05-31,Delayed,Delivered
SHIP00701,PO00701,JNPT,Sea,2025-03-15,2025-03-22,On Time,Delivered
SHIP00702,PO00702,Mumbai Port,Air,2026-05-07,,On Time,In Transit
SHIP00703,PO00703,Hyderabad DC,Air,2026-03-09,2026-03-19,On Time,Delivered
SHIP00704,PO00704,JNPT,Rail,2025-02-15,,On Time,Pending
SHIP00705,PO00705,Pune DC,Rail,2026-06-20,,On Time,Pending
SHIP00706,PO00706,Mumbai Port,Sea,2026-06-28,2026-07-04,On Time,Delivered
SHIP00707,PO00707,Hyderabad DC,Sea,2026-07-27,2026-08-10,On Time,Delayed
SHIP00708,PO00708,JNPT,Air,2026-04-19,2026-04-25,On Time,Delivered
SHIP00709,PO00709,Pune DC,Road,2025-07-11,2025-08-08,On Time,Delayed
SHIP00710,PO00710,Chennai Port,Rail,2026-04-05,2026-04-10,On Time,Delivered
SHIP00711,PO00711,Delhi ICD,Rail,2026-01-21,2026-02-15,On Time,Delayed
SHIP00712,PO00712,Mumbai Port,Rail,2025-09-12,,On Time,Pending
SHIP00713,PO00713,Bengaluru DC,Rail,2025-09-25,2025-10-05,On Time,Delivered
SHIP00714,PO00714,Hyderabad DC,Road,2025-02-17,2025-02-23,On Time,Delivered
SHIP00715,PO00715,Hyderabad DC,Sea,2025-11-17,2025-11-23,On Time,Delivered
SHIP00716,PO00716,Mumbai Port,Rail,2025-10-20,,Delayed,Pending
SHIP00717,PO00717,Pune DC,Rail,2025-04-12,2025-05-12,On Time,Delayed
SHIP00718,PO00718,Delhi ICD,Sea,2026-08-29,2026-08-31,On Time,Delivered
SHIP00719,PO00719,Mumbai Port,Air,2026-02-15,2026-02-19,Delayed,Delivered
SHIP00720,PO00720,Bengaluru DC,Rail,2025-07-04,2025-07-10,On Time,Delivered
SHIP00721,PO00721,Mumbai Port,Sea,2025-11-15,2025-12-09,On Time,Delayed
SHIP00722,PO00722,Delhi ICD,Road,2025-12-13,,Delayed,Pending
SHIP00723,PO00723,Bengaluru DC,Air,2025-08-27,2025-09-01,On Time,Delivered
SHIP00724,PO00724,Mumbai Port,Road,2026-02-03,,On Time,Pending
SHIP00725,PO00725,JNPT,Sea,2025-06-06,2025-06-08,On Time,Delivered
SHIP00726,PO00726,Bengaluru DC,Sea,2026-02-19,2026-03-03,On Time,Delivered
SHIP00727,PO00727,Delhi ICD,Road,2026-03-23,2026-04-11,On Time,Delayed
SHIP00728,PO00728,Chennai Port,Road,2026-08-10,,At Risk,Pending
SHIP00729,PO00729,Chennai Port,Rail,2026-06-09,,On Time,In Transit
SHIP00730,PO00730,Mumbai Port,Air,2025-07-26,,Delayed,In Transit
SHIP00731,PO00731,Mumbai Port,Sea,2026-06-30,2026-07-20,On Time,Delayed
SHIP00732,PO00732,Pune DC,Sea,2026-08-22,2026-08-24,Delayed,Delivered
SHIP00733,PO00733,Mumbai Port,Road,2025-11-29,2025-12-22,On Time,Delayed
SHIP00734,PO00734,Delhi ICD,Road,2025-12-29,,On Time,Pending
SHIP00735,PO00735,Pune DC,Sea,2025-09-03,,On Time,Pending
SHIP00736,PO00736,Hyderabad DC,Road,2025-04-01,2025-04-04,On Time,Delivered
SHIP00737,PO00737,JNPT,Road,2025-06-05,2025-06-09,Delayed,Delivered
SHIP00738,PO00738,JNPT,Air,2026-04-10,2026-04-29,On Time,Delayed
SHIP00739,PO00739,JNPT,Road,2025-08-08,2025-08-19,On Time,Delivered
SHIP00740,PO00740,Pune DC,Air,2025-06-06,2025-06-18,Delayed,Delivered
SHIP00741,PO00741,Pune DC,Rail,2026-07-01,2026-07-04,On Time,Delivered
SHIP00742,PO00742,Bengaluru DC,Rail,2025-10-06,2025-10-08,On Time,Delivered
SHIP00743,PO00743,JNPT,Road,2026-01-11,2026-01-15,On Time,Delivered
SHIP00744,PO00744,Delhi ICD,Air,2025-08-27,2025-08-31,Delayed,Delivered
SHIP00745,PO00745,Hyderabad DC,Rail,2026-07-02,2026-08-01,At Risk,Delayed
SHIP00746,PO00746,Delhi ICD,Air,2025-01-30,2025-02-08,On Time,Delivered
SHIP00747,PO00747,Pune DC,Road,2025-06-14,,On Time,Pending
SHIP00748,PO00748,Chennai Port,Road,2026-06-03,2026-06-13,Delayed,Delivered
SHIP00749,PO00749,Mumbai Port,Rail,2025-02-02,2025-02-19,Delayed,Delayed
SHIP00750,PO00750,Mumbai Port,Sea,2025-05-30,,On Time,Pending
SHIP00751,PO00751,Hyderabad DC,Rail,2025-09-01,,On Time,In Transit
SHIP00752,PO00752,Pune DC,Rail,2025-12-07,2025-12-12,On Time,Delivered
SHIP00753,PO00753,Bengaluru DC,Road,2026-07-10,2026-07-21,On Time,Delivered
SHIP00754,PO00754,Bengaluru DC,Road,2026-06-30,2026-07-10,On Time,Delivered
SHIP00755,PO00755,Mumbai Port,Sea,2025-06-17,2025-06-21,On Time,Delivered
SHIP00756,PO00756,Hyderabad DC,Road,2025-07-12,2025-07-17,On Time,Delivered
SHIP00757,PO00757,Hyderabad DC,Road,2026-03-10,2026-03-18,Delayed,Delivered
SHIP00758,PO00758,Delhi ICD,Air,2025-10-14,2025-10-26,On Time,Delivered
SHIP00759,PO00759,Pune DC,Road,2025-10-02,2025-10-15,On Time,Delayed
SHIP00760,PO00760,Mumbai Port,Rail,2025-01-30,2025-02-14,On Time,Delayed
SHIP00761,PO00761,Hyderabad DC,Air,2026-04-28,2026-05-08,On Time,Delivered
SHIP00762,PO00762,Hyderabad DC,Rail,2026-05-12,2026-05-25,At Risk,Delayed
SHIP00763,PO00763,Pune DC,Air,2025-01-22,2025-01-25,Delayed,Delivered
SHIP00764,PO00764,Pune DC,Rail,2025-08-03,2025-08-13,On Time,Delivered
SHIP00765,PO00765,Chennai Port,Road,2025-12-09,2025-12-15,On Time,Delivered
SHIP00766,PO00766,Delhi ICD,Sea,2026-01-30,2026-02-01,On Time,Delivered
SHIP00767,PO00767,Mumbai Port,Road,2026-07-13,2026-07-15,On Time,Delivered
SHIP00768,PO00768,Chennai Port,Air,2025-02-18,,On Time,Pending
SHIP00769,PO00769,Delhi ICD,Rail,2026-07-28,2026-08-07,On Time,Delivered
SHIP00770,PO00770,JNPT,Air,2025-11-18,2025-11-26,On Time,Delivered
SHIP00771,PO00771,Delhi ICD,Air,2025-03-03,2025-03-05,Delayed,Delivered
SHIP00772,PO00772,Bengaluru DC,Road,2025-04-13,2025-04-15,On Time,Delivered
SHIP00773,PO00773,Chennai Port,Sea,2026-07-15,2026-07-20,On Time,Delivered
SHIP00774,PO00774,JNPT,Rail,2026-04-11,2026-05-10,On Time,Delayed
SHIP00775,PO00775,Pune DC,Sea,2025-12-03,2025-12-19,On Time,Delayed
SHIP00776,PO00776,Bengaluru DC,Road,2025-05-06,2025-05-16,On Time,Delivered
SHIP00777,PO00777,JNPT,Sea,2026-06-20,2026-07-02,On Time,Delivered
SHIP00778,PO00778,Hyderabad DC,Rail,2025-06-28,2025-07-06,On Time,Delivered
SHIP00779,PO00779,JNPT,Road,2025-02-24,2025-03-01,On Time,Delivered
SHIP00780,PO00780,Delhi ICD,Rail,2025-10-30,,On Time,In Transit
SHIP00781,PO00781,Hyderabad DC,Air,2025-01-15,,On Time,In Transit
SHIP00782,PO00782,Pune DC,Rail,2026-05-29,2026-06-06,On Time,Delivered
SHIP00783,PO00783,JNPT,Road,2026-09-07,2026-10-03,On Time,Delayed
SHIP00784,PO00784,Pune DC,Sea,2025-01-12,2025-01-14,On Time,Delivered
SHIP00785,PO00785,Pune DC,Air,2025-08-12,2025-08-19,Delayed,Delivered
SHIP00786,PO00786,Hyderabad DC,Air,2025-05-30,2025-06-04,On Time,Delivered
SHIP00787,PO00787,Pune DC,Road,2025-04-11,2025-04-16,On Time,Delivered
SHIP00788,PO00788,Pune DC,Air,2025-10-27,2025-11-04,Delayed,Delivered
SHIP00789,PO00789,Bengaluru DC,Road,2026-04-21,2026-05-01,Delayed,Delivered
SHIP00790,PO00790,Bengaluru DC,Rail,2025-11-15,2025-11-20,Delayed,Delivered
SHIP00791,PO00791,Chennai Port,Road,2026-07-23,2026-07-27,On Time,Delivered
SHIP00792,PO00792,Hyderabad DC,Road,2025-10-15,2025-10-27,At Risk,Delivered
SHIP00793,PO00793,JNPT,Air,2025-03-06,2025-03-11,On Time,Delivered
SHIP00794,PO00794,Hyderabad DC,Road,2025-10-31,2025-11-07,On Time,Delivered
SHIP00795,PO00795,Mumbai Port,Road,2026-01-02,2026-01-18,On Time,Delayed
SHIP00796,PO00796,Bengaluru DC,Road,2026-06-02,2026-06-05,On Time,Delivered
SHIP00797,PO00797,Hyderabad DC,Rail,2025-01-06,2025-01-09,On Time,Delivered
SHIP00798,PO00798,JNPT,Road,2025-08-04,2025-08-11,Delayed,Delivered
SHIP00799,PO00799,Mumbai Port,Sea,2025-08-07,,Delayed,In Transit
SHIP00800,PO00800,Mumbai Port,Sea,2025-03-17,,At Risk,Cancelled
SHIP00801,PO00801,Mumbai Port,Road,2025-05-04,2025-06-02,At Risk,Delayed
SHIP00802,PO00802,Bengaluru DC,Road,2025-02-03,2025-02-16,On Time,Delayed
SHIP00803,PO00803,Pune DC,Road,2026-05-13,2026-05-17,On Time,Delivered
SHIP00804,PO00804,Hyderabad DC,Sea,2026-07-11,2026-07-23,On Time,Delivered
SHIP00805,PO00805,Hyderabad DC,Sea,2026-06-23,2026-07-09,At Risk,Delayed
SHIP00806,PO00806,Chennai Port,Air,2026-08-25,,On Time,In Transit
SHIP00807,PO00807,Mumbai Port,Air,2025-02-07,2025-02-09,On Time,Delivered
SHIP00808,PO00808,Hyderabad DC,Air,2026-02-05,,On Time,Pending
SHIP00809,PO00809,Bengaluru DC,Sea,2025-11-24,2025-12-02,On Time,Delivered
SHIP00810,PO00810,Pune DC,Sea,2025-09-02,,On Time,In Transit
SHIP00811,PO00811,Bengaluru DC,Rail,2025-05-07,2025-05-12,On Time,Delivered
SHIP00812,PO00812,Chennai Port,Road,2025-02-03,2025-02-10,On Time,Delivered
SHIP00813,PO00813,Pune DC,Air,2026-06-22,,On Time,In Transit
SHIP00814,PO00814,Pune DC,Air,2026-06-22,2026-06-24,On Time,Delivered
SHIP00815,PO00815,Chennai Port,Sea,2026-06-25,2026-07-03,At Risk,Delivered
SHIP00816,PO00816,Mumbai Port,Rail,2025-04-12,2025-04-15,On Time,Delivered
SHIP00817,PO00817,JNPT,Road,2025-11-17,,On Time,Pending
SHIP00818,PO00818,Bengaluru DC,Road,2025-07-29,2025-08-06,Delayed,Delivered
SHIP00819,PO00819,Chennai Port,Road,2025-05-02,2025-05-14,On Time,Delivered
SHIP00820,PO00820,Pune DC,Rail,2026-08-09,2026-08-13,On Time,Delivered
SHIP00821,PO00821,Bengaluru DC,Rail,2025-10-11,2025-10-19,On Time,Delivered
SHIP00822,PO00822,Chennai Port,Rail,2025-11-17,2025-11-26,On Time,Delivered
SHIP00823,PO00823,Hyderabad DC,Road,2026-05-07,2026-05-29,On Time,Delayed
SHIP00824,PO00824,Mumbai Port,Sea,2026-02-11,,Delayed,Pending
SHIP00825,PO00825,Pune DC,Rail,2026-04-08,2026-04-17,On Time,Delivered
SHIP00826,PO00826,Bengaluru DC,Road,2026-07-05,2026-07-12,On Time,Delivered
SHIP00827,PO00827,Bengaluru DC,Road,2026-05-06,2026-05-08,On Time,Delivered
SHIP00828,PO00828,Mumbai Port,Air,2026-05-02,,On Time,In Transit
SHIP00829,PO00829,Hyderabad DC,Sea,2025-09-25,,At Risk,Pending
SHIP00830,PO00830,Pune DC,Sea,2025-12-09,2026-01-03,Delayed,Delayed
SHIP00831,PO00831,Pune DC,Sea,2026-05-16,2026-06-07,On Time,Delayed
SHIP00832,PO00832,Pune DC,Air,2025-05-20,2025-05-30,On Time,Delivered
SHIP00833,PO00833,JNPT,Rail,2025-12-11,,On Time,Pending
SHIP00834,PO00834,Delhi ICD,Rail,2026-02-17,2026-02-27,At Risk,Delivered
SHIP00835,PO00835,Delhi ICD,Rail,2026-05-13,2026-05-18,Delayed,Delivered
SHIP00836,PO00836,Mumbai Port,Sea,2026-03-25,2026-04-04,On Time,Delivered
SHIP00837,PO00837,Chennai Port,Rail,2025-03-22,,On Time,Cancelled
SHIP00838,PO00838,Mumbai Port,Sea,2026-04-22,2026-04-30,On Time,Delivered
SHIP00839,PO00839,Bengaluru DC,Rail,2026-02-24,2026-03-01,On Time,Delivered
SHIP00840,PO00840,Delhi ICD,Rail,2026-02-04,,Delayed,In Transit
SHIP00841,PO00841,Pune DC,Road,2026-08-27,2026-09-06,Delayed,Delivered
SHIP00842,PO00842,Chennai Port,Road,2026-04-14,2026-05-08,At Risk,Delayed
SHIP00843,PO00843,Delhi ICD,Road,2025-08-11,2025-08-19,On Time,Delivered
SHIP00844,PO00844,Bengaluru DC,Rail,2025-11-11,2025-11-18,On Time,Delivered
SHIP00845,PO00845,Chennai Port,Sea,2026-06-12,2026-06-22,On Time,Delivered
SHIP00846,PO00846,Mumbai Port,Sea,2025-03-07,2025-03-12,Delayed,Delivered
SHIP00847,PO00847,Hyderabad DC,Rail,2025-10-18,,Delayed,In Transit
SHIP00848,PO00848,Pune DC,Road,2025-12-01,2025-12-08,On Time,Delivered
SHIP00849,PO00849,Bengaluru DC,Rail,2025-07-01,2025-07-26,On Time,Delayed
SHIP00850,PO00850,Hyderabad DC,Road,2026-01-09,2026-01-30,Delayed,Delayed
SHIP00851,PO00851,Mumbai Port,Road,2025-05-21,2025-05-26,On Time,Delivered
SHIP00852,PO00852,Chennai Port,Road,2026-04-02,2026-04-10,At Risk,Delivered
SHIP00853,PO00853,Bengaluru DC,Rail,2026-04-14,2026-05-09,On Time,Delayed
SHIP00854,PO00854,Delhi ICD,Road,2026-03-22,2026-04-02,On Time,Delivered
SHIP00855,PO00855,Bengaluru DC,Air,2025-01-10,2025-01-12,On Time,Delivered
SHIP00856,PO00856,Pune DC,Air,2026-07-25,,On Time,In Transit
SHIP00857,PO00857,JNPT,Sea,2026-01-20,2026-02-18,On Time,Delayed
SHIP00858,PO00858,JNPT,Air,2026-07-05,2026-07-12,On Time,Delivered
SHIP00859,PO00859,Delhi ICD,Sea,2025-04-09,2025-04-20,On Time,Delivered
SHIP00860,PO00860,JNPT,Sea,2026-08-29,,Delayed,Pending
SHIP00861,PO00861,Bengaluru DC,Rail,2025-01-19,,On Time,In Transit
SHIP00862,PO00862,Hyderabad DC,Sea,2025-12-15,2026-01-12,At Risk,Delayed
SHIP00863,PO00863,Bengaluru DC,Road,2025-11-09,,Delayed,Cancelled
SHIP00864,PO00864,Hyderabad DC,Air,2025-06-28,2025-07-08,On Time,Delivered
SHIP00865,PO00865,JNPT,Road,2025-10-25,2025-11-03,At Risk,Delivered
SHIP00866,PO00866,JNPT,Air,2025-10-18,2025-10-22,At Risk,Delivered
SHIP00867,PO00867,Mumbai Port,Sea,2025-05-02,2025-05-12,On Time,Delivered
SHIP00868,PO00868,Mumbai Port,Rail,2026-01-17,,On Time,In Transit
SHIP00869,PO00869,JNPT,Air,2025-02-05,2025-02-13,On Time,Delivered
SHIP00870,PO00870,Chennai Port,Road,2026-05-31,2026-06-07,On Time,Delivered
SHIP00871,PO00871,Bengaluru DC,Air,2025-06-29,2025-07-11,On Time,Delivered
SHIP00872,PO00872,Pune DC,Air,2025-05-09,2025-05-13,On Time,Delivered
SHIP00873,PO00873,Pune DC,Road,2026-07-07,2026-07-09,On Time,Delivered
SHIP00874,PO00874,JNPT,Sea,2026-03-27,,On Time,Cancelled
SHIP00875,PO00875,Chennai Port,Road,2026-07-02,2026-07-27,At Risk,Delayed
SHIP00876,PO00876,Hyderabad DC,Rail,2026-03-27,2026-04-24,At Risk,Delayed
SHIP00877,PO00877,Hyderabad DC,Road,2025-04-13,2025-04-17,Delayed,Delivered
SHIP00878,PO00878,Mumbai Port,Rail,2025-09-15,2025-09-19,On Time,Delivered
SHIP00879,PO00879,Delhi ICD,Sea,2025-07-11,2025-07-21,Delayed,Delivered
SHIP00880,PO00880,JNPT,Sea,2025-01-24,,Delayed,In Transit
SHIP00881,PO00881,Bengaluru DC,Rail,2025-08-17,,Delayed,Pending
SHIP00882,PO00882,Delhi ICD,Sea,2025-04-14,2025-04-26,On Time,Delivered
SHIP00883,PO00883,Hyderabad DC,Road,2025-05-07,2025-05-16,On Time,Delivered
SHIP00884,PO00884,Hyderabad DC,Sea,2026-08-15,,On Time,In Transit
SHIP00885,PO00885,Chennai Port,Sea,2025-03-21,2025-03-23,On Time,Delivered
SHIP00886,PO00886,Pune DC,Road,2025-12-05,2025-12-09,On Time,Delivered
SHIP00887,PO00887,Mumbai Port,Rail,2026-02-03,2026-02-07,On Time,Delivered
SHIP00888,PO00888,JNPT,Road,2026-04-08,2026-04-20,At Risk,Delivered
SHIP00889,PO00889,Delhi ICD,Road,2026-05-30,,Delayed,Pending
SHIP00890,PO00890,Mumbai Port,Air,2025-04-28,,On Time,Cancelled
SHIP00891,PO00891,Hyderabad DC,Rail,2026-08-12,2026-09-10,On Time,Delayed
SHIP00892,PO00892,Chennai Port,Sea,2025-01-11,2025-01-22,Delayed,Delivered
SHIP00893,PO00893,Pune DC,Air,2026-02-06,2026-02-16,On Time,Delivered
SHIP00894,PO00894,Delhi ICD,Road,2026-05-15,,At Risk,In Transit
SHIP00895,PO00895,Mumbai Port,Air,2026-05-12,,Delayed,Pending
SHIP00896,PO00896,JNPT,Sea,2025-11-17,,At Risk,In Transit
SHIP00897,PO00897,Delhi ICD,Air,2025-12-25,,On Time,In Transit
SHIP00898,PO00898,Delhi ICD,Road,2025-02-15,,On Time,Pending
SHIP00899,PO00899,Bengaluru DC,Sea,2025-04-25,2025-05-07,At Risk,Delivered
SHIP00900,PO00900,Chennai Port,Road,2026-03-26,,On Time,In Transit
SHIP00901,PO00901,Chennai Port,Sea,2026-09-03,2026-09-13,On Time,Delivered
SHIP00902,PO00902,JNPT,Road,2025-11-16,2025-11-28,At Risk,Delivered
SHIP00903,PO00903,Bengaluru DC,Road,2025-12-22,2025-12-25,On Time,Delivered
SHIP00904,PO00904,Chennai Port,Sea,2026-07-01,,On Time,Cancelled
SHIP00905,PO00905,Bengaluru DC,Sea,2025-03-18,,On Time,Pending
SHIP00906,PO00906,Delhi ICD,Rail,2025-02-28,2025-03-17,On Time,Delayed
SHIP00907,PO00907,Bengaluru DC,Air,2025-11-23,2025-12-05,On Time,Delivered
SHIP00908,PO00908,Hyderabad DC,Rail,2025-04-20,2025-04-24,On Time,Delivered
SHIP00909,PO00909,Hyderabad DC,Air,2025-08-08,2025-08-10,Delayed,Delivered
SHIP00910,PO00910,Delhi ICD,Sea,2026-08-20,2026-08-31,On Time,Delivered
SHIP00911,PO00911,JNPT,Air,2025-02-17,,Delayed,In Transit
SHIP00912,PO00912,Pune DC,Air,2026-03-05,2026-03-28,On Time,Delayed
SHIP00913,PO00913,Chennai Port,Sea,2026-08-22,,On Time,Pending
SHIP00914,PO00914,Delhi ICD,Rail,2026-01-25,2026-02-05,On Time,Delivered
SHIP00915,PO00915,Hyderabad DC,Air,2025-01-19,,Delayed,Pending
SHIP00916,PO00916,JNPT,Road,2026-05-07,,On Time,Pending
SHIP00917,PO00917,Hyderabad DC,Air,2026-04-10,2026-04-22,On Time,Delivered
SHIP00918,PO00918,Chennai Port,Rail,2025-07-10,,At Risk,In Transit
SHIP00919,PO00919,JNPT,Sea,2025-12-29,2026-01-09,At Risk,Delivered
SHIP00920,PO00920,JNPT,Air,2026-07-01,,On Time,Pending
SHIP00921,PO00921,Pune DC,Road,2026-06-15,2026-06-20,On Time,Delivered
SHIP00922,PO00922,Hyderabad DC,Sea,2025-06-09,2025-06-11,On Time,Delivered
SHIP00923,PO00923,Bengaluru DC,Air,2025-02-21,,On Time,Pending
SHIP00924,PO00924,Pune DC,Air,2025-12-15,2026-01-06,On Time,Delayed
SHIP00925,PO00925,Mumbai Port,Road,2026-07-09,2026-07-20,At Risk,Delivered
SHIP00926,PO00926,Bengaluru DC,Sea,2025-08-31,,On Time,Pending
SHIP00927,PO00927,Bengaluru DC,Rail,2025-12-04,2025-12-11,On Time,Delivered
SHIP00928,PO00928,JNPT,Sea,2026-02-28,2026-03-07,On Time,Delivered
SHIP00929,PO00929,Delhi ICD,Air,2025-03-03,2025-03-06,On Time,Delivered
SHIP00930,PO00930,Delhi ICD,Rail,2026-02-05,,Delayed,In Transit
SHIP00931,PO00931,Bengaluru DC,Road,2025-10-12,,On Time,In Transit
SHIP00932,PO00932,Mumbai Port,Road,2025-10-22,2025-10-29,At Risk,Delivered
SHIP00933,PO00933,JNPT,Road,2025-12-23,,On Time,Pending
SHIP00934,PO00934,JNPT,Sea,2025-06-26,2025-07-03,On Time,Delivered
SHIP00935,PO00935,Mumbai Port,Sea,2026-05-25,,On Time,Pending
SHIP00936,PO00936,Pune DC,Sea,2026-03-25,2026-04-11,On Time,Delayed
SHIP00937,PO00937,Bengaluru DC,Air,2026-09-04,2026-09-14,On Time,Delivered
SHIP00938,PO00938,Bengaluru DC,Sea,2026-04-30,,On Time,Pending
SHIP00939,PO00939,Bengaluru DC,Sea,2026-05-12,,Delayed,Pending
SHIP00940,PO00940,Delhi ICD,Rail,2025-01-21,2025-01-27,On Time,Delivered
SHIP00941,PO00941,Hyderabad DC,Air,2025-11-11,2025-11-18,On Time,Delivered
SHIP00942,PO00942,Delhi ICD,Air,2025-06-21,2025-07-17,Delayed,Delayed
SHIP00943,PO00943,JNPT,Air,2026-04-21,2026-05-01,At Risk,Delivered
SHIP00944,PO00944,Pune DC,Sea,2026-01-17,,At Risk,Pending
SHIP00945,PO00945,Mumbai Port,Road,2025-12-08,2025-12-10,On Time,Delivered
SHIP00946,PO00946,Bengaluru DC,Rail,2026-07-15,2026-07-20,On Time,Delivered
SHIP00947,PO00947,Pune DC,Air,2025-03-02,2025-03-05,Delayed,Delivered
SHIP00948,PO00948,Delhi ICD,Sea,2026-01-12,2026-01-19,On Time,Delivered
SHIP00949,PO00949,Chennai Port,Rail,2026-07-31,,On Time,In Transit
SHIP00950,PO00950,Bengaluru DC,Sea,2025-12-14,2025-12-24,On Time,Delivered
SHIP00951,PO00951,Chennai Port,Rail,2026-08-28,,On Time,Cancelled
SHIP00952,PO00952,JNPT,Sea,2026-06-12,,On Time,Cancelled
SHIP00953,PO00953,Hyderabad DC,Sea,2026-04-20,2026-05-12,On Time,Delayed
SHIP00954,PO00954,Hyderabad DC,Rail,2026-06-30,2026-07-10,At Risk,Delivered
SHIP00955,PO00955,Bengaluru DC,Rail,2025-03-14,2025-03-17,Delayed,Delivered
SHIP00956,PO00956,Pune DC,Road,2025-10-26,,Delayed,In Transit
SHIP00957,PO00957,JNPT,Rail,2026-05-28,2026-06-14,Delayed,Delayed
SHIP00958,PO00958,Bengaluru DC,Road,2026-03-14,2026-03-20,On Time,Delivered
SHIP00959,PO00959,Bengaluru DC,Rail,2025-02-03,2025-02-06,On Time,Delivered
SHIP00960,PO00960,Chennai Port,Air,2026-06-25,2026-07-05,On Time,Delivered
SHIP00961,PO00961,Bengaluru DC,Road,2025-12-04,2025-12-29,On Time,Delayed
SHIP00962,PO00962,Chennai Port,Sea,2025-11-11,2025-12-05,On Time,Delayed
SHIP00963,PO00963,Bengaluru DC,Air,2026-05-23,,On Time,Cancelled
SHIP00964,PO00964,Mumbai Port,Air,2025-06-27,2025-07-08,On Time,Delivered
SHIP00965,PO00965,Hyderabad DC,Sea,2025-06-09,2025-06-21,On Time,Delivered
SHIP00966,PO00966,Chennai Port,Road,2025-05-21,2025-05-24,On Time,Delivered
SHIP00967,PO00967,Mumbai Port,Sea,2025-02-08,,On Time,In Transit
SHIP00968,PO00968,JNPT,Sea,2025-06-24,,Delayed,In Transit
SHIP00969,PO00969,Hyderabad DC,Rail,2026-06-08,2026-06-19,At Risk,Delivered
SHIP00970,PO00970,JNPT,Rail,2026-07-15,2026-07-19,Delayed,Delivered
SHIP00971,PO00971,Hyderabad DC,Sea,2026-08-14,,Delayed,Pending
SHIP00972,PO00972,Mumbai Port,Air,2025-12-24,,On Time,Pending
SHIP00973,PO00973,Delhi ICD,Air,2026-07-28,2026-08-01,On Time,Delivered
SHIP00974,PO00974,JNPT,Air,2026-04-06,2026-05-06,On Time,Delayed
SHIP00975,PO00975,Chennai Port,Sea,2026-08-26,2026-08-29,Delayed,Delivered
SHIP00976,PO00976,Delhi ICD,Rail,2026-04-10,2026-04-18,At Risk,Delivered
SHIP00977,PO00977,Bengaluru DC,Sea,2026-05-28,2026-06-03,On Time,Delivered
SHIP00978,PO00978,Bengaluru DC,Sea,2026-01-17,2026-01-26,On Time,Delivered
SHIP00979,PO00979,JNPT,Road,2025-10-29,2025-11-01,On Time,Delivered
SHIP00980,PO00980,Chennai Port,Sea,2025-04-11,,On Time,Pending
SHIP00981,PO00981,JNPT,Rail,2026-04-03,2026-04-10,On Time,Delivered
SHIP00982,PO00982,JNPT,Air,2026-08-26,2026-09-11,On Time,Delayed
SHIP00983,PO00983,Bengaluru DC,Rail,2026-07-04,,On Time,Pending
SHIP00984,PO00984,Chennai Port,Sea,2026-02-25,2026-03-07,On Time,Delivered
SHIP00985,PO00985,Chennai Port,Air,2026-08-14,,On Time,Pending
SHIP00986,PO00986,Hyderabad DC,Air,2026-08-03,2026-08-27,On Time,Delayed
SHIP00987,PO00987,Pune DC,Road,2026-08-07,2026-08-09,On Time,Delivered
SHIP00988,PO00988,JNPT,Sea,2025-10-01,,On Time,Cancelled
SHIP00989,PO00989,Bengaluru DC,Air,2025-11-01,,On Time,Pending
SHIP00990,PO00990,JNPT,Road,2025-02-01,2025-02-05,On Time,Delivered
SHIP00991,PO00991,JNPT,Air,2026-01-09,,On Time,In Transit
SHIP00992,PO00992,Delhi ICD,Rail,2026-05-05,2026-05-14,On Time,Delivered
SHIP00993,PO00993,Bengaluru DC,Sea,2025-09-27,,At Risk,Pending
SHIP00994,PO00994,Chennai Port,Road,2025-05-21,2025-06-01,On Time,Delivered
SHIP00995,PO00995,Hyderabad DC,Rail,2026-01-02,2026-01-04,Delayed,Delivered
SHIP00996,PO00996,Pune DC,Sea,2026-06-13,2026-06-16,On Time,Delivered
SHIP00997,PO00997,Bengaluru DC,Road,2025-07-02,2025-07-05,On Time,Delivered
SHIP00998,PO00998,JNPT,Road,2025-11-12,2025-11-16,On Time,Delivered
SHIP00999,PO00999,Hyderabad DC,Air,2025-06-09,2025-06-13,On Time,Delivered
SHIP01000,PO01000,JNPT,Rail,2026-03-07,2026-03-27,On Time,Delayed
SHIP01001,PO01001,Delhi ICD,Rail,2025-07-22,2025-07-30,On Time,Delivered
SHIP01002,PO01002,Hyderabad DC,Air,2025-05-08,2025-05-20,Delayed,Delivered
SHIP01003,PO01003,JNPT,Road,2025-01-20,2025-01-26,On Time,Delivered
SHIP01004,PO01004,Hyderabad DC,Rail,2026-03-30,2026-04-24,At Risk,Delayed
SHIP01005,PO01005,JNPT,Rail,2025-05-03,2025-05-10,On Time,Delivered
SHIP01006,PO01006,JNPT,Air,2025-08-10,2025-08-21,At Risk,Delivered
SHIP01007,PO01007,Pune DC,Road,2025-03-27,,Delayed,In Transit
SHIP01008,PO01008,Pune DC,Rail,2025-05-03,,On Time,In Transit
SHIP01009,PO01009,JNPT,Sea,2025-09-27,,Delayed,In Transit
SHIP01010,PO01010,Mumbai Port,Rail,2025-05-09,2025-05-18,On Time,Delivered
SHIP01011,PO01011,Bengaluru DC,Air,2026-01-02,,On Time,Pending
SHIP01012,PO01012,JNPT,Road,2026-08-24,2026-08-28,On Time,Delivered
SHIP01013,PO01013,Pune DC,Rail,2025-09-07,,On Time,Pending
SHIP01014,PO01014,Chennai Port,Road,2025-01-23,,On Time,Pending
SHIP01015,PO01015,Chennai Port,Air,2026-07-08,2026-07-18,On Time,Delivered
SHIP01016,PO01016,Chennai Port,Road,2026-05-12,,On Time,In Transit
SHIP01017,PO01017,JNPT,Rail,2025-04-30,2025-05-05,Delayed,Delivered
SHIP01018,PO01018,Mumbai Port,Air,2026-03-03,,On Time,In Transit
SHIP01019,PO01019,JNPT,Air,2025-05-23,2025-06-05,On Time,Delayed
SHIP01020,PO01020,Delhi ICD,Sea,2025-02-12,2025-02-23,At Risk,Delivered
SHIP01021,PO01021,Hyderabad DC,Sea,2025-11-26,,On Time,Pending
SHIP01022,PO01022,Delhi ICD,Sea,2026-03-20,,On Time,In Transit
SHIP01023,PO01023,Pune DC,Rail,2025-01-20,2025-01-28,At Risk,Delivered
SHIP01024,PO01024,JNPT,Air,2025-04-03,2025-04-06,On Time,Delivered
SHIP01025,PO01025,Mumbai Port,Road,2025-04-16,2025-04-26,Delayed,Delivered
SHIP01026,PO01026,Mumbai Port,Sea,2025-08-03,2025-08-08,On Time,Delivered
SHIP01027,PO01027,Pune DC,Road,2026-05-29,2026-06-04,On Time,Delivered
SHIP01028,PO01028,Mumbai Port,Road,2026-02-21,2026-03-03,Delayed,Delivered
SHIP01029,PO01029,JNPT,Road,2026-06-19,2026-06-22,Delayed,Delivered
SHIP01030,PO01030,Hyderabad DC,Road,2026-05-27,,On Time,Cancelled
SHIP01031,PO01031,Chennai Port,Road,2025-03-15,2025-03-23,On Time,Delivered
SHIP01032,PO01032,Delhi ICD,Road,2025-12-09,,At Risk,In Transit
SHIP01033,PO01033,Delhi ICD,Sea,2026-06-22,2026-07-02,On Time,Delivered
SHIP01034,PO01034,Mumbai Port,Road,2026-05-25,2026-05-30,On Time,Delivered
SHIP01035,PO01035,Hyderabad DC,Air,2026-07-17,2026-07-27,On Time,Delivered
SHIP01036,PO01036,Chennai Port,Road,2025-05-14,2025-05-20,On Time,Delivered
SHIP01037,PO01037,Hyderabad DC,Rail,2025-02-15,2025-02-20,On Time,Delivered
SHIP01038,PO01038,Delhi ICD,Sea,2025-06-21,2025-07-18,Delayed,Delayed
SHIP01039,PO01039,Delhi ICD,Road,2025-04-30,2025-05-15,On Time,Delayed
SHIP01040,PO01040,Chennai Port,Road,2026-08-12,,On Time,In Transit
SHIP01041,PO01041,Mumbai Port,Air,2026-02-10,2026-02-18,At Risk,Delivered
SHIP01042,PO01042,Pune DC,Road,2026-01-08,,Delayed,In Transit
SHIP01043,PO01043,Hyderabad DC,Sea,2025-05-13,2025-05-22,On Time,Delivered
SHIP01044,PO01044,Delhi ICD,Rail,2025-12-21,2026-01-02,On Time,Delivered
SHIP01045,PO01045,Pune DC,Air,2026-01-04,2026-01-15,On Time,Delivered
SHIP01046,PO01046,Delhi ICD,Rail,2026-09-05,2026-09-08,On Time,Delivered
SHIP01047,PO01047,Mumbai Port,Air,2025-07-03,,On Time,In Transit
SHIP01048,PO01048,Pune DC,Sea,2026-03-19,2026-04-13,On Time,Delayed
SHIP01049,PO01049,Bengaluru DC,Sea,2026-09-06,2026-09-15,On Time,Delivered
SHIP01050,PO01050,Hyderabad DC,Air,2025-04-18,2025-04-28,On Time,Delivered
SHIP01051,PO01051,JNPT,Rail,2025-12-21,,On Time,Pending
SHIP01052,PO01052,Delhi ICD,Rail,2026-05-25,2026-06-05,On Time,Delivered
SHIP01053,PO01053,JNPT,Rail,2025-11-04,2025-11-30,Delayed,Delayed
SHIP01054,PO01054,Bengaluru DC,Air,2026-08-25,,On Time,In Transit
SHIP01055,PO01055,Chennai Port,Road,2026-06-30,,On Time,Cancelled
SHIP01056,PO01056,Pune DC,Rail,2025-11-11,2025-11-19,On Time,Delivered
SHIP01057,PO01057,Pune DC,Rail,2026-03-09,2026-03-18,On Time,Delivered
SHIP01058,PO01058,Hyderabad DC,Road,2025-07-11,2025-07-15,On Time,Delivered
SHIP01059,PO01059,Mumbai Port,Road,2025-08-18,,On Time,In Transit
SHIP01060,PO01060,Bengaluru DC,Sea,2026-04-01,,At Risk,In Transit
SHIP01061,PO01061,Mumbai Port,Air,2025-06-03,2025-06-12,At Risk,Delivered
SHIP01062,PO01062,Bengaluru DC,Sea,2025-03-16,2025-03-19,Delayed,Delivered
SHIP01063,PO01063,Pune DC,Road,2025-06-19,2025-06-23,On Time,Delivered
SHIP01064,PO01064,Bengaluru DC,Sea,2025-06-09,2025-06-14,At Risk,Delivered
SHIP01065,PO01065,Bengaluru DC,Rail,2026-05-19,2026-05-21,On Time,Delivered
SHIP01066,PO01066,Chennai Port,Sea,2025-06-14,2025-06-16,On Time,Delivered
SHIP01067,PO01067,Pune DC,Rail,2026-07-29,2026-08-02,On Time,Delivered
SHIP01068,PO01068,Mumbai Port,Road,2025-01-23,2025-01-31,At Risk,Delivered
SHIP01069,PO01069,Hyderabad DC,Air,2026-03-02,,Delayed,Pending
SHIP01070,PO01070,Bengaluru DC,Rail,2025-06-03,,On Time,In Transit
SHIP01071,PO01071,Pune DC,Sea,2026-06-26,2026-07-08,On Time,Delivered
SHIP01072,PO01072,Delhi ICD,Rail,2025-09-02,2025-09-13,On Time,Delivered
SHIP01073,PO01073,Mumbai Port,Sea,2026-02-09,,On Time,Pending
SHIP01074,PO01074,Hyderabad DC,Rail,2025-04-27,2025-05-07,On Time,Delivered
SHIP01075,PO01075,Pune DC,Rail,2026-09-01,,On Time,In Transit
SHIP01076,PO01076,Bengaluru DC,Sea,2025-11-28,2025-12-07,On Time,Delivered
SHIP01077,PO01077,Chennai Port,Air,2025-06-09,2025-06-20,Delayed,Delivered
SHIP01078,PO01078,Hyderabad DC,Air,2025-02-12,2025-02-17,At Risk,Delivered
SHIP01079,PO01079,Bengaluru DC,Air,2025-09-10,2025-09-19,On Time,Delivered
SHIP01080,PO01080,Delhi ICD,Road,2026-01-15,2026-01-25,On Time,Delivered
SHIP01081,PO01081,Delhi ICD,Rail,2026-02-05,,Delayed,Cancelled
SHIP01082,PO01082,JNPT,Road,2025-09-06,2025-09-16,On Time,Delivered
SHIP01083,PO01083,Pune DC,Rail,2026-03-03,,On Time,Pending
SHIP01084,PO01084,JNPT,Road,2026-05-05,2026-05-15,Delayed,Delivered
SHIP01085,PO01085,Chennai Port,Sea,2025-04-16,,On Time,Cancelled
SHIP01086,PO01086,Mumbai Port,Sea,2026-07-24,2026-08-04,On Time,Delivered
SHIP01087,PO01087,JNPT,Road,2025-07-10,2025-07-13,On Time,Delivered
SHIP01088,PO01088,Pune DC,Rail,2025-11-21,2025-12-03,At Risk,Delivered
SHIP01089,PO01089,Mumbai Port,Rail,2025-05-18,,On Time,In Transit
SHIP01090,PO01090,Delhi ICD,Rail,2026-05-17,2026-05-19,At Risk,Delivered
SHIP01091,PO01091,Delhi ICD,Road,2025-12-03,,On Time,Pending
SHIP01092,PO01092,Delhi ICD,Air,2026-02-03,2026-02-07,Delayed,Delivered
SHIP01093,PO01093,Bengaluru DC,Road,2025-08-31,2025-09-03,On Time,Delivered
SHIP01094,PO01094,Hyderabad DC,Air,2025-03-03,2025-03-08,On Time,Delivered
SHIP01095,PO01095,Chennai Port,Sea,2026-01-22,2026-01-25,Delayed,Delivered
SHIP01096,PO01096,JNPT,Air,2026-04-22,2026-05-02,On Time,Delivered
SHIP01097,PO01097,Bengaluru DC,Road,2025-10-10,2025-10-24,Delayed,Delayed
SHIP01098,PO01098,Mumbai Port,Air,2025-08-08,2025-08-25,On Time,Delayed
SHIP01099,PO01099,Pune DC,Rail,2025-07-09,2025-07-12,Delayed,Delivered
SHIP01100,PO01100,Hyderabad DC,Sea,2026-04-17,2026-04-25,At Risk,Delivered
SHIP01101,PO01101,Bengaluru DC,Rail,2025-01-20,2025-02-01,On Time,Delivered
SHIP01102,PO01102,Bengaluru DC,Sea,2025-08-16,2025-08-27,On Time,Delivered
SHIP01103,PO01103,Hyderabad DC,Road,2025-04-17,2025-04-23,On Time,Delivered
SHIP01104,PO01104,Pune DC,Road,2026-01-08,2026-01-15,On Time,Delivered
SHIP01105,PO01105,Hyderabad DC,Rail,2025-01-16,2025-01-27,On Time,Delivered
SHIP01106,PO01106,JNPT,Sea,2026-01-26,2026-02-19,Delayed,Delayed
SHIP01107,PO01107,Chennai Port,Road,2026-06-01,2026-06-04,On Time,Delivered
SHIP01108,PO01108,Bengaluru DC,Sea,2026-07-10,2026-07-21,On Time,Delivered
SHIP01109,PO01109,JNPT,Road,2025-05-17,2025-05-29,On Time,Delivered
SHIP01110,PO01110,Mumbai Port,Sea,2025-10-02,2025-10-13,On Time,Delivered
SHIP01111,PO01111,Hyderabad DC,Air,2025-06-19,2025-07-01,Delayed,Delivered
SHIP01112,PO01112,Delhi ICD,Rail,2026-04-01,2026-04-12,On Time,Delivered
SHIP01113,PO01113,Hyderabad DC,Air,2026-05-04,,Delayed,Cancelled
SHIP01114,PO01114,Bengaluru DC,Sea,2026-06-03,,On Time,Pending
SHIP01115,PO01115,Delhi ICD,Rail,2026-04-21,2026-04-29,On Time,Delivered
SHIP01116,PO01116,Chennai Port,Sea,2025-10-23,2025-10-30,On Time,Delivered
SHIP01117,PO01117,Pune DC,Air,2026-08-24,2026-08-30,At Risk,Delivered
SHIP01118,PO01118,Chennai Port,Rail,2026-03-07,2026-03-20,On Time,Delayed
SHIP01119,PO01119,Chennai Port,Rail,2025-02-02,2025-02-10,Delayed,Delivered
SHIP01120,PO01120,Hyderabad DC,Air,2025-04-22,2025-05-15,On Time,Delayed
SHIP01121,PO01121,Bengaluru DC,Air,2026-05-14,,On Time,In Transit
SHIP01122,PO01122,Chennai Port,Rail,2025-02-15,2025-02-27,Delayed,Delivered
SHIP01123,PO01123,JNPT,Sea,2026-08-08,2026-08-14,On Time,Delivered
SHIP01124,PO01124,Chennai Port,Air,2025-03-06,,On Time,In Transit
SHIP01125,PO01125,Chennai Port,Road,2026-02-19,,On Time,In Transit
SHIP01126,PO01126,Mumbai Port,Air,2025-04-05,2025-04-08,At Risk,Delivered
SHIP01127,PO01127,Bengaluru DC,Sea,2025-06-16,2025-07-07,At Risk,Delayed
SHIP01128,PO01128,Mumbai Port,Road,2025-11-15,2025-12-15,On Time,Delayed
SHIP01129,PO01129,Chennai Port,Sea,2026-01-21,,At Risk,Cancelled
SHIP01130,PO01130,JNPT,Air,2025-10-05,2025-10-08,On Time,Delivered
SHIP01131,PO01131,Delhi ICD,Sea,2026-01-14,,On Time,Pending
SHIP01132,PO01132,Pune DC,Rail,2026-06-22,2026-06-28,On Time,Delivered
SHIP01133,PO01133,JNPT,Road,2026-05-30,2026-06-02,On Time,Delivered
SHIP01134,PO01134,Delhi ICD,Rail,2025-03-28,2025-04-06,On Time,Delivered
SHIP01135,PO01135,Chennai Port,Road,2025-11-16,,On Time,In Transit
SHIP01136,PO01136,Hyderabad DC,Rail,2025-03-26,,On Time,Cancelled
SHIP01137,PO01137,JNPT,Air,2026-04-26,,On Time,Pending
SHIP01138,PO01138,Bengaluru DC,Air,2026-09-03,2026-09-08,Delayed,Delivered
SHIP01139,PO01139,Mumbai Port,Road,2026-04-25,2026-05-16,On Time,Delayed
SHIP01140,PO01140,Delhi ICD,Air,2025-11-08,2025-11-20,On Time,Delivered
SHIP01141,PO01141,Pune DC,Road,2025-10-05,2025-10-24,On Time,Delayed
SHIP01142,PO01142,Delhi ICD,Sea,2025-09-27,2025-10-06,On Time,Delivered
SHIP01143,PO01143,Chennai Port,Sea,2025-05-10,2025-05-25,At Risk,Delayed
SHIP01144,PO01144,Hyderabad DC,Air,2026-05-21,2026-06-10,On Time,Delayed
SHIP01145,PO01145,JNPT,Road,2026-02-20,2026-03-20,On Time,Delayed
SHIP01146,PO01146,JNPT,Road,2025-01-26,2025-02-07,Delayed,Delivered
SHIP01147,PO01147,Hyderabad DC,Road,2025-09-11,,Delayed,In Transit
SHIP01148,PO01148,Chennai Port,Rail,2026-04-22,,Delayed,In Transit
SHIP01149,PO01149,JNPT,Road,2025-06-11,2025-06-23,On Time,Delivered
SHIP01150,PO01150,Bengaluru DC,Rail,2026-04-10,2026-04-20,On Time,Delivered
SHIP01151,PO01151,Delhi ICD,Road,2026-02-10,2026-02-15,On Time,Delivered
SHIP01152,PO01152,Bengaluru DC,Road,2026-03-31,2026-04-16,On Time,Delayed
SHIP01153,PO01153,Delhi ICD,Road,2025-11-01,2025-11-11,Delayed,Delivered
SHIP01154,PO01154,Delhi ICD,Air,2026-05-21,,On Time,Cancelled
SHIP01155,PO01155,Delhi ICD,Air,2025-12-01,,On Time,Pending
SHIP01156,PO01156,Delhi ICD,Road,2026-05-09,2026-05-19,On Time,Delivered
SHIP01157,PO01157,Mumbai Port,Road,2025-06-25,2025-07-05,On Time,Delivered
SHIP01158,PO01158,JNPT,Road,2026-06-15,2026-07-08,On Time,Delayed
SHIP01159,PO01159,Bengaluru DC,Air,2026-05-03,,Delayed,Pending
SHIP01160,PO01160,Bengaluru DC,Sea,2026-01-16,2026-01-27,At Risk,Delivered
SHIP01161,PO01161,Pune DC,Road,2026-05-19,2026-05-23,On Time,Delivered
SHIP01162,PO01162,Pune DC,Sea,2026-03-08,2026-03-12,On Time,Delivered
SHIP01163,PO01163,Delhi ICD,Sea,2025-01-27,,On Time,In Transit
SHIP01164,PO01164,Bengaluru DC,Sea,2026-06-02,,On Time,Pending
SHIP01165,PO01165,Pune DC,Rail,2025-05-07,2025-05-12,On Time,Delivered
SHIP01166,PO01166,Bengaluru DC,Road,2026-01-02,2026-01-07,On Time,Delivered
SHIP01167,PO01167,Hyderabad DC,Sea,2026-06-14,,On Time,Cancelled
SHIP01168,PO01168,Bengaluru DC,Rail,2026-03-28,,At Risk,Pending
SHIP01169,PO01169,Mumbai Port,Rail,2025-04-24,,On Time,Pending
SHIP01170,PO01170,Mumbai Port,Rail,2025-08-01,2025-08-04,On Time,Delivered
SHIP01171,PO01171,Chennai Port,Sea,2026-05-27,2026-06-06,On Time,Delivered
SHIP01172,PO01172,Bengaluru DC,Sea,2025-05-24,2025-05-26,On Time,Delivered
SHIP01173,PO01173,Pune DC,Air,2025-01-09,2025-01-12,On Time,Delivered
SHIP01174,PO01174,Mumbai Port,Rail,2025-10-07,2025-10-29,Delayed,Delayed
SHIP01175,PO01175,Hyderabad DC,Rail,2025-06-10,,On Time,Pending
SHIP01176,PO01176,Pune DC,Road,2026-03-18,,Delayed,In Transit
SHIP01177,PO01177,Hyderabad DC,Rail,2026-01-11,2026-01-21,On Time,Delivered
SHIP01178,PO01178,Delhi ICD,Road,2026-06-19,2026-06-30,On Time,Delivered
SHIP01179,PO01179,Chennai Port,Sea,2025-06-22,2025-07-05,At Risk,Delayed
SHIP01180,PO01180,Delhi ICD,Sea,2025-06-05,2025-06-11,On Time,Delivered
SHIP01181,PO01181,Chennai Port,Sea,2026-07-23,2026-07-25,At Risk,Delivered
SHIP01182,PO01182,Mumbai Port,Road,2025-10-25,2025-10-31,On Time,Delivered
SHIP01183,PO01183,Delhi ICD,Road,2025-08-10,2025-08-17,On Time,Delivered
SHIP01184,PO01184,Delhi ICD,Road,2026-03-03,2026-03-23,Delayed,Delayed
SHIP01185,PO01185,Bengaluru DC,Air,2026-02-13,2026-02-21,Delayed,Delivered
SHIP01186,PO01186,Mumbai Port,Air,2025-08-15,2025-08-26,Delayed,Delivered
SHIP01187,PO01187,JNPT,Air,2025-06-17,2025-06-27,On Time,Delivered
SHIP01188,PO01188,Bengaluru DC,Sea,2025-11-15,2025-11-26,On Time,Delivered
SHIP01189,PO01189,Bengaluru DC,Rail,2026-01-27,2026-01-29,On Time,Delivered
SHIP01190,PO01190,Bengaluru DC,Road,2025-05-17,2025-05-29,On Time,Delivered
SHIP01191,PO01191,Chennai Port,Road,2025-09-10,,On Time,In Transit
SHIP01192,PO01192,JNPT,Air,2026-07-07,2026-08-02,On Time,Delayed
SHIP01193,PO01193,Mumbai Port,Rail,2026-08-12,2026-08-20,On Time,Delivered
SHIP01194,PO01194,Chennai Port,Rail,2025-12-04,2025-12-11,On Time,Delivered
SHIP01195,PO01195,Bengaluru DC,Road,2025-04-16,,Delayed,Cancelled
SHIP01196,PO01196,Mumbai Port,Sea,2025-03-15,2025-03-19,On Time,Delivered
SHIP01197,PO01197,Chennai Port,Sea,2026-07-02,2026-07-05,On Time,Delivered
SHIP01198,PO01198,Chennai Port,Air,2025-10-10,2025-10-14,On Time,Delivered
SHIP01199,PO01199,Bengaluru DC,Rail,2026-05-20,2026-06-05,On Time,Delayed
SHIP01200,PO01200,Chennai Port,Rail,2026-04-24,,On Time,In Transit
SHIP01201,PO01201,Chennai Port,Air,2025-08-09,2025-08-20,On Time,Delivered
SHIP01202,PO01202,Hyderabad DC,Air,2026-01-16,2026-01-22,On Time,Delivered
SHIP01203,PO01203,Delhi ICD,Air,2025-10-27,2025-11-06,On Time,Delivered
SHIP01204,PO01204,JNPT,Road,2026-01-20,2026-01-30,Delayed,Delivered
SHIP01205,PO01205,Chennai Port,Road,2026-08-30,2026-09-06,On Time,Delivered
SHIP01206,PO01206,Mumbai Port,Road,2026-05-17,,On Time,Pending
SHIP01207,PO01207,Delhi ICD,Sea,2026-03-08,,On Time,Pending
SHIP01208,PO01208,Pune DC,Rail,2026-01-23,2026-01-28,On Time,Delivered
SHIP01209,PO01209,Bengaluru DC,Rail,2026-04-25,,At Risk,Cancelled
SHIP01210,PO01210,Mumbai Port,Road,2025-04-12,2025-04-18,On Time,Delivered
SHIP01211,PO01211,Pune DC,Rail,2025-12-23,,On Time,In Transit
SHIP01212,PO01212,JNPT,Road,2025-06-24,,On Time,In Transit
SHIP01213,PO01213,Pune DC,Air,2025-11-20,2025-11-30,On Time,Delivered
SHIP01214,PO01214,Bengaluru DC,Road,2026-07-11,2026-07-18,On Time,Delivered
SHIP01215,PO01215,Bengaluru DC,Rail,2026-05-13,2026-05-15,Delayed,Delivered
SHIP01216,PO01216,Hyderabad DC,Road,2025-01-22,,On Time,Cancelled
SHIP01217,PO01217,Hyderabad DC,Air,2026-08-24,2026-08-26,On Time,Delivered
SHIP01218,PO01218,JNPT,Rail,2025-02-24,2025-03-07,On Time,Delivered
SHIP01219,PO01219,Bengaluru DC,Air,2026-07-03,2026-07-11,On Time,Delivered
SHIP01220,PO01220,Delhi ICD,Road,2026-07-10,,Delayed,Pending
SHIP01221,PO01221,Hyderabad DC,Air,2025-06-17,2025-07-17,On Time,Delayed
SHIP01222,PO01222,Pune DC,Sea,2025-07-09,2025-07-26,On Time,Delayed
SHIP01223,PO01223,Delhi ICD,Rail,2025-06-04,2025-06-12,On Time,Delivered
SHIP01224,PO01224,Pune DC,Road,2025-05-09,,On Time,Pending
SHIP01225,PO01225,Pune DC,Rail,2026-06-01,2026-06-12,At Risk,Delivered
SHIP01226,PO01226,Mumbai Port,Rail,2025-03-08,2025-04-07,At Risk,Delayed
SHIP01227,PO01227,Delhi ICD,Air,2026-03-06,2026-03-20,On Time,Delayed
SHIP01228,PO01228,JNPT,Rail,2025-04-20,2025-05-15,On Time,Delayed
SHIP01229,PO01229,Chennai Port,Air,2026-08-10,2026-08-17,On Time,Delivered
SHIP01230,PO01230,Chennai Port,Road,2025-05-30,2025-06-03,On Time,Delivered
SHIP01231,PO01231,Chennai Port,Road,2026-03-15,,Delayed,Cancelled
SHIP01232,PO01232,JNPT,Air,2025-11-01,2025-11-11,Delayed,Delivered
SHIP01233,PO01233,Delhi ICD,Rail,2025-10-16,2025-10-26,On Time,Delivered
SHIP01234,PO01234,Pune DC,Air,2025-08-10,2025-08-22,On Time,Delivered
SHIP01235,PO01235,Delhi ICD,Road,2026-08-03,2026-08-10,On Time,Delivered
SHIP01236,PO01236,Hyderabad DC,Road,2025-06-01,,On Time,Pending
SHIP01237,PO01237,Delhi ICD,Road,2026-06-09,,On Time,In Transit
SHIP01238,PO01238,JNPT,Road,2026-04-16,2026-04-27,On Time,Delivered
SHIP01239,PO01239,Pune DC,Air,2025-12-12,,On Time,Pending
SHIP01240,PO01240,Delhi ICD,Road,2026-05-11,,On Time,In Transit
SHIP01241,PO01241,Mumbai Port,Road,2026-05-26,2026-05-31,At Risk,Delivered
SHIP01242,PO01242,Mumbai Port,Road,2025-03-29,2025-04-23,On Time,Delayed
SHIP01243,PO01243,Chennai Port,Sea,2026-01-26,,On Time,In Transit
SHIP01244,PO01244,Mumbai Port,Sea,2025-01-21,2025-02-02,On Time,Delivered
SHIP01245,PO01245,Delhi ICD,Air,2025-08-21,,On Time,Pending
SHIP01246,PO01246,Mumbai Port,Road,2025-07-18,,On Time,In Transit
SHIP01247,PO01247,Pune DC,Air,2026-05-24,2026-05-31,Delayed,Delivered
SHIP01248,PO01248,Pune DC,Road,2025-08-04,2025-08-12,On Time,Delivered
SHIP01249,PO01249,Delhi ICD,Air,2026-05-30,2026-06-03,On Time,Delivered
SHIP01250,PO01250,Delhi ICD,Road,2026-08-12,2026-08-21,At Risk,Delivered
SHIP01251,PO01251,Hyderabad DC,Rail,2025-10-01,2025-10-10,Delayed,Delivered
SHIP01252,PO01252,Mumbai Port,Air,2025-02-01,,On Time,In Transit
SHIP01253,PO01253,Hyderabad DC,Road,2026-04-20,,At Risk,In Transit
SHIP01254,PO01254,Mumbai Port,Road,2026-03-04,2026-03-19,At Risk,Delayed
SHIP01255,PO01255,Bengaluru DC,Rail,2025-02-19,,At Risk,Pending
SHIP01256,PO01256,Mumbai Port,Road,2026-04-17,2026-04-28,On Time,Delivered
SHIP01257,PO01257,JNPT,Sea,2026-08-12,,On Time,Pending
SHIP01258,PO01258,Pune DC,Air,2025-03-28,,On Time,In Transit
SHIP01259,PO01259,Mumbai Port,Rail,2025-04-19,2025-04-30,At Risk,Delivered
SHIP01260,PO01260,Bengaluru DC,Rail,2025-12-15,,At Risk,Pending
SHIP01261,PO01261,Delhi ICD,Air,2025-03-03,2025-03-08,On Time,Delivered
SHIP01262,PO01262,Mumbai Port,Sea,2026-04-01,2026-04-03,At Risk,Delivered
SHIP01263,PO01263,Mumbai Port,Road,2025-03-14,,On Time,Pending
SHIP01264,PO01264,Pune DC,Road,2025-05-18,,On Time,Pending
SHIP01265,PO01265,Chennai Port,Air,2025-03-16,,On Time,In Transit
SHIP01266,PO01266,Chennai Port,Air,2026-02-07,,On Time,Pending
SHIP01267,PO01267,JNPT,Rail,2025-01-14,,On Time,In Transit
SHIP01268,PO01268,Pune DC,Rail,2025-04-19,2025-04-26,On Time,Delivered
SHIP01269,PO01269,Pune DC,Rail,2025-07-24,2025-08-01,On Time,Delivered
SHIP01270,PO01270,Delhi ICD,Road,2025-07-19,2025-07-31,On Time,Delivered
SHIP01271,PO01271,Delhi ICD,Air,2026-04-05,,On Time,Cancelled
SHIP01272,PO01272,Chennai Port,Air,2025-11-23,2025-11-26,On Time,Delivered
SHIP01273,PO01273,Hyderabad DC,Rail,2025-11-16,,On Time,In Transit
SHIP01274,PO01274,Mumbai Port,Road,2025-12-22,2025-12-25,Delayed,Delivered
SHIP01275,PO01275,Chennai Port,Road,2025-05-30,2025-06-11,On Time,Delivered
SHIP01276,PO01276,Bengaluru DC,Sea,2025-02-26,,On Time,In Transit
SHIP01277,PO01277,Mumbai Port,Sea,2025-07-30,2025-08-02,On Time,Delivered
SHIP01278,PO01278,Delhi ICD,Air,2026-04-28,2026-05-11,At Risk,Delayed
SHIP01279,PO01279,Bengaluru DC,Sea,2025-12-18,2025-12-29,On Time,Delivered
SHIP01280,PO01280,Mumbai Port,Rail,2025-02-23,,On Time,Pending
SHIP01281,PO01281,JNPT,Sea,2026-05-03,2026-05-25,On Time,Delayed
SHIP01282,PO01282,Pune DC,Road,2025-12-10,2025-12-14,Delayed,Delivered
SHIP01283,PO01283,Bengaluru DC,Rail,2025-01-10,2025-01-17,On Time,Delivered
SHIP01284,PO01284,Mumbai Port,Rail,2025-06-03,,On Time,Cancelled
SHIP01285,PO01285,Pune DC,Rail,2026-01-12,2026-01-19,On Time,Delivered
SHIP01286,PO01286,Chennai Port,Rail,2025-10-05,2025-10-10,On Time,Delivered
SHIP01287,PO01287,JNPT,Road,2025-07-30,,On Time,In Transit
SHIP01288,PO01288,Bengaluru DC,Sea,2025-05-30,2025-06-28,Delayed,Delayed
SHIP01289,PO01289,Chennai Port,Road,2026-04-24,2026-04-27,Delayed,Delivered
SHIP01290,PO01290,Delhi ICD,Air,2026-03-30,2026-04-09,On Time,Delivered
SHIP01291,PO01291,Bengaluru DC,Sea,2025-07-16,2025-08-08,On Time,Delayed
SHIP01292,PO01292,Chennai Port,Road,2026-03-24,2026-03-27,On Time,Delivered
SHIP01293,PO01293,Chennai Port,Rail,2026-07-09,,On Time,Pending
SHIP01294,PO01294,JNPT,Sea,2025-10-21,,Delayed,In Transit
SHIP01295,PO01295,Pune DC,Road,2025-04-03,2025-04-09,On Time,Delivered
SHIP01296,PO01296,JNPT,Road,2026-06-15,2026-06-24,On Time,Delivered
SHIP01297,PO01297,Bengaluru DC,Rail,2026-01-27,2026-02-02,On Time,Delivered
SHIP01298,PO01298,Mumbai Port,Air,2025-10-06,2025-10-10,On Time,Delivered
SHIP01299,PO01299,Hyderabad DC,Rail,2025-08-01,2025-08-07,Delayed,Delivered
SHIP01300,PO01300,Hyderabad DC,Road,2026-02-03,,On Time,Pending
SHIP01301,PO01301,Hyderabad DC,Road,2025-04-03,2025-04-08,On Time,Delivered
SHIP01302,PO01302,Mumbai Port,Rail,2026-05-04,,On Time,In Transit
SHIP01303,PO01303,Delhi ICD,Rail,2026-02-27,,On Time,Cancelled
SHIP01304,PO01304,Chennai Port,Air,2026-04-01,2026-04-10,Delayed,Delivered
SHIP01305,PO01305,Mumbai Port,Rail,2026-06-01,,On Time,In Transit
SHIP01306,PO01306,Bengaluru DC,Road,2025-04-15,2025-04-19,On Time,Delivered
SHIP01307,PO01307,JNPT,Road,2025-07-22,2025-07-30,On Time,Delivered
SHIP01308,PO01308,JNPT,Sea,2025-10-10,2025-10-21,On Time,Delivered
SHIP01309,PO01309,Mumbai Port,Rail,2026-07-17,2026-07-28,On Time,Delivered
SHIP01310,PO01310,Hyderabad DC,Rail,2026-02-20,,At Risk,In Transit
SHIP01311,PO01311,Hyderabad DC,Road,2025-06-04,2025-06-16,On Time,Delivered
SHIP01312,PO01312,Mumbai Port,Rail,2025-09-04,,On Time,Pending
SHIP01313,PO01313,Delhi ICD,Rail,2026-04-27,2026-04-29,Delayed,Delivered
SHIP01314,PO01314,Mumbai Port,Sea,2026-03-16,2026-03-22,On Time,Delivered
SHIP01315,PO01315,Mumbai Port,Sea,2025-05-26,2025-05-31,On Time,Delivered
SHIP01316,PO01316,Bengaluru DC,Air,2026-01-08,2026-01-16,At Risk,Delivered
SHIP01317,PO01317,Chennai Port,Road,2026-07-12,2026-08-06,On Time,Delayed
SHIP01318,PO01318,Mumbai Port,Sea,2025-06-04,2025-06-08,On Time,Delivered
SHIP01319,PO01319,Pune DC,Air,2026-08-12,2026-08-18,On Time,Delivered
SHIP01320,PO01320,Chennai Port,Rail,2026-02-01,2026-02-09,On Time,Delivered
SHIP01321,PO01321,Bengaluru DC,Sea,2025-11-18,2025-12-08,On Time,Delayed
SHIP01322,PO01322,Chennai Port,Rail,2026-05-21,,On Time,In Transit
SHIP01323,PO01323,JNPT,Sea,2025-10-21,2025-11-15,Delayed,Delayed
SHIP01324,PO01324,Delhi ICD,Rail,2025-03-02,2025-03-06,Delayed,Delivered
SHIP01325,PO01325,Hyderabad DC,Air,2026-03-08,2026-03-15,On Time,Delivered
SHIP01326,PO01326,Pune DC,Road,2025-03-15,2025-03-25,On Time,Delivered
SHIP01327,PO01327,Bengaluru DC,Road,2026-05-10,,Delayed,Pending
SHIP01328,PO01328,Hyderabad DC,Air,2026-06-06,2026-06-11,At Risk,Delivered
SHIP01329,PO01329,Bengaluru DC,Sea,2025-06-08,2025-06-19,On Time,Delivered
SHIP01330,PO01330,JNPT,Air,2025-12-07,2025-12-12,At Risk,Delivered
SHIP01331,PO01331,Hyderabad DC,Road,2025-04-07,,On Time,Pending
SHIP01332,PO01332,JNPT,Road,2025-11-05,2025-11-11,Delayed,Delivered
SHIP01333,PO01333,Pune DC,Sea,2026-03-23,2026-03-30,On Time,Delivered
SHIP01334,PO01334,Delhi ICD,Air,2025-02-20,,Delayed,Cancelled
SHIP01335,PO01335,Hyderabad DC,Air,2025-03-22,2025-04-02,On Time,Delivered
SHIP01336,PO01336,Hyderabad DC,Air,2026-07-29,2026-08-04,At Risk,Delivered
SHIP01337,PO01337,Chennai Port,Air,2025-12-06,,On Time,Pending
SHIP01338,PO01338,Pune DC,Sea,2026-04-24,2026-05-05,At Risk,Delivered
SHIP01339,PO01339,JNPT,Road,2025-07-21,2025-07-27,On Time,Delivered
SHIP01340,PO01340,Hyderabad DC,Road,2025-05-25,2025-06-04,On Time,Delivered
SHIP01341,PO01341,Delhi ICD,Road,2026-07-26,,Delayed,Pending
SHIP01342,PO01342,Delhi ICD,Air,2025-06-18,2025-07-05,On Time,Delayed
SHIP01343,PO01343,JNPT,Road,2026-07-09,2026-07-18,Delayed,Delivered
SHIP01344,PO01344,JNPT,Rail,2025-10-11,2025-10-17,On Time,Delivered
SHIP01345,PO01345,Mumbai Port,Air,2026-07-12,,On Time,In Transit
SHIP01346,PO01346,Delhi ICD,Road,2025-04-18,,At Risk,Pending
SHIP01347,PO01347,Bengaluru DC,Rail,2025-02-24,,On Time,In Transit
SHIP01348,PO01348,Pune DC,Road,2025-09-05,,On Time,Pending
SHIP01349,PO01349,JNPT,Road,2025-12-18,,On Time,Pending
SHIP01350,PO01350,JNPT,Road,2025-06-28,2025-07-07,At Risk,Delivered
SHIP01351,PO01351,Mumbai Port,Road,2025-12-12,,On Time,Pending
SHIP01352,PO01352,JNPT,Road,2026-02-18,2026-03-08,On Time,Delayed
SHIP01353,PO01353,Bengaluru DC,Air,2025-07-09,2025-07-12,On Time,Delivered
SHIP01354,PO01354,Delhi ICD,Rail,2025-08-18,2025-08-30,On Time,Delivered
SHIP01355,PO01355,Delhi ICD,Sea,2025-03-19,2025-04-09,On Time,Delayed
SHIP01356,PO01356,Pune DC,Road,2025-04-23,2025-04-27,On Time,Delivered
SHIP01357,PO01357,JNPT,Sea,2025-12-06,2025-12-23,On Time,Delayed
SHIP01358,PO01358,Hyderabad DC,Air,2025-05-20,2025-05-28,On Time,Delivered
SHIP01359,PO01359,Delhi ICD,Road,2025-03-15,2025-03-18,On Time,Delivered
SHIP01360,PO01360,Hyderabad DC,Air,2025-08-28,,Delayed,Pending
SHIP01361,PO01361,Mumbai Port,Road,2025-05-16,,At Risk,Pending
SHIP01362,PO01362,Hyderabad DC,Road,2025-03-09,2025-03-19,On Time,Delivered
SHIP01363,PO01363,JNPT,Rail,2025-08-01,2025-08-13,On Time,Delivered
SHIP01364,PO01364,Pune DC,Rail,2026-04-03,2026-04-15,On Time,Delivered
SHIP01365,PO01365,JNPT,Road,2025-02-11,,Delayed,In Transit
SHIP01366,PO01366,Pune DC,Road,2025-12-10,2026-01-08,On Time,Delayed
SHIP01367,PO01367,JNPT,Road,2025-09-15,,On Time,Pending
SHIP01368,PO01368,Bengaluru DC,Sea,2025-12-06,2025-12-10,On Time,Delivered
SHIP01369,PO01369,JNPT,Sea,2025-07-29,2025-08-10,Delayed,Delivered
SHIP01370,PO01370,Bengaluru DC,Air,2025-07-03,2025-07-10,Delayed,Delivered
SHIP01371,PO01371,JNPT,Rail,2026-05-05,,On Time,In Transit
SHIP01372,PO01372,Pune DC,Sea,2025-09-23,,On Time,In Transit
SHIP01373,PO01373,Bengaluru DC,Rail,2025-10-16,2025-10-26,On Time,Delivered
SHIP01374,PO01374,Hyderabad DC,Rail,2026-04-03,,Delayed,Pending
SHIP01375,PO01375,Chennai Port,Road,2026-05-13,2026-05-21,On Time,Delivered
SHIP01376,PO01376,Mumbai Port,Sea,2025-11-05,2025-11-08,On Time,Delivered
SHIP01377,PO01377,Pune DC,Road,2026-01-28,2026-02-06,Delayed,Delivered
SHIP01378,PO01378,Chennai Port,Road,2026-05-11,2026-05-30,On Time,Delayed
SHIP01379,PO01379,Mumbai Port,Air,2025-07-22,2025-07-30,On Time,Delivered
SHIP01380,PO01380,Hyderabad DC,Rail,2026-02-28,2026-03-10,On Time,Delivered
SHIP01381,PO01381,Pune DC,Sea,2026-09-03,,At Risk,In Transit
SHIP01382,PO01382,Pune DC,Sea,2026-08-08,2026-08-14,On Time,Delivered
SHIP01383,PO01383,JNPT,Rail,2025-12-29,2026-01-04,On Time,Delivered
SHIP01384,PO01384,JNPT,Rail,2025-03-05,,At Risk,Cancelled
SHIP01385,PO01385,Mumbai Port,Air,2025-02-17,2025-03-01,On Time,Delivered
SHIP01386,PO01386,Pune DC,Rail,2025-09-28,2025-10-10,On Time,Delivered
SHIP01387,PO01387,Hyderabad DC,Rail,2025-06-26,,On Time,Cancelled
SHIP01388,PO01388,JNPT,Air,2026-02-18,2026-02-26,On Time,Delivered
SHIP01389,PO01389,JNPT,Sea,2026-03-21,2026-03-29,Delayed,Delivered
SHIP01390,PO01390,Mumbai Port,Road,2026-07-04,2026-07-16,On Time,Delivered
SHIP01391,PO01391,Mumbai Port,Rail,2025-04-13,2025-05-04,On Time,Delayed
SHIP01392,PO01392,Delhi ICD,Road,2025-06-07,2025-06-17,On Time,Delivered
SHIP01393,PO01393,Mumbai Port,Rail,2025-11-18,2025-11-30,Delayed,Delivered
SHIP01394,PO01394,Bengaluru DC,Air,2026-03-07,2026-03-09,On Time,Delivered
SHIP01395,PO01395,Hyderabad DC,Air,2026-01-23,2026-02-01,On Time,Delivered
SHIP01396,PO01396,Mumbai Port,Air,2025-04-29,2025-05-27,On Time,Delayed
SHIP01397,PO01397,Hyderabad DC,Road,2025-07-17,2025-07-21,On Time,Delivered
SHIP01398,PO01398,Delhi ICD,Road,2026-04-04,,On Time,Cancelled
SHIP01399,PO01399,Delhi ICD,Road,2025-11-08,2025-11-16,On Time,Delivered
SHIP01400,PO01400,Bengaluru DC,Rail,2026-09-03,2026-09-11,On Time,Delivered
SHIP01401,PO01401,Pune DC,Rail,2025-03-12,2025-03-19,On Time,Delivered
SHIP01402,PO01402,Delhi ICD,Rail,2025-02-13,2025-02-26,On Time,Delayed
SHIP01403,PO01403,Mumbai Port,Sea,2026-06-20,,On Time,In Transit
SHIP01404,PO01404,JNPT,Air,2026-03-28,,On Time,In Transit
SHIP01405,PO01405,Bengaluru DC,Sea,2026-01-09,2026-01-17,On Time,Delivered
SHIP01406,PO01406,Chennai Port,Road,2025-12-15,,On Time,In Transit
SHIP01407,PO01407,JNPT,Sea,2025-06-01,2025-06-04,On Time,Delivered
SHIP01408,PO01408,Pune DC,Rail,2025-09-20,2025-10-01,On Time,Delivered
SHIP01409,PO01409,Chennai Port,Air,2025-01-15,2025-01-17,On Time,Delivered
SHIP01410,PO01410,Hyderabad DC,Sea,2025-12-09,2025-12-18,On Time,Delivered
SHIP01411,PO01411,Hyderabad DC,Air,2025-04-05,,On Time,Pending
SHIP01412,PO01412,Delhi ICD,Air,2025-04-23,2025-05-01,On Time,Delivered
SHIP01413,PO01413,Pune DC,Air,2026-06-26,,On Time,In Transit
SHIP01414,PO01414,Mumbai Port,Road,2025-04-02,2025-04-06,On Time,Delivered
SHIP01415,PO01415,Pune DC,Sea,2026-04-03,2026-05-01,On Time,Delayed
SHIP01416,PO01416,Pune DC,Air,2025-04-07,2025-04-16,On Time,Delivered
SHIP01417,PO01417,Chennai Port,Sea,2026-02-09,2026-02-13,On Time,Delivered
SHIP01418,PO01418,Chennai Port,Sea,2025-05-12,2025-05-20,On Time,Delivered
SHIP01419,PO01419,Delhi ICD,Road,2025-12-15,,On Time,In Transit
SHIP01420,PO01420,Chennai Port,Road,2026-01-30,2026-02-06,On Time,Delivered
SHIP01421,PO01421,JNPT,Air,2025-09-02,2025-09-10,On Time,Delivered
SHIP01422,PO01422,Bengaluru DC,Sea,2025-12-19,2025-12-21,At Risk,Delivered
SHIP01423,PO01423,Chennai Port,Sea,2026-01-22,2026-01-26,On Time,Delivered
SHIP01424,PO01424,JNPT,Sea,2025-03-16,2025-03-23,On Time,Delivered
SHIP01425,PO01425,Bengaluru DC,Sea,2025-11-28,2025-12-05,On Time,Delivered
SHIP01426,PO01426,JNPT,Rail,2025-08-19,2025-08-22,On Time,Delivered
SHIP01427,PO01427,JNPT,Road,2025-06-09,2025-06-15,Delayed,Delivered
SHIP01428,PO01428,Bengaluru DC,Air,2025-10-28,2025-11-07,On Time,Delivered
SHIP01429,PO01429,Chennai Port,Sea,2025-05-13,,On Time,Pending
SHIP01430,PO01430,Hyderabad DC,Rail,2026-05-28,2026-06-19,On Time,Delayed
SHIP01431,PO01431,Bengaluru DC,Road,2025-06-11,2025-07-03,On Time,Delayed
SHIP01432,PO01432,Pune DC,Rail,2025-07-13,,Delayed,In Transit
SHIP01433,PO01433,Delhi ICD,Rail,2025-06-18,2025-06-27,On Time,Delivered
SHIP01434,PO01434,Delhi ICD,Road,2025-12-28,,On Time,Pending
SHIP01435,PO01435,JNPT,Rail,2025-10-28,2025-11-27,On Time,Delayed
SHIP01436,PO01436,JNPT,Sea,2026-08-28,2026-09-05,Delayed,Delivered
SHIP01437,PO01437,Hyderabad DC,Air,2025-05-25,,On Time,Cancelled
SHIP01438,PO01438,Pune DC,Sea,2025-08-15,2025-08-17,On Time,Delivered
SHIP01439,PO01439,Pune DC,Road,2025-04-27,2025-05-06,On Time,Delivered
SHIP01440,PO01440,Bengaluru DC,Air,2025-06-27,,On Time,Pending
SHIP01441,PO01441,Chennai Port,Air,2025-03-06,,On Time,In Transit
SHIP01442,PO01442,Mumbai Port,Rail,2026-02-28,2026-03-04,On Time,Delivered
SHIP01443,PO01443,Pune DC,Air,2025-07-01,2025-07-09,On Time,Delivered
SHIP01444,PO01444,JNPT,Road,2025-04-04,2025-04-15,Delayed,Delivered
SHIP01445,PO01445,Pune DC,Air,2026-01-15,,On Time,Pending
SHIP01446,PO01446,Delhi ICD,Sea,2026-06-08,2026-06-17,Delayed,Delivered
SHIP01447,PO01447,Chennai Port,Rail,2025-10-17,,On Time,In Transit
SHIP01448,PO01448,Pune DC,Sea,2026-05-17,,At Risk,In Transit
SHIP01449,PO01449,Pune DC,Road,2025-12-09,,At Risk,Pending
SHIP01450,PO01450,Delhi ICD,Air,2025-01-31,2025-02-03,On Time,Delivered
SHIP01451,PO01451,Chennai Port,Sea,2025-03-11,2025-03-18,On Time,Delivered
SHIP01452,PO01452,Bengaluru DC,Air,2025-05-10,2025-05-20,On Time,Delivered
SHIP01453,PO01453,JNPT,Sea,2025-07-09,2025-07-13,On Time,Delivered
SHIP01454,PO01454,Pune DC,Rail,2025-11-29,2025-12-13,On Time,Delayed
SHIP01455,PO01455,Chennai Port,Rail,2025-04-08,2025-04-14,On Time,Delivered
SHIP01456,PO01456,Chennai Port,Sea,2025-11-03,2025-11-15,On Time,Delivered
SHIP01457,PO01457,Hyderabad DC,Sea,2025-01-13,,Delayed,In Transit
SHIP01458,PO01458,Bengaluru DC,Air,2025-11-06,2025-11-20,On Time,Delayed
SHIP01459,PO01459,Chennai Port,Road,2025-11-20,2025-11-26,On Time,Delivered
SHIP01460,PO01460,Chennai Port,Sea,2025-04-23,2025-05-05,Delayed,Delivered
SHIP01461,PO01461,Mumbai Port,Air,2025-08-11,2025-08-16,On Time,Delivered
SHIP01462,PO01462,Bengaluru DC,Air,2025-05-18,2025-05-23,At Risk,Delivered
SHIP01463,PO01463,Bengaluru DC,Air,2026-01-29,2026-02-08,On Time,Delivered
SHIP01464,PO01464,Hyderabad DC,Rail,2026-03-18,2026-03-25,On Time,Delivered
SHIP01465,PO01465,Bengaluru DC,Rail,2025-10-06,2025-10-10,On Time,Delivered
SHIP01466,PO01466,Bengaluru DC,Road,2026-06-09,2026-06-17,On Time,Delivered
SHIP01467,PO01467,JNPT,Air,2026-03-22,2026-03-27,On Time,Delivered
SHIP01468,PO01468,Hyderabad DC,Sea,2026-07-07,2026-07-10,Delayed,Delivered
SHIP01469,PO01469,Mumbai Port,Sea,2025-04-08,,Delayed,Pending
SHIP01470,PO01470,Pune DC,Air,2025-10-11,2025-11-04,On Time,Delayed
SHIP01471,PO01471,Hyderabad DC,Air,2025-04-30,2025-05-06,On Time,Delivered
SHIP01472,PO01472,JNPT,Rail,2026-05-19,,Delayed,Pending
SHIP01473,PO01473,JNPT,Rail,2026-07-28,2026-08-25,On Time,Delayed
SHIP01474,PO01474,Pune DC,Rail,2026-02-08,,On Time,In Transit
SHIP01475,PO01475,Pune DC,Road,2026-02-26,2026-03-01,On Time,Delivered
SHIP01476,PO01476,Hyderabad DC,Rail,2025-06-21,2025-06-25,On Time,Delivered
SHIP01477,PO01477,Pune DC,Air,2025-03-02,2025-03-10,On Time,Delivered
SHIP01478,PO01478,Pune DC,Sea,2026-03-14,2026-03-17,On Time,Delivered
SHIP01479,PO01479,Chennai Port,Road,2026-05-07,2026-05-13,On Time,Delivered
SHIP01480,PO01480,JNPT,Air,2025-09-02,,On Time,Pending
SHIP01481,PO01481,JNPT,Sea,2025-11-23,,On Time,In Transit
SHIP01482,PO01482,Delhi ICD,Road,2025-04-17,2025-04-21,On Time,Delivered
SHIP01483,PO01483,Pune DC,Air,2026-05-26,,On Time,In Transit
SHIP01484,PO01484,Bengaluru DC,Rail,2026-06-03,2026-06-09,At Risk,Delivered
SHIP01485,PO01485,Chennai Port,Road,2025-07-22,2025-07-27,Delayed,Delivered
SHIP01486,PO01486,Mumbai Port,Road,2025-09-10,2025-09-13,On Time,Delivered
SHIP01487,PO01487,Hyderabad DC,Sea,2026-04-14,2026-04-21,Delayed,Delivered
SHIP01488,PO01488,Hyderabad DC,Road,2026-01-23,,On Time,In Transit
SHIP01489,PO01489,Chennai Port,Air,2026-01-25,,On Time,Pending
SHIP01490,PO01490,Bengaluru DC,Rail,2026-07-18,,On Time,Pending
SHIP01491,PO01491,Bengaluru DC,Air,2025-08-17,,On Time,Cancelled
SHIP01492,PO01492,Hyderabad DC,Road,2026-06-15,,On Time,In Transit
SHIP01493,PO01493,Chennai Port,Air,2026-04-20,2026-04-29,On Time,Delivered
SHIP01494,PO01494,Mumbai Port,Air,2025-07-19,2025-07-23,Delayed,Delivered
SHIP01495,PO01495,JNPT,Sea,2025-03-31,2025-04-08,On Time,Delivered
SHIP01496,PO01496,Pune DC,Rail,2025-01-19,2025-02-13,At Risk,Delayed
SHIP01497,PO01497,Pune DC,Rail,2025-11-15,2025-12-15,On Time,Delayed
SHIP01498,PO01498,Pune DC,Road,2026-03-31,2026-04-09,On Time,Delivered
SHIP01499,PO01499,Bengaluru DC,Air,2025-01-15,2025-01-26,On Time,Delivered
SHIP01500,PO01500,Mumbai Port,Air,2025-05-25,2025-05-29,On Time,Delivered
SHIP01501,PO01501,Mumbai Port,Air,2025-07-30,2025-08-23,On Time,Delayed
SHIP01502,PO01502,Bengaluru DC,Rail,2026-06-03,2026-06-09,On Time,Delivered
SHIP01503,PO01503,JNPT,Air,2026-02-25,,On Time,In Transit
SHIP01504,PO01504,Chennai Port,Air,2025-01-27,2025-02-05,Delayed,Delivered
SHIP01505,PO01505,Bengaluru DC,Rail,2025-09-03,,On Time,Pending
SHIP01506,PO01506,Delhi ICD,Road,2025-01-11,,On Time,Pending
SHIP01507,PO01507,Delhi ICD,Rail,2026-03-26,2026-04-07,On Time,Delivered
SHIP01508,PO01508,Pune DC,Sea,2025-10-20,2025-10-27,On Time,Delivered
SHIP01509,PO01509,Delhi ICD,Sea,2026-03-19,,On Time,In Transit
SHIP01510,PO01510,Hyderabad DC,Sea,2025-07-09,2025-07-13,On Time,Delivered
SHIP01511,PO01511,Hyderabad DC,Rail,2025-02-19,,On Time,In Transit
SHIP01512,PO01512,Delhi ICD,Road,2025-04-11,2025-04-23,On Time,Delivered
SHIP01513,PO01513,JNPT,Road,2025-09-03,2025-09-08,On Time,Delivered
SHIP01514,PO01514,Mumbai Port,Air,2025-03-03,2025-03-17,On Time,Delayed
SHIP01515,PO01515,JNPT,Road,2026-03-09,,Delayed,In Transit
SHIP01516,PO01516,Mumbai Port,Rail,2025-11-28,2025-12-02,Delayed,Delivered
SHIP01517,PO01517,Hyderabad DC,Road,2026-03-24,2026-04-22,On Time,Delayed
SHIP01518,PO01518,Bengaluru DC,Sea,2025-04-19,2025-04-27,On Time,Delivered
SHIP01519,PO01519,Mumbai Port,Road,2026-01-12,2026-01-14,On Time,Delivered
SHIP01520,PO01520,Chennai Port,Air,2025-10-15,2025-10-17,At Risk,Delivered
SHIP01521,PO01521,Mumbai Port,Sea,2025-05-07,2025-05-20,On Time,Delayed
SHIP01522,PO01522,Chennai Port,Sea,2025-04-21,,On Time,Pending
SHIP01523,PO01523,Bengaluru DC,Air,2025-08-03,2025-08-10,Delayed,Delivered
SHIP01524,PO01524,Delhi ICD,Sea,2026-07-25,,Delayed,In Transit
SHIP01525,PO01525,Hyderabad DC,Rail,2026-04-17,2026-04-25,On Time,Delivered
SHIP01526,PO01526,JNPT,Sea,2026-03-17,2026-03-28,Delayed,Delivered
SHIP01527,PO01527,Mumbai Port,Air,2025-05-16,2025-05-20,On Time,Delivered
SHIP01528,PO01528,Delhi ICD,Rail,2025-07-15,2025-07-26,Delayed,Delivered
SHIP01529,PO01529,Bengaluru DC,Road,2025-03-20,2025-03-29,On Time,Delivered
SHIP01530,PO01530,Bengaluru DC,Air,2026-02-25,2026-03-05,On Time,Delivered
SHIP01531,PO01531,Bengaluru DC,Rail,2025-08-21,2025-08-25,On Time,Delivered
SHIP01532,PO01532,Chennai Port,Sea,2026-04-21,2026-04-26,On Time,Delivered
SHIP01533,PO01533,JNPT,Road,2025-11-12,,On Time,In Transit
SHIP01534,PO01534,Hyderabad DC,Rail,2026-07-07,,On Time,Pending
SHIP01535,PO01535,Pune DC,Road,2025-10-16,2025-10-21,On Time,Delivered
SHIP01536,PO01536,Delhi ICD,Rail,2025-08-15,2025-08-19,Delayed,Delivered
SHIP01537,PO01537,Delhi ICD,Rail,2026-01-17,2026-01-19,At Risk,Delivered
SHIP01538,PO01538,Pune DC,Road,2025-11-08,2025-11-19,On Time,Delivered
SHIP01539,PO01539,JNPT,Sea,2025-10-21,2025-10-29,Delayed,Delivered
SHIP01540,PO01540,JNPT,Rail,2026-08-25,,Delayed,Pending
SHIP01541,PO01541,Chennai Port,Rail,2026-07-28,,On Time,In Transit
SHIP01542,PO01542,Bengaluru DC,Air,2026-02-17,2026-02-20,On Time,Delivered
SHIP01543,PO01543,Pune DC,Sea,2025-06-12,,On Time,Pending
SHIP01544,PO01544,Bengaluru DC,Air,2025-07-08,2025-07-16,At Risk,Delivered
SHIP01545,PO01545,JNPT,Rail,2025-10-18,2025-10-21,On Time,Delivered
SHIP01546,PO01546,Hyderabad DC,Rail,2025-07-15,2025-07-20,On Time,Delivered
SHIP01547,PO01547,Delhi ICD,Rail,2026-02-26,2026-03-18,On Time,Delayed
SHIP01548,PO01548,Mumbai Port,Sea,2025-01-23,,On Time,In Transit
SHIP01549,PO01549,Mumbai Port,Sea,2025-01-26,,At Risk,Pending
SHIP01550,PO01550,Hyderabad DC,Road,2025-10-10,2025-10-13,On Time,Delivered
SHIP01551,PO01551,Pune DC,Rail,2025-04-30,,On Time,In Transit
SHIP01552,PO01552,Pune DC,Air,2025-06-01,2025-06-13,On Time,Delivered
SHIP01553,PO01553,Chennai Port,Sea,2025-11-13,,At Risk,In Transit
SHIP01554,PO01554,Hyderabad DC,Road,2025-10-03,2025-10-13,On Time,Delivered
SHIP01555,PO01555,Hyderabad DC,Rail,2026-07-22,2026-08-01,On Time,Delivered
SHIP01556,PO01556,JNPT,Road,2025-01-07,2025-01-16,At Risk,Delivered
SHIP01557,PO01557,Chennai Port,Air,2025-11-02,2025-11-10,On Time,Delivered
SHIP01558,PO01558,Bengaluru DC,Air,2025-05-03,2025-05-07,On Time,Delivered
SHIP01559,PO01559,JNPT,Air,2025-10-18,2025-10-27,On Time,Delivered
SHIP01560,PO01560,Delhi ICD,Air,2025-04-07,2025-04-11,On Time,Delivered
SHIP01561,PO01561,Hyderabad DC,Road,2025-07-10,,Delayed,In Transit
SHIP01562,PO01562,Bengaluru DC,Road,2025-11-02,2025-11-06,On Time,Delivered
SHIP01563,PO01563,Chennai Port,Sea,2025-10-10,2025-10-21,On Time,Delivered
SHIP01564,PO01564,Bengaluru DC,Sea,2025-06-05,2025-06-14,On Time,Delivered
SHIP01565,PO01565,Chennai Port,Air,2026-05-14,2026-05-25,On Time,Delivered
SHIP01566,PO01566,Hyderabad DC,Air,2025-06-06,2025-06-13,On Time,Delivered
SHIP01567,PO01567,JNPT,Air,2025-11-25,,On Time,Pending
SHIP01568,PO01568,Bengaluru DC,Air,2025-12-16,2025-12-25,On Time,Delivered
SHIP01569,PO01569,Pune DC,Road,2026-07-18,,At Risk,In Transit
SHIP01570,PO01570,Mumbai Port,Air,2025-04-01,2025-05-01,On Time,Delayed
SHIP01571,PO01571,Hyderabad DC,Sea,2025-08-14,2025-09-01,Delayed,Delayed
SHIP01572,PO01572,Mumbai Port,Road,2025-01-24,,On Time,Pending
SHIP01573,PO01573,Mumbai Port,Sea,2025-03-06,,On Time,Pending
SHIP01574,PO01574,Mumbai Port,Road,2026-07-28,,Delayed,In Transit
SHIP01575,PO01575,Delhi ICD,Road,2025-05-25,2025-05-31,Delayed,Delivered
SHIP01576,PO01576,Bengaluru DC,Rail,2026-03-12,2026-03-22,Delayed,Delivered
SHIP01577,PO01577,Hyderabad DC,Rail,2025-06-12,2025-06-18,On Time,Delivered
SHIP01578,PO01578,Bengaluru DC,Air,2025-01-25,2025-01-28,On Time,Delivered
SHIP01579,PO01579,Pune DC,Air,2025-05-28,2025-06-06,At Risk,Delivered
SHIP01580,PO01580,Hyderabad DC,Air,2026-04-01,2026-04-03,Delayed,Delivered
SHIP01581,PO01581,Pune DC,Air,2025-02-13,2025-02-24,On Time,Delivered
SHIP01582,PO01582,Delhi ICD,Sea,2026-03-11,,On Time,Pending
SHIP01583,PO01583,JNPT,Sea,2026-08-18,2026-08-29,At Risk,Delivered
SHIP01584,PO01584,Chennai Port,Sea,2025-04-16,2025-05-08,On Time,Delayed
SHIP01585,PO01585,Hyderabad DC,Road,2025-03-08,2025-03-21,On Time,Delayed
SHIP01586,PO01586,Pune DC,Road,2025-03-24,2025-04-05,On Time,Delivered
SHIP01587,PO01587,Delhi ICD,Road,2026-02-05,2026-03-03,On Time,Delayed
SHIP01588,PO01588,Delhi ICD,Air,2025-04-27,,On Time,Pending
SHIP01589,PO01589,Chennai Port,Sea,2025-02-08,,On Time,Pending
SHIP01590,PO01590,Bengaluru DC,Sea,2025-01-18,,Delayed,Pending
SHIP01591,PO01591,Chennai Port,Rail,2025-02-09,2025-02-11,Delayed,Delivered
SHIP01592,PO01592,Bengaluru DC,Sea,2026-08-04,2026-08-11,Delayed,Delivered
SHIP01593,PO01593,Pune DC,Rail,2025-01-12,2025-01-20,On Time,Delivered
SHIP01594,PO01594,Delhi ICD,Rail,2025-11-22,2025-11-24,On Time,Delivered
SHIP01595,PO01595,Delhi ICD,Sea,2025-04-21,,Delayed,In Transit
SHIP01596,PO01596,Chennai Port,Air,2025-06-08,2025-06-17,On Time,Delivered
SHIP01597,PO01597,Bengaluru DC,Rail,2025-02-19,2025-03-15,On Time,Delayed
SHIP01598,PO01598,Bengaluru DC,Rail,2025-04-12,2025-04-17,On Time,Delivered
SHIP01599,PO01599,Delhi ICD,Air,2025-06-22,2025-07-09,Delayed,Delayed
SHIP01600,PO01600,Mumbai Port,Road,2025-05-19,2025-05-30,Delayed,Delivered
SHIP01601,PO01601,Mumbai Port,Road,2025-02-17,2025-02-21,At Risk,Delivered
SHIP01602,PO01602,JNPT,Sea,2025-03-26,2025-04-07,On Time,Delivered
SHIP01603,PO01603,Hyderabad DC,Rail,2025-11-20,2025-12-20,On Time,Delayed
SHIP01604,PO01604,Delhi ICD,Air,2025-11-08,2025-11-20,On Time,Delivered
SHIP01605,PO01605,JNPT,Air,2025-03-24,,On Time,In Transit
SHIP01606,PO01606,Bengaluru DC,Air,2025-09-26,2025-09-29,On Time,Delivered
SHIP01607,PO01607,Mumbai Port,Air,2026-05-25,2026-05-28,At Risk,Delivered
SHIP01608,PO01608,Mumbai Port,Air,2025-05-22,,On Time,Pending
SHIP01609,PO01609,Delhi ICD,Air,2026-01-20,2026-01-29,On Time,Delivered
SHIP01610,PO01610,Delhi ICD,Rail,2025-02-19,,On Time,In Transit
SHIP01611,PO01611,Mumbai Port,Sea,2026-08-07,2026-08-29,On Time,Delayed
SHIP01612,PO01612,Chennai Port,Rail,2026-02-23,2026-03-06,On Time,Delivered
SHIP01613,PO01613,JNPT,Sea,2026-01-03,2026-01-10,On Time,Delivered
SHIP01614,PO01614,Bengaluru DC,Rail,2025-03-30,2025-04-02,On Time,Delivered
SHIP01615,PO01615,JNPT,Rail,2026-03-22,,On Time,In Transit
SHIP01616,PO01616,Bengaluru DC,Rail,2026-05-14,2026-05-24,Delayed,Delivered
SHIP01617,PO01617,Chennai Port,Sea,2026-07-22,2026-07-26,On Time,Delivered
SHIP01618,PO01618,JNPT,Air,2025-02-07,2025-03-05,On Time,Delayed
SHIP01619,PO01619,Hyderabad DC,Air,2026-03-23,2026-04-01,On Time,Delivered
SHIP01620,PO01620,Hyderabad DC,Rail,2026-03-21,2026-03-28,On Time,Delivered
SHIP01621,PO01621,Bengaluru DC,Road,2026-02-28,2026-03-10,On Time,Delivered
SHIP01622,PO01622,Delhi ICD,Sea,2025-10-04,2025-10-10,On Time,Delivered
SHIP01623,PO01623,JNPT,Sea,2025-11-13,2025-11-21,On Time,Delivered
SHIP01624,PO01624,JNPT,Rail,2026-07-05,,Delayed,Cancelled
SHIP01625,PO01625,Bengaluru DC,Air,2026-02-06,,Delayed,In Transit
SHIP01626,PO01626,Delhi ICD,Road,2026-08-27,2026-09-17,On Time,Delayed
SHIP01627,PO01627,Mumbai Port,Road,2025-12-01,,On Time,In Transit
SHIP01628,PO01628,Delhi ICD,Sea,2025-11-30,,On Time,In Transit
SHIP01629,PO01629,Pune DC,Air,2026-04-08,2026-04-13,On Time,Delivered
SHIP01630,PO01630,Chennai Port,Air,2025-02-19,2025-03-02,At Risk,Delivered
SHIP01631,PO01631,Chennai Port,Air,2025-06-23,,Delayed,In Transit
SHIP01632,PO01632,Bengaluru DC,Sea,2026-08-23,2026-09-14,On Time,Delayed
SHIP01633,PO01633,Pune DC,Sea,2026-06-07,2026-06-14,On Time,Delivered
SHIP01634,PO01634,JNPT,Road,2026-03-09,2026-03-19,Delayed,Delivered
SHIP01635,PO01635,Chennai Port,Sea,2025-12-11,2025-12-14,Delayed,Delivered
SHIP01636,PO01636,Hyderabad DC,Road,2025-06-26,,Delayed,In Transit
SHIP01637,PO01637,Hyderabad DC,Sea,2026-03-29,2026-04-03,Delayed,Delivered
SHIP01638,PO01638,Pune DC,Air,2025-04-25,2025-05-02,At Risk,Delivered
SHIP01639,PO01639,Pune DC,Road,2026-05-29,,Delayed,Pending
SHIP01640,PO01640,Bengaluru DC,Sea,2026-08-23,2026-08-27,At Risk,Delivered
SHIP01641,PO01641,Hyderabad DC,Road,2026-04-13,2026-04-18,On Time,Delivered
SHIP01642,PO01642,Pune DC,Road,2025-05-17,2025-05-25,Delayed,Delivered
SHIP01643,PO01643,Pune DC,Road,2026-02-20,2026-03-01,On Time,Delivered
SHIP01644,PO01644,Hyderabad DC,Rail,2025-10-04,2025-10-06,Delayed,Delivered
SHIP01645,PO01645,Delhi ICD,Air,2025-02-11,2025-02-13,On Time,Delivered
SHIP01646,PO01646,Bengaluru DC,Rail,2026-06-23,,On Time,Pending
SHIP01647,PO01647,Delhi ICD,Road,2026-03-23,2026-04-04,Delayed,Delivered
SHIP01648,PO01648,Mumbai Port,Air,2025-03-02,,On Time,Pending
SHIP01649,PO01649,Mumbai Port,Rail,2025-07-08,2025-07-11,Delayed,Delivered
SHIP01650,PO01650,JNPT,Sea,2025-05-12,2025-05-22,On Time,Delivered
SHIP01651,PO01651,Delhi ICD,Road,2025-10-05,,On Time,Pending
SHIP01652,PO01652,Hyderabad DC,Air,2026-03-31,2026-04-02,Delayed,Delivered
SHIP01653,PO01653,Hyderabad DC,Road,2026-07-13,,On Time,Pending
SHIP01654,PO01654,Delhi ICD,Rail,2026-04-16,2026-04-20,On Time,Delivered
SHIP01655,PO01655,Hyderabad DC,Sea,2025-08-20,2025-08-27,On Time,Delivered
SHIP01656,PO01656,Mumbai Port,Rail,2026-01-30,2026-02-08,On Time,Delivered
SHIP01657,PO01657,Chennai Port,Rail,2025-02-02,,On Time,In Transit
SHIP01658,PO01658,Hyderabad DC,Road,2025-05-10,2025-05-24,On Time,Delayed
SHIP01659,PO01659,Mumbai Port,Air,2025-03-30,2025-04-07,On Time,Delivered
SHIP01660,PO01660,Mumbai Port,Air,2025-01-28,2025-02-02,Delayed,Delivered
SHIP01661,PO01661,Bengaluru DC,Rail,2026-03-13,2026-03-22,On Time,Delivered
SHIP01662,PO01662,JNPT,Sea,2025-01-13,2025-01-19,At Risk,Delivered
SHIP01663,PO01663,Pune DC,Rail,2025-05-11,2025-05-15,On Time,Delivered
SHIP01664,PO01664,Bengaluru DC,Sea,2025-01-09,2025-01-13,At Risk,Delivered
SHIP01665,PO01665,Delhi ICD,Rail,2025-02-11,2025-02-13,On Time,Delivered
SHIP01666,PO01666,Delhi ICD,Road,2026-01-18,2026-01-24,Delayed,Delivered
SHIP01667,PO01667,Mumbai Port,Sea,2025-05-21,2025-05-23,At Risk,Delivered
SHIP01668,PO01668,JNPT,Air,2026-07-25,,On Time,In Transit
SHIP01669,PO01669,Chennai Port,Air,2026-06-20,,On Time,Pending
SHIP01670,PO01670,Mumbai Port,Rail,2025-10-21,,On Time,Pending
SHIP01671,PO01671,JNPT,Road,2025-06-28,2025-07-07,On Time,Delivered
SHIP01672,PO01672,JNPT,Road,2025-10-14,2025-10-22,On Time,Delivered
SHIP01673,PO01673,Chennai Port,Road,2026-08-09,,On Time,In Transit
SHIP01674,PO01674,Pune DC,Rail,2026-06-18,2026-06-25,At Risk,Delivered
SHIP01675,PO01675,Chennai Port,Sea,2026-07-08,2026-07-10,On Time,Delivered
SHIP01676,PO01676,Bengaluru DC,Rail,2026-03-28,2026-04-10,On Time,Delayed
SHIP01677,PO01677,Bengaluru DC,Sea,2026-01-25,2026-02-15,Delayed,Delayed
SHIP01678,PO01678,Mumbai Port,Rail,2025-01-18,2025-02-11,Delayed,Delayed
SHIP01679,PO01679,JNPT,Sea,2025-09-02,2025-09-11,On Time,Delivered
SHIP01680,PO01680,Mumbai Port,Sea,2025-08-16,,Delayed,Pending
SHIP01681,PO01681,Pune DC,Road,2025-03-27,,Delayed,Cancelled
SHIP01682,PO01682,JNPT,Air,2025-11-29,2025-12-13,At Risk,Delayed
SHIP01683,PO01683,Mumbai Port,Sea,2025-10-19,2025-10-29,On Time,Delivered
SHIP01684,PO01684,Bengaluru DC,Rail,2026-09-06,2026-09-13,Delayed,Delivered
SHIP01685,PO01685,Chennai Port,Road,2026-08-17,2026-08-26,Delayed,Delivered
SHIP01686,PO01686,Bengaluru DC,Road,2025-02-09,2025-02-11,On Time,Delivered
SHIP01687,PO01687,Delhi ICD,Rail,2026-04-29,,On Time,Pending
SHIP01688,PO01688,Mumbai Port,Rail,2026-02-25,,On Time,Pending
SHIP01689,PO01689,Pune DC,Rail,2025-11-09,2025-11-15,At Risk,Delivered
SHIP01690,PO01690,Pune DC,Rail,2025-05-10,2025-05-14,Delayed,Delivered
SHIP01691,PO01691,Delhi ICD,Sea,2025-01-21,2025-02-02,On Time,Delivered
SHIP01692,PO01692,Mumbai Port,Road,2025-08-21,2025-08-27,On Time,Delivered
SHIP01693,PO01693,Pune DC,Air,2026-07-17,2026-07-28,On Time,Delivered
SHIP01694,PO01694,Pune DC,Rail,2025-04-28,2025-05-05,Delayed,Delivered
SHIP01695,PO01695,Chennai Port,Air,2026-02-04,2026-02-15,On Time,Delivered
SHIP01696,PO01696,JNPT,Air,2025-05-14,,On Time,Pending
SHIP01697,PO01697,Chennai Port,Rail,2026-03-08,2026-03-18,Delayed,Delivered
SHIP01698,PO01698,Bengaluru DC,Sea,2026-05-10,,On Time,Pending
SHIP01699,PO01699,Pune DC,Air,2025-08-23,2025-09-01,Delayed,Delivered
SHIP01700,PO01700,Pune DC,Rail,2025-09-09,2025-09-15,On Time,Delivered
SHIP01701,PO01701,Mumbai Port,Road,2026-05-24,2026-06-04,On Time,Delivered
SHIP01702,PO01702,Hyderabad DC,Sea,2026-02-06,2026-02-09,On Time,Delivered
SHIP01703,PO01703,Chennai Port,Sea,2026-07-03,2026-07-13,On Time,Delivered
SHIP01704,PO01704,Pune DC,Road,2026-06-04,2026-06-08,On Time,Delivered
SHIP01705,PO01705,Chennai Port,Sea,2026-04-15,2026-05-05,Delayed,Delayed
SHIP01706,PO01706,Chennai Port,Road,2025-10-14,2025-10-19,On Time,Delivered
SHIP01707,PO01707,Mumbai Port,Road,2025-04-23,2025-04-30,On Time,Delivered
SHIP01708,PO01708,Mumbai Port,Road,2026-04-21,2026-05-02,Delayed,Delivered
SHIP01709,PO01709,Mumbai Port,Rail,2025-12-31,,Delayed,In Transit
SHIP01710,PO01710,JNPT,Rail,2025-06-05,,On Time,In Transit
SHIP01711,PO01711,Bengaluru DC,Road,2025-10-11,2025-10-19,Delayed,Delivered
SHIP01712,PO01712,Hyderabad DC,Sea,2026-03-17,,On Time,Pending
SHIP01713,PO01713,Delhi ICD,Air,2026-06-30,2026-07-06,Delayed,Delivered
SHIP01714,PO01714,Mumbai Port,Rail,2025-09-14,,On Time,Cancelled
SHIP01715,PO01715,Chennai Port,Air,2025-10-02,2025-10-04,On Time,Delivered
SHIP01716,PO01716,Pune DC,Rail,2026-02-26,2026-03-02,Delayed,Delivered
SHIP01717,PO01717,JNPT,Rail,2025-10-07,,On Time,Pending
SHIP01718,PO01718,Mumbai Port,Rail,2025-10-24,,On Time,In Transit
SHIP01719,PO01719,Delhi ICD,Road,2026-06-04,,On Time,Pending
SHIP01720,PO01720,Hyderabad DC,Road,2025-09-14,,On Time,Pending
SHIP01721,PO01721,Pune DC,Sea,2026-04-17,2026-05-14,Delayed,Delayed
SHIP01722,PO01722,JNPT,Rail,2025-10-05,,On Time,In Transit
SHIP01723,PO01723,JNPT,Rail,2026-09-01,2026-09-04,On Time,Delivered
SHIP01724,PO01724,Bengaluru DC,Air,2025-01-20,,Delayed,In Transit
SHIP01725,PO01725,Hyderabad DC,Rail,2025-06-22,,On Time,Cancelled
SHIP01726,PO01726,Bengaluru DC,Air,2025-12-16,2026-01-09,On Time,Delayed
SHIP01727,PO01727,Bengaluru DC,Road,2026-05-15,2026-05-18,On Time,Delivered
SHIP01728,PO01728,Pune DC,Road,2025-12-17,,On Time,In Transit
SHIP01729,PO01729,Pune DC,Air,2026-06-23,2026-07-01,Delayed,Delivered
SHIP01730,PO01730,Delhi ICD,Sea,2025-08-23,,On Time,Pending
SHIP01731,PO01731,JNPT,Rail,2026-03-27,,On Time,In Transit
SHIP01732,PO01732,Bengaluru DC,Air,2025-04-22,,On Time,Pending
SHIP01733,PO01733,Chennai Port,Road,2026-06-29,2026-07-04,At Risk,Delivered
SHIP01734,PO01734,Delhi ICD,Rail,2026-03-06,2026-03-15,On Time,Delivered
SHIP01735,PO01735,Bengaluru DC,Rail,2025-12-23,2025-12-31,On Time,Delivered
SHIP01736,PO01736,Pune DC,Rail,2026-01-03,,Delayed,In Transit
SHIP01737,PO01737,Bengaluru DC,Sea,2026-04-27,2026-05-03,On Time,Delivered
SHIP01738,PO01738,JNPT,Sea,2025-06-17,2025-06-20,On Time,Delivered
SHIP01739,PO01739,JNPT,Road,2026-04-17,2026-04-19,At Risk,Delivered
SHIP01740,PO01740,Hyderabad DC,Rail,2026-05-20,2026-06-17,Delayed,Delayed
SHIP01741,PO01741,Mumbai Port,Rail,2025-02-27,,Delayed,Pending
SHIP01742,PO01742,Bengaluru DC,Sea,2026-05-31,2026-06-02,On Time,Delivered
SHIP01743,PO01743,Chennai Port,Rail,2025-10-10,2025-11-04,On Time,Delayed
SHIP01744,PO01744,Bengaluru DC,Road,2025-11-04,2025-11-14,On Time,Delivered
SHIP01745,PO01745,Mumbai Port,Road,2026-02-02,2026-02-04,On Time,Delivered
SHIP01746,PO01746,Pune DC,Rail,2025-11-27,,On Time,In Transit
SHIP01747,PO01747,Hyderabad DC,Sea,2026-08-24,2026-09-02,Delayed,Delivered
SHIP01748,PO01748,Bengaluru DC,Air,2025-08-03,2025-08-05,On Time,Delivered
SHIP01749,PO01749,Pune DC,Sea,2026-04-20,,On Time,Pending
SHIP01750,PO01750,Mumbai Port,Road,2025-04-14,2025-04-16,At Risk,Delivered
SHIP01751,PO01751,JNPT,Rail,2026-01-12,2026-01-24,On Time,Delivered
SHIP01752,PO01752,JNPT,Sea,2026-04-20,,On Time,In Transit
SHIP01753,PO01753,Delhi ICD,Road,2025-05-26,2025-05-29,On Time,Delivered
SHIP01754,PO01754,Hyderabad DC,Air,2026-07-20,,On Time,In Transit
SHIP01755,PO01755,JNPT,Road,2026-02-20,2026-03-14,On Time,Delayed
SHIP01756,PO01756,Mumbai Port,Air,2026-04-22,2026-05-05,On Time,Delayed
SHIP01757,PO01757,Mumbai Port,Sea,2025-04-24,2025-05-02,On Time,Delivered
SHIP01758,PO01758,Delhi ICD,Air,2025-12-16,,On Time,In Transit
SHIP01759,PO01759,Chennai Port,Sea,2025-03-08,2025-03-16,On Time,Delivered
SHIP01760,PO01760,JNPT,Air,2026-05-24,2026-06-03,Delayed,Delivered
SHIP01761,PO01761,Hyderabad DC,Road,2025-01-19,2025-01-23,On Time,Delivered
SHIP01762,PO01762,Hyderabad DC,Rail,2025-05-07,,On Time,Pending
SHIP01763,PO01763,Delhi ICD,Road,2026-06-12,,On Time,Pending
SHIP01764,PO01764,Delhi ICD,Road,2026-05-18,2026-05-28,On Time,Delivered
SHIP01765,PO01765,Chennai Port,Rail,2026-04-07,2026-04-11,Delayed,Delivered
SHIP01766,PO01766,JNPT,Sea,2025-07-15,,On Time,In Transit
SHIP01767,PO01767,Mumbai Port,Road,2026-07-18,2026-07-27,On Time,Delivered
SHIP01768,PO01768,Pune DC,Rail,2026-08-29,,On Time,In Transit
SHIP01769,PO01769,Hyderabad DC,Sea,2025-04-26,2025-04-29,At Risk,Delivered
SHIP01770,PO01770,Delhi ICD,Air,2025-05-15,2025-05-27,On Time,Delivered
SHIP01771,PO01771,Chennai Port,Road,2026-04-06,,Delayed,In Transit
SHIP01772,PO01772,JNPT,Road,2025-10-12,2025-10-16,On Time,Delivered
SHIP01773,PO01773,JNPT,Rail,2025-08-11,2025-08-14,On Time,Delivered
SHIP01774,PO01774,Hyderabad DC,Rail,2025-06-13,2025-06-16,On Time,Delivered
SHIP01775,PO01775,Chennai Port,Road,2025-05-27,2025-06-08,On Time,Delivered
SHIP01776,PO01776,Bengaluru DC,Air,2026-05-14,2026-05-20,On Time,Delivered
SHIP01777,PO01777,JNPT,Air,2026-06-16,2026-06-23,On Time,Delivered
SHIP01778,PO01778,Hyderabad DC,Rail,2026-09-07,2026-09-13,Delayed,Delivered
SHIP01779,PO01779,Pune DC,Air,2025-02-24,2025-03-01,On Time,Delivered
SHIP01780,PO01780,Delhi ICD,Rail,2026-05-28,2026-05-31,On Time,Delivered
SHIP01781,PO01781,Pune DC,Rail,2025-09-08,,At Risk,In Transit
SHIP01782,PO01782,Delhi ICD,Rail,2025-03-12,2025-03-16,On Time,Delivered
SHIP01783,PO01783,Bengaluru DC,Rail,2025-03-23,2025-03-31,On Time,Delivered
SHIP01784,PO01784,Pune DC,Sea,2025-07-04,2025-07-21,On Time,Delayed
SHIP01785,PO01785,Bengaluru DC,Sea,2026-08-14,2026-08-16,Delayed,Delivered
SHIP01786,PO01786,Hyderabad DC,Sea,2025-11-01,2025-11-25,At Risk,Delayed
SHIP01787,PO01787,Bengaluru DC,Sea,2025-07-19,2025-07-22,Delayed,Delivered
SHIP01788,PO01788,Chennai Port,Air,2025-08-04,,Delayed,Pending
SHIP01789,PO01789,Hyderabad DC,Rail,2026-07-19,2026-07-22,On Time,Delivered
SHIP01790,PO01790,Mumbai Port,Sea,2026-07-06,2026-07-08,At Risk,Delivered
SHIP01791,PO01791,Bengaluru DC,Sea,2025-12-29,2026-01-20,At Risk,Delayed
SHIP01792,PO01792,Pune DC,Air,2026-03-29,2026-04-05,Delayed,Delivered
SHIP01793,PO01793,Hyderabad DC,Sea,2025-05-16,2025-05-24,On Time,Delivered
SHIP01794,PO01794,Pune DC,Sea,2026-07-10,2026-07-17,Delayed,Delivered
SHIP01795,PO01795,JNPT,Air,2025-09-25,2025-10-19,On Time,Delayed
SHIP01796,PO01796,Hyderabad DC,Air,2025-10-25,2025-11-02,Delayed,Delivered
SHIP01797,PO01797,Mumbai Port,Sea,2026-06-08,2026-06-24,Delayed,Delayed
SHIP01798,PO01798,JNPT,Sea,2026-08-29,2026-09-08,On Time,Delivered
SHIP01799,PO01799,JNPT,Air,2025-08-05,2025-08-11,On Time,Delivered
SHIP01800,PO01800,Pune DC,Rail,2025-12-09,2025-12-19,Delayed,Delivered
SHIP01801,PO01801,Pune DC,Sea,2026-08-10,2026-08-21,On Time,Delivered
SHIP01802,PO01802,Delhi ICD,Road,2026-03-10,2026-03-12,Delayed,Delivered
SHIP01803,PO01803,Pune DC,Air,2025-05-14,2025-05-18,On Time,Delivered
SHIP01804,PO01804,Pune DC,Rail,2025-08-30,2025-09-14,On Time,Delayed
SHIP01805,PO01805,Mumbai Port,Air,2025-08-23,2025-08-31,On Time,Delivered
SHIP01806,PO01806,Chennai Port,Rail,2026-07-11,2026-07-16,On Time,Delivered
SHIP01807,PO01807,Bengaluru DC,Sea,2026-02-03,,On Time,In Transit
SHIP01808,PO01808,Hyderabad DC,Rail,2025-04-30,2025-05-02,On Time,Delivered
SHIP01809,PO01809,Bengaluru DC,Road,2025-03-09,2025-03-20,On Time,Delivered
SHIP01810,PO01810,JNPT,Air,2026-07-09,2026-07-11,At Risk,Delivered
SHIP01811,PO01811,Mumbai Port,Sea,2025-03-08,2025-03-28,Delayed,Delayed
SHIP01812,PO01812,Chennai Port,Road,2025-11-28,2025-12-28,Delayed,Delayed
SHIP01813,PO01813,Pune DC,Sea,2026-02-14,,Delayed,Pending
SHIP01814,PO01814,Hyderabad DC,Road,2026-07-14,2026-08-07,Delayed,Delayed
SHIP01815,PO01815,Delhi ICD,Sea,2026-04-05,2026-04-17,Delayed,Delivered
SHIP01816,PO01816,Mumbai Port,Road,2025-09-14,,On Time,Pending
SHIP01817,PO01817,Bengaluru DC,Rail,2025-03-05,2025-03-12,On Time,Delivered
SHIP01818,PO01818,Bengaluru DC,Sea,2025-05-22,2025-05-26,On Time,Delivered
SHIP01819,PO01819,Bengaluru DC,Road,2026-01-18,2026-01-27,On Time,Delivered
SHIP01820,PO01820,Mumbai Port,Sea,2026-04-18,2026-04-26,On Time,Delivered
SHIP01821,PO01821,Chennai Port,Rail,2026-09-07,2026-09-18,On Time,Delivered
SHIP01822,PO01822,Pune DC,Sea,2026-02-02,,On Time,In Transit
SHIP01823,PO01823,JNPT,Sea,2025-08-07,2025-09-06,On Time,Delayed
SHIP01824,PO01824,Bengaluru DC,Road,2025-02-06,2025-02-14,Delayed,Delivered
SHIP01825,PO01825,Bengaluru DC,Road,2025-12-12,2025-12-18,On Time,Delivered
SHIP01826,PO01826,Chennai Port,Road,2026-04-02,2026-04-09,On Time,Delivered
SHIP01827,PO01827,JNPT,Rail,2025-11-02,2025-11-08,On Time,Delivered
SHIP01828,PO01828,JNPT,Road,2026-06-23,,On Time,Pending
SHIP01829,PO01829,Bengaluru DC,Sea,2025-09-02,2025-09-27,On Time,Delayed
SHIP01830,PO01830,Chennai Port,Road,2025-04-06,2025-04-18,On Time,Delivered
SHIP01831,PO01831,Delhi ICD,Road,2025-02-17,,On Time,In Transit
SHIP01832,PO01832,Pune DC,Air,2025-01-25,2025-02-05,On Time,Delivered
SHIP01833,PO01833,Hyderabad DC,Road,2025-07-06,2025-07-08,Delayed,Delivered
SHIP01834,PO01834,Mumbai Port,Road,2026-01-08,2026-02-02,On Time,Delayed
SHIP01835,PO01835,Mumbai Port,Air,2025-03-24,2025-03-31,Delayed,Delivered
SHIP01836,PO01836,Hyderabad DC,Road,2025-07-07,2025-07-12,On Time,Delivered
SHIP01837,PO01837,Bengaluru DC,Air,2025-08-25,2025-08-31,On Time,Delivered
SHIP01838,PO01838,Mumbai Port,Sea,2025-08-31,2025-09-06,On Time,Delivered
SHIP01839,PO01839,Pune DC,Rail,2026-03-29,2026-04-21,On Time,Delayed
SHIP01840,PO01840,Chennai Port,Sea,2025-09-25,2025-09-28,On Time,Delivered
SHIP01841,PO01841,Hyderabad DC,Air,2025-09-10,2025-09-18,On Time,Delivered
SHIP01842,PO01842,Pune DC,Air,2025-03-25,2025-04-05,On Time,Delivered
SHIP01843,PO01843,Delhi ICD,Road,2026-03-11,2026-03-13,Delayed,Delivered
SHIP01844,PO01844,Chennai Port,Air,2025-12-06,,Delayed,Pending
SHIP01845,PO01845,Pune DC,Sea,2026-01-22,2026-02-02,Delayed,Delivered
SHIP01846,PO01846,Bengaluru DC,Air,2025-06-05,2025-06-10,On Time,Delivered
SHIP01847,PO01847,Chennai Port,Sea,2026-06-10,2026-06-13,On Time,Delivered
SHIP01848,PO01848,Delhi ICD,Sea,2025-08-11,2025-08-22,On Time,Delivered
SHIP01849,PO01849,Chennai Port,Road,2025-03-28,2025-04-01,Delayed,Delivered
SHIP01850,PO01850,Hyderabad DC,Sea,2026-07-26,2026-07-31,On Time,Delivered
SHIP01851,PO01851,Pune DC,Air,2026-06-30,2026-07-26,Delayed,Delayed
SHIP01852,PO01852,JNPT,Road,2025-11-28,2025-12-25,On Time,Delayed
SHIP01853,PO01853,JNPT,Road,2025-09-14,2025-09-23,Delayed,Delivered
SHIP01854,PO01854,Pune DC,Air,2025-05-07,2025-05-15,Delayed,Delivered
SHIP01855,PO01855,Pune DC,Rail,2026-01-14,2026-01-26,On Time,Delivered
SHIP01856,PO01856,Chennai Port,Air,2026-05-23,2026-05-26,On Time,Delivered
SHIP01857,PO01857,Chennai Port,Air,2025-05-13,2025-05-17,Delayed,Delivered
SHIP01858,PO01858,Hyderabad DC,Sea,2025-09-29,2025-10-06,On Time,Delivered
SHIP01859,PO01859,JNPT,Air,2026-06-09,2026-06-20,On Time,Delivered
SHIP01860,PO01860,Chennai Port,Rail,2025-07-11,,Delayed,In Transit
SHIP01861,PO01861,Mumbai Port,Sea,2026-07-25,2026-07-31,On Time,Delivered
SHIP01862,PO01862,Hyderabad DC,Sea,2026-03-23,2026-04-01,On Time,Delivered
SHIP01863,PO01863,Pune DC,Rail,2026-06-30,2026-07-03,At Risk,Delivered
SHIP01864,PO01864,Chennai Port,Sea,2025-09-09,,On Time,In Transit
SHIP01865,PO01865,JNPT,Sea,2025-12-14,2025-12-18,Delayed,Delivered
SHIP01866,PO01866,Chennai Port,Road,2026-01-07,,Delayed,In Transit
SHIP01867,PO01867,Bengaluru DC,Sea,2026-05-13,,On Time,Pending
SHIP01868,PO01868,Pune DC,Air,2026-06-10,2026-06-17,Delayed,Delivered
SHIP01869,PO01869,Hyderabad DC,Rail,2026-04-15,2026-04-17,On Time,Delivered
SHIP01870,PO01870,Delhi ICD,Sea,2025-10-24,2025-10-27,On Time,Delivered
SHIP01871,PO01871,JNPT,Air,2026-08-06,2026-08-29,On Time,Delayed
SHIP01872,PO01872,Bengaluru DC,Sea,2025-10-21,2025-11-19,On Time,Delayed
SHIP01873,PO01873,Chennai Port,Road,2025-02-18,2025-02-22,On Time,Delivered
SHIP01874,PO01874,Delhi ICD,Rail,2025-11-19,2025-11-29,Delayed,Delivered
SHIP01875,PO01875,Hyderabad DC,Rail,2026-05-22,2026-05-30,On Time,Delivered
SHIP01876,PO01876,JNPT,Rail,2025-04-23,2025-04-27,On Time,Delivered
SHIP01877,PO01877,Pune DC,Air,2026-06-07,2026-07-04,On Time,Delayed
SHIP01878,PO01878,Chennai Port,Road,2026-07-15,2026-07-18,On Time,Delivered
SHIP01879,PO01879,Bengaluru DC,Air,2026-01-15,2026-02-02,On Time,Delayed
SHIP01880,PO01880,Bengaluru DC,Rail,2025-05-15,2025-06-09,On Time,Delayed
SHIP01881,PO01881,Pune DC,Sea,2025-05-06,,At Risk,Pending
SHIP01882,PO01882,JNPT,Road,2025-10-14,2025-10-18,Delayed,Delivered
SHIP01883,PO01883,Pune DC,Road,2025-08-28,2025-09-08,On Time,Delivered
SHIP01884,PO01884,Delhi ICD,Sea,2026-04-15,2026-04-23,Delayed,Delivered
SHIP01885,PO01885,Pune DC,Road,2025-11-20,2025-11-22,On Time,Delivered
SHIP01886,PO01886,Pune DC,Road,2025-11-23,,On Time,Pending
SHIP01887,PO01887,Delhi ICD,Road,2025-09-13,2025-09-15,At Risk,Delivered
SHIP01888,PO01888,JNPT,Rail,2025-07-25,,On Time,In Transit
SHIP01889,PO01889,Chennai Port,Rail,2026-06-01,2026-06-07,Delayed,Delivered
SHIP01890,PO01890,Pune DC,Sea,2026-06-21,2026-06-27,On Time,Delivered
SHIP01891,PO01891,Mumbai Port,Rail,2026-07-30,,At Risk,Pending
SHIP01892,PO01892,Delhi ICD,Road,2026-01-26,2026-02-18,On Time,Delayed
SHIP01893,PO01893,Bengaluru DC,Air,2025-07-10,,On Time,In Transit
SHIP01894,PO01894,JNPT,Rail,2026-02-16,2026-02-27,On Time,Delivered
SHIP01895,PO01895,Chennai Port,Rail,2025-04-29,,On Time,Cancelled
SHIP01896,PO01896,Mumbai Port,Sea,2025-09-13,2025-09-24,On Time,Delivered
SHIP01897,PO01897,Pune DC,Sea,2025-05-08,2025-05-19,On Time,Delivered
SHIP01898,PO01898,Chennai Port,Sea,2026-05-18,,On Time,In Transit
SHIP01899,PO01899,Bengaluru DC,Air,2025-10-05,2025-10-09,On Time,Delivered
SHIP01900,PO01900,Delhi ICD,Air,2025-09-29,,On Time,In Transit
SHIP01901,PO01901,Chennai Port,Air,2026-02-25,2026-03-07,Delayed,Delivered
SHIP01902,PO01902,Pune DC,Sea,2025-02-23,2025-03-19,Delayed,Delayed
SHIP01903,PO01903,Mumbai Port,Road,2026-07-04,2026-07-14,On Time,Delivered
SHIP01904,PO01904,JNPT,Rail,2025-12-07,,Delayed,In Transit
SHIP01905,PO01905,Pune DC,Rail,2026-01-30,2026-02-21,On Time,Delayed
SHIP01906,PO01906,Mumbai Port,Rail,2026-07-26,2026-08-06,On Time,Delivered
SHIP01907,PO01907,JNPT,Rail,2025-07-26,2025-07-31,On Time,Delivered
SHIP01908,PO01908,Mumbai Port,Rail,2025-06-18,2025-06-21,Delayed,Delivered
SHIP01909,PO01909,Pune DC,Road,2025-01-25,2025-02-18,On Time,Delayed
SHIP01910,PO01910,Delhi ICD,Air,2026-05-24,2026-05-31,Delayed,Delivered
SHIP01911,PO01911,JNPT,Sea,2025-09-22,,On Time,Pending
SHIP01912,PO01912,Hyderabad DC,Rail,2026-02-24,2026-03-18,On Time,Delayed
SHIP01913,PO01913,Delhi ICD,Rail,2026-06-05,2026-06-09,On Time,Delivered
SHIP01914,PO01914,JNPT,Road,2026-07-12,,Delayed,In Transit
SHIP01915,PO01915,Hyderabad DC,Rail,2025-07-19,2025-07-29,On Time,Delivered
SHIP01916,PO01916,JNPT,Road,2025-11-11,2025-11-26,On Time,Delayed
SHIP01917,PO01917,Delhi ICD,Rail,2026-08-20,2026-09-14,At Risk,Delayed
SHIP01918,PO01918,Chennai Port,Rail,2026-02-23,2026-03-04,On Time,Delivered
SHIP01919,PO01919,Delhi ICD,Rail,2026-06-11,2026-06-18,On Time,Delivered
SHIP01920,PO01920,Pune DC,Air,2026-01-18,2026-01-29,On Time,Delivered
SHIP01921,PO01921,Delhi ICD,Road,2025-02-05,2025-02-14,On Time,Delivered
SHIP01922,PO01922,Hyderabad DC,Rail,2025-04-25,2025-04-28,On Time,Delivered
SHIP01923,PO01923,JNPT,Sea,2025-04-02,2025-04-10,Delayed,Delivered
SHIP01924,PO01924,Hyderabad DC,Sea,2026-09-05,2026-09-09,On Time,Delivered
SHIP01925,PO01925,JNPT,Road,2026-06-22,,Delayed,Pending
SHIP01926,PO01926,Mumbai Port,Road,2026-03-05,2026-03-10,On Time,Delivered
SHIP01927,PO01927,Bengaluru DC,Air,2026-08-05,,On Time,In Transit
SHIP01928,PO01928,JNPT,Road,2026-08-02,2026-08-07,On Time,Delivered
SHIP01929,PO01929,Delhi ICD,Road,2025-12-08,2025-12-15,On Time,Delivered
SHIP01930,PO01930,Mumbai Port,Road,2025-03-30,2025-04-03,On Time,Delivered
SHIP01931,PO01931,Pune DC,Sea,2025-06-26,2025-07-25,On Time,Delayed
SHIP01932,PO01932,Delhi ICD,Sea,2025-05-07,2025-05-11,On Time,Delivered
SHIP01933,PO01933,Pune DC,Rail,2026-05-17,2026-05-23,On Time,Delivered
SHIP01934,PO01934,Hyderabad DC,Air,2025-05-03,2025-05-08,On Time,Delivered
SHIP01935,PO01935,Pune DC,Road,2026-01-27,2026-02-06,On Time,Delivered
SHIP01936,PO01936,Mumbai Port,Air,2025-08-10,,Delayed,Pending
SHIP01937,PO01937,Chennai Port,Sea,2026-04-27,2026-05-05,Delayed,Delivered
SHIP01938,PO01938,JNPT,Rail,2026-05-05,,On Time,Pending
SHIP01939,PO01939,Delhi ICD,Road,2025-01-15,2025-01-18,On Time,Delivered
SHIP01940,PO01940,Hyderabad DC,Air,2026-04-23,,At Risk,In Transit
SHIP01941,PO01941,Delhi ICD,Air,2025-03-15,2025-03-25,Delayed,Delivered
SHIP01942,PO01942,JNPT,Air,2025-01-24,2025-02-03,On Time,Delivered
SHIP01943,PO01943,Chennai Port,Rail,2026-09-03,2026-09-20,On Time,Delayed
SHIP01944,PO01944,JNPT,Rail,2025-09-27,2025-10-06,On Time,Delivered
SHIP01945,PO01945,Hyderabad DC,Air,2025-08-14,,Delayed,Pending
SHIP01946,PO01946,JNPT,Rail,2026-06-21,2026-07-16,On Time,Delayed
SHIP01947,PO01947,Bengaluru DC,Rail,2026-09-05,2026-09-08,On Time,Delivered
SHIP01948,PO01948,Chennai Port,Rail,2025-09-06,,Delayed,Pending
SHIP01949,PO01949,Chennai Port,Rail,2025-01-06,2025-01-16,On Time,Delivered
SHIP01950,PO01950,Hyderabad DC,Road,2026-03-17,,On Time,Pending
SHIP01951,PO01951,Delhi ICD,Road,2025-09-07,2025-09-27,On Time,Delayed
SHIP01952,PO01952,Pune DC,Road,2026-01-09,2026-01-11,On Time,Delivered
SHIP01953,PO01953,Pune DC,Sea,2025-08-19,2025-08-23,On Time,Delivered
SHIP01954,PO01954,Pune DC,Air,2026-08-04,2026-08-10,Delayed,Delivered
SHIP01955,PO01955,Delhi ICD,Sea,2026-03-23,,On Time,Pending
SHIP01956,PO01956,Hyderabad DC,Road,2026-04-25,2026-05-01,On Time,Delivered
SHIP01957,PO01957,Mumbai Port,Road,2026-08-01,,On Time,In Transit
SHIP01958,PO01958,Bengaluru DC,Rail,2025-01-15,2025-01-20,On Time,Delivered
SHIP01959,PO01959,Mumbai Port,Rail,2025-11-19,2025-12-04,On Time,Delayed
SHIP01960,PO01960,Chennai Port,Road,2025-01-15,,At Risk,In Transit
SHIP01961,PO01961,Mumbai Port,Air,2026-02-15,2026-02-27,On Time,Delivered
SHIP01962,PO01962,Hyderabad DC,Sea,2026-08-16,2026-08-28,Delayed,Delivered
SHIP01963,PO01963,Pune DC,Rail,2026-05-19,2026-05-27,On Time,Delivered
SHIP01964,PO01964,Hyderabad DC,Air,2025-02-03,,On Time,In Transit
SHIP01965,PO01965,JNPT,Rail,2025-05-25,2025-06-03,On Time,Delivered
SHIP01966,PO01966,Hyderabad DC,Rail,2025-03-07,2025-03-15,Delayed,Delivered
SHIP01967,PO01967,Pune DC,Sea,2025-01-29,2025-02-03,On Time,Delivered
SHIP01968,PO01968,Bengaluru DC,Air,2026-09-04,,On Time,Pending
SHIP01969,PO01969,Delhi ICD,Rail,2026-03-05,,At Risk,Pending
SHIP01970,PO01970,Delhi ICD,Air,2026-06-10,2026-06-17,On Time,Delivered
SHIP01971,PO01971,Chennai Port,Sea,2025-10-22,2025-10-26,On Time,Delivered
SHIP01972,PO01972,Chennai Port,Road,2025-01-11,2025-01-20,On Time,Delivered
SHIP01973,PO01973,Bengaluru DC,Air,2026-08-17,2026-08-23,On Time,Delivered
SHIP01974,PO01974,Pune DC,Road,2025-04-04,2025-04-30,On Time,Delayed
SHIP01975,PO01975,Chennai Port,Road,2025-01-27,2025-02-06,At Risk,Delivered
SHIP01976,PO01976,Bengaluru DC,Rail,2025-04-02,,On Time,In Transit
SHIP01977,PO01977,Delhi ICD,Rail,2025-07-27,2025-07-31,On Time,Delivered
SHIP01978,PO01978,Pune DC,Sea,2025-10-26,2025-11-10,On Time,Delayed
SHIP01979,PO01979,Pune DC,Rail,2025-07-17,2025-07-24,On Time,Delivered
SHIP01980,PO01980,Bengaluru DC,Road,2026-04-03,2026-04-12,On Time,Delivered
SHIP01981,PO01981,Hyderabad DC,Rail,2026-06-25,2026-07-19,On Time,Delayed
SHIP01982,PO01982,Mumbai Port,Air,2026-02-02,2026-02-13,On Time,Delivered
SHIP01983,PO01983,Hyderabad DC,Air,2025-12-25,2026-01-02,On Time,Delivered
SHIP01984,PO01984,Mumbai Port,Air,2026-06-01,,On Time,Cancelled
SHIP01985,PO01985,Delhi ICD,Sea,2025-09-28,,Delayed,In Transit
SHIP01986,PO01986,Hyderabad DC,Air,2025-07-15,2025-07-23,On Time,Delivered
SHIP01987,PO01987,Pune DC,Road,2026-02-01,,On Time,In Transit
SHIP01988,PO01988,Delhi ICD,Sea,2026-01-07,2026-01-10,On Time,Delivered
SHIP01989,PO01989,Hyderabad DC,Road,2025-04-21,2025-05-17,On Time,Delayed
SHIP01990,PO01990,Delhi ICD,Air,2025-01-31,2025-02-10,On Time,Delivered
SHIP01991,PO01991,Mumbai Port,Sea,2026-02-14,2026-02-22,Delayed,Delivered
SHIP01992,PO01992,Delhi ICD,Sea,2026-05-16,,Delayed,Pending
SHIP01993,PO01993,Chennai Port,Rail,2025-08-31,,On Time,In Transit
SHIP01994,PO01994,Hyderabad DC,Road,2026-08-17,2026-08-23,On Time,Delivered
SHIP01995,PO01995,Mumbai Port,Rail,2025-11-13,2025-11-27,On Time,Delayed
SHIP01996,PO01996,Mumbai Port,Air,2025-06-04,2025-06-07,On Time,Delivered
SHIP01997,PO01997,Chennai Port,Road,2025-04-15,2025-04-25,On Time,Delivered
SHIP01998,PO01998,Mumbai Port,Air,2025-06-23,2025-07-01,Delayed,Delivered
SHIP01999,PO01999,Chennai Port,Air,2025-11-15,,At Risk,In Transit
SHIP02000,PO02000,Mumbai Port,Sea,2025-09-18,2025-09-23,On Time,Delivered
