PO_ID,Supplier_ID,Raw_Material_ID,Order_Date,Order_Quantity,Unit_Cost,Delivery_Date_Planned,Delivery_Date_Actual,Total_Cost
PO001301,SUP00093,PROD00122,2022-06-22,8,45.51182284274408,2024-01-05,2021-12-12,350.4560048527608
PO001547,SUP00082,PROD00016,2024-01-27,5,47.46063072507873,2023-04-25,2024-04-24,135.76755354565705
PO000653,SUP00090,PROD00137,2022-12-21,10,43.0415666465029,2023-09-12,2024-03-24,378.0504887061767
PO001837,SUP00012,PROD00060,2023-09-18,15,50.151331923513546,2022-06-06,2023-09-07,742.5327329788598
PO001467,SUP00070,PROD00181,2021-01-28,14,24.5314192675955,2023-06-21,2024-04-01,413.06341002440416
PO001610,SUP00040,PROD00180,2024-02-06,13,60.6407082542093,2021-06-15,2023-05-24,687.6061882324396
PO001442,SUP00066,PROD00035,2021-08-27,10,21.24422780386938,2022-01-20,2021-07-16,176.94967773937168
PO000717,SUP00065,PROD00098,2023-01-17,16,44.1779153043547,2023-12-03,2023-01-05,657.9381811060497
PO000567,SUP00089,PROD00129,2021-12-02,10,55.370769953250885,2021-03-02,2023-06-10,585.5710108644467
PO000846,SUP00026,PROD00036,2021-07-17,11,25.970261021825152,2022-11-12,2023-08-23,323.4433867284841
PO000195,SUP00047,PROD00129,2024-04-03,7,6.746781425454088,2023-04-01,2021-04-06,40.20821919871697
PO000903,SUP00006,PROD00136,2023-10-07,14,51.53998131092437,2023-06-15,2022-01-01,742.9759034470615
PO000087,SUP00031,PROD00059,2024-01-15,9,57.39199637764379,2023-06-09,2024-03-05,416.7478910479288
PO000008,SUP00061,PROD00041,2022-03-19,12,15.782297567155386,2023-04-11,2023-12-28,251.89219179976809
PO001863,SUP00087,PROD00101,2021-11-25,12,55.17470743158025,2021-11-06,2023-01-18,662.5901786711972
PO001379,SUP00099,PROD00054,2024-04-09,13,24.698008391170816,2021-02-04,2021-03-08,363.8389878744833
PO001124,SUP00018,PROD00103,2022-10-23,10,22.905863805008654,2022-10-09,2022-06-18,235.69123683487106
PO000683,SUP00038,PROD00057,2023-12-31,6,45.85680179079012,2023-07-15,2021-02-23,226.71684826377762
PO001142,SUP00031,PROD00118,2023-05-15,10,61.41891259409793,2022-08-13,2023-11-03,567.0860776701553
PO001784,SUP00055,PROD00117,2023-08-16,6,14.785205571151236,2022-01-29,2021-06-28,94.41712035867334
PO001305,SUP00030,PROD00082,2022-05-31,12,75.82377210048688,2021-06-22,2023-07-27,980.4866181001023
PO001205,SUP00019,PROD00135,2023-11-14,12,16.75078141491211,2021-09-08,2023-01-17,275.03016474984605
PO000921,SUP00047,PROD00090,2023-11-26,10,53.889494580290716,2024-01-29,2024-05-02,572.3166687308744
PO000692,SUP00090,PROD00017,2023-02-22,8,64.18315228031497,2024-01-08,2024-03-23,429.03703127982186
PO001398,SUP00099,PROD00054,2022-04-30,14,57.588684189174245,2022-09-20,2024-03-12,739.363777487155
PO001962,SUP00022,PROD00175,2022-03-07,9,29.118743268013297,2023-08-24,2021-12-13,228.74749518110855
PO000850,SUP00019,PROD00041,2022-12-26,9,28.237908920172835,2022-06-15,2023-04-24,252.22728156682447
PO000785,SUP00013,PROD00141,2023-03-30,11,62.676069064245176,2021-05-01,2024-01-17,635.174052785009
PO000857,SUP00060,PROD00151,2023-04-05,14,64.69155011579527,2022-11-08,2022-05-26,798.9499348559092
PO000852,SUP00005,PROD00044,2022-01-19,12,33.224364083794505,2022-02-23,2023-07-15,429.068084155393
PO001982,SUP00076,PROD00092,2023-07-26,10,27.176893976739084,2021-12-20,2022-04-08,220.1522048055135
PO001414,SUP00074,PROD00058,2021-03-06,7,66.84901408522441,2023-02-28,2024-03-06,382.7871623126118
PO000719,SUP00065,PROD00131,2021-12-05,10,75.39915962709912,2023-11-01,2024-02-16,872.6875923349711
PO000744,SUP00060,PROD00070,2023-07-26,11,63.62640044177552,2023-03-18,2023-06-11,770.0906011398924
PO000862,SUP00099,PROD00116,2022-02-07,14,44.67986506465927,2021-09-03,2024-03-12,504.5586084625913
PO000074,SUP00082,PROD00042,2023-05-07,9,59.3010038034116,2022-05-29,2022-12-08,472.1318940881016
PO001056,SUP00053,PROD00142,2023-08-19,5,41.80620759056735,2023-08-24,2023-11-13,200.03034453405851
PO001623,SUP00040,PROD00039,2022-06-05,9,48.206107324529206,2021-03-31,2023-10-14,291.73924016461905
PO001322,SUP00080,PROD00037,2021-10-05,9,46.38456596644072,2023-08-01,2021-05-31,397.84703182352587
PO000397,SUP00046,PROD00098,2023-01-01,16,21.71670460225412,2022-10-17,2022-03-06,401.6506808150306
PO001457,SUP00007,PROD00058,2021-08-04,13,63.09938999028755,2022-03-30,2023-10-25,767.9883698390179
PO001439,SUP00037,PROD00027,2021-02-27,11,7.041106753762561,2022-11-14,2023-06-18,103.57636502290894
PO000526,SUP00054,PROD00036,2024-01-13,6,22.210120390485326,2022-03-01,2021-08-14,80.56498539855768
PO001246,SUP00026,PROD00040,2022-03-03,11,70.10599850192976,2021-09-12,2023-07-07,692.3187434186497
PO001222,SUP00064,PROD00044,2023-09-20,10,32.3084105803135,2023-11-30,2021-03-06,196.16499243241515
PO001680,SUP00030,PROD00197,2021-02-14,13,59.945552444144184,2023-07-11,2024-01-09,792.6433387947376
PO000273,SUP00001,PROD00038,2022-10-07,17,3.0652616541890225,2023-07-31,2021-05-10,54.71406085425749
PO000390,SUP00039,PROD00133,2022-01-14,6,77.03132894034577,2021-11-27,2023-09-13,757.17756794233
PO000972,SUP00007,PROD00009,2021-07-09,11,66.70087444305665,2023-05-29,2022-09-26,683.1851687163559
PO000089,SUP00009,PROD00016,2023-02-18,14,30.990988003443785,2022-07-10,2021-05-27,474.5018441738848
PO000832,SUP00066,PROD00122,2022-03-03,8,62.542680436756385,2022-09-20,2021-03-02,397.52729107077994
PO001577,SUP00074,PROD00188,2022-03-03,11,49.954641652329116,2022-03-15,2023-07-30,671.0803731806973
PO000298,SUP00031,PROD00140,2024-03-14,14,27.068534271584525,2021-08-29,2022-04-27,364.60962020467804
PO000920,SUP00077,PROD00028,2021-02-06,10,75.30630066107798,2022-08-14,2024-04-22,780.8693460715671
PO001980,SUP00090,PROD00176,2023-10-24,6,7.11626017403268,2023-12-15,2023-04-10,47.90107852749295
PO001012,SUP00080,PROD00067,2022-11-22,15,51.89063974662518,2022-05-21,2023-09-07,743.0203814699371
PO000997,SUP00057,PROD00049,2022-06-20,11,48.70170119643151,2022-10-26,2024-03-11,437.57784422635234
PO001118,SUP00082,PROD00182,2022-10-23,9,40.55353470808348,2024-03-20,2021-08-05,247.88781260137654
PO000373,SUP00013,PROD00136,2021-07-08,13,64.54042019887049,2023-11-25,2021-11-25,906.9392536653677
PO000295,SUP00020,PROD00046,2023-07-07,10,38.66314878456269,2023-09-13,2021-02-12,379.1682141304152
PO001355,SUP00037,PROD00043,2022-04-15,10,12.412848194065486,2023-09-06,2024-01-06,97.45221813052153
PO000792,SUP00046,PROD00156,2023-08-25,10,10.186647357894243,2022-06-16,2023-08-16,173.7503134841577
PO000580,SUP00023,PROD00023,2023-02-21,8,56.546550840878986,2023-09-07,2023-08-31,308.5823203471293
PO000063,SUP00071,PROD00084,2023-07-26,14,3.894188193404665,2021-03-02,2022-03-08,71.23303935194942
PO001693,SUP00022,PROD00022,2022-05-26,16,35.77580523929224,2022-07-09,2021-02-06,508.7072033102103
PO000065,SUP00058,PROD00016,2022-01-08,14,56.78983688462322,2023-04-29,2021-10-03,719.703579544332
PO001500,SUP00047,PROD00060,2022-06-22,10,43.322491973724944,2021-03-16,2023-09-20,429.0646722107364
PO000764,SUP00030,PROD00016,2022-04-14,9,9.999275430570814,2022-12-10,2022-09-29,101.79399306802452
PO001198,SUP00088,PROD00043,2021-12-31,14,77.66608973184641,2024-01-18,2021-02-06,1066.6264943947644
PO000496,SUP00061,PROD00147,2022-07-12,10,74.88006403899362,2023-11-11,2022-11-13,805.416588124778
PO000311,SUP00059,PROD00103,2023-08-16,6,35.125531285497026,2021-08-17,2023-01-03,172.9060642229318
PO001067,SUP00001,PROD00079,2021-04-26,10,55.01353961005245,2023-11-29,2022-08-07,629.7243075554312
PO001392,SUP00065,PROD00016,2022-11-01,14,14.544379866155255,2023-12-08,2022-03-20,258.6923082548667
PO000391,SUP00054,PROD00137,2024-02-29,11,60.5089812110199,2023-05-02,2022-08-08,677.8942236502273
PO000873,SUP00029,PROD00184,2024-03-05,8,51.46939256810984,2023-04-10,2024-02-03,369.5964236977945
PO000890,SUP00017,PROD00186,2023-01-16,18,7.779863744803041,2024-01-26,2024-02-17,420.5794956507956
PO000432,SUP00016,PROD00114,2022-05-16,11,67.91156687410356,2023-04-21,2023-02-28,659.0124936280087
PO001131,SUP00095,PROD00153,2023-06-11,12,49.48785506282738,2023-06-09,2021-03-17,684.255380968787
PO000292,SUP00072,PROD00147,2023-10-08,10,70.93874208055281,2021-05-13,2021-08-09,578.1241114145171
PO001020,SUP00003,PROD00076,2023-03-04,8,60.25512376160865,2024-02-13,2021-03-28,443.81913957738277
PO000227,SUP00035,PROD00159,2024-03-02,12,67.23307979361043,2021-02-19,2023-03-12,654.5739036141255
PO000972,SUP00042,PROD00109,2021-02-27,20,55.39376900113559,2023-04-10,2023-11-10,856.9425981055133
PO000624,SUP00098,PROD00165,2022-01-01,18,36.871755798136306,2022-11-05,2022-05-10,902.9393870741325
PO000905,SUP00081,PROD00069,2023-08-08,11,70.55588911809883,2022-07-24,2021-05-02,818.1809737760366
PO000868,SUP00024,PROD00022,2023-08-11,6,14.526104901034456,2024-01-09,2021-10-26,64.84251064370838
PO001816,SUP00038,PROD00120,2021-12-19,11,18.5577201659347,2022-10-17,2022-07-24,195.97791212176185
PO000980,SUP00090,PROD00104,2023-03-28,7,62.033510278334816,2024-01-30,2023-10-27,445.94084657593766
PO001637,SUP00072,PROD00091,2023-12-31,12,47.683677561245176,2021-12-22,2023-09-19,484.96142284002923
PO000452,SUP00088,PROD00020,2023-09-10,13,17.58216610932517,2021-01-29,2021-09-25,284.53118633094135
PO000705,SUP00076,PROD00170,2023-10-01,10,31.650734993526395,2021-02-10,2023-06-12,312.4447005495308
PO000151,SUP00015,PROD00006,2021-11-06,13,55.79889384884422,2022-10-11,2023-04-14,673.9732763148546
PO000842,SUP00007,PROD00031,2022-11-15,12,3.3520074735094694,2023-12-10,2022-09-03,47.870750474078896
PO001338,SUP00066,PROD00100,2022-05-30,9,68.09375165795326,2022-03-24,2024-04-03,729.6367796652702
PO001677,SUP00030,PROD00022,2023-04-21,12,33.62826714784334,2023-12-31,2024-04-01,278.91246720490113
PO001132,SUP00037,PROD00163,2023-03-01,11,17.112207121316374,2023-07-30,2021-01-17,147.4564290172381
PO001281,SUP00092,PROD00125,2023-12-23,12,50.58984393724212,2021-03-04,2022-03-27,582.249044008906
PO000355,SUP00062,PROD00016,2024-03-02,11,51.6969788257354,2022-04-01,2022-05-06,509.0141091733759
PO000075,SUP00004,PROD00128,2023-03-09,16,26.76634901608728,2021-09-21,2021-04-26,283.1707657242924
PO001584,SUP00037,PROD00091,2022-07-29,12,45.1091325108458,2023-09-09,2021-04-28,513.4180252829331
PO000335,SUP00079,PROD00134,2023-06-16,7,68.65265696038288,2021-07-26,2024-02-14,552.4867152213018
PO000183,SUP00027,PROD00077,2023-11-24,5,16.551829223183187,2023-11-13,2023-01-13,74.2659800806283
PO001876,SUP00098,PROD00037,2023-08-15,11,54.171856508407224,2021-11-15,2023-12-25,484.9197181652047
PO001928,SUP00059,PROD00192,2021-10-28,15,31.49144799944719,2021-01-30,2021-08-30,561.5846938274393
PO001233,SUP00099,PROD00032,2021-04-17,12,4.097076130360792,2021-07-31,2024-02-18,69.97856913624346
PO000758,SUP00092,PROD00086,2023-03-05,10,5.5684088776031375,2023-09-20,2024-03-10,72.85373518741582
PO001667,SUP00099,PROD00059,2023-07-30,12,51.13849571480469,2023-04-11,2021-02-15,487.9290913258046
PO000410,SUP00063,PROD00005,2021-02-18,6,29.27852957485672,2023-01-24,2023-11-26,176.6572093438282
PO000859,SUP00097,PROD00083,2022-03-15,15,29.083662002725603,2022-03-16,2021-07-13,517.9777426841357
PO000715,SUP00028,PROD00041,2024-04-09,11,5.8426791360803385,2023-04-10,2021-08-30,48.40976384797119
PO001826,SUP00019,PROD00079,2022-09-28,8,59.12873050882001,2021-08-16,2023-12-02,411.6592255811954
PO001840,SUP00052,PROD00133,2022-06-16,11,7.680330792615389,2021-12-16,2023-11-03,77.56495318810674
PO001302,SUP00096,PROD00171,2024-01-04,13,67.39089124648748,2021-07-06,2021-12-26,723.2128491703571
PO000222,SUP00082,PROD00195,2022-10-16,12,51.65747352056582,2021-04-24,2024-01-23,707.6309459832022
PO000965,SUP00044,PROD00019,2023-03-16,5,54.79618364212537,2023-07-05,2023-10-09,249.3615728704001
PO000491,SUP00065,PROD00110,2021-03-12,12,29.621361010781445,2022-08-21,2023-05-09,462.7571322441364
PO001770,SUP00037,PROD00078,2023-03-05,12,78.09737257155761,2023-12-22,2022-05-18,1141.097155648992
PO000277,SUP00005,PROD00063,2023-08-21,18,60.634601356752746,2023-04-12,2023-06-25,962.4309548193513
PO000109,SUP00012,PROD00069,2021-02-16,8,25.347673409458768,2021-01-29,2024-01-12,212.01688998167265
PO001409,SUP00079,PROD00040,2021-04-16,10,14.198349042864832,2021-08-01,2023-07-02,150.32479939448027
PO000907,SUP00030,PROD00125,2023-01-16,8,46.93670080684146,2023-07-22,2023-05-19,327.2342095561467
PO001677,SUP00022,PROD00105,2022-01-31,12,37.7781750940731,2023-05-15,2024-04-13,513.7840387815501
PO000150,SUP00036,PROD00180,2022-01-21,12,63.643678729524126,2021-11-03,2022-04-20,825.3232915212076
PO001603,SUP00052,PROD00196,2024-01-06,10,67.20263403435605,2021-04-14,2021-03-06,693.727553926769
PO000075,SUP00097,PROD00059,2021-01-22,9,17.36835492362862,2022-12-15,2023-05-25,226.2073365750731
PO000057,SUP00087,PROD00044,2024-03-09,12,12.511668064504544,2021-07-03,2022-04-24,204.33025789810856
PO000923,SUP00083,PROD00184,2024-03-06,8,6.035526038668333,2022-05-09,2021-06-22,31.850695656745316
PO000443,SUP00098,PROD00123,2022-03-28,7,11.98657292679901,2021-09-05,2023-05-15,77.39785453994988
PO001188,SUP00047,PROD00003,2022-08-11,5,32.29223522861418,2023-09-13,2023-09-01,87.39445984514975
PO000052,SUP00049,PROD00139,2023-07-04,11,76.67144610781001,2021-12-09,2021-10-19,966.7106352785871
PO000071,SUP00003,PROD00151,2022-03-05,11,29.142093974777104,2022-11-12,2021-08-12,224.87972461739898
PO001455,SUP00037,PROD00026,2021-06-01,15,78.22125153343768,2023-01-23,2024-03-28,1189.7754942224362
PO000421,SUP00058,PROD00101,2023-06-12,12,21.237421344798726,2022-07-19,2023-10-07,286.3650598173663
PO001313,SUP00032,PROD00009,2022-07-14,10,18.674505758376135,2021-08-07,2022-08-03,224.86466686280278
PO001500,SUP00007,PROD00098,2021-06-18,11,60.37892458415535,2023-01-16,2024-01-25,680.7380318219783
PO000119,SUP00095,PROD00081,2024-02-25,9,24.74642546729893,2021-07-01,2022-03-16,209.72811430427936
PO001540,SUP00073,PROD00072,2024-01-29,11,47.855286704611444,2023-06-11,2023-11-10,546.6569686470929
PO000537,SUP00013,PROD00004,2022-01-19,10,79.3783360958869,2022-01-21,2022-07-16,1020.5943999965457
PO000780,SUP00099,PROD00172,2021-05-11,12,79.01637506872565,2023-03-25,2021-08-05,1234.9797298654353
PO000174,SUP00040,PROD00082,2023-02-22,12,43.4542413360837,2023-02-10,2022-06-24,562.1347894337599
PO001678,SUP00015,PROD00177,2022-10-23,9,10.913885307714677,2021-12-25,2021-04-22,126.12362551911315
PO001122,SUP00027,PROD00151,2021-04-16,9,52.55870425986057,2022-03-30,2024-01-26,369.96318545385094
PO001010,SUP00046,PROD00171,2022-12-02,10,76.7904688107875,2022-11-08,2021-06-15,894.6708147766429
PO001938,SUP00091,PROD00017,2022-05-11,15,10.190744439533043,2021-12-30,2023-03-28,166.2844729774493
PO000670,SUP00087,PROD00148,2022-05-27,7,44.11975367305826,2021-11-04,2023-07-02,314.65742837500534
PO001782,SUP00082,PROD00169,2021-02-17,6,63.80208061228658,2022-04-10,2022-03-02,497.33888149329727
PO001440,SUP00032,PROD00133,2022-11-26,10,64.69142240369602,2023-02-26,2021-02-14,580.3241110948679
PO001858,SUP00081,PROD00112,2023-09-16,13,53.57328901060981,2021-12-08,2023-06-11,642.8105035209221
PO001816,SUP00068,PROD00004,2021-08-10,11,24.95413894827891,2023-12-15,2021-09-28,371.26458596362096
PO001983,SUP00075,PROD00036,2022-12-28,7,63.968326409581245,2021-08-24,2021-05-14,577.4381267961262
PO000264,SUP00019,PROD00137,2023-09-30,15,33.937435792964216,2021-07-12,2021-07-11,550.1670502015143
PO001593,SUP00054,PROD00153,2021-04-14,12,33.82468439233432,2023-06-19,2021-09-25,547.5635803883541
PO001609,SUP00033,PROD00109,2022-12-16,8,5.092913853291411,2021-02-07,2023-03-19,46.42711360323379
PO001289,SUP00085,PROD00105,2024-01-29,7,24.691867289536482,2022-03-14,2023-08-14,150.11868972900942
PO000558,SUP00075,PROD00027,2021-04-16,12,41.424664256911015,2023-05-17,2023-10-05,392.01814034685754
PO001931,SUP00087,PROD00094,2023-08-09,7,79.34254540539786,2023-02-14,2022-07-03,896.5825039577646
PO000409,SUP00086,PROD00006,2021-01-09,10,51.64671951075809,2023-11-28,2023-02-15,665.9227726076145
PO001000,SUP00099,PROD00012,2023-09-05,7,25.287403178800194,2021-02-20,2021-09-07,144.538470831371
PO001043,SUP00031,PROD00142,2024-03-29,11,55.03016748653874,2024-01-16,2023-03-12,564.9721816107215
PO000324,SUP00067,PROD00074,2022-07-25,9,26.932025917714032,2022-07-03,2023-11-23,273.1151042695719
PO001446,SUP00053,PROD00127,2023-06-30,12,61.336960110319716,2022-06-13,2021-07-14,901.5908222494965
PO000178,SUP00039,PROD00003,2021-10-24,15,18.34379406462288,2021-04-22,2022-03-10,358.898027998297
PO001387,SUP00019,PROD00113,2022-02-20,10,28.02389557895693,2022-01-17,2022-09-18,246.47998363115508
PO001698,SUP00030,PROD00038,2023-02-08,14,57.843651400970806,2023-03-31,2023-10-14,661.8399661780697
PO000699,SUP00037,PROD00046,2023-09-30,13,13.722763287435374,2024-02-13,2023-01-18,242.467596603968
PO001419,SUP00094,PROD00169,2021-07-13,13,44.63761057682222,2022-04-10,2022-01-03,505.47183525859964
PO000314,SUP00076,PROD00152,2021-12-27,5,43.03963780293655,2022-08-16,2022-09-25,160.59255462295235
PO001692,SUP00017,PROD00136,2022-04-23,9,79.00534636866409,2022-12-27,2022-12-14,1146.2676713598528
PO001905,SUP00080,PROD00012,2021-09-08,8,32.25984950411496,2021-07-19,2023-11-25,143.05800914809177
PO000306,SUP00017,PROD00106,2023-04-26,13,79.46941741433152,2023-05-13,2024-01-30,1543.4128253174265
PO001384,SUP00090,PROD00108,2022-04-14,9,36.12810215316844,2021-08-23,2022-09-17,301.37336678932843
PO001012,SUP00018,PROD00123,2022-10-19,12,74.82599276349299,2021-07-11,2022-06-15,937.8650875636979
PO001063,SUP00072,PROD00036,2023-09-27,13,32.110256932369104,2021-05-01,2021-09-07,464.91678175437244
PO001413,SUP00006,PROD00113,2023-03-20,8,30.668037733640368,2021-09-18,2024-03-29,254.8064125257183
PO000978,SUP00020,PROD00030,2023-02-20,6,16.998588226295013,2023-05-15,2023-11-23,66.18581563502806
PO001201,SUP00058,PROD00060,2021-03-11,8,11.593966993680533,2022-07-30,2022-07-28,125.88456784361327
PO000462,SUP00025,PROD00179,2022-01-11,16,33.1647112732112,2022-04-02,2024-05-02,580.0237033551152
PO000758,SUP00060,PROD00001,2022-06-19,15,17.52996925047141,2023-03-26,2023-05-20,329.14739719192227
PO001731,SUP00059,PROD00044,2024-04-03,11,66.88450633527441,2022-02-28,2021-03-18,753.2396735445881
PO000220,SUP00079,PROD00027,2021-04-20,15,70.32001609012708,2021-02-27,2022-12-26,915.6754094111653
PO001196,SUP00050,PROD00044,2023-11-08,4,46.306224553732186,2023-03-18,2023-11-03,110.95336183942663
PO000369,SUP00031,PROD00016,2022-06-03,11,77.22804512886628,2022-12-30,2023-12-24,984.713803128176
PO001694,SUP00042,PROD00128,2021-05-31,10,50.54108885580631,2021-02-09,2022-03-28,472.2122249760822
PO001159,SUP00065,PROD00021,2023-08-09,8,47.75765039751879,2022-12-27,2022-03-08,379.2961115711498
PO000807,SUP00064,PROD00057,2021-06-30,11,18.926984542481716,2021-06-12,2023-01-30,248.15349021931365
PO000500,SUP00073,PROD00171,2023-11-24,17,12.812991163805028,2023-07-29,2021-07-12,328.53112200495264
PO000874,SUP00052,PROD00192,2023-01-22,9,61.154513509665215,2021-03-28,2024-03-23,476.97435237918086
PO001916,SUP00071,PROD00004,2022-09-25,10,74.86891788389666,2023-08-15,2021-12-17,824.2873937005156
PO001019,SUP00005,PROD00157,2021-09-09,11,34.62072317614728,2021-08-01,2021-02-03,289.4241434069479
PO000939,SUP00013,PROD00016,2021-08-06,12,13.754161593761303,2022-08-16,2022-10-07,174.34670421018865
PO001493,SUP00031,PROD00151,2022-01-14,13,51.273008445183216,2022-07-05,2021-06-06,662.0233815010297
PO000759,SUP00019,PROD00086,2023-11-06,13,72.50073757554819,2023-11-23,2023-07-12,910.9846515033697
PO000855,SUP00012,PROD00003,2022-06-18,13,64.19481228101692,2021-07-01,2024-04-01,678.4668500689443
PO000674,SUP00015,PROD00086,2022-05-16,13,6.358749578041558,2024-03-29,2022-11-09,96.90887154490161
PO000302,SUP00046,PROD00134,2022-10-13,5,64.55144130012441,2023-01-13,2022-03-02,266.2619703647414
PO001428,SUP00097,PROD00029,2023-11-18,8,59.87497787749122,2024-01-26,2022-09-12,547.9503284750492
PO001747,SUP00027,PROD00064,2022-03-06,6,13.034348557870125,2023-08-09,2023-12-25,42.296256714976266
PO001812,SUP00065,PROD00160,2021-02-07,16,19.2638506587697,2022-03-25,2021-04-30,304.792193466463
PO001762,SUP00030,PROD00161,2022-01-31,17,18.205019769856175,2022-02-19,2022-01-08,288.09989056595094
PO000904,SUP00011,PROD00150,2022-05-19,11,73.3638129473397,2021-03-07,2023-03-15,818.8894196761511
PO000569,SUP00028,PROD00192,2022-01-30,11,23.85812913359699,2023-01-13,2022-10-14,152.68487433494738
PO001276,SUP00040,PROD00078,2021-04-12,8,31.66983556048114,2022-08-04,2022-05-08,306.62585006297013
PO001910,SUP00074,PROD00055,2023-12-14,10,62.421265381043575,2023-07-30,2021-03-28,665.4444782811681
PO001455,SUP00063,PROD00043,2021-01-16,11,22.161508788036663,2023-02-08,2022-04-26,165.25905715006016
PO000990,SUP00080,PROD00022,2022-11-24,7,41.167494489794954,2022-11-21,2021-09-16,266.89253896042015
PO001378,SUP00092,PROD00088,2023-09-22,15,70.12707417251221,2023-03-23,2022-12-27,857.2159506620586
PO001546,SUP00009,PROD00070,2022-12-01,15,62.60940584242724,2021-07-31,2021-08-15,854.5960363134567
PO001839,SUP00045,PROD00174,2023-12-04,16,40.50386640687005,2022-12-22,2021-08-04,614.8058537110959
PO001527,SUP00069,PROD00103,2021-06-09,12,39.88450156516339,2022-09-03,2024-01-09,383.37270541643045
PO000867,SUP00052,PROD00076,2022-03-29,9,38.16796952347315,2023-05-17,2022-05-23,264.8217814861013
PO000548,SUP00041,PROD00009,2021-06-16,7,27.835857243922685,2022-08-23,2024-03-08,70.81892335789647
PO001000,SUP00064,PROD00115,2021-04-26,17,3.396361938350696,2022-08-27,2023-09-22,72.8126728602645
PO000657,SUP00033,PROD00136,2022-07-31,13,77.42666763764753,2022-03-11,2022-09-24,1044.016399468591
PO001886,SUP00039,PROD00116,2022-08-05,8,58.21013917708922,2022-02-22,2023-07-10,505.39793587348305
PO001016,SUP00076,PROD00181,2022-11-24,6,45.88299135826978,2023-04-06,2024-02-19,283.4102030537574
PO000945,SUP00098,PROD00108,2023-11-26,9,5.271251743751549,2022-09-19,2022-12-08,43.72510282507158
PO000697,SUP00027,PROD00031,2022-09-28,13,43.19072206679324,2023-11-19,2021-03-18,395.224297815933
PO001279,SUP00009,PROD00118,2021-06-18,9,36.81068742474486,2023-10-03,2021-11-10,430.9374856586467
PO001041,SUP00083,PROD00021,2023-12-31,17,27.933218648264013,2021-08-31,2021-09-22,430.3612291758765
PO000259,SUP00037,PROD00115,2022-07-20,11,25.552087941581018,2022-05-22,2021-05-13,225.30014623570608
PO001739,SUP00018,PROD00165,2022-05-02,14,22.798404969181494,2024-03-30,2021-05-07,355.4329464950922
PO000719,SUP00057,PROD00044,2022-12-27,14,75.66410280711139,2022-08-27,2021-10-30,941.7694322324563
PO000866,SUP00039,PROD00102,2022-11-23,11,56.089641745831464,2022-04-13,2022-08-05,465.02591340019586
PO000412,SUP00053,PROD00172,2024-03-17,15,72.25155766603986,2021-10-15,2022-03-02,932.132397586157
PO001107,SUP00023,PROD00148,2021-08-16,17,77.47295492441228,2022-08-23,2022-07-03,1298.6531099283084
PO001405,SUP00039,PROD00094,2022-07-07,8,69.94484568869893,2022-10-07,2023-05-23,706.816473935074
PO001763,SUP00058,PROD00128,2021-08-23,18,9.097533806142474,2022-09-07,2023-03-20,332.0872409371571
PO000104,SUP00018,PROD00161,2023-11-03,10,31.177928070317027,2023-01-13,2022-07-19,329.2668368625227
PO001947,SUP00090,PROD00050,2021-01-09,14,14.56432705586828,2021-06-01,2023-06-22,226.92345589853252
PO001408,SUP00046,PROD00006,2021-02-27,10,55.90554105092155,2023-11-23,2022-09-05,599.9864347592387
PO000569,SUP00071,PROD00159,2022-01-04,8,14.201509033235817,2021-10-26,2022-04-17,80.5335057776134
PO000409,SUP00093,PROD00173,2023-11-03,10,33.31604726173972,2022-02-19,2021-08-06,358.96035172087767
PO000593,SUP00049,PROD00043,2023-08-31,12,79.33603112851819,2021-04-09,2021-02-27,1148.8271660890518
PO001752,SUP00028,PROD00014,2021-02-01,11,79.45555852757332,2021-05-01,2022-08-22,1161.0984232021942
PO000583,SUP00054,PROD00200,2022-11-30,15,32.65971762864398,2021-05-12,2022-03-16,477.5275126985737
PO000926,SUP00058,PROD00161,2021-08-24,12,63.54898066513697,2023-10-04,2022-12-15,801.620938359225
PO001412,SUP00100,PROD00140,2022-01-07,10,71.50265281518067,2023-01-28,2021-09-16,762.6413666699705
PO001744,SUP00065,PROD00047,2022-06-26,13,39.463404533929584,2024-02-13,2023-07-12,495.59151913508344
PO001318,SUP00015,PROD00152,2022-09-10,7,37.304246201777524,2022-03-16,2024-01-05,220.925173730213
PO001507,SUP00017,PROD00051,2021-02-21,8,65.05103345059868,2021-12-30,2021-06-28,418.89888524229985
PO000347,SUP00027,PROD00104,2021-03-13,9,31.597587014388456,2021-03-02,2021-07-13,196.7832370799622
PO001755,SUP00099,PROD00133,2021-01-30,15,36.4672987523464,2022-02-25,2024-01-19,369.782438759435
PO000552,SUP00047,PROD00093,2021-09-08,10,75.4272040304616,2024-03-28,2021-03-18,971.4946159633575
PO000257,SUP00093,PROD00168,2023-10-15,13,28.009673746645237,2023-05-06,2022-09-09,292.17860744701767
PO001953,SUP00048,PROD00054,2023-05-27,14,62.43770190886316,2023-03-15,2021-02-21,793.9655621410247
PO000404,SUP00065,PROD00021,2022-06-02,10,29.277434320792235,2023-03-17,2022-09-23,266.9366087539549
PO000274,SUP00030,PROD00140,2022-08-21,13,25.356776131504787,2022-11-10,2022-07-29,396.9247506032121
PO001253,SUP00048,PROD00121,2022-03-07,7,79.13143321464442,2024-03-18,2022-12-20,997.1610041692448
PO000638,SUP00077,PROD00011,2021-03-12,7,30.28168873428122,2022-10-11,2021-05-27,91.20987887730308
PO000267,SUP00042,PROD00043,2023-02-23,13,22.013160414625357,2023-01-07,2021-10-13,462.43431808382036
PO001203,SUP00092,PROD00193,2021-11-09,9,35.87814312698186,2021-09-12,2023-07-27,238.73089924413608
PO001518,SUP00060,PROD00097,2021-10-24,10,48.78978234958312,2024-01-30,2024-01-09,377.0596171713578
PO001587,SUP00018,PROD00037,2024-03-02,13,3.2420031223547463,2021-02-20,2022-07-18,56.203115968067536
PO000312,SUP00053,PROD00007,2022-02-05,15,52.64550861418987,2022-08-07,2021-11-18,756.4508919063002
PO001114,SUP00057,PROD00119,2023-01-08,14,15.059049523185688,2023-07-29,2024-03-26,309.97318013572334
PO001628,SUP00064,PROD00179,2023-11-16,12,15.665279861381356,2021-02-03,2021-02-12,224.86904253938687
PO000323,SUP00040,PROD00053,2024-01-12,14,75.66390284272433,2023-04-06,2022-10-29,989.1456660557948
PO000416,SUP00027,PROD00111,2023-04-19,18,47.699997811358905,2023-12-27,2023-05-23,914.9092867201078
PO000005,SUP00013,PROD00113,2022-02-04,9,8.768525176654821,2022-02-12,2021-08-06,122.22939292529935
PO001050,SUP00028,PROD00144,2023-11-08,12,42.75642300773017,2021-09-12,2022-08-28,375.3992911153311
PO000390,SUP00036,PROD00023,2022-09-20,11,34.575971936919316,2021-04-06,2022-09-23,256.3209124189605
PO001449,SUP00012,PROD00177,2022-10-13,10,38.99669700266661,2022-07-08,2021-08-28,512.7381918070105
PO001925,SUP00052,PROD00170,2021-03-31,10,18.80597570641667,2021-08-29,2022-11-03,184.82595603007965
PO000418,SUP00010,PROD00072,2023-05-16,10,47.160383923590864,2024-01-01,2024-02-18,368.3913287100299
PO001299,SUP00045,PROD00193,2021-09-30,9,58.15396399282309,2023-11-26,2021-09-26,411.3793703927139
PO000424,SUP00033,PROD00070,2022-07-06,12,29.147305103492673,2023-08-19,2022-04-05,217.8032514596346
PO000037,SUP00019,PROD00113,2023-03-12,14,28.485312109649286,2022-05-20,2023-11-19,508.36452207080816
PO001518,SUP00100,PROD00152,2022-09-08,10,18.651770892748015,2021-07-06,2022-03-10,133.96109157648695
PO000869,SUP00071,PROD00169,2023-06-27,13,62.07510342961916,2023-05-17,2023-10-23,795.3164992571869
PO001894,SUP00021,PROD00200,2023-02-28,12,7.013752217546343,2021-12-03,2023-09-17,105.43915331039999
PO001069,SUP00070,PROD00134,2023-07-08,12,71.56478576451943,2021-07-11,2021-09-21,836.8855382784135
PO000315,SUP00012,PROD00063,2021-10-03,9,53.632873664855914,2022-07-12,2023-05-20,497.23737742073155
PO000900,SUP00079,PROD00009,2022-06-23,10,60.586122897406675,2021-06-25,2023-01-15,604.4365338043003
PO000406,SUP00078,PROD00013,2024-02-02,12,48.3517799607429,2023-04-17,2021-01-28,568.0439973497816
PO001757,SUP00023,PROD00161,2023-06-23,11,68.45712230129706,2023-07-05,2023-03-12,853.6466454383616
PO001382,SUP00070,PROD00159,2022-03-20,7,78.81040793122388,2022-02-02,2022-07-24,735.136159797213
PO000683,SUP00085,PROD00183,2022-03-08,11,41.4421770792452,2021-09-01,2023-08-12,399.7848620315467
PO001056,SUP00043,PROD00151,2023-12-28,3,44.624915003079565,2021-08-25,2023-06-02,122.83845013837438
PO001339,SUP00024,PROD00105,2023-04-26,6,18.640807651552045,2022-06-27,2023-10-18,75.30626172896606
PO001566,SUP00094,PROD00070,2021-02-27,9,69.14743674997302,2022-02-11,2021-05-27,672.2040706549828
PO000161,SUP00087,PROD00047,2024-04-04,15,4.554941861220929,2022-04-12,2024-03-08,88.63837052068877
PO000046,SUP00018,PROD00136,2021-07-11,8,5.0887826989293625,2021-05-07,2021-04-27,68.73456215091537
PO000229,SUP00051,PROD00050,2022-02-04,11,41.79560183730004,2024-03-14,2023-12-12,466.2453451935268
PO000790,SUP00038,PROD00077,2023-02-15,9,3.0652692496441465,2022-04-26,2024-03-28,20.031699746598907
PO000934,SUP00022,PROD00105,2021-03-04,9,23.66147751426955,2024-01-21,2021-04-27,151.24043089433155
PO000273,SUP00013,PROD00142,2022-07-25,10,18.41699226739179,2023-05-23,2021-08-15,181.9532498718255
PO000823,SUP00075,PROD00016,2022-08-02,12,35.433824996814664,2021-11-04,2022-01-11,428.7348933886421
PO000884,SUP00080,PROD00024,2023-08-20,16,74.94281438883242,2023-03-26,2021-04-21,1023.9452096476682
PO000219,SUP00045,PROD00018,2022-03-14,13,72.56224351183913,2023-11-08,2022-12-17,900.8233533418402
PO001834,SUP00034,PROD00174,2021-03-26,15,53.165295826161845,2023-11-29,2021-11-09,604.2899262932649
PO001199,SUP00044,PROD00125,2023-01-06,10,58.85443601456846,2022-10-28,2024-04-28,552.2507304148711
PO000778,SUP00016,PROD00061,2023-12-04,8,45.80293281464651,2022-09-27,2023-01-27,359.32325594407854
PO001014,SUP00058,PROD00132,2024-03-04,6,67.18990146839015,2021-06-13,2021-07-13,322.4517523634071
PO000629,SUP00064,PROD00110,2021-06-26,10,45.61814170945916,2023-02-10,2024-02-06,412.5493958540368
PO001709,SUP00036,PROD00191,2022-01-16,11,36.392340267790686,2022-04-10,2024-03-19,467.9617850083673
PO001151,SUP00027,PROD00182,2023-09-11,9,75.84730311159427,2022-03-16,2023-01-23,747.0079070866293
PO000990,SUP00044,PROD00133,2023-08-12,14,19.958026903092048,2022-04-12,2024-01-22,317.47724583758867
PO001822,SUP00017,PROD00019,2021-01-27,10,79.92663002643057,2024-04-08,2021-08-31,1232.898028099646
PO001676,SUP00095,PROD00145,2023-06-14,10,60.098029306871446,2023-04-06,2021-04-21,611.3561507828559
PO001626,SUP00054,PROD00155,2021-09-12,15,38.61458550653767,2021-05-22,2022-11-27,500.8410886352709
PO000452,SUP00050,PROD00055,2022-08-22,14,61.00482181084069,2021-12-05,2021-08-01,661.939249897807
PO000307,SUP00080,PROD00032,2023-04-12,11,30.782303679981748,2021-03-01,2022-05-13,295.0741483948433
PO001381,SUP00048,PROD00004,2023-07-12,7,10.063648092712818,2021-05-08,2022-09-07,99.87825668989721
PO000938,SUP00033,PROD00013,2023-11-15,8,62.08624622780773,2021-12-18,2022-02-02,495.4442239831552
PO001368,SUP00015,PROD00098,2024-01-16,10,71.98324298565562,2023-10-23,2024-03-28,792.4367768222202
PO001522,SUP00051,PROD00020,2022-07-25,8,32.041016349368206,2022-08-09,2022-06-19,286.0585884677174
PO000591,SUP00079,PROD00180,2022-08-11,13,6.29339828251543,2023-04-29,2022-03-25,143.064455946646
PO000570,SUP00070,PROD00035,2024-03-16,5,31.760845432522615,2022-04-06,2021-11-25,91.5293050770548
PO000982,SUP00098,PROD00059,2021-09-09,12,62.31557276962542,2021-09-03,2023-11-16,705.9591263023128
PO000548,SUP00047,PROD00177,2024-03-27,17,22.46648883916996,2022-05-22,2022-04-05,472.54505377401125
PO001335,SUP00052,PROD00057,2021-04-17,10,33.316096962471676,2021-03-14,2021-07-12,295.1451224681936
PO001494,SUP00005,PROD00170,2023-08-08,12,31.735396735273184,2022-11-30,2022-05-14,466.2554608188817
PO000945,SUP00062,PROD00001,2023-12-27,9,6.738441927321565,2023-07-26,2021-04-07,79.15512618892124
PO001448,SUP00089,PROD00183,2021-05-24,12,66.46442130645718,2022-01-17,2023-06-19,834.6742770105502
PO001021,SUP00024,PROD00007,2022-01-08,10,15.945628731232688,2022-05-22,2021-09-22,210.96928376495623
PO001426,SUP00018,PROD00024,2021-02-20,14,15.240584946328473,2023-04-25,2023-01-13,284.15033013772523
PO000450,SUP00072,PROD00030,2024-02-09,13,55.37040828171435,2022-04-28,2022-04-27,414.134900994535
PO001478,SUP00024,PROD00116,2022-08-23,3,74.6852522479783,2023-11-13,2023-07-20,241.19699711296107
PO001431,SUP00024,PROD00161,2021-02-18,12,27.65280441603891,2021-02-20,2022-08-15,249.30955964984403
PO000534,SUP00043,PROD00147,2022-09-19,16,44.10353555902625,2023-09-02,2022-02-07,654.8408317528806
PO001112,SUP00034,PROD00014,2021-11-20,8,4.6068508017161,2023-04-27,2022-10-20,40.411883437548695
PO001711,SUP00040,PROD00185,2022-08-29,9,9.467985633666263,2024-04-10,2022-12-14,66.60104167706035
PO000500,SUP00099,PROD00056,2023-03-30,11,49.74072584523152,2024-04-09,2022-06-03,396.60778501686184
PO001472,SUP00040,PROD00177,2023-09-20,9,54.885430155759984,2021-09-28,2022-07-22,546.1121345880058
PO001908,SUP00066,PROD00009,2022-07-18,10,45.35480567052978,2021-02-24,2021-05-26,397.62251812790737
PO001733,SUP00011,PROD00014,2024-02-19,12,31.00379582957515,2022-08-14,2024-01-09,315.3206650478943
PO000804,SUP00077,PROD00128,2023-03-18,16,55.155466521876704,2022-11-14,2023-01-05,754.4441020158682
PO001215,SUP00064,PROD00012,2021-06-16,14,67.19560357857483,2022-03-03,2023-08-13,910.3784734735679
PO001984,SUP00054,PROD00049,2023-07-14,14,70.96570828538869,2021-10-07,2024-04-27,954.858075333449
PO001137,SUP00080,PROD00008,2023-07-17,12,28.24473706377427,2024-01-07,2022-11-11,261.7920045010503
PO000231,SUP00085,PROD00007,2022-08-26,10,39.20152550092892,2022-11-12,2023-03-28,299.6806735048376
PO000091,SUP00038,PROD00069,2021-04-18,14,6.972810038604889,2022-05-02,2022-04-14,236.19808480510346
PO001581,SUP00064,PROD00136,2022-12-13,9,13.030019793120609,2023-09-20,2021-07-03,109.00159711667756
PO000848,SUP00077,PROD00138,2021-03-29,10,20.771565053995733,2021-03-19,2024-02-01,212.0832282350501
PO000494,SUP00085,PROD00021,2023-06-02,10,24.24008355829777,2022-10-24,2022-08-14,174.49116904015395
PO000696,SUP00069,PROD00035,2023-02-10,13,44.62207686310183,2021-12-11,2023-11-30,562.4116579214042
PO001515,SUP00075,PROD00030,2023-06-16,12,25.791642938429757,2021-07-29,2023-06-27,303.0657982306836
PO000931,SUP00027,PROD00037,2023-05-02,11,21.904215107382235,2021-03-18,2021-08-09,176.71692644000683
PO001737,SUP00012,PROD00102,2023-07-30,8,17.747608690262933,2022-01-16,2022-06-12,72.4106973691641
PO001470,SUP00018,PROD00193,2024-01-16,9,73.3461900246797,2021-08-09,2023-08-06,766.470096477109
PO001949,SUP00096,PROD00084,2023-05-25,10,51.586560870876696,2021-04-26,2022-08-11,536.7199804817664
PO001778,SUP00043,PROD00093,2022-12-13,11,27.671909779449567,2021-06-09,2022-03-01,329.5270645244375
PO000510,SUP00079,PROD00169,2022-06-03,5,54.39779957550646,2021-10-26,2021-12-26,228.16665280462246
PO001319,SUP00059,PROD00069,2023-08-22,14,77.63030334199253,2021-05-20,2023-06-12,1157.8206589579338
PO000042,SUP00064,PROD00087,2022-10-27,13,8.637217944787416,2023-01-21,2023-09-20,154.83010319178308
PO001983,SUP00086,PROD00093,2021-06-16,13,50.41398953538911,2022-09-12,2021-07-17,568.4223546297243
PO000523,SUP00090,PROD00014,2024-02-02,14,30.57818905114253,2021-05-09,2021-07-13,396.03768348337223
PO001330,SUP00036,PROD00073,2022-01-12,12,16.943382839947628,2023-03-08,2021-07-29,173.9103356329221
PO001699,SUP00046,PROD00150,2022-08-30,11,12.563636920734714,2023-06-19,2022-03-27,166.5987936067681
PO000321,SUP00089,PROD00172,2024-01-21,10,69.50876535430515,2021-04-20,2023-06-17,665.7510022368397
PO001696,SUP00088,PROD00119,2022-06-11,7,39.35877517609855,2022-07-03,2023-10-02,271.7096071500239
PO000025,SUP00041,PROD00127,2022-09-17,12,71.0251225410386,2022-02-25,2022-10-26,831.5012978065347
PO000884,SUP00098,PROD00129,2021-04-15,5,6.452169742325072,2022-11-19,2023-08-09,38.5210805653818
PO000945,SUP00091,PROD00184,2021-08-04,12,31.73781361942639,2024-03-08,2021-04-07,378.0086117974328
PO000749,SUP00056,PROD00116,2023-03-17,10,27.790561921951785,2021-04-22,2024-03-14,333.5790490294065
PO001173,SUP00075,PROD00064,2024-03-03,15,41.2129471126248,2024-02-07,2022-01-01,550.2037710777973
PO001830,SUP00075,PROD00065,2022-08-10,8,55.415868720035995,2022-01-29,2021-04-16,454.1867903503002
PO000654,SUP00016,PROD00037,2022-05-31,9,12.04950977877191,2022-05-25,2021-02-15,87.52053312014812
PO001159,SUP00098,PROD00183,2022-06-01,12,72.14496701893682,2022-02-14,2022-05-21,735.0228738579515
PO001755,SUP00084,PROD00047,2021-08-15,13,57.248871376443496,2023-01-07,2023-12-23,773.8431939941582
PO001546,SUP00033,PROD00064,2023-10-14,6,3.6484733336806325,2023-05-15,2022-08-30,30.186173198570255
PO000082,SUP00085,PROD00112,2021-01-22,10,35.875627445401754,2022-03-13,2021-04-07,360.4331308799846
PO001886,SUP00065,PROD00144,2022-03-10,11,40.50385999461006,2024-02-24,2022-08-12,382.55643427107924
PO000094,SUP00061,PROD00013,2021-08-21,8,77.312582968558,2022-04-01,2022-12-21,904.9899521152499
PO001178,SUP00081,PROD00161,2022-02-28,10,55.85657650611376,2022-04-27,2021-09-06,513.2781026262782
PO001151,SUP00078,PROD00170,2022-11-15,10,21.67253422183917,2021-07-28,2023-09-10,182.11278932680642
PO001573,SUP00021,PROD00074,2022-10-16,14,5.311609648999655,2021-11-30,2024-04-13,130.20746826049742
PO000297,SUP00041,PROD00170,2023-05-16,13,7.728195285104769,2022-01-23,2021-04-23,194.61725013785383
PO000359,SUP00100,PROD00126,2022-01-12,12,17.923718119859576,2022-04-19,2023-03-22,258.8668736679146
PO001505,SUP00022,PROD00195,2023-08-29,15,63.10637991442869,2022-03-10,2023-07-28,739.0894599189129
PO000300,SUP00099,PROD00122,2022-01-01,16,43.00542536734654,2022-06-23,2023-01-21,731.0715527046394
PO000939,SUP00056,PROD00183,2024-03-18,8,14.231188648874042,2023-01-08,2023-08-08,74.76024645773884
PO001464,SUP00007,PROD00137,2023-03-06,11,46.80832376293906,2021-12-31,2023-12-17,505.0634066716044
PO001303,SUP00098,PROD00067,2023-02-21,8,17.691010920929244,2021-06-23,2021-11-15,141.67973240398535
PO000422,SUP00018,PROD00095,2024-04-03,14,60.09493772083129,2022-01-04,2024-03-19,753.1457667656107
PO000608,SUP00015,PROD00150,2021-04-16,11,62.62950249331732,2023-08-15,2023-10-23,679.0134788350259
PO001938,SUP00026,PROD00135,2021-05-24,17,26.067662994776196,2021-02-09,2024-02-20,513.0092009389243
PO000898,SUP00037,PROD00178,2023-06-17,6,72.03633707893387,2021-02-24,2021-06-11,458.171197831737
PO000089,SUP00094,PROD00161,2021-12-14,9,53.33371091385268,2024-04-25,2024-03-10,564.8416621125082
PO000440,SUP00054,PROD00107,2022-06-04,15,29.078949206587225,2021-09-05,2022-04-01,478.30186348746673
PO000685,SUP00035,PROD00035,2022-03-27,11,42.46599310470367,2022-02-22,2021-12-28,401.8140859450955
PO001999,SUP00028,PROD00138,2023-12-14,4,33.54383696005345,2022-04-27,2021-11-06,50.74862370578359
PO000606,SUP00012,PROD00143,2021-01-20,11,53.44137564829641,2021-04-08,2021-03-04,638.8399250944268
PO000053,SUP00042,PROD00067,2021-02-27,9,31.181421390435123,2023-06-19,2024-04-24,312.32832524936964
PO001026,SUP00053,PROD00117,2023-09-30,10,13.966901679467805,2024-01-30,2023-09-01,174.54657279732987
PO000168,SUP00003,PROD00113,2023-04-12,9,40.4011071931524,2022-08-28,2021-10-30,360.61592520409675
PO000549,SUP00071,PROD00184,2022-06-03,10,33.65149389272755,2024-04-26,2023-06-04,434.0605530643152
PO001985,SUP00025,PROD00069,2021-02-09,10,79.85184236850067,2022-05-10,2022-06-06,1199.6186911383868
PO001410,SUP00052,PROD00129,2021-10-24,11,58.02360599527718,2021-09-04,2024-03-02,477.38237065783227
PO000102,SUP00036,PROD00114,2021-11-28,9,67.01812584184825,2021-04-09,2024-01-31,840.4033293766995
PO000898,SUP00097,PROD00162,2021-12-21,7,9.900220775780266,2021-06-06,2023-09-28,58.09778952817364
PO000344,SUP00038,PROD00036,2021-11-21,7,77.44471434318787,2021-05-05,2021-02-27,792.94178651066
PO000246,SUP00015,PROD00092,2021-10-01,12,69.00402062530667,2024-01-09,2021-12-23,706.3201509159293
PO001175,SUP00081,PROD00173,2021-08-16,12,57.463020354814546,2022-10-25,2021-06-09,707.1818753007063
PO001012,SUP00015,PROD00200,2021-03-22,7,45.88215725970822,2023-03-19,2021-03-15,319.31071435906097
PO001486,SUP00082,PROD00130,2022-07-14,14,53.91465615143786,2021-03-26,2023-10-02,706.4102756764233
PO001785,SUP00014,PROD00198,2021-02-21,12,72.84149001249605,2023-07-31,2023-05-18,892.6335640502995
PO000494,SUP00075,PROD00180,2024-02-21,9,23.610522225026788,2022-11-21,2022-06-08,289.2002934385676
PO001846,SUP00017,PROD00162,2021-06-08,9,18.24590741927359,2023-08-09,2023-07-10,173.22378312302075
PO001036,SUP00047,PROD00064,2022-11-02,14,3.4997158794331105,2021-05-18,2023-06-19,46.315539459291436
PO000518,SUP00087,PROD00040,2023-06-14,17,49.995443552600186,2022-07-05,2023-03-17,707.2115840177356
PO001692,SUP00040,PROD00199,2022-03-21,11,73.0959900602439,2023-01-28,2023-12-24,874.2936501392304
PO000072,SUP00032,PROD00144,2023-09-19,9,54.77691858542513,2022-07-29,2022-07-05,420.00671444215834
PO001120,SUP00018,PROD00007,2023-04-24,9,62.368397157102315,2022-12-05,2021-12-28,750.5822974985111
PO001444,SUP00032,PROD00157,2021-06-08,13,24.699583741243302,2022-12-10,2023-08-06,312.5592808144937
PO000560,SUP00024,PROD00120,2021-08-04,10,62.187253387636986,2024-01-10,2024-02-01,375.70375028988235
PO001727,SUP00088,PROD00198,2023-09-17,8,78.98581071246035,2024-04-23,2023-05-24,780.9006215151957
PO000481,SUP00034,PROD00039,2023-06-21,17,55.04320385476456,2023-09-03,2021-10-11,815.8939061837827
PO001680,SUP00064,PROD00053,2022-10-23,10,9.204543217905373,2024-02-13,2022-03-10,122.29429884214026
PO000158,SUP00086,PROD00032,2022-10-03,14,55.410287294335,2023-09-04,2021-12-09,753.3912767890765
PO000320,SUP00051,PROD00049,2024-01-08,13,47.84467710350461,2021-12-05,2022-10-15,648.6449755141426
PO000762,SUP00063,PROD00122,2024-01-27,9,69.47799973957687,2023-09-21,2021-06-28,552.3677155296622
PO001709,SUP00033,PROD00007,2021-06-08,12,38.08397850882618,2024-01-07,2021-06-13,365.96396670005856
PO000290,SUP00097,PROD00165,2022-05-10,12,31.533709699538413,2021-02-17,2021-07-09,430.35401672089756
PO001751,SUP00020,PROD00179,2023-11-15,13,5.430994365797466,2021-06-13,2021-07-10,70.69540767078978
PO000460,SUP00006,PROD00199,2024-03-14,7,9.964675804661768,2022-03-25,2021-04-28,79.91545785128703
PO000906,SUP00020,PROD00091,2023-01-22,10,51.4098094962968,2023-08-20,2023-02-21,329.1880251764959
PO000706,SUP00061,PROD00200,2021-02-17,7,61.895923014628806,2023-06-04,2024-02-23,513.890836790919
PO000237,SUP00050,PROD00176,2021-09-07,7,15.091023873078713,2022-10-08,2022-11-14,85.92878726296792
PO001889,SUP00061,PROD00021,2023-06-03,10,63.81889172094248,2024-04-17,2023-06-05,708.4442117183004
PO000877,SUP00054,PROD00028,2021-07-13,16,22.16817824547308,2021-04-27,2021-12-15,411.2804035620419
PO001381,SUP00037,PROD00138,2021-05-13,10,15.127423960386542,2022-09-21,2022-04-21,176.8974681916328
PO001151,SUP00076,PROD00183,2021-07-12,11,54.10299679399071,2022-04-28,2023-03-19,567.1162269499309
PO001004,SUP00068,PROD00088,2022-05-29,14,52.93758980252587,2022-03-11,2021-03-17,735.1019635695965
PO001234,SUP00042,PROD00166,2023-06-05,15,9.898991203004265,2023-03-24,2021-07-25,295.1423540488793
PO001797,SUP00064,PROD00121,2022-09-26,13,48.728837218532746,2022-10-25,2021-05-10,521.4440942824441
PO001399,SUP00074,PROD00012,2021-06-23,9,44.3170974378812,2022-05-28,2023-05-12,474.5869884585121
PO001065,SUP00079,PROD00156,2023-04-17,10,31.360608065443454,2024-03-31,2023-08-09,350.8103709095143
PO001291,SUP00069,PROD00105,2022-12-28,8,79.73412498974213,2023-11-14,2022-09-25,1188.623374327742
PO001213,SUP00046,PROD00163,2023-02-18,12,41.61969674814144,2021-12-10,2022-04-02,351.0711792812492
PO000867,SUP00081,PROD00051,2022-11-27,17,15.786660111388224,2023-05-31,2022-11-20,466.14727709200224
PO001250,SUP00041,PROD00115,2021-05-24,9,44.76201227735501,2023-06-24,2023-08-31,350.7590570505061
PO000888,SUP00080,PROD00064,2022-06-26,15,76.23170763490711,2022-06-06,2022-03-16,1173.3377787488882
PO001516,SUP00082,PROD00182,2023-01-15,11,77.10353396985357,2024-04-24,2022-09-17,894.6553019006519
PO001938,SUP00026,PROD00084,2022-08-11,13,68.22345198015417,2022-11-18,2021-03-16,674.1837548619734
PO001920,SUP00098,PROD00013,2023-08-21,12,18.30497578934336,2024-01-11,2022-05-08,236.78521327799908
PO001642,SUP00093,PROD00173,2021-07-18,11,79.3820856839971,2022-06-14,2022-10-07,1303.4387086833742
PO001204,SUP00011,PROD00060,2022-03-20,14,79.7379143105388,2023-11-11,2021-11-13,1305.4748993492838
PO001499,SUP00060,PROD00113,2023-04-22,8,28.454656959473095,2024-02-12,2021-04-28,209.4424365641202
PO000357,SUP00075,PROD00009,2022-06-20,16,10.598107583875938,2021-02-20,2023-06-27,252.06831440814966
PO000959,SUP00001,PROD00138,2024-01-09,6,48.07002799213101,2022-10-16,2022-09-19,344.6329033720977
PO000515,SUP00011,PROD00140,2021-04-07,10,65.87499607663928,2021-09-07,2022-03-06,691.3799441438057
PO000007,SUP00063,PROD00142,2023-07-19,14,70.99487067257071,2022-08-09,2023-02-07,974.9545396987467
PO001934,SUP00048,PROD00154,2024-04-06,6,54.988262086735226,2021-09-24,2023-04-20,319.8219788725755
PO001728,SUP00083,PROD00026,2023-10-21,5,50.83040373093277,2023-07-09,2023-01-08,179.73231815471001
PO001028,SUP00071,PROD00011,2022-05-11,10,16.360411874153503,2023-06-11,2022-06-17,195.12146022184672
PO000509,SUP00041,PROD00069,2023-02-24,10,5.017970928511737,2022-12-20,2023-08-15,63.45019680363684
PO001386,SUP00025,PROD00179,2021-01-04,7,3.889605207428463,2023-10-21,2021-12-21,23.459536615574176
PO000870,SUP00006,PROD00047,2024-04-11,12,26.78343667355575,2022-09-27,2023-09-28,274.17227521939293
PO001607,SUP00068,PROD00105,2022-05-25,20,37.19878544707747,2022-09-29,2022-10-05,780.8433616173127
PO002000,SUP00005,PROD00186,2021-09-19,15,49.283945745970776,2021-02-07,2023-03-28,679.1194156431911
PO000699,SUP00096,PROD00075,2024-03-18,13,45.376253015798895,2023-09-27,2022-09-09,449.76297088050495
PO000489,SUP00024,PROD00132,2022-07-15,16,12.143262193481336,2023-04-02,2023-07-12,331.9457865622187
PO000535,SUP00034,PROD00180,2022-06-26,10,58.19334608911714,2024-01-11,2023-12-02,529.7240726022762
PO000187,SUP00058,PROD00069,2021-09-30,10,50.65594618611333,2022-03-20,2021-12-18,546.1087528721908
PO000789,SUP00054,PROD00035,2023-06-07,16,71.15073621930974,2021-06-04,2023-02-22,979.6378749699786
PO000035,SUP00060,PROD00131,2022-04-21,7,43.03425242276905,2021-11-27,2024-01-07,349.0201224103089
PO000229,SUP00092,PROD00085,2021-05-01,12,9.903171382012676,2022-12-09,2021-01-29,91.12172520990546
PO000544,SUP00020,PROD00034,2022-09-17,11,21.04142232724576,2022-09-08,2022-06-20,153.3689915833563
PO000320,SUP00002,PROD00059,2021-01-16,12,35.71773948220234,2022-01-25,2024-01-16,445.7804537213258
PO001465,SUP00024,PROD00138,2023-07-24,11,28.91860415697507,2023-07-16,2023-10-04,414.3530515660011
PO000212,SUP00058,PROD00038,2023-12-18,3,48.85400213273998,2021-05-11,2023-10-02,107.78776458882565
PO001732,SUP00031,PROD00057,2021-10-05,6,65.66447206349275,2021-12-10,2022-02-03,473.4364490487825
PO000443,SUP00032,PROD00121,2024-04-14,6,23.302793296261452,2024-04-27,2024-04-13,117.14900787111621
PO000218,SUP00082,PROD00197,2021-01-19,10,66.40429380446864,2022-03-26,2021-09-03,780.878449317504
PO000021,SUP00098,PROD00049,2021-09-04,13,55.224414154331676,2023-01-25,2022-06-05,529.2277745590474
PO001431,SUP00098,PROD00177,2023-03-12,10,5.083341732957508,2023-07-30,2023-12-31,57.11673416534607
PO000514,SUP00049,PROD00021,2021-05-13,6,42.27558958940805,2022-11-14,2022-07-13,285.7851164237674
PO001019,SUP00071,PROD00033,2021-02-18,11,54.150520388167486,2023-01-13,2023-11-11,509.95440366377323
PO000224,SUP00059,PROD00054,2023-08-29,14,47.333777752479925,2023-07-18,2022-01-16,635.6351023617215
PO001971,SUP00039,PROD00144,2022-12-29,10,24.108259614298884,2023-11-01,2024-02-23,249.26415598762335
PO000251,SUP00074,PROD00019,2022-09-05,19,28.323150144080856,2022-10-28,2021-10-06,502.4384483521068
PO000824,SUP00065,PROD00125,2023-10-29,13,6.812118132893014,2024-01-09,2022-11-19,97.46676080893138
PO001704,SUP00019,PROD00115,2021-01-06,10,3.396506350975493,2022-08-12,2023-03-13,42.511394098207404
PO000490,SUP00014,PROD00066,2022-04-28,10,44.93136897294759,2024-01-02,2021-10-11,396.86847134839513
PO000534,SUP00049,PROD00173,2022-09-24,15,15.411583364456053,2022-03-11,2022-10-07,308.6033350647244
PO001617,SUP00036,PROD00136,2023-10-08,15,51.84536051532377,2023-04-12,2021-10-12,760.7665789084014
PO000547,SUP00084,PROD00097,2022-08-29,12,17.670884311707155,2022-03-20,2021-06-15,226.47602632647497
PO000006,SUP00052,PROD00135,2021-03-08,10,73.5174297054374,2024-03-15,2021-06-23,678.2330151295278
PO000856,SUP00033,PROD00011,2023-05-25,10,38.55702133834031,2021-03-14,2023-10-23,329.05635699004796
PO000026,SUP00087,PROD00148,2022-05-27,11,79.92027219974243,2022-04-07,2023-03-15,1354.3507485743842
PO001820,SUP00092,PROD00140,2022-11-10,13,57.61477451230934,2023-04-04,2021-09-23,588.626882035014
PO001284,SUP00020,PROD00128,2022-02-26,8,11.685996735842878,2023-02-23,2021-06-25,92.42451962018518
PO001167,SUP00009,PROD00069,2023-11-23,12,3.273663098111273,2022-06-23,2023-01-29,37.388622404006895
PO000404,SUP00054,PROD00149,2021-10-13,11,58.600325466927714,2023-10-07,2024-04-01,650.4561324741026
PO001400,SUP00050,PROD00003,2022-08-10,10,45.47741004663099,2023-03-16,2023-03-09,514.6144179935532
PO001355,SUP00040,PROD00126,2021-02-11,18,16.384024641438653,2024-04-26,2021-04-28,467.094648268712
PO000121,SUP00066,PROD00125,2023-08-07,9,5.375983392549264,2022-10-28,2023-03-19,70.4010719024785
PO001762,SUP00075,PROD00145,2023-03-03,9,66.71848279530265,2023-02-07,2021-08-15,698.4665446611033
PO001159,SUP00071,PROD00093,2021-03-06,10,20.482665828713248,2022-06-11,2024-04-05,131.47861843433583
PO001585,SUP00015,PROD00093,2024-03-04,9,78.1068316485114,2022-05-16,2022-08-13,797.0569978319281
PO000526,SUP00073,PROD00165,2022-03-27,14,24.83232104610688,2024-04-08,2021-03-15,384.61641696673973
PO000245,SUP00082,PROD00096,2021-06-24,14,78.3671654269897,2021-09-12,2022-10-23,1176.3034945674756
PO001405,SUP00099,PROD00017,2024-02-23,5,12.935016687529508,2022-11-13,2024-03-02,40.9147622578852
PO001588,SUP00060,PROD00055,2021-06-28,10,5.823704799039726,2023-04-21,2022-08-15,74.17825535009217
PO000773,SUP00075,PROD00134,2023-11-06,11,31.694919441122227,2021-08-22,2022-07-18,406.4168317487941
PO000048,SUP00021,PROD00184,2021-09-24,15,55.142758600475865,2023-01-02,2022-02-28,648.6261307323267
PO001637,SUP00002,PROD00008,2023-10-25,11,32.30645688459683,2021-09-18,2021-04-03,296.45678127220816
PO000413,SUP00092,PROD00077,2021-02-21,9,53.66658740955208,2021-09-10,2021-07-07,382.0738561819136
PO000679,SUP00095,PROD00160,2021-10-13,8,62.279639392248235,2021-11-27,2023-11-22,549.5770585567105
PO001257,SUP00095,PROD00093,2022-06-19,15,63.552030146363485,2022-03-11,2021-10-27,758.0563059479286
PO000200,SUP00055,PROD00041,2021-01-24,10,59.1069115736109,2021-09-01,2021-08-11,677.0112513387229
PO000144,SUP00019,PROD00148,2023-10-23,10,33.80236444044812,2021-09-24,2023-02-22,333.4307196495756
PO000052,SUP00061,PROD00051,2022-12-25,14,76.1575857940171,2022-08-10,2021-07-21,1228.7187000925364
PO001834,SUP00068,PROD00070,2021-04-03,11,35.53272084408542,2023-01-07,2021-11-04,394.53116784522354
PO000623,SUP00034,PROD00128,2023-06-08,5,50.45280510931704,2021-02-21,2024-01-30,135.5928081617472
PO001322,SUP00095,PROD00159,2021-02-20,8,42.18133767471484,2023-12-15,2024-01-22,396.52507360842037
PO001979,SUP00081,PROD00097,2022-03-15,6,72.49189094391268,2024-03-14,2021-08-07,468.5373486435007
PO001339,SUP00057,PROD00051,2022-01-31,14,79.43257102857544,2024-01-22,2022-02-16,1330.0745655664452
PO001051,SUP00039,PROD00054,2021-08-31,15,34.60005280992019,2021-12-31,2022-09-23,617.1132405569333
PO001042,SUP00087,PROD00091,2022-08-16,6,67.91239321823826,2023-05-21,2024-01-23,497.30926190175654
PO000754,SUP00090,PROD00070,2021-11-28,11,21.23997049380777,2021-06-21,2023-05-16,288.3789793233695
PO001200,SUP00014,PROD00184,2023-04-24,19,48.767714767556235,2024-01-27,2024-01-17,770.4318257759938
PO001918,SUP00083,PROD00085,2023-11-28,6,47.731479226577605,2023-08-25,2022-09-29,181.95367539703082
PO001577,SUP00056,PROD00158,2022-10-14,8,10.449849308320747,2022-12-02,2022-11-18,91.50427994786595
PO000849,SUP00058,PROD00107,2021-08-10,10,32.24133413169262,2023-09-02,2023-03-12,392.2143568849492
PO000665,SUP00085,PROD00169,2021-11-21,6,69.06544188936795,2022-04-19,2024-01-23,462.50350249426697
PO001768,SUP00085,PROD00046,2022-12-25,11,27.218784015039436,2022-10-02,2023-06-12,215.27096232422755
PO000272,SUP00004,PROD00015,2023-10-29,10,66.14584204994559,2021-08-12,2022-06-18,659.904908045436
PO001700,SUP00072,PROD00173,2022-01-24,11,75.42559376585949,2022-10-05,2024-03-21,844.3195436967848
PO000511,SUP00005,PROD00044,2023-03-08,12,14.987755520889884,2023-04-10,2023-03-01,204.34755684968994
PO001432,SUP00024,PROD00155,2021-06-01,12,52.89222872960755,2023-05-13,2023-09-10,518.7996460056008
PO001613,SUP00068,PROD00196,2024-03-19,10,74.83754588706437,2023-09-03,2023-11-13,770.3838871243975
PO000954,SUP00019,PROD00032,2021-10-28,13,64.37867914008773,2021-12-21,2021-05-14,831.307351628391
PO000385,SUP00084,PROD00100,2021-08-26,13,73.93261963940738,2023-09-06,2021-08-04,932.5011936039243
PO001690,SUP00089,PROD00188,2024-02-20,11,37.96981587734262,2022-11-30,2021-08-24,266.8317036015899
PO000736,SUP00059,PROD00021,2023-11-23,12,67.01315058568942,2023-03-18,2024-03-22,880.0107588311815
PO000642,SUP00087,PROD00102,2023-01-26,15,76.22325504638214,2023-07-29,2023-11-24,1231.3013531147833
PO001021,SUP00002,PROD00196,2024-04-02,13,41.2068489980448,2022-05-21,2024-04-01,435.36439850015705
PO000871,SUP00014,PROD00112,2021-03-02,7,68.65832843035655,2023-03-18,2023-03-20,368.39022341849255
PO001367,SUP00035,PROD00197,2021-12-21,7,31.572231062327294,2023-06-06,2023-11-20,155.80948180223248
PO000275,SUP00049,PROD00011,2022-01-04,9,77.39256701397983,2022-12-10,2024-03-07,867.8340281801961
PO000872,SUP00016,PROD00136,2023-01-08,13,54.01337866181624,2021-07-16,2021-08-06,702.4377778568612
PO001784,SUP00030,PROD00178,2023-09-30,11,25.816138468063684,2021-09-18,2022-01-26,378.8634470590928
PO000073,SUP00016,PROD00188,2023-09-22,12,63.891808208968925,2021-04-23,2022-10-12,817.5106259599655
PO000915,SUP00042,PROD00105,2021-03-23,6,28.874774291363174,2022-12-30,2023-01-05,103.34876306405131
PO001322,SUP00035,PROD00148,2023-01-15,10,8.858641416431258,2023-03-09,2022-08-27,101.36529884107271
PO001776,SUP00088,PROD00088,2023-06-20,10,51.78801261943662,2024-01-17,2022-12-26,504.9110885425701
PO001188,SUP00016,PROD00071,2022-08-15,11,48.809865047661354,2022-01-27,2021-06-24,509.2935311562896
PO001649,SUP00050,PROD00123,2024-03-09,13,43.46775798659769,2021-11-27,2021-10-11,762.2251892220833
PO000446,SUP00061,PROD00184,2022-09-04,15,74.88510241308538,2021-04-02,2021-12-23,979.0695834850987
PO000706,SUP00035,PROD00120,2022-01-11,10,24.535848302679334,2023-05-25,2023-12-09,275.0548637705192
PO001885,SUP00016,PROD00090,2023-03-31,10,11.577166517891923,2023-06-24,2021-10-10,150.4070519985214
PO001772,SUP00082,PROD00042,2021-12-11,19,72.84143320579501,2021-11-15,2021-09-28,1234.378014589188
PO001116,SUP00080,PROD00107,2022-03-03,6,32.06825346112705,2021-05-09,2024-03-21,122.80890788167108
PO000951,SUP00012,PROD00094,2023-02-24,11,37.488675785269464,2024-03-03,2023-02-07,382.1532505855093
PO000903,SUP00040,PROD00034,2021-08-06,5,33.284299527505205,2024-01-31,2023-03-19,162.31056636030246
PO000118,SUP00095,PROD00113,2022-01-26,10,49.090035398187965,2021-07-11,2023-12-09,362.8851062740414
PO001785,SUP00075,PROD00069,2023-05-03,4,57.463586274996096,2022-06-12,2021-11-18,285.81474786887657
PO001637,SUP00025,PROD00044,2021-05-22,13,72.71978663408963,2022-08-26,2023-10-07,910.7259180365963
PO000913,SUP00051,PROD00173,2023-03-06,9,17.684985435480776,2021-03-26,2021-02-22,111.89210848161815
PO000559,SUP00083,PROD00050,2022-04-01,15,36.31265095492863,2023-05-03,2023-03-14,618.5001099268834
PO000686,SUP00063,PROD00009,2024-03-05,11,58.60010754602569,2022-01-21,2023-12-02,482.4544755616468
PO000247,SUP00011,PROD00003,2022-06-20,6,52.65252694145674,2022-03-18,2021-08-01,323.43040899822313
PO001444,SUP00027,PROD00033,2022-12-21,18,14.399948713979947,2022-11-02,2023-02-27,343.6999121739929
PO001114,SUP00015,PROD00004,2021-07-05,16,18.513573322309348,2024-01-08,2022-03-23,508.9228752201547
PO000469,SUP00085,PROD00104,2021-02-06,12,55.906119032704886,2023-06-18,2023-01-05,669.2783847638061
PO001247,SUP00018,PROD00195,2023-10-28,9,44.2773135053577,2021-02-20,2023-04-24,326.3601114842413
PO001959,SUP00090,PROD00054,2021-10-28,14,72.66409397991173,2023-07-28,2022-09-12,967.2434999715268
PO000245,SUP00087,PROD00072,2023-02-14,7,63.452474739458886,2021-07-24,2023-05-20,534.4018055082208
PO000917,SUP00073,PROD00100,2021-01-30,8,43.13364062387034,2023-04-02,2022-12-27,295.58482291132964
PO000989,SUP00058,PROD00103,2022-10-09,10,77.24616174187405,2024-02-17,2021-09-25,894.3060625770654
PO000334,SUP00035,PROD00005,2024-04-04,7,17.88187252908332,2023-08-25,2023-01-13,130.09643094083086
PO001064,SUP00025,PROD00074,2021-01-16,12,53.08693446169777,2021-11-10,2022-10-18,597.5054157907305
PO001212,SUP00025,PROD00193,2022-10-08,8,31.091667266419666,2022-07-30,2022-05-13,146.2627119418328
PO000315,SUP00087,PROD00115,2021-08-24,11,75.62641705728772,2023-03-26,2023-01-29,823.8437958694329
PO000310,SUP00010,PROD00088,2023-07-16,9,29.93912844708058,2022-12-27,2021-02-27,379.24561006234904
PO001713,SUP00035,PROD00172,2023-03-17,14,75.33897928905883,2022-05-23,2023-03-26,945.0086770867512
PO000623,SUP00051,PROD00148,2024-02-25,12,58.807411417336475,2024-01-31,2021-07-13,487.91737984711517
PO001261,SUP00010,PROD00183,2023-03-09,17,15.115324311363928,2022-07-11,2024-03-26,332.5103697850773
PO001254,SUP00075,PROD00047,2023-12-14,14,22.53399695155537,2023-03-22,2024-04-01,333.25393906241663
PO001679,SUP00080,PROD00196,2023-03-22,6,74.42082592040033,2022-10-28,2023-11-19,645.0749597233404
PO001480,SUP00052,PROD00113,2023-02-25,8,56.696567135071675,2024-04-27,2024-02-25,458.8853080007735
PO001682,SUP00092,PROD00049,2023-03-18,10,60.48176565481132,2021-06-04,2024-01-09,650.8764357293132
PO001251,SUP00041,PROD00161,2023-10-13,16,64.18413939935935,2022-08-16,2021-07-05,806.9673843054624
PO000899,SUP00025,PROD00043,2023-09-22,18,30.184271246850646,2023-03-15,2022-09-09,707.6562021010843
PO000788,SUP00069,PROD00183,2022-03-08,8,53.344658223656104,2023-11-29,2022-01-23,370.2306828726302
PO000759,SUP00100,PROD00018,2023-01-08,11,40.21919510116543,2023-06-24,2023-05-04,388.71520469908853
PO000837,SUP00049,PROD00032,2021-02-26,11,50.251134976312194,2022-12-14,2023-03-23,375.0797903244339
PO000259,SUP00053,PROD00126,2023-05-08,15,47.72820670151297,2021-12-31,2021-10-18,545.46806445553
PO000848,SUP00040,PROD00094,2024-03-04,9,56.11080654021456,2022-02-17,2024-03-02,483.45086126179916
PO000779,SUP00007,PROD00106,2023-05-19,16,30.879517629956155,2021-06-04,2022-04-29,577.3268531567587
PO000070,SUP00002,PROD00114,2022-06-17,15,66.18926122831044,2021-12-25,2023-07-15,823.3190252006195
PO000551,SUP00011,PROD00142,2023-07-16,13,53.82050494036504,2022-02-03,2022-04-11,596.825402238106
PO001504,SUP00035,PROD00173,2021-03-10,8,30.737074572569625,2021-10-05,2022-08-02,163.1527134113261
PO001156,SUP00037,PROD00035,2021-05-15,10,61.012968768689575,2023-10-04,2021-01-22,702.1662473379162
PO001613,SUP00031,PROD00200,2022-09-20,15,7.57633218401468,2023-03-25,2022-08-01,315.04684892801265
PO001086,SUP00041,PROD00032,2022-11-12,13,67.23141159502498,2024-01-30,2021-07-09,726.7280654037658
PO001709,SUP00055,PROD00108,2022-04-29,10,68.65617766980398,2021-02-07,2023-05-27,645.3514312330178
PO001593,SUP00073,PROD00081,2023-06-16,12,69.84009099684668,2023-04-17,2021-07-07,730.1369522656577
PO000197,SUP00044,PROD00084,2021-11-15,7,23.871944993367126,2023-09-21,2022-03-21,269.3959086782934
PO001955,SUP00085,PROD00089,2023-11-26,12,55.794125110759204,2021-08-09,2021-04-01,518.8814449924123
PO000030,SUP00060,PROD00022,2021-01-19,12,4.582081517544639,2023-10-13,2023-01-02,71.00348953191555
PO001194,SUP00023,PROD00192,2023-07-22,14,71.56034643189852,2023-05-27,2022-12-07,818.5476360780381
PO001586,SUP00051,PROD00114,2021-01-21,11,6.677772926007093,2022-12-02,2021-08-17,89.37220824124122
PO000664,SUP00071,PROD00019,2024-01-15,11,79.39380008835865,2021-07-29,2023-05-25,1254.1697760127947
PO001198,SUP00075,PROD00189,2022-10-24,13,9.373936054903224,2021-07-25,2022-08-18,92.5612521385966
PO000725,SUP00024,PROD00059,2024-01-06,14,26.086463237232568,2024-04-12,2022-04-17,272.184618280293
PO000122,SUP00027,PROD00152,2023-05-16,12,39.799832252310786,2024-02-24,2023-07-21,403.2714382291607
PO000017,SUP00049,PROD00051,2021-10-20,13,77.18314848742095,2023-04-03,2023-11-28,1021.979757059616
PO000190,SUP00065,PROD00064,2023-09-27,10,54.17155596788801,2021-09-27,2023-09-01,443.6505008417395
PO000197,SUP00046,PROD00156,2022-09-19,12,38.259518956286286,2024-04-07,2021-11-18,415.77825446433087
PO001222,SUP00042,PROD00148,2024-04-12,12,56.325424386529185,2021-04-25,2022-08-01,477.2280309902942
PO001052,SUP00078,PROD00008,2022-11-01,10,29.501128347083142,2023-04-19,2023-09-17,278.71327313996875
PO000911,SUP00016,PROD00105,2021-02-23,5,49.00081779830977,2023-11-28,2022-04-17,117.87984769940566
PO001384,SUP00018,PROD00162,2021-02-17,10,33.64423609350727,2022-01-01,2022-03-12,340.89377701320245
PO000034,SUP00049,PROD00134,2022-06-23,13,42.64126265710284,2022-03-15,2021-03-04,617.8162094209002
PO000542,SUP00054,PROD00070,2023-09-12,10,39.763957768734635,2021-08-09,2022-06-07,213.99667583828256
PO001555,SUP00051,PROD00140,2022-08-24,13,10.723887256212226,2022-03-14,2022-07-13,226.4762977482258
PO001820,SUP00028,PROD00100,2022-05-26,14,53.153757328240815,2023-04-05,2021-04-30,752.4407554495273
PO000877,SUP00035,PROD00193,2024-04-13,6,15.881167208964182,2021-06-07,2021-07-06,77.44265218293464
PO000163,SUP00061,PROD00089,2024-02-14,10,25.59202802980001,2021-05-23,2022-06-08,180.6064280096203
PO001598,SUP00003,PROD00078,2023-09-22,12,23.867390006811632,2023-10-05,2022-01-01,297.352820595177
PO001771,SUP00027,PROD00136,2023-12-28,10,34.603502272556085,2024-03-13,2021-04-15,401.07240353898703
PO000828,SUP00099,PROD00086,2021-01-30,10,68.29963021317933,2024-01-07,2021-05-13,729.2456798494894
PO000487,SUP00052,PROD00119,2021-02-23,6,43.17079826082323,2024-02-13,2021-10-25,148.99701001680822
PO000088,SUP00084,PROD00151,2022-12-06,14,77.61769949404157,2023-09-15,2022-05-10,1044.2625946181154
PO001183,SUP00015,PROD00092,2021-03-13,14,45.4774035350588,2024-03-28,2022-03-10,527.2727003987703
PO001820,SUP00003,PROD00039,2021-04-26,10,37.863108862681,2023-02-14,2022-01-08,373.8031804252438
PO001356,SUP00030,PROD00031,2023-05-15,8,39.487600718229956,2023-06-24,2021-10-30,270.52428287713764
PO000635,SUP00046,PROD00093,2021-02-16,11,16.178565807991852,2022-08-26,2022-02-22,119.29331921146384
PO001286,SUP00058,PROD00196,2022-03-17,7,34.13162483135797,2022-09-06,2021-05-04,273.2709020164815
PO001665,SUP00064,PROD00006,2023-12-29,10,14.634682209226812,2021-08-01,2021-04-27,156.11449465588873
PO000952,SUP00002,PROD00138,2024-04-08,13,39.97775291310115,2024-03-16,2024-02-05,474.5937635994925
PO001640,SUP00065,PROD00186,2021-08-20,13,26.12569304722687,2024-04-25,2021-09-25,326.5665430339971
PO000784,SUP00005,PROD00080,2023-10-23,9,71.38384904204699,2023-08-01,2023-10-07,581.9323705060239
PO000698,SUP00015,PROD00032,2022-02-25,16,69.08033136623833,2024-01-11,2023-04-30,1111.347379921089
PO001166,SUP00094,PROD00125,2023-01-22,5,24.66437892175561,2021-07-30,2023-10-24,98.54110113312872
PO000930,SUP00033,PROD00182,2022-10-06,8,14.407228520345177,2023-06-08,2022-05-09,91.63614271774388
PO001955,SUP00053,PROD00144,2021-07-11,15,76.89881765008465,2023-06-10,2022-06-25,1041.4277032108598
PO001033,SUP00033,PROD00111,2023-08-21,6,54.94193366863055,2021-05-30,2023-03-26,375.16925870508743
PO000771,SUP00014,PROD00091,2022-09-28,8,29.22725259656146,2021-07-11,2021-12-27,125.70136516191853
PO000790,SUP00077,PROD00141,2023-01-21,13,78.34001812222918,2021-05-09,2021-04-30,1119.518263091888
PO001096,SUP00064,PROD00180,2023-12-26,15,71.55940492279713,2022-06-18,2021-03-25,914.64172479053
PO000710,SUP00050,PROD00101,2023-08-21,11,68.65955734900318,2021-06-27,2023-11-20,816.5977696725631
PO001446,SUP00061,PROD00136,2022-10-05,10,26.11829319607882,2021-07-31,2021-10-30,263.86926420593414
PO000762,SUP00084,PROD00089,2023-07-01,13,67.07026352250722,2022-11-08,2023-08-08,807.618912107391
PO000769,SUP00098,PROD00155,2022-03-05,13,50.95919907159856,2023-10-23,2024-01-05,549.3317631270749
PO001234,SUP00062,PROD00084,2023-05-25,12,30.483525648494894,2021-07-16,2021-02-06,185.66295741276775
PO000122,SUP00082,PROD00006,2023-10-21,3,53.089536542187936,2024-02-22,2023-03-19,107.77305664092125
PO001311,SUP00049,PROD00145,2021-11-18,9,24.730784458726877,2022-02-03,2022-07-07,120.36722532268811
PO001010,SUP00038,PROD00127,2021-02-11,16,61.005229066107475,2021-12-08,2023-04-27,723.4558507066165
PO000907,SUP00026,PROD00109,2021-05-30,9,18.448379604290327,2023-07-12,2022-07-13,108.94167405018571
PO001439,SUP00024,PROD00026,2022-11-30,9,64.39474650503735,2023-10-29,2022-03-06,662.4163246230222
PO001517,SUP00095,PROD00032,2022-08-29,6,47.05795366561839,2021-02-04,2022-01-18,201.83026600795554
PO001693,SUP00029,PROD00183,2023-01-22,17,51.64222975815715,2022-11-13,2021-05-02,673.0688928955675
PO000750,SUP00089,PROD00062,2022-12-13,9,11.038832452203845,2023-05-04,2021-09-05,66.02186855175111
PO000655,SUP00078,PROD00051,2022-05-26,10,69.0843765185058,2023-04-01,2022-08-13,596.1499860512055
PO001429,SUP00023,PROD00001,2023-05-01,8,60.74085159741764,2023-06-28,2022-02-28,305.26599332101046
PO001164,SUP00032,PROD00096,2024-02-02,7,71.65979485058703,2023-09-08,2024-04-12,513.4821986091996
PO001264,SUP00056,PROD00054,2021-05-13,9,66.80121425136608,2023-07-05,2023-12-10,800.048737491176
PO001112,SUP00013,PROD00103,2021-10-05,12,43.04721855844658,2022-09-01,2023-08-22,333.56354784776727
PO001546,SUP00073,PROD00100,2022-12-01,13,57.92926833401547,2023-05-13,2024-03-11,601.2590535528648
PO000381,SUP00084,PROD00133,2021-06-03,6,34.65546628904387,2021-09-23,2023-03-12,166.8087837250638
PO001112,SUP00035,PROD00062,2021-02-09,12,55.88706826006636,2023-10-11,2022-02-28,594.2157458517929
PO000317,SUP00054,PROD00127,2024-01-09,11,53.89167467739702,2022-05-23,2022-09-23,477.70864493339786
PO000815,SUP00014,PROD00188,2023-07-18,11,26.466047339916464,2021-03-04,2022-11-02,272.54753492758834
PO001328,SUP00085,PROD00006,2023-09-30,14,43.500502024908194,2021-06-09,2021-12-16,557.5960229157299
PO000987,SUP00035,PROD00095,2022-01-31,11,43.33488267396187,2021-04-09,2021-06-13,595.3334837318818
PO000760,SUP00090,PROD00137,2022-03-03,16,68.01243016399573,2022-11-03,2023-02-07,791.9484535340815
PO001770,SUP00016,PROD00074,2024-01-17,15,16.137824506952597,2023-08-11,2024-04-05,374.88359804040687
PO001546,SUP00018,PROD00144,2021-06-16,9,45.08037059985459,2022-08-30,2022-05-15,369.9138789904215
PO001053,SUP00080,PROD00196,2023-05-12,9,58.238816712408514,2023-08-20,2023-04-03,487.568526961279
PO001901,SUP00051,PROD00196,2021-09-22,9,49.60220410937807,2021-07-31,2021-05-31,325.2160613769167
PO000849,SUP00091,PROD00132,2022-07-16,14,66.59581793188156,2021-07-16,2023-05-13,894.577753618503
PO001577,SUP00045,PROD00167,2021-04-01,13,23.510161856269175,2024-03-22,2022-11-17,353.17391818282766
PO000336,SUP00012,PROD00192,2023-09-16,11,28.004671437160187,2022-01-25,2023-03-10,296.78842777738123
PO000572,SUP00004,PROD00144,2023-07-16,19,27.960153858464114,2022-01-17,2022-08-03,586.0277348883717
PO000677,SUP00013,PROD00125,2024-02-06,13,52.80671863276601,2022-03-04,2023-03-06,670.8534077295982
PO000212,SUP00022,PROD00046,2023-01-02,17,61.927789874564766,2023-07-30,2021-02-12,885.0113148344424
PO001004,SUP00081,PROD00188,2023-05-16,16,53.14579900229268,2022-05-10,2023-09-30,815.2370292289122
PO000385,SUP00017,PROD00165,2021-08-29,18,49.450268225653396,2023-06-11,2022-09-05,868.2536134673203
PO001269,SUP00050,PROD00101,2021-11-21,16,21.49855753412166,2023-03-20,2021-07-14,428.9144746710393
PO000381,SUP00051,PROD00010,2022-03-09,9,49.673515671698375,2023-09-17,2021-11-07,445.61987394865315
PO000248,SUP00016,PROD00070,2021-04-01,10,31.571976284253022,2021-10-09,2021-11-09,252.2507220703971
PO001939,SUP00076,PROD00139,2021-04-02,11,43.72077109880007,2023-08-27,2022-02-17,328.2693336182373
PO001317,SUP00055,PROD00130,2021-04-03,15,72.96527039703436,2022-10-28,2023-11-14,801.8586614319012
PO001873,SUP00046,PROD00117,2023-02-22,9,39.0701777891191,2021-11-15,2023-11-09,397.60428450016
PO000980,SUP00071,PROD00100,2023-03-04,14,47.46286207950361,2022-06-22,2024-03-06,572.7522468852039
PO000067,SUP00097,PROD00138,2021-01-27,13,30.57359528309459,2022-10-12,2023-12-28,371.2961016494487
PO001149,SUP00045,PROD00018,2024-02-25,7,28.03599301091996,2022-08-31,2021-03-13,163.96153020977326
PO001117,SUP00006,PROD00067,2021-08-22,11,10.420814392298709,2021-07-02,2022-12-06,225.59816403612166
PO000030,SUP00049,PROD00079,2023-04-20,8,73.76095234896732,2024-03-19,2023-02-08,641.9777672423344
PO001723,SUP00062,PROD00001,2021-07-18,11,18.927527788370465,2021-03-09,2021-04-28,235.53535898297633
PO001240,SUP00014,PROD00142,2021-08-05,15,62.3935137548805,2024-04-21,2022-09-24,749.7339638178461
PO001490,SUP00081,PROD00138,2023-10-23,18,3.6912510456845022,2022-04-25,2021-02-21,141.71808203998071
PO000988,SUP00059,PROD00085,2022-02-05,9,39.32537531576562,2021-09-19,2023-07-22,198.61610340612188
PO001237,SUP00056,PROD00098,2022-05-16,9,71.0311162393,2023-01-14,2021-06-23,562.2527765016993
PO000515,SUP00070,PROD00134,2021-06-03,9,6.575100716481916,2022-11-15,2022-05-21,69.8287678395144
PO001948,SUP00065,PROD00140,2021-01-16,11,49.25662308368498,2021-03-28,2024-01-20,564.7771065714348
PO000802,SUP00099,PROD00099,2023-03-27,12,35.99534559430085,2023-05-29,2021-06-04,419.16751697217217
PO000325,SUP00005,PROD00165,2022-03-17,8,70.13078028561618,2021-10-11,2023-06-10,444.5367816765326
PO000112,SUP00034,PROD00129,2021-11-12,12,52.12951290500018,2023-05-28,2023-08-24,453.32736288886565
PO001273,SUP00097,PROD00108,2023-03-30,11,48.99872080733404,2021-07-26,2022-04-09,347.8890737914416
PO001967,SUP00027,PROD00038,2022-10-25,13,57.8124141210685,2021-11-01,2023-05-21,745.8308969773008
PO001792,SUP00042,PROD00159,2022-01-28,13,63.815452012003625,2021-03-02,2024-03-17,841.4106998840042
PO001405,SUP00014,PROD00064,2024-01-24,10,24.95886257531417,2022-07-05,2022-11-03,192.5241125609409
PO001982,SUP00035,PROD00093,2023-08-25,13,51.583947677735324,2021-12-08,2023-12-30,652.358954007323
PO001446,SUP00063,PROD00006,2022-12-15,10,21.912457260023743,2023-03-15,2021-08-28,263.8627347876135
PO000679,SUP00084,PROD00179,2024-03-02,13,26.416112337000108,2021-05-01,2023-05-04,420.3752701591563
PO001203,SUP00016,PROD00039,2022-06-03,7,73.14811463450302,2022-12-05,2024-03-10,749.3693678787589
PO000160,SUP00084,PROD00135,2023-10-12,6,58.63313500892807,2021-10-26,2021-02-27,310.28897325204645
PO000444,SUP00069,PROD00147,2023-06-08,9,27.06884688125002,2023-10-22,2022-04-27,192.30874326929253
PO000836,SUP00013,PROD00037,2022-01-08,6,22.432449568360227,2024-04-21,2022-02-02,84.56468492124117
PO000404,SUP00064,PROD00080,2024-01-29,12,29.747882451961868,2022-02-04,2021-11-07,374.6253715255639
PO001908,SUP00047,PROD00113,2024-02-03,10,16.196458134979277,2024-02-11,2022-07-03,188.99234506578006
PO001992,SUP00099,PROD00075,2021-05-30,11,47.65354162033193,2023-12-15,2023-08-02,513.1921965411284
PO000742,SUP00063,PROD00182,2021-12-28,13,24.94725082694139,2023-06-15,2023-01-29,375.5575013269758
PO001419,SUP00035,PROD00003,2022-03-03,9,51.36326496938914,2021-12-18,2021-05-10,401.11868170777586
PO000816,SUP00084,PROD00159,2022-07-18,11,32.534813176402075,2023-10-05,2023-10-04,519.4918678886216
PO000280,SUP00018,PROD00035,2023-07-18,13,46.81302091522396,2023-10-17,2023-12-09,652.3784693513742
PO000674,SUP00014,PROD00020,2023-07-08,18,13.977089539557111,2021-12-31,2023-03-18,379.10243133787463
PO000467,SUP00045,PROD00028,2023-12-05,8,45.364187645393194,2021-08-13,2022-06-18,304.5851975062988
PO000657,SUP00062,PROD00092,2023-08-31,13,23.913692734329377,2024-04-26,2021-09-26,358.12106978589793
PO000431,SUP00082,PROD00181,2022-11-09,9,14.82355521458448,2023-01-18,2023-03-09,104.58723049239786
PO000225,SUP00090,PROD00174,2021-07-15,8,3.4466547875832236,2024-01-19,2021-01-22,24.117812700032523
PO000435,SUP00031,PROD00192,2021-07-10,9,66.07651786315785,2022-10-29,2024-05-02,706.0481171157393
PO001812,SUP00099,PROD00104,2021-07-14,12,50.085802026491194,2022-07-19,2024-04-08,545.513912675231
PO000171,SUP00078,PROD00125,2022-07-24,8,37.529554256383435,2022-09-25,2024-01-23,183.41233095812433
PO000650,SUP00084,PROD00023,2021-07-18,12,27.05961228771454,2022-09-18,2024-03-16,366.16889332857494
PO001057,SUP00059,PROD00055,2021-10-09,14,55.54883009208401,2022-09-18,2024-03-17,678.2722136304682
PO000710,SUP00073,PROD00070,2023-08-28,9,61.84631281653138,2023-04-06,2023-09-29,658.5618395061553
PO001036,SUP00070,PROD00032,2022-06-08,11,15.793299563800854,2021-04-19,2023-03-18,276.8834971540013
PO000087,SUP00046,PROD00037,2021-12-08,4,6.79036501852166,2021-07-06,2023-06-04,22.83643422476963
PO001298,SUP00046,PROD00184,2023-12-14,9,67.93200496478056,2024-04-01,2022-02-07,582.2122895604956
PO001127,SUP00034,PROD00030,2023-12-31,8,62.311081134390044,2024-02-18,2022-05-13,533.6375594231873
PO001362,SUP00018,PROD00075,2021-08-30,12,32.10448299896554,2022-06-23,2022-12-22,419.64878527419836
PO001135,SUP00006,PROD00054,2022-09-04,9,24.96414276017358,2022-01-27,2021-04-30,313.0648425139973
PO000876,SUP00075,PROD00051,2024-04-09,6,61.52064878139802,2022-12-09,2021-09-24,305.1675159748186
PO000701,SUP00096,PROD00084,2024-03-31,14,75.10678410929657,2022-10-31,2023-01-06,997.7532220712732
PO000453,SUP00080,PROD00061,2021-04-20,18,26.04811080781962,2021-02-08,2021-06-23,608.4314153510524
PO001001,SUP00020,PROD00103,2023-11-08,8,38.72044553760482,2023-02-10,2022-02-24,187.6119072015284
PO000053,SUP00045,PROD00128,2022-05-04,12,44.767871422589856,2022-01-05,2024-04-10,337.7816454034137
PO000657,SUP00019,PROD00148,2022-06-03,11,47.34078184828011,2021-12-20,2022-04-01,470.58728858537825
PO001356,SUP00027,PROD00091,2022-02-04,10,66.80787595925112,2021-03-09,2022-07-05,702.5921267300744
PO000218,SUP00083,PROD00173,2021-01-19,12,28.034610127175025,2021-05-09,2022-08-16,429.06086008285854
PO000126,SUP00049,PROD00117,2024-04-03,10,53.6848379900875,2023-07-30,2024-04-27,535.9716043925506
PO001305,SUP00036,PROD00045,2021-12-22,9,29.282506184386154,2021-07-02,2021-10-30,266.79350122423216
PO000796,SUP00074,PROD00049,2022-12-09,13,6.812844757401941,2021-07-11,2021-09-13,211.75834426358622
PO001604,SUP00080,PROD00185,2021-03-20,12,61.98692411267506,2022-06-09,2021-02-26,723.4500344405528
PO001875,SUP00100,PROD00035,2022-09-17,9,56.65918199964756,2023-09-28,2024-01-06,388.3019428855144
PO001915,SUP00098,PROD00132,2023-05-26,9,49.505399163350035,2023-03-26,2022-12-09,388.14186539443847
PO000852,SUP00092,PROD00200,2023-11-10,9,70.95331205554473,2023-08-21,2024-03-06,708.1382120109014
PO000529,SUP00084,PROD00123,2024-04-04,12,24.082519109290615,2021-07-05,2021-12-27,457.92303715833935
PO001218,SUP00016,PROD00019,2023-10-10,12,31.516513574141385,2021-11-13,2021-06-28,295.45503664921785
PO001257,SUP00025,PROD00137,2022-11-07,18,56.328175722266266,2021-04-24,2023-05-16,813.4183712212979
PO001245,SUP00016,PROD00196,2023-04-01,12,66.35369979666345,2021-03-30,2021-10-18,761.2009275213271
PO000644,SUP00086,PROD00040,2022-10-28,11,63.12139284077264,2021-04-25,2023-07-12,766.9383110103348
PO000128,SUP00053,PROD00042,2022-08-11,8,71.78094406764255,2022-09-16,2021-08-11,731.7438420201509
PO000421,SUP00061,PROD00089,2022-09-04,9,42.69556455929455,2023-05-11,2024-01-13,225.37481314165643
PO000309,SUP00099,PROD00140,2023-09-04,11,57.08445076703361,2021-12-08,2023-09-01,725.9297614960682
PO000248,SUP00039,PROD00143,2022-10-11,12,64.52012592132834,2024-03-20,2023-05-10,792.1627996310187
PO001853,SUP00061,PROD00125,2023-03-27,18,76.88893951893968,2023-10-27,2021-04-07,1181.364518532213
PO000028,SUP00020,PROD00085,2023-05-25,11,26.658543983570656,2021-06-21,2021-12-14,359.3076994986454
PO001204,SUP00095,PROD00152,2023-02-04,5,59.869456711164965,2023-11-20,2024-04-17,231.0687318955665
PO001895,SUP00027,PROD00117,2021-07-13,10,39.69894472200118,2022-05-23,2021-03-25,389.718420486865
PO000721,SUP00052,PROD00162,2022-06-01,12,16.19281959653777,2023-10-20,2024-04-05,197.1647554039289
PO001055,SUP00009,PROD00134,2022-11-20,12,77.01480939428257,2022-11-12,2022-03-19,1043.65605653224
PO001392,SUP00016,PROD00163,2022-11-09,14,57.80682096419151,2022-01-04,2021-07-09,817.5151742478303
PO000635,SUP00087,PROD00180,2021-10-21,4,73.75581063442466,2022-08-15,2021-02-11,324.4267735673227
PO000956,SUP00081,PROD00006,2022-05-26,7,12.409345834144872,2022-05-20,2023-03-21,41.479743385109515
PO001635,SUP00061,PROD00069,2023-02-15,9,12.253742798931784,2023-12-26,2024-03-24,138.93934876335712
PO001491,SUP00046,PROD00115,2023-03-01,12,27.61954096714671,2021-09-10,2021-12-16,347.29255220485385
PO001617,SUP00029,PROD00152,2022-01-24,17,6.062590321530681,2022-01-29,2023-06-19,254.89917202063253
PO001975,SUP00077,PROD00176,2023-03-16,14,68.55955845739139,2022-04-16,2022-09-07,994.8992775491955
PO000741,SUP00038,PROD00086,2024-04-09,8,15.399365511975416,2023-12-26,2022-04-28,146.92061823083085
PO001495,SUP00037,PROD00108,2022-01-21,18,5.085889211318227,2024-03-30,2021-06-15,157.08243352659144
PO001206,SUP00100,PROD00095,2023-11-01,11,59.11106679346682,2023-05-06,2022-09-09,570.9594911591512
PO001334,SUP00026,PROD00002,2021-10-01,5,78.25414518931396,2021-12-05,2023-04-26,709.5515871712744
PO001480,SUP00046,PROD00067,2022-06-27,9,32.17344011744457,2022-11-12,2023-05-10,376.59558394588043
PO001500,SUP00048,PROD00121,2023-12-14,15,24.385414294831058,2023-03-11,2023-02-21,425.10576515929637
PO001772,SUP00003,PROD00143,2021-11-12,10,15.242184443208174,2022-07-09,2022-04-29,231.9185620590058
PO000699,SUP00060,PROD00105,2023-12-04,12,32.19986648983508,2022-08-27,2023-03-21,410.5672833692474
PO001307,SUP00031,PROD00047,2023-11-21,12,36.84381527406615,2022-06-18,2023-10-25,611.708504126008
PO000561,SUP00050,PROD00186,2022-04-13,12,39.771459758223564,2021-07-23,2021-02-06,564.8788080368868
PO001190,SUP00032,PROD00016,2022-04-15,10,20.45843467325897,2023-03-13,2024-01-16,90.34807645107874
PO001503,SUP00054,PROD00001,2023-12-07,5,53.091705333071324,2021-04-22,2021-02-27,311.41861756282066
PO001583,SUP00032,PROD00067,2021-06-07,14,27.078650833324335,2021-12-03,2022-10-10,333.41638667462223
PO000841,SUP00075,PROD00114,2022-03-20,14,72.1440887993128,2023-08-03,2023-12-21,931.6699502703008
PO001018,SUP00087,PROD00065,2023-07-24,11,45.183416172362925,2022-10-29,2021-10-03,712.4179099867351
PO000668,SUP00077,PROD00196,2022-07-16,13,10.670100914177318,2022-11-18,2022-02-26,217.94108105834823
PO000339,SUP00067,PROD00100,2022-11-12,9,15.258171338191795,2023-05-07,2023-04-22,66.77598266662073
PO000522,SUP00053,PROD00157,2022-12-18,14,39.46387557737389,2021-12-11,2024-04-07,437.5822441901124
PO001825,SUP00022,PROD00122,2022-04-05,9,51.00396876451345,2021-07-19,2023-03-21,542.9369513598441
PO000618,SUP00055,PROD00035,2023-08-31,12,15.034718462181525,2021-04-24,2023-01-30,230.42311164081983
PO001950,SUP00087,PROD00022,2021-12-10,12,44.20552753863663,2021-12-08,2023-11-19,383.53683917199544
PO000483,SUP00088,PROD00084,2023-06-17,15,77.21828237971451,2024-02-18,2021-12-27,1169.7759812145885
PO001447,SUP00085,PROD00059,2021-05-03,14,4.997389510260714,2023-04-02,2022-08-01,155.29102186208044
PO001148,SUP00063,PROD00159,2023-02-10,11,66.95359625989434,2022-01-06,2021-02-14,768.8805091487801
PO001394,SUP00022,PROD00175,2021-06-21,11,3.078000520055913,2023-05-17,2024-02-25,36.24762705688132
PO001288,SUP00069,PROD00192,2023-07-09,9,59.67678324721206,2021-09-29,2023-11-28,581.6084571456361
PO001414,SUP00062,PROD00038,2022-04-28,12,69.01041034740898,2024-02-17,2023-06-18,778.09090599906
PO001812,SUP00031,PROD00077,2021-02-21,8,15.490706249303543,2023-11-05,2023-05-16,56.42801634585472
PO001127,SUP00075,PROD00047,2021-02-21,8,38.09627579562353,2021-03-04,2024-02-03,269.92128228845775
PO000136,SUP00048,PROD00019,2021-03-12,10,45.49723789963049,2023-04-01,2021-10-25,477.9292004224838
PO000542,SUP00036,PROD00191,2021-04-08,11,74.9113622717436,2023-10-22,2021-06-28,948.8138828493221
PO001417,SUP00063,PROD00116,2021-04-09,7,71.37107262834118,2021-08-25,2021-04-12,662.9449272316516
PO000989,SUP00039,PROD00086,2024-03-26,10,20.388023936275903,2021-02-02,2024-04-12,96.63996336636593
PO001098,SUP00059,PROD00180,2022-11-27,6,44.73349955790209,2023-01-22,2023-10-05,226.7267795348549
PO001194,SUP00044,PROD00075,2022-10-12,9,73.12952288651461,2022-12-27,2022-08-21,712.2037518501245
PO000766,SUP00051,PROD00167,2022-04-09,9,53.17792248231,2022-05-02,2023-01-26,504.9312181524786
PO001548,SUP00042,PROD00066,2022-02-19,15,40.04603767332179,2024-04-21,2023-03-06,585.0601039958997
PO001448,SUP00092,PROD00066,2023-01-02,10,71.06086967717339,2023-04-10,2022-12-16,585.8206460873264
PO001429,SUP00049,PROD00051,2022-05-16,10,46.77878462811684,2022-05-29,2024-01-02,251.57129577819146
PO001431,SUP00077,PROD00089,2022-09-01,9,60.92210517731229,2023-01-20,2021-04-21,676.8552442742147
PO001781,SUP00098,PROD00023,2023-09-27,9,78.10662658644416,2022-07-02,2023-09-19,1024.0708272741824
PO001191,SUP00021,PROD00056,2023-11-04,7,19.28717188967138,2022-06-16,2021-08-20,89.61517242816771
PO001935,SUP00100,PROD00062,2022-03-17,5,60.662723638589405,2021-09-22,2023-12-18,185.68298233522214
PO000239,SUP00095,PROD00065,2022-06-04,16,30.123939467367762,2021-04-24,2022-10-23,501.06720006752187
PO001264,SUP00094,PROD00112,2023-09-17,14,18.794062082399034,2023-11-11,2022-08-04,473.4196013176306
PO001434,SUP00073,PROD00198,2022-02-22,11,51.53904960371228,2023-11-25,2022-10-22,705.741739225862
PO000955,SUP00037,PROD00096,2021-08-06,17,67.04609626599985,2022-05-14,2022-06-25,889.8494658846013
PO000577,SUP00030,PROD00197,2022-06-08,10,45.62516385064973,2021-05-22,2021-02-27,350.8205362754711
PO001101,SUP00034,PROD00157,2022-03-25,13,59.107354327426364,2021-08-17,2021-08-03,786.7722136260571
PO000730,SUP00075,PROD00174,2023-02-11,11,42.893883463995635,2022-12-31,2023-05-05,484.5211722325811
PO001819,SUP00026,PROD00094,2023-10-07,15,54.39777358814935,2021-04-09,2021-02-15,773.897016394313
PO000714,SUP00061,PROD00044,2022-08-27,7,4.146787723499154,2023-01-24,2024-03-31,29.429032037415446
PO000352,SUP00055,PROD00151,2021-10-09,12,15.435606045049798,2022-08-07,2024-01-25,194.50400094082255
PO001153,SUP00086,PROD00143,2023-04-19,13,47.94516533561388,2023-09-03,2021-02-28,523.6048003865535
PO000792,SUP00056,PROD00092,2021-03-08,11,48.33477249492361,2021-06-29,2021-09-22,601.973158253564
PO000192,SUP00037,PROD00068,2022-08-30,7,75.339164621822,2022-11-22,2023-10-20,545.6310393030044
PO001130,SUP00027,PROD00169,2021-11-13,9,76.64785010561542,2022-09-10,2023-12-20,824.389125185043
PO001076,SUP00040,PROD00156,2022-11-10,11,74.27388541430732,2024-02-24,2023-07-08,780.8675622095302
PO000347,SUP00095,PROD00164,2023-04-24,16,33.225137621512,2021-03-15,2023-03-23,600.6729525945517
PO001196,SUP00091,PROD00168,2022-06-22,10,49.0495780371881,2021-03-20,2021-04-28,392.2853683667628
PO001135,SUP00060,PROD00163,2021-02-03,12,28.427836128883797,2023-02-20,2024-01-08,288.41419245842815
PO001548,SUP00050,PROD00074,2022-04-05,6,64.10871762270708,2021-06-04,2022-12-14,403.5180200127031
PO000724,SUP00099,PROD00141,2023-01-12,9,20.94082867881932,2022-08-12,2021-10-07,259.6910760639318
PO000498,SUP00012,PROD00110,2022-10-09,13,60.44246880911371,2023-03-12,2021-05-22,725.4147527262515
PO001903,SUP00092,PROD00163,2023-08-01,11,45.84169529221718,2023-02-15,2021-06-28,456.39543754374654
PO001123,SUP00020,PROD00003,2022-08-15,14,9.919689025295542,2022-01-04,2022-10-23,191.63496972941462
PO000055,SUP00005,PROD00018,2023-08-16,8,27.65014706142923,2022-04-03,2023-10-07,217.34499424077342
PO001642,SUP00080,PROD00075,2022-08-06,15,40.74184705577358,2021-12-12,2022-05-08,762.7865537553902
PO000394,SUP00072,PROD00044,2021-07-16,5,70.17788994235204,2021-08-25,2022-05-31,428.5320056953244
PO001573,SUP00010,PROD00120,2022-05-26,11,9.960233330687347,2021-05-28,2021-03-30,121.6021671500209
PO001411,SUP00074,PROD00011,2023-02-19,11,11.660168960023523,2023-10-18,2022-02-13,186.26827293467164
PO001938,SUP00041,PROD00091,2023-07-14,14,7.740698567337186,2021-02-05,2022-04-26,184.4750717205021
PO001932,SUP00065,PROD00020,2022-09-19,9,24.92265485851731,2022-12-14,2023-11-16,162.16914026090342
PO000549,SUP00071,PROD00111,2021-05-14,9,6.544099599829617,2021-04-06,2022-06-06,76.18402919800666
PO001533,SUP00012,PROD00026,2024-01-02,9,46.573949547533815,2023-01-02,2022-02-07,379.05184974624
PO000634,SUP00084,PROD00108,2023-10-03,11,10.186879489030302,2022-06-19,2023-03-05,72.88761443712511
PO001259,SUP00053,PROD00044,2023-01-31,17,25.25097306393822,2022-01-22,2022-09-15,485.8812059163898
PO001196,SUP00085,PROD00050,2022-06-23,19,60.03877636132757,2022-06-19,2023-10-02,1043.970970705367
PO000110,SUP00047,PROD00106,2022-08-15,10,45.46998723604283,2021-11-10,2021-09-24,484.0163540920217
PO000011,SUP00080,PROD00084,2021-01-31,15,39.451325146470644,2022-10-02,2021-02-12,635.5519888070987
PO000116,SUP00099,PROD00035,2024-03-03,11,33.58283535392737,2024-03-19,2022-04-28,335.4392562411706
PO000256,SUP00045,PROD00142,2022-02-19,7,31.09698362529181,2024-02-07,2023-11-23,112.35612829420168
PO000516,SUP00014,PROD00029,2022-05-07,12,17.69443630114907,2021-06-13,2021-05-07,257.16529111312525
PO001814,SUP00063,PROD00103,2023-11-04,9,32.40923156413319,2022-03-29,2022-08-07,322.46200387816754
PO001038,SUP00037,PROD00100,2023-11-03,10,50.58369110201401,2021-02-12,2021-04-25,414.37246740673714
PO001594,SUP00058,PROD00004,2021-11-22,4,14.447760800474033,2023-06-05,2021-09-28,52.71587759721822
PO001677,SUP00036,PROD00090,2022-02-07,13,75.42712445901694,2021-08-24,2021-08-15,956.5742841893687
PO001470,SUP00028,PROD00036,2021-08-09,15,76.49530383639107,2021-11-09,2022-12-18,1102.3126983308525
PO000783,SUP00067,PROD00104,2023-01-05,16,72.9185205295078,2022-02-03,2022-01-11,1197.9989432906482
PO001728,SUP00047,PROD00118,2022-02-23,10,8.601238066870822,2023-01-26,2021-03-18,86.40009976429674
PO001485,SUP00071,PROD00083,2022-01-16,14,4.546286106872402,2023-06-20,2023-04-13,125.2628055179184
PO001487,SUP00006,PROD00186,2023-09-23,13,60.6153670369619,2022-05-20,2024-02-27,753.6850266454182
PO001804,SUP00061,PROD00098,2022-03-10,15,70.1250619549562,2022-01-29,2024-03-28,1120.845062062582
PO001198,SUP00083,PROD00033,2021-12-06,14,11.597791493012943,2022-03-25,2023-02-15,245.2274470437221
PO001058,SUP00080,PROD00096,2023-12-15,12,41.686931766041326,2023-12-23,2021-08-22,404.7927702289936
PO001781,SUP00075,PROD00076,2023-05-23,16,46.13472338302624,2024-03-16,2023-06-05,797.8357958560042
PO000909,SUP00086,PROD00038,2023-02-09,15,54.634540143928724,2022-09-16,2023-02-15,752.214714536594
PO001624,SUP00039,PROD00179,2023-10-15,11,24.53458245186959,2021-08-29,2023-01-08,353.0984811187764
PO000108,SUP00018,PROD00193,2023-05-23,15,21.170135644164297,2021-05-13,2022-06-24,402.1771382183517
PO000003,SUP00042,PROD00091,2022-03-21,7,29.922353219010013,2023-03-12,2022-01-13,305.2391689754057
PO001057,SUP00080,PROD00141,2023-08-04,12,25.740923761238044,2021-05-07,2021-07-04,231.84936460586664
PO000148,SUP00077,PROD00043,2022-11-07,16,46.27103944687724,2022-09-18,2022-02-07,723.2778153002936
PO001954,SUP00019,PROD00149,2023-11-15,17,72.52543789652483,2023-01-26,2021-02-27,1028.3590994194183
PO000012,SUP00089,PROD00072,2023-01-14,9,11.912835395359995,2022-06-11,2024-03-03,94.01139826885728
PO001437,SUP00020,PROD00025,2022-08-02,7,26.351644711766415,2023-01-11,2021-02-23,103.75282387862227
PO000487,SUP00047,PROD00030,2023-03-17,14,40.704669093347306,2024-04-13,2022-11-22,428.9063888907361
PO001936,SUP00043,PROD00012,2022-03-28,16,70.95764217079956,2022-04-25,2023-03-09,944.7358612089159
PO000764,SUP00034,PROD00200,2023-09-29,6,72.0375020697849,2022-06-22,2023-07-28,519.2524355702014
PO000055,SUP00099,PROD00163,2022-07-25,14,31.77142818687108,2023-03-09,2024-03-19,390.57557759048217
PO000054,SUP00086,PROD00026,2023-11-04,7,14.028890804608178,2024-01-07,2022-08-07,66.03250782109765
PO001107,SUP00029,PROD00092,2023-07-24,9,9.385469058708573,2022-05-20,2024-02-23,76.60182530579092
PO001974,SUP00020,PROD00138,2022-06-09,15,24.12205789724534,2022-07-16,2023-12-01,535.9200681063705
PO001960,SUP00004,PROD00167,2023-04-03,12,61.41884166403742,2021-10-20,2022-11-01,712.3660384282555
PO000675,SUP00009,PROD00063,2022-11-27,12,65.0031869343095,2021-02-18,2021-07-29,751.937449001827
PO000966,SUP00083,PROD00049,2022-03-14,13,8.075793154873452,2021-03-06,2021-08-14,125.62087552142215
PO000201,SUP00049,PROD00040,2022-02-16,13,40.973024403309786,2021-05-20,2024-03-28,468.8620978813675
PO001045,SUP00041,PROD00029,2023-03-04,10,30.73667568662037,2022-03-16,2021-04-28,221.5461041705815
PO001200,SUP00044,PROD00161,2022-10-19,17,48.264986719292736,2023-06-30,2022-02-23,741.2521530981602
PO000503,SUP00012,PROD00090,2023-02-10,7,11.559428191862965,2023-03-13,2024-02-14,76.04091985873612
PO001225,SUP00080,PROD00174,2022-05-30,5,9.020377492478257,2023-11-15,2021-11-18,30.487225647141223
PO001800,SUP00005,PROD00167,2021-07-13,7,20.006792887049148,2022-05-08,2021-04-05,105.4283763048172
PO000002,SUP00023,PROD00019,2022-10-16,13,55.67411203731412,2021-03-27,2021-06-06,580.6352351697262
PO000458,SUP00072,PROD00084,2022-05-29,13,44.08912744070285,2022-10-02,2021-07-29,432.00201446032816
PO000420,SUP00046,PROD00061,2022-09-04,11,65.88297871712831,2022-12-27,2023-04-27,597.7434472172056
PO000248,SUP00089,PROD00120,2022-03-17,12,52.65052516760779,2022-04-12,2023-01-29,548.453427431104
PO000333,SUP00067,PROD00048,2022-10-16,11,51.42140688248001,2023-12-01,2024-01-19,480.96559648323506
PO001252,SUP00021,PROD00083,2021-09-26,14,12.434977847100809,2024-03-22,2023-04-12,215.47765391702006
PO000206,SUP00076,PROD00200,2021-02-22,9,31.10339837444225,2022-12-09,2024-01-30,285.77636165111585
PO001478,SUP00056,PROD00075,2022-07-20,10,9.101418715960905,2023-09-03,2022-08-15,63.42436311243926
PO001775,SUP00011,PROD00074,2024-03-04,14,16.589966227278996,2021-07-20,2023-01-30,278.7973194591871
PO001854,SUP00025,PROD00004,2022-05-02,8,29.909460354392507,2021-04-16,2022-09-01,124.2193126728865
PO001321,SUP00015,PROD00063,2022-05-21,6,60.48990934490051,2023-05-06,2021-05-08,364.7910060914379
PO000395,SUP00063,PROD00099,2023-08-21,5,37.80178859480368,2024-02-10,2023-12-09,88.60916303961017
PO000171,SUP00037,PROD00109,2022-02-16,12,66.80894435131121,2021-12-30,2023-11-03,752.1200780489615
PO000465,SUP00088,PROD00025,2023-05-10,12,6.319481695204915,2022-10-05,2022-05-08,101.07916960245055
PO001924,SUP00017,PROD00142,2023-05-30,12,35.3805634597308,2021-10-12,2022-02-21,342.8523050131135
PO001925,SUP00059,PROD00179,2022-08-29,7,31.496944985581568,2023-06-01,2021-07-26,208.85334246448113
PO000764,SUP00003,PROD00141,2023-09-04,10,13.599629844545518,2023-05-17,2021-07-12,120.3149147865594
PO000652,SUP00054,PROD00073,2023-04-02,4,65.00314155356479,2021-11-04,2022-11-16,301.020618293896
PO001021,SUP00004,PROD00057,2022-05-23,11,43.45951826495924,2023-03-22,2023-07-08,484.0794901335465
PO000584,SUP00099,PROD00014,2021-11-09,8,57.9359420397709,2022-05-28,2022-03-30,429.7247400829626
PO001960,SUP00070,PROD00026,2022-08-27,11,38.38351630517037,2024-03-19,2024-03-21,397.97681251071833
PO000443,SUP00093,PROD00065,2021-10-18,7,28.58197148876769,2023-12-01,2024-04-13,152.68429763786193
PO000739,SUP00072,PROD00042,2023-08-09,5,30.535085766480965,2023-08-20,2022-03-07,108.04514826463526
PO000859,SUP00051,PROD00182,2021-07-09,11,62.39865116776458,2023-12-30,2023-02-01,580.7546875471679
PO000251,SUP00028,PROD00041,2021-10-13,17,26.123802806568268,2024-02-23,2021-05-27,425.2421508012468
PO000766,SUP00007,PROD00109,2022-04-29,9,74.137812556402,2022-03-02,2021-03-18,874.0730593866257
PO001714,SUP00071,PROD00039,2021-02-26,11,54.933494171146265,2021-05-23,2021-05-20,561.1605105955442
PO000281,SUP00004,PROD00014,2024-01-24,11,60.23809845602607,2024-03-26,2022-02-22,827.2736368403007
PO001169,SUP00080,PROD00167,2021-05-24,7,16.805822414629233,2023-04-05,2023-12-30,103.16683598319699
PO000814,SUP00028,PROD00013,2023-06-17,7,74.05346218779783,2023-09-06,2021-09-30,739.650947697592
PO000342,SUP00078,PROD00060,2022-07-19,12,8.968704347594368,2021-10-23,2022-05-09,119.86573382529558
PO000025,SUP00072,PROD00011,2022-07-13,13,34.70100324991768,2023-01-25,2022-06-25,493.4819910502588
PO000547,SUP00073,PROD00132,2022-07-06,7,68.38701910804596,2023-04-03,2024-03-02,551.7674010381019
PO000124,SUP00051,PROD00018,2023-05-30,6,27.67817556775454,2023-03-04,2021-02-12,154.9718669543625
PO000754,SUP00052,PROD00044,2021-07-13,12,21.47571315449425,2022-07-29,2022-05-06,350.8675380444774
PO001621,SUP00084,PROD00129,2024-02-02,7,73.73364147069022,2022-04-19,2023-09-28,635.8499181712492
PO001440,SUP00011,PROD00119,2022-09-08,8,28.030349500144474,2021-05-03,2023-04-10,162.4333613171672
PO001895,SUP00084,PROD00138,2022-10-28,19,61.5250199046248,2023-01-20,2023-08-30,1064.4252766242
PO000855,SUP00033,PROD00182,2023-07-19,12,12.616314088813816,2021-03-02,2022-03-30,224.90924361470206
PO001416,SUP00087,PROD00056,2023-11-13,11,51.82545444149972,2022-09-19,2024-04-28,480.41585443426624
PO001331,SUP00031,PROD00143,2022-03-18,9,3.395965263786993,2022-03-03,2021-07-26,28.59301333994494
PO000435,SUP00095,PROD00050,2022-03-03,7,38.660041940929936,2023-06-28,2023-05-14,329.14772797665523
PO000608,SUP00024,PROD00042,2024-02-21,13,49.236577025446145,2021-08-07,2021-08-15,704.4158273929797
PO001060,SUP00033,PROD00166,2022-04-29,11,30.485724884461096,2022-12-17,2024-04-13,301.3441171477856
PO001594,SUP00032,PROD00130,2021-06-26,9,52.527944280771955,2021-03-31,2024-01-17,412.233842140671
PO000924,SUP00035,PROD00134,2021-03-20,9,12.62380338515693,2024-01-16,2022-01-29,79.10370512910478
PO000456,SUP00029,PROD00013,2023-04-25,15,39.04266200903293,2022-10-04,2022-05-26,632.3223262166598
PO001987,SUP00019,PROD00200,2022-09-08,9,29.01842439235422,2021-12-27,2021-02-20,273.0921620971788
PO000232,SUP00080,PROD00132,2023-10-08,11,57.73986973848049,2024-01-16,2023-09-09,693.4471775866092
PO001912,SUP00023,PROD00178,2022-05-13,7,34.50841626547161,2022-01-04,2022-12-21,161.50240929291724
PO001619,SUP00067,PROD00002,2023-08-22,16,22.818013226918087,2021-06-22,2021-08-14,317.85441778425144
PO001678,SUP00011,PROD00092,2021-04-26,7,54.39749626153469,2022-03-12,2022-11-17,306.23992965930023
PO001590,SUP00039,PROD00021,2021-10-13,10,57.46742278232106,2022-11-05,2023-10-13,519.4450823382937
PO000417,SUP00090,PROD00108,2023-11-13,10,53.31045205561926,2023-02-24,2022-08-03,362.88354944142304
PO001266,SUP00080,PROD00134,2023-03-14,12,13.676722860411514,2023-04-21,2022-11-09,229.45103106702112
PO001514,SUP00070,PROD00106,2023-08-07,14,70.2986155571847,2021-02-26,2021-07-17,956.316983523701
PO001492,SUP00003,PROD00131,2022-08-21,12,65.6455396967077,2021-06-13,2023-04-08,758.6221413397179
PO000544,SUP00029,PROD00052,2023-09-12,14,3.71957473967204,2022-01-10,2021-02-26,47.95240761329506
PO000363,SUP00041,PROD00127,2021-11-14,5,5.076805943756138,2022-03-29,2022-06-07,36.386775811625924
PO000657,SUP00058,PROD00052,2021-08-02,7,28.197749315328707,2022-09-21,2024-04-11,173.25267303844515
PO000960,SUP00024,PROD00074,2022-05-29,13,36.394804098953756,2021-08-17,2023-09-12,466.39371356825757
PO001148,SUP00060,PROD00128,2021-09-09,9,14.201247557071211,2023-01-16,2024-03-07,117.07993860353223
PO001674,SUP00035,PROD00115,2021-08-19,11,10.513300302445954,2024-04-26,2023-07-26,156.06400834880333
PO001539,SUP00031,PROD00057,2022-03-15,9,69.52361094094776,2022-04-14,2021-07-12,623.4932205353518
PO001353,SUP00031,PROD00098,2021-08-04,14,44.82340857049092,2021-04-15,2021-02-05,687.4084477868541
PO000527,SUP00084,PROD00051,2023-10-12,15,23.3592881763965,2023-11-28,2022-01-18,533.7007358191156
PO000958,SUP00067,PROD00037,2023-07-19,8,41.78726703243208,2022-08-12,2021-11-10,396.12230326952795
PO000671,SUP00099,PROD00181,2024-01-13,11,43.146003581979954,2023-08-11,2024-02-19,420.75646623328555
PO000470,SUP00056,PROD00162,2022-09-08,8,73.34962022039862,2024-03-29,2023-01-16,742.9894348928096
PO000021,SUP00094,PROD00138,2021-01-30,22,25.739679460854813,2022-04-09,2021-06-16,659.2366885881983
PO000679,SUP00017,PROD00045,2024-02-06,14,61.06218611387999,2022-03-10,2022-06-19,898.1855146564787
PO000513,SUP00066,PROD00058,2021-06-11,13,38.84825340860087,2022-09-14,2021-09-09,331.5668181735503
PO001144,SUP00073,PROD00153,2023-08-25,9,72.51831061759069,2023-06-15,2023-01-16,568.3664317413883
PO000125,SUP00010,PROD00142,2021-01-14,5,68.04669187654156,2021-02-05,2022-03-15,327.48167192001205
PO000542,SUP00049,PROD00127,2024-03-21,9,63.22503229350914,2024-01-26,2021-08-30,617.1529245515358
PO000090,SUP00049,PROD00183,2021-05-27,13,20.546517106446466,2021-09-10,2023-07-24,355.43125648804164
PO001283,SUP00090,PROD00080,2022-10-29,9,14.761401168178578,2023-03-18,2021-08-20,138.3833168950961
PO001137,SUP00077,PROD00073,2022-08-04,11,28.00352000965469,2022-10-29,2021-02-06,255.83762561751362
PO000675,SUP00069,PROD00138,2022-01-30,9,58.597596570906354,2023-04-19,2022-03-20,549.2613057688797
PO000295,SUP00055,PROD00022,2021-02-18,9,54.631737053066125,2021-02-14,2023-12-17,417.17927692058015
PO001916,SUP00057,PROD00056,2022-06-19,16,58.80761286492988,2023-10-01,2022-10-17,823.9901486290574
PO001169,SUP00037,PROD00200,2022-11-12,15,54.89415725982522,2021-06-22,2024-04-23,706.0460061938569
PO001359,SUP00100,PROD00117,2023-02-23,16,63.87065027368415,2022-04-17,2022-11-14,864.9235740066882
PO001063,SUP00073,PROD00105,2022-07-23,11,48.453832455794185,2021-06-06,2023-02-27,607.7611417355567
PO001614,SUP00048,PROD00067,2024-04-03,7,54.91076302445586,2022-08-16,2022-08-12,428.0997279960999
PO001793,SUP00001,PROD00148,2021-04-21,18,29.69537529174165,2022-07-30,2024-01-20,588.6969376699675
PO000766,SUP00098,PROD00126,2024-01-10,15,75.70382270884072,2022-07-05,2022-09-04,1247.0403638686646
PO001381,SUP00065,PROD00022,2022-11-28,14,4.102068011872852,2021-07-28,2023-07-02,68.90603814267922
PO000460,SUP00026,PROD00097,2023-01-11,8,27.000557949113194,2021-05-07,2022-09-08,178.0512795657193
PO001304,SUP00001,PROD00072,2022-10-23,11,74.75028351527392,2021-02-08,2022-09-26,813.2798642389188
PO000799,SUP00088,PROD00119,2022-11-21,12,12.585467656021276,2021-06-15,2021-03-20,185.69654757970295
PO000014,SUP00022,PROD00074,2024-03-15,12,73.924732551715,2021-02-28,2021-09-28,832.9326457032662
PO001912,SUP00006,PROD00181,2023-03-24,13,9.179336711479634,2022-03-11,2022-12-25,216.29750284015572
PO001737,SUP00087,PROD00165,2021-02-22,5,78.33645825021732,2021-03-20,2022-07-22,596.8719707239567
PO000582,SUP00078,PROD00082,2023-05-03,8,15.401725248754595,2023-10-04,2021-02-07,83.58611474673796
PO001996,SUP00062,PROD00134,2023-03-08,12,4.655595556451211,2021-08-25,2023-07-07,74.74171659817759
PO000635,SUP00082,PROD00139,2023-11-18,11,50.618892609263106,2023-04-23,2023-07-12,529.3345223051308
PO000918,SUP00088,PROD00044,2024-02-28,10,6.579666546429097,2022-07-11,2022-09-25,84.52920370400845
PO001703,SUP00085,PROD00013,2023-11-05,6,25.088682839600406,2021-08-07,2024-01-02,142.33696620594915
PO000610,SUP00034,PROD00059,2023-05-19,5,75.80548604800533,2024-03-18,2021-06-28,420.53617268230164
PO000902,SUP00070,PROD00040,2021-02-14,14,59.61532274199349,2023-01-11,2022-08-03,762.3270856750443
PO001332,SUP00097,PROD00018,2022-05-04,17,17.257944596023737,2023-07-11,2021-06-11,319.21234461876645
PO000261,SUP00058,PROD00100,2022-10-08,12,41.24653730956478,2022-04-14,2023-10-30,396.0125045919103
PO000845,SUP00013,PROD00030,2022-04-09,6,56.70062591003582,2021-04-26,2022-08-01,464.4940729111634
PO000619,SUP00080,PROD00170,2023-09-20,18,32.300633589907015,2023-08-21,2022-04-22,666.8711269536759
PO001354,SUP00042,PROD00086,2022-08-19,9,17.681638058420013,2023-12-30,2021-06-01,151.15685344224553
PO000272,SUP00100,PROD00185,2023-01-04,12,54.04149397223587,2021-03-04,2023-05-13,637.6941058602138
PO000466,SUP00074,PROD00135,2021-10-02,12,63.424115232038666,2024-04-02,2023-07-31,673.1683795797944
PO001423,SUP00017,PROD00107,2023-12-28,7,4.0078729976229,2024-01-29,2024-03-29,41.99866441450915
PO000313,SUP00063,PROD00183,2021-08-01,12,47.85859843343928,2021-11-19,2021-03-08,428.12490055515616
PO000845,SUP00048,PROD00166,2022-07-30,12,45.87172391641616,2023-02-14,2023-12-06,644.7609000455598
PO001426,SUP00079,PROD00196,2021-06-24,15,17.666104063934593,2023-12-10,2022-03-16,377.6073956594945
PO001531,SUP00038,PROD00114,2022-11-21,8,6.636915825109122,2022-10-24,2021-09-21,100.62864516176673
PO000190,SUP00033,PROD00152,2023-05-27,10,65.21104612725324,2023-09-20,2023-08-21,533.9861193358855
PO001704,SUP00092,PROD00054,2022-02-03,10,3.591108127738536,2021-12-12,2023-12-10,37.20303708450255
PO001448,SUP00010,PROD00140,2021-02-26,11,6.9850562879775255,2022-06-09,2022-03-23,155.80783179469967
PO000679,SUP00061,PROD00038,2021-01-29,12,75.08649489235667,2024-04-20,2022-11-22,912.6827303374987
PO001528,SUP00068,PROD00037,2022-08-27,17,72.63117343178888,2023-02-20,2022-09-11,1067.0111765877664
PO001457,SUP00037,PROD00117,2021-10-22,17,6.602134653640536,2023-01-21,2021-01-29,208.73600350254065
PO001202,SUP00015,PROD00079,2021-03-16,12,48.22806983476239,2021-01-20,2023-01-21,606.4002670332655
PO001117,SUP00087,PROD00026,2022-04-21,10,60.055383881929,2022-08-16,2021-08-20,665.6435436165176
PO001470,SUP00087,PROD00054,2023-08-18,5,61.00572062259122,2023-04-22,2022-05-18,260.53227877325577
PO001999,SUP00066,PROD00132,2023-11-08,10,9.072333474929746,2023-11-30,2023-08-05,77.66475247953004
PO001158,SUP00047,PROD00178,2023-02-17,11,44.08763116963108,2022-04-12,2023-12-31,508.7082920356187
PO001618,SUP00067,PROD00177,2021-12-25,10,75.12724594757906,2023-08-09,2021-05-16,879.7903877583813
PO001489,SUP00091,PROD00032,2021-03-18,13,41.202292333436425,2024-01-15,2023-06-05,398.2449995939476
PO001712,SUP00067,PROD00135,2022-06-19,14,18.225121455589253,2023-08-01,2021-09-06,329.25122211397303
PO001910,SUP00015,PROD00034,2023-05-11,11,42.583319078430975,2023-12-04,2023-06-16,345.27193171643603
PO000387,SUP00038,PROD00151,2021-10-19,15,27.65997314112462,2021-10-21,2021-10-21,433.80616169322315
PO000331,SUP00054,PROD00070,2022-08-15,11,66.89516103076163,2021-06-13,2022-03-28,731.819431667646
PO001173,SUP00095,PROD00151,2024-04-09,13,43.69681766041278,2021-09-23,2022-06-23,569.2802360547926
PO000899,SUP00050,PROD00114,2023-05-16,14,7.805358002566492,2024-04-02,2023-09-15,210.86624696561375
PO001142,SUP00033,PROD00006,2021-11-08,10,71.88682650759617,2023-04-17,2023-03-14,734.1210818071094
PO001597,SUP00093,PROD00086,2023-12-14,8,66.4669329266512,2021-06-22,2022-02-07,550.3831184235862
PO001864,SUP00083,PROD00090,2023-11-01,10,61.95728426038133,2024-04-12,2023-11-27,566.8054819348282
PO000835,SUP00046,PROD00144,2022-12-28,9,9.379851521888213,2023-07-29,2023-01-02,181.76110737074728
PO001436,SUP00088,PROD00016,2022-11-21,10,41.64502009870718,2023-07-29,2021-07-16,369.7776718429204
PO000394,SUP00039,PROD00187,2023-05-07,11,23.56094345829718,2022-09-01,2023-09-21,412.8338159559963
PO001070,SUP00098,PROD00010,2023-02-20,15,51.935498471358514,2024-03-14,2024-04-23,724.9474986752931
PO000044,SUP00020,PROD00077,2023-03-21,15,65.27877233103816,2021-01-26,2023-10-07,999.8193511112809
PO001008,SUP00027,PROD00165,2023-07-09,12,66.27805168434949,2021-05-06,2023-09-11,646.0027277847989
PO001091,SUP00033,PROD00108,2023-04-12,16,60.57074352605755,2022-03-13,2023-11-27,818.1343448625391
PO001471,SUP00080,PROD00179,2021-08-07,13,65.9576167385562,2022-09-15,2021-10-09,766.6790748712168
PO001299,SUP00098,PROD00130,2024-04-06,14,48.125126175984576,2023-12-01,2021-07-10,534.402671494789
PO000717,SUP00009,PROD00027,2022-03-17,12,58.85750390791773,2023-09-03,2022-09-09,759.9673999730452
PO000012,SUP00008,PROD00113,2022-09-04,7,17.311644107755747,2023-01-07,2021-05-26,133.6148355908443
PO000231,SUP00083,PROD00105,2021-12-19,18,42.27574380997512,2024-01-18,2021-12-17,653.3282014435914
PO001947,SUP00100,PROD00046,2022-08-23,7,13.966928518810052,2021-06-23,2022-01-18,142.15409498014878
PO001845,SUP00096,PROD00122,2022-07-07,7,41.971331778900435,2023-08-21,2024-02-08,231.4522681942314
PO000651,SUP00025,PROD00168,2023-02-13,13,13.015507134128875,2023-06-24,2022-03-06,204.5187179957509
PO000518,SUP00058,PROD00132,2022-01-11,13,30.24973584039734,2022-11-04,2021-04-22,404.76289093269554
PO000873,SUP00070,PROD00161,2024-04-13,10,74.69374327391897,2021-05-23,2022-10-20,854.4763305201691
PO001380,SUP00046,PROD00155,2023-12-10,14,5.0946907565773145,2023-07-31,2021-04-05,136.52695762870846
PO000714,SUP00057,PROD00048,2022-01-04,13,26.803868501706294,2023-08-09,2023-09-01,307.24798402639664
PO000135,SUP00053,PROD00069,2022-08-26,9,59.11924273533411,2021-02-15,2021-09-27,411.7074423252123
PO000806,SUP00002,PROD00007,2023-01-22,11,28.45709145046912,2022-05-19,2021-09-06,342.2724869933619
PO000522,SUP00032,PROD00062,2022-11-21,11,23.357031060835133,2023-11-20,2023-12-12,277.22882983627295
PO000650,SUP00088,PROD00175,2023-01-08,12,40.25724007769956,2024-01-25,2022-08-11,401.0307902591153
PO000326,SUP00053,PROD00044,2023-08-31,12,25.969829897943086,2022-04-09,2024-03-16,284.18281400532555
PO001318,SUP00024,PROD00139,2022-06-02,9,50.555418965734184,2023-03-04,2022-07-24,380.8009759974122
PO001054,SUP00067,PROD00195,2021-02-05,16,51.284190922497174,2022-11-03,2021-09-05,834.4443594505843
PO000542,SUP00021,PROD00050,2021-05-07,16,10.164243059323526,2021-07-26,2021-03-17,259.0756157115548
PO001108,SUP00066,PROD00116,2022-01-04,6,3.34829061480021,2022-11-14,2021-09-02,22.551990344843734
PO000986,SUP00082,PROD00052,2023-01-05,12,44.930443799292334,2022-03-25,2022-11-03,589.1363804042913
PO001592,SUP00083,PROD00193,2022-02-05,17,21.49208812274993,2023-05-28,2021-10-18,471.6838978272634
PO001912,SUP00063,PROD00142,2021-12-19,8,45.753806298025545,2021-10-24,2021-12-08,347.91166715541334
PO000262,SUP00065,PROD00161,2022-06-17,9,55.26909371971889,2022-12-16,2022-02-18,427.6253666817447
PO001768,SUP00061,PROD00183,2022-02-12,7,4.130606637698637,2023-05-17,2022-06-18,22.902648526053504
PO001410,SUP00021,PROD00126,2021-06-24,12,57.76291517283437,2023-10-03,2023-03-18,694.5984898258204
PO001386,SUP00100,PROD00188,2024-01-27,12,21.449875083156172,2023-01-03,2024-04-25,238.65889291907914
PO000749,SUP00098,PROD00109,2021-11-08,8,46.808303314663355,2021-03-09,2023-07-21,289.8429982283787
PO000688,SUP00022,PROD00038,2024-02-02,9,71.69958425071256,2021-05-27,2022-05-26,762.7726907533647
PO000012,SUP00077,PROD00072,2023-03-20,13,14.686359831716421,2022-12-17,2023-05-20,227.99729503448296
PO001965,SUP00011,PROD00100,2023-03-22,5,42.60106996737806,2024-05-01,2023-11-19,225.62847782594187
PO001214,SUP00080,PROD00038,2023-09-11,12,27.847391752552433,2024-01-30,2021-06-13,379.13246096713584
PO000805,SUP00043,PROD00126,2021-07-12,8,75.82529326118873,2021-01-26,2022-11-16,726.7918666519818
PO001088,SUP00074,PROD00113,2023-06-07,12,22.903172591033425,2022-04-19,2022-02-20,217.6620373100693
PO000082,SUP00054,PROD00193,2024-02-20,10,71.70513111784966,2021-11-14,2022-09-17,737.6183210389918
PO000348,SUP00061,PROD00176,2021-02-06,9,77.67865731210817,2021-08-29,2021-08-20,830.5549497973134
PO001247,SUP00032,PROD00169,2022-09-16,8,54.94905050026162,2022-04-03,2021-11-25,382.68925893348626
PO001029,SUP00081,PROD00047,2022-10-13,6,31.737285761159583,2021-10-24,2023-08-02,141.72414906454173
PO001575,SUP00055,PROD00064,2022-05-29,8,23.14207272508639,2022-10-29,2021-12-13,140.34672557222802
PO001318,SUP00035,PROD00134,2021-08-13,8,15.165622769220182,2023-05-15,2023-08-24,151.18615922042574
PO001203,SUP00015,PROD00013,2023-11-04,9,33.118444369592765,2021-03-18,2022-03-01,304.4579003523008
PO001631,SUP00075,PROD00162,2022-10-09,14,22.443498314232496,2021-08-09,2021-03-18,303.14134661127616
PO000137,SUP00032,PROD00058,2021-09-08,10,39.75785967901486,2023-06-11,2022-02-19,429.00064978766574
PO001382,SUP00057,PROD00141,2022-05-05,15,53.445783585690336,2024-01-22,2022-01-08,780.8478789024797
PO001432,SUP00004,PROD00019,2021-10-20,16,53.15054686840618,2022-09-27,2021-06-19,943.9468493988091
PO000551,SUP00016,PROD00001,2021-06-10,14,7.7393791730482855,2021-07-06,2022-09-17,162.11270003124778
PO000392,SUP00098,PROD00049,2023-10-25,8,78.97986767097514,2021-04-26,2021-03-28,973.2665457930033
PO000428,SUP00047,PROD00057,2023-04-05,9,66.14404617150227,2022-07-11,2023-05-01,616.9514457530578
PO000397,SUP00095,PROD00067,2023-07-12,6,46.66476216074528,2023-03-10,2021-02-28,226.73043710975134
PO001048,SUP00023,PROD00165,2023-09-30,6,16.21346898571484,2023-12-12,2022-02-01,91.66440728169458
PO000272,SUP00019,PROD00107,2024-03-17,13,44.08980273820991,2021-04-26,2021-06-25,637.207663079719
PO001319,SUP00092,PROD00188,2022-01-13,13,16.395816212371585,2024-04-01,2021-09-08,181.99372843337935
PO000211,SUP00012,PROD00006,2023-01-05,7,24.030887695190557,2021-02-09,2021-02-26,142.15983901230072
PO000054,SUP00008,PROD00196,2023-06-23,12,27.777534117876648,2021-08-29,2023-12-30,353.1754594391386
PO000639,SUP00096,PROD00114,2022-12-02,8,72.11952862610178,2023-03-25,2024-03-26,739.1884794145375
PO000384,SUP00016,PROD00181,2022-06-03,14,22.505024757101225,2022-08-07,2022-05-29,365.1650581425533
PO001978,SUP00099,PROD00101,2022-08-18,16,63.9246628323227,2023-06-13,2022-02-10,873.449445753924
PO000606,SUP00059,PROD00137,2021-12-17,8,35.96822426233738,2022-02-15,2024-04-22,374.71574363035114
PO000445,SUP00051,PROD00087,2023-06-17,11,65.44601026752278,2024-01-14,2022-10-02,726.4311661977628
PO000394,SUP00084,PROD00037,2021-02-25,13,59.31198897097806,2023-11-02,2021-08-08,846.0514225692783
PO000748,SUP00091,PROD00090,2023-10-30,13,56.91020851184463,2021-10-13,2021-06-06,472.6184331831127
PO001212,SUP00039,PROD00076,2023-10-27,10,49.90971603634563,2023-11-20,2023-11-20,395.7905610556694
PO001564,SUP00020,PROD00052,2023-05-16,9,19.402108481123463,2021-06-06,2021-08-30,137.89186275556966
PO000730,SUP00011,PROD00172,2023-01-04,6,72.78948076855357,2021-03-18,2024-03-08,495.7844354214705
PO001252,SUP00019,PROD00112,2022-08-06,5,47.36006262837995,2023-11-27,2023-02-28,144.9692451461583
PO000965,SUP00051,PROD00076,2024-04-04,17,26.91516198250077,2022-09-09,2022-10-31,591.1507126521296
PO001693,SUP00022,PROD00026,2022-10-21,16,41.907678820771274,2022-10-20,2022-03-19,581.6298876815022
PO001139,SUP00021,PROD00102,2023-09-12,6,30.160479659758543,2023-01-15,2023-09-21,178.3833272628223
PO000580,SUP00100,PROD00165,2023-03-16,9,63.87070300347013,2021-09-05,2022-04-13,547.8614185511003
PO001408,SUP00080,PROD00175,2023-04-28,9,39.82968203521402,2022-01-04,2024-01-16,353.1744291566438
PO001641,SUP00082,PROD00193,2021-01-16,14,47.657493529612424,2023-06-16,2021-12-10,644.9004680606635
PO000931,SUP00055,PROD00031,2022-12-17,10,48.85652713650686,2023-09-01,2022-10-03,437.4121985626367
PO001975,SUP00013,PROD00089,2021-09-22,16,8.11102378404935,2021-10-02,2021-05-07,290.1695556701742
PO001759,SUP00067,PROD00128,2022-10-04,19,3.7383160485939357,2023-05-30,2022-05-18,178.01639596165253
PO000394,SUP00037,PROD00174,2023-03-21,12,23.864178435073576,2024-04-23,2023-10-25,246.4929386207424
PO001574,SUP00026,PROD00006,2022-05-19,10,56.840611922921475,2021-10-12,2024-02-23,596.6335687073345
PO001202,SUP00028,PROD00120,2023-07-04,11,41.55186250794857,2022-05-03,2022-02-16,523.990528428037
PO001070,SUP00061,PROD00089,2022-11-16,9,24.38691504134412,2024-04-19,2023-09-15,168.48420883473491
PO001028,SUP00087,PROD00170,2023-12-26,12,12.60770434653629,2022-08-28,2021-12-08,102.66738132541616
PO001707,SUP00086,PROD00040,2022-03-25,12,45.58757320369131,2021-10-22,2023-04-22,557.6745869413094
PO001222,SUP00016,PROD00177,2022-07-18,10,15.405634052654086,2023-11-14,2023-06-07,192.10523384502423
PO001076,SUP00012,PROD00180,2022-03-10,9,50.10504997852182,2023-04-08,2022-06-03,385.41479289644286
PO000098,SUP00090,PROD00037,2021-06-26,11,47.897805961130246,2022-11-03,2022-10-18,342.54425938246135
PO000897,SUP00060,PROD00132,2022-09-26,12,52.518649498292106,2023-09-10,2021-08-04,546.2077369690329
PO001817,SUP00076,PROD00139,2021-09-26,13,45.50619085018354,2023-04-04,2023-08-30,458.02212036003027
PO001424,SUP00099,PROD00136,2021-01-22,12,74.91070482271053,2023-04-02,2022-07-13,990.6625791025939
PO000102,SUP00048,PROD00070,2022-04-04,11,6.576486598604353,2021-05-22,2024-01-26,57.594173375014
PO001768,SUP00002,PROD00103,2022-07-02,12,44.19448592480966,2023-09-22,2023-12-01,507.93287672583483
PO001654,SUP00039,PROD00033,2023-12-10,8,40.177568131391205,2023-07-03,2022-01-08,262.45427301021067
PO001094,SUP00086,PROD00055,2021-09-12,13,23.201160274378207,2022-05-29,2023-11-11,268.48070516511893
PO000045,SUP00001,PROD00025,2021-09-21,5,75.48377739981137,2023-11-02,2023-04-19,504.899000373043
PO001125,SUP00098,PROD00137,2023-03-08,9,65.21312956808943,2021-05-22,2023-11-13,604.3404222855886
PO000110,SUP00010,PROD00026,2021-10-22,5,67.90715568900193,2022-03-03,2022-08-28,433.65569245708986
PO000641,SUP00067,PROD00103,2021-09-19,14,61.70615724599043,2022-03-14,2021-03-13,698.603586885501
PO001258,SUP00001,PROD00140,2021-10-29,10,44.114355508401786,2021-06-21,2022-06-19,414.578175369191
PO001826,SUP00009,PROD00037,2023-06-08,10,47.18068529282057,2024-02-17,2022-06-30,323.19505697314924
PO000716,SUP00006,PROD00151,2022-09-08,11,75.35243030584513,2022-01-29,2022-04-08,907.3713148426732
PO001721,SUP00059,PROD00041,2021-08-06,14,50.5374012763361,2023-08-01,2022-03-19,617.1499792609466
PO001837,SUP00053,PROD00041,2024-01-20,11,66.43219371346845,2022-12-22,2022-06-24,752.6592345296259
PO000043,SUP00072,PROD00130,2023-10-10,16,14.571978917624145,2022-04-01,2022-03-20,299.4802280973184
PO000479,SUP00026,PROD00177,2021-08-10,12,38.590535924919536,2023-08-30,2023-09-26,436.6957611360608
PO001420,SUP00084,PROD00137,2022-03-29,7,71.370606697555,2023-05-15,2024-03-28,564.9479198682443
PO001514,SUP00025,PROD00139,2021-11-16,8,77.06575020548507,2022-07-08,2022-10-14,745.5374047386958
PO000785,SUP00078,PROD00026,2023-09-06,14,58.08213919703209,2022-07-11,2022-03-01,793.3510034917032
PO001314,SUP00025,PROD00169,2021-04-27,12,69.42699427201147,2023-04-29,2022-09-11,660.2867235676309
PO001225,SUP00017,PROD00195,2023-08-10,13,47.18331993322397,2022-05-12,2023-01-13,626.7831084507153
PO001480,SUP00007,PROD00133,2021-03-13,15,51.53956055364797,2023-01-25,2022-03-06,604.3824801127594
PO001438,SUP00081,PROD00058,2021-04-11,15,58.22123218952696,2024-02-08,2022-02-07,901.5555422672986
PO000172,SUP00004,PROD00003,2022-10-16,10,36.19548862141921,2022-04-26,2021-02-03,209.92032633301827
PO000317,SUP00073,PROD00175,2022-09-15,14,76.88699909406681,2021-11-06,2021-05-18,1077.271103237557
PO000266,SUP00014,PROD00165,2022-07-24,13,66.08260220121039,2022-06-11,2021-03-13,792.8352674400187
PO001865,SUP00083,PROD00185,2023-05-08,10,14.992533039597813,2024-04-26,2022-08-23,201.6370898163412
PO001828,SUP00015,PROD00025,2022-12-13,10,40.24757774386408,2022-02-17,2021-02-15,458.40720322753276
PO001595,SUP00006,PROD00066,2022-09-16,21,29.08495829043957,2022-08-14,2023-02-16,766.565762896161
PO000234,SUP00056,PROD00121,2022-06-12,11,19.80539290052077,2022-03-30,2022-04-21,374.45723461227266
PO001149,SUP00046,PROD00172,2021-07-15,6,38.242684917397426,2022-06-14,2021-05-26,237.24022130335823
PO000375,SUP00005,PROD00132,2022-12-16,12,53.31343045241184,2022-06-27,2021-08-24,479.3777127614875
PO000737,SUP00046,PROD00008,2022-10-05,8,36.12359163596655,2021-10-03,2021-05-03,266.6965225956824
PO000535,SUP00050,PROD00022,2022-10-02,17,18.788173600372406,2022-09-12,2022-04-11,605.2908452247144
PO001658,SUP00086,PROD00126,2021-02-14,11,41.346077025402096,2022-09-11,2023-04-22,387.3066278899158
PO000289,SUP00005,PROD00074,2021-05-13,9,19.533184437410434,2022-10-05,2023-06-07,128.28246425076563
PO001293,SUP00098,PROD00174,2021-02-27,8,24.359918776064784,2022-07-10,2022-03-19,160.795402275654
PO001968,SUP00099,PROD00123,2022-01-12,15,64.29167374063792,2021-07-08,2023-06-24,1023.9019190440446
PO001375,SUP00015,PROD00010,2023-02-16,15,12.460329427525016,2024-03-14,2021-07-11,196.56114494308514
PO000159,SUP00036,PROD00034,2023-03-21,8,49.010049247056216,2021-02-10,2022-08-20,333.4831741771144
PO001816,SUP00034,PROD00131,2022-04-09,10,25.356056443299718,2021-09-03,2024-01-09,169.2625418699538
PO001287,SUP00070,PROD00146,2023-11-22,9,76.6811277883949,2021-12-26,2021-09-03,872.7947008706136
PO000913,SUP00051,PROD00175,2023-09-30,12,3.854025350452362,2023-11-23,2024-02-14,38.498426499159045
PO001320,SUP00037,PROD00094,2023-10-06,12,8.147352273958784,2021-09-28,2023-03-18,76.67935045499569
PO001759,SUP00061,PROD00066,2023-06-02,15,33.00073957871479,2021-11-02,2023-04-16,549.3220892746407
PO000955,SUP00065,PROD00123,2024-02-16,15,69.39046024579189,2022-02-04,2021-03-16,769.0245738911133
PO001063,SUP00075,PROD00064,2023-11-18,15,32.11362009896781,2022-07-09,2021-11-20,498.8951283525063
PO000905,SUP00067,PROD00011,2023-05-16,14,40.47384640585155,2023-05-07,2022-01-09,637.7798310966892
PO000146,SUP00043,PROD00084,2022-08-01,11,6.6713876364926445,2024-01-21,2021-05-07,125.5482497858546
PO001575,SUP00007,PROD00034,2024-01-13,11,19.763111604774824,2021-09-30,2023-01-18,219.0404820989622
PO000253,SUP00087,PROD00016,2022-08-27,8,64.11517207204466,2022-11-07,2022-04-23,456.34546172509056
PO000790,SUP00071,PROD00132,2021-09-10,12,41.8653448418115,2021-05-04,2023-02-23,577.053687059693
PO000774,SUP00038,PROD00163,2021-05-03,14,26.418573205493974,2023-12-15,2022-11-13,477.7523784679784
PO000561,SUP00056,PROD00144,2021-12-08,13,41.20646685400616,2021-06-03,2024-03-24,486.3332310919941
PO000806,SUP00082,PROD00103,2023-12-26,11,10.255037616430917,2022-03-14,2021-08-01,88.29953558187638
PO001237,SUP00065,PROD00183,2022-08-29,16,18.161460817214984,2022-03-26,2022-05-15,369.8803833812917
PO000623,SUP00027,PROD00117,2024-01-13,12,26.413702173001692,2021-12-08,2023-08-24,252.86198770656847
PO000346,SUP00079,PROD00044,2021-12-11,7,49.065249480138284,2022-02-18,2022-08-06,247.9019343311317
PO001739,SUP00089,PROD00036,2023-11-10,10,14.162120141879353,2021-07-10,2023-06-02,136.50789296197985
PO001942,SUP00023,PROD00161,2023-07-26,10,30.99159137837598,2023-07-11,2022-12-21,284.3053307712566
PO000918,SUP00016,PROD00079,2022-03-15,8,33.63511851764446,2022-09-19,2023-07-08,231.93021290613953
PO000655,SUP00070,PROD00006,2024-01-29,7,68.66442380437773,2023-05-17,2021-08-18,480.09868545519475
PO000095,SUP00032,PROD00036,2023-09-18,10,9.111993540166408,2022-09-11,2021-08-15,66.88964007586486
PO000074,SUP00085,PROD00091,2024-04-09,12,71.96351031499873,2023-01-08,2024-01-15,999.315838546597
PO000786,SUP00035,PROD00156,2022-08-29,15,28.361354142025352,2022-11-14,2023-03-16,501.01942561204595
PO001861,SUP00033,PROD00185,2022-09-24,6,44.61967882945625,2021-08-01,2022-02-02,305.48172657701855
PO001462,SUP00067,PROD00111,2024-02-12,14,42.27581571839503,2021-06-01,2022-08-27,501.96455767790064
PO000699,SUP00041,PROD00129,2022-10-11,12,32.592767569622275,2021-02-09,2022-01-29,360.1196740422647
PO001937,SUP00066,PROD00079,2021-10-11,10,36.813626161673824,2023-10-05,2023-01-11,274.89442419969816
PO000858,SUP00092,PROD00098,2021-08-24,12,5.661918835117722,2021-12-30,2023-12-15,68.77520457338358
PO000554,SUP00092,PROD00088,2023-03-04,8,41.07464131159116,2021-07-16,2022-04-01,220.11028598649486
PO000853,SUP00084,PROD00143,2022-01-01,5,33.84084103200871,2022-06-15,2021-04-27,170.3279116548701
PO000424,SUP00026,PROD00003,2022-08-02,10,50.11430858054872,2022-08-03,2022-12-10,520.705139955666
PO001772,SUP00025,PROD00130,2021-04-05,8,34.98320964283268,2023-08-28,2023-08-31,270.69647940573657
PO000723,SUP00055,PROD00060,2021-12-17,7,55.39674496121963,2021-07-31,2023-08-06,375.3766349593299
PO001316,SUP00088,PROD00060,2022-12-09,14,4.551078782857625,2021-08-25,2021-04-14,107.86539708833006
PO000779,SUP00024,PROD00117,2023-03-14,14,61.714126370302026,2021-03-28,2021-09-03,849.9040901028982
PO001804,SUP00012,PROD00032,2022-02-07,12,14.877216134935296,2023-04-10,2021-04-06,228.2150169222019
PO001285,SUP00058,PROD00006,2022-03-14,10,56.704004863602535,2023-08-15,2023-05-30,371.4905682049365
PO000977,SUP00018,PROD00107,2021-03-20,11,28.935168747449232,2022-08-26,2022-11-19,333.5228373466355
PO000265,SUP00093,PROD00113,2022-01-24,15,60.12089250394306,2021-11-21,2023-10-04,942.6622128056206
PO001804,SUP00017,PROD00039,2024-01-29,10,40.048680322119445,2022-09-03,2023-10-07,401.26623874226993
PO001094,SUP00092,PROD00142,2023-09-20,6,9.974512469145578,2022-02-02,2021-06-21,48.189098255694304
PO000571,SUP00075,PROD00100,2024-03-04,10,66.47518379078711,2021-03-17,2021-07-17,703.3601708938393
PO001756,SUP00028,PROD00166,2022-04-05,14,4.581534060695067,2022-02-10,2023-05-24,108.35004612710057
PO000109,SUP00052,PROD00021,2023-07-19,19,21.17042265685372,2022-02-17,2022-03-28,535.92558685506
PO000629,SUP00074,PROD00184,2021-01-16,7,70.19923604266961,2023-08-20,2021-02-06,680.8593894435571
PO001074,SUP00093,PROD00200,2023-09-19,17,5.741584062826933,2021-05-02,2024-01-09,135.29079268501263
PO000680,SUP00046,PROD00109,2021-08-02,9,9.248880163741871,2021-09-19,2023-05-04,96.8696533397353
PO000954,SUP00028,PROD00137,2022-01-07,18,61.00756992212379,2021-07-12,2023-08-23,1009.5791996215847
PO000529,SUP00042,PROD00105,2022-10-30,13,36.563538387927245,2022-11-02,2023-01-30,397.64433352813313
PO000261,SUP00080,PROD00063,2023-03-25,11,65.61576926674708,2023-12-27,2021-02-06,538.732982106285
PO000074,SUP00016,PROD00037,2022-04-10,13,12.089519732356802,2022-05-16,2021-09-28,169.86202466116458
PO000316,SUP00040,PROD00182,2023-02-15,10,34.83506940768272,2022-10-13,2022-03-27,323.4293509553494
PO001906,SUP00087,PROD00098,2022-11-18,9,63.811914946982235,2023-04-20,2023-12-25,688.5503899920981
PO001151,SUP00049,PROD00054,2022-08-10,17,18.29445693732034,2022-03-26,2022-05-21,441.89069257000114
PO000978,SUP00019,PROD00089,2023-04-04,16,47.876494679198444,2022-05-10,2023-11-28,758.046830529458
PO000769,SUP00017,PROD00162,2023-12-07,14,13.866569343224693,2021-05-06,2021-09-16,201.04181286479007
PO001417,SUP00057,PROD00200,2024-03-17,11,51.636407451087564,2021-07-31,2023-12-17,402.6057457187376
PO000283,SUP00034,PROD00198,2023-07-30,15,30.337147942004925,2021-09-07,2021-12-22,521.4855419961757
PO000553,SUP00088,PROD00177,2021-04-12,8,76.48464343051248,2022-08-18,2021-10-11,929.264915978583
PO001312,SUP00059,PROD00117,2022-06-18,9,53.44137986367481,2022-08-08,2023-03-13,430.27904898533694
PO000959,SUP00085,PROD00090,2021-06-11,18,60.97288189705519,2023-04-23,2022-12-18,897.13272071888
PO001541,SUP00077,PROD00158,2024-04-09,9,9.402302815996478,2023-07-24,2022-05-08,122.20936768985125
PO001795,SUP00074,PROD00187,2021-08-06,13,22.323318992824895,2022-08-18,2023-11-16,371.41414748446095
PO001647,SUP00040,PROD00133,2023-04-21,11,22.44351573576147,2023-06-19,2023-09-10,233.69114211429715
PO000369,SUP00044,PROD00024,2022-07-11,6,10.915972355878752,2023-08-28,2022-10-19,54.782253134331924
PO000183,SUP00003,PROD00198,2022-07-24,12,37.69872246398413,2022-04-29,2021-07-29,394.79876975742974
PO000339,SUP00086,PROD00183,2021-01-18,10,41.280802814561824,2023-05-30,2022-05-03,269.415072636317
PO001568,SUP00029,PROD00186,2021-08-06,8,60.08541868494248,2023-12-07,2021-08-15,347.5763733401612
PO001828,SUP00044,PROD00028,2023-12-23,12,30.194740612429754,2022-07-20,2021-02-09,393.33148285532707
PO001851,SUP00096,PROD00071,2022-12-18,5,55.857698480155506,2024-02-18,2024-01-09,212.26324364860426
PO000597,SUP00089,PROD00183,2021-02-26,6,10.134909075425341,2022-04-13,2022-06-24,56.093360483251445
PO001681,SUP00005,PROD00172,2021-05-10,12,59.12508774997777,2023-09-03,2023-05-28,634.988603662233
PO001073,SUP00042,PROD00169,2024-02-06,11,26.93374975785721,2023-07-03,2022-05-31,242.08592703356427
PO001646,SUP00094,PROD00066,2021-09-28,13,66.13515382397452,2022-11-14,2023-12-24,731.0332348328313
PO001097,SUP00065,PROD00137,2021-11-11,18,6.460315845073784,2023-04-11,2021-04-24,343.7420799603084
PO000292,SUP00031,PROD00069,2022-05-03,10,30.460270702505433,2024-02-06,2021-09-14,166.6872852480362
PO000159,SUP00008,PROD00119,2023-05-16,17,60.29802804826922,2023-03-19,2024-02-24,825.097755932356
PO001915,SUP00027,PROD00125,2021-06-21,12,63.25865662692896,2022-12-05,2021-04-07,614.5033380698862
PO000852,SUP00023,PROD00095,2023-08-14,13,71.47213058320372,2023-12-04,2021-10-03,792.2762886164486
PO000702,SUP00027,PROD00025,2021-12-31,10,66.31491796569142,2024-03-01,2022-09-15,705.9595420646596
PO000713,SUP00067,PROD00067,2022-08-02,11,48.47909026466324,2021-08-09,2022-01-02,521.6585365121537
PO000758,SUP00058,PROD00021,2021-04-05,10,47.869335371626015,2023-10-05,2023-06-10,483.4643657085337
PO001890,SUP00083,PROD00158,2021-08-10,9,26.351240359015442,2023-02-11,2022-01-31,231.85537118348154
PO000126,SUP00007,PROD00068,2024-04-09,9,67.04147829498201,2024-02-27,2021-05-12,723.4620397093493
PO000239,SUP00073,PROD00091,2024-02-12,11,24.09938956350232,2022-06-09,2022-04-02,294.6536178818512
PO001580,SUP00066,PROD00014,2023-06-14,13,28.434775615830578,2021-11-09,2021-07-29,435.57291289409454
PO001099,SUP00089,PROD00026,2021-03-16,9,17.004664792416794,2022-07-09,2021-07-19,213.4426697032543
PO000258,SUP00029,PROD00147,2022-08-28,12,26.818511224907756,2022-04-12,2024-02-05,362.67611161893234
PO000069,SUP00061,PROD00126,2023-05-01,8,43.19932361264004,2021-08-13,2021-02-09,370.87970078436706
PO000449,SUP00075,PROD00196,2021-03-07,6,3.681002961983172,2022-04-26,2023-09-16,22.904778754855112
PO000522,SUP00074,PROD00091,2023-08-14,10,54.55899413049212,2021-12-11,2024-03-26,639.8405010389421
PO000029,SUP00043,PROD00075,2024-03-06,11,66.78819054175291,2023-10-02,2021-03-20,581.6012191244371
PO000433,SUP00018,PROD00046,2023-03-29,7,73.24260737401944,2023-10-14,2023-01-12,711.1673603875853
PO001477,SUP00090,PROD00105,2023-12-29,6,4.030878225739336,2023-01-28,2022-03-06,22.545015159426317
PO001711,SUP00032,PROD00042,2023-03-04,7,24.640132848196433,2022-04-12,2022-07-23,212.23780207785433
PO001797,SUP00030,PROD00115,2023-06-27,9,56.87967236405793,2022-01-25,2023-11-06,507.9222377945649
PO000780,SUP00065,PROD00078,2023-07-04,9,26.839738140638403,2021-03-03,2021-03-13,195.9786707188848
PO000639,SUP00050,PROD00029,2021-08-04,8,60.78498973465421,2022-06-15,2021-12-18,500.8444140253604
PO002000,SUP00016,PROD00111,2023-08-11,12,76.40735667770323,2023-02-20,2021-07-27,1040.3368577988488
PO001539,SUP00030,PROD00160,2024-02-19,12,26.469838308354504,2024-01-18,2024-03-16,324.1915290025836
PO001075,SUP00030,PROD00077,2021-09-12,12,8.311159389762762,2021-10-23,2021-09-04,136.52999318471888
PO000510,SUP00024,PROD00012,2023-11-14,12,13.757705988287684,2023-02-18,2021-09-26,162.8160985597346
PO000643,SUP00041,PROD00126,2022-07-02,14,66.14861948091378,2022-02-17,2023-03-26,891.5125615122616
PO001031,SUP00067,PROD00183,2021-04-09,7,28.883201043685798,2023-03-29,2022-06-18,120.212721170582
PO001085,SUP00086,PROD00047,2023-09-10,10,36.586092794909106,2022-11-08,2023-02-01,225.36220690329452
PO000028,SUP00088,PROD00060,2022-08-30,6,58.118969111317995,2023-04-20,2023-11-29,269.92474243221045
PO001919,SUP00083,PROD00181,2024-01-13,15,5.0950749880663695,2023-11-14,2023-09-07,85.99330197078811
PO001152,SUP00035,PROD00057,2021-03-02,11,44.614593686516514,2021-05-22,2023-08-30,607.2074841815144
PO001179,SUP00042,PROD00156,2023-09-20,10,55.4095765904744,2021-04-25,2023-03-31,660.5625523577069
PO000423,SUP00034,PROD00151,2023-03-08,14,47.05213626123739,2021-06-13,2023-12-23,484.9850929419895
PO001530,SUP00087,PROD00111,2021-07-07,7,67.28424665333344,2021-12-01,2021-10-03,425.30168587814734
PO001475,SUP00011,PROD00165,2022-07-07,10,22.34881746386662,2023-01-23,2022-12-01,181.67098587368147
PO000191,SUP00061,PROD00051,2022-04-21,11,61.36512452243905,2021-12-22,2021-03-13,701.3956323586741
PO001190,SUP00022,PROD00157,2023-11-23,4,53.41528051943017,2023-09-25,2022-06-18,138.54684106878213
PO001317,SUP00078,PROD00197,2022-07-07,10,37.982380784027974,2023-01-18,2021-10-19,382.4871612411261
PO001672,SUP00056,PROD00178,2022-12-17,10,41.01221114890666,2022-01-28,2022-03-20,317.16631634624497
PO000413,SUP00046,PROD00049,2022-10-27,15,35.07404077253368,2021-07-01,2024-01-16,473.87253840076255
PO001756,SUP00097,PROD00113,2023-11-08,11,35.87411436747982,2024-03-29,2022-01-21,506.06420992912825
PO000923,SUP00041,PROD00071,2022-04-29,14,32.616411402050616,2021-08-05,2021-05-31,576.2867382958192
PO000194,SUP00047,PROD00189,2021-02-06,10,47.51492326529091,2023-07-30,2021-09-12,423.0802803521588
PO000212,SUP00092,PROD00159,2023-09-23,14,36.239179345896034,2021-10-10,2023-07-30,517.9175167884273
PO000396,SUP00025,PROD00117,2023-02-04,8,53.44609992342207,2021-09-28,2022-03-08,307.73427691329994
PO000566,SUP00065,PROD00067,2023-06-05,8,6.173423101412412,2022-02-18,2022-05-07,39.59628804823752
PO000993,SUP00090,PROD00038,2023-05-05,10,8.834810645386101,2023-04-10,2023-03-09,96.90190204734238
PO001498,SUP00084,PROD00165,2022-11-07,10,50.44288465988415,2023-09-16,2022-01-27,457.4205360824435
PO000374,SUP00016,PROD00079,2022-11-01,12,71.70617799365975,2021-04-02,2023-05-07,892.6218701532748
PO001986,SUP00063,PROD00008,2023-05-08,9,9.082647742024443,2021-05-18,2021-05-27,41.42058531848847
PO000324,SUP00077,PROD00162,2023-04-26,19,11.71893376038505,2021-11-08,2021-08-15,493.1693407294746
PO001199,SUP00019,PROD00165,2022-03-20,14,56.434078548318766,2022-12-05,2024-02-13,678.7847975682472
PO001858,SUP00028,PROD00141,2021-06-04,12,73.0983993990835,2021-08-12,2022-05-07,871.8552774333559
PO001666,SUP00100,PROD00169,2023-01-29,10,78.75412628019991,2022-01-30,2023-09-19,1029.7329865574343
PO001296,SUP00090,PROD00032,2021-03-10,13,51.313019230393884,2021-07-17,2024-04-28,510.6384159987471
PO001431,SUP00013,PROD00114,2021-04-08,6,33.1123626314958,2021-04-06,2023-07-03,265.96013450641635
PO000269,SUP00068,PROD00004,2021-11-23,10,77.86341282295376,2023-06-21,2024-01-07,1010.918874119845
PO000020,SUP00096,PROD00156,2022-10-09,9,6.607137716269812,2024-01-30,2022-08-10,77.42148728945034
PO000869,SUP00056,PROD00118,2022-04-23,8,55.64040449559203,2022-09-15,2023-10-08,388.582839837368
PO000180,SUP00085,PROD00091,2023-01-21,9,75.6641951610298,2022-12-02,2021-07-07,830.3598199361516
PO000716,SUP00053,PROD00040,2021-08-06,14,66.97984361896853,2023-05-27,2023-03-14,746.1073520468223
PO000448,SUP00066,PROD00112,2024-04-08,9,35.8757709137508,2021-05-13,2023-01-30,378.5614304497716
PO001833,SUP00014,PROD00123,2022-09-04,14,20.44290961662242,2021-05-01,2022-04-03,295.1601720718418
PO001761,SUP00056,PROD00041,2022-08-29,8,54.26349625541035,2021-08-29,2022-02-24,381.9341568409654
PO001638,SUP00081,PROD00020,2024-04-03,9,60.482030026983146,2022-06-20,2024-02-17,454.64873398557563
PO001428,SUP00086,PROD00070,2023-10-13,7,79.30246961192053,2023-05-23,2022-10-14,836.864604102464
PO000309,SUP00020,PROD00037,2022-02-12,6,51.20670896093219,2022-01-17,2021-08-02,198.72733164115542
PO000097,SUP00086,PROD00018,2022-02-03,7,10.201118573607884,2021-06-05,2021-07-27,65.2880961470775
PO001308,SUP00085,PROD00152,2022-03-08,12,21.95244068818972,2021-11-10,2024-01-28,195.40229156193266
PO001285,SUP00060,PROD00059,2022-10-14,6,59.92876008048486,2021-08-28,2023-10-21,596.060904113647
PO000739,SUP00041,PROD00014,2021-02-18,10,77.9841844396289,2022-08-31,2021-07-21,901.7640955005658
PO000946,SUP00061,PROD00079,2024-01-31,17,54.81257324552963,2021-07-28,2021-06-21,1018.8217371404544
PO000979,SUP00087,PROD00118,2022-04-05,8,72.04224290435823,2022-06-15,2022-12-15,482.85350307215987
PO000480,SUP00079,PROD00078,2023-09-11,10,54.027345990830746,2023-08-25,2022-12-05,473.3080538226745
PO000629,SUP00082,PROD00066,2021-10-05,12,29.975366923053187,2021-10-10,2022-03-30,366.309634455332
PO000837,SUP00064,PROD00065,2021-02-03,8,60.7575974055549,2022-02-21,2023-07-07,550.3044964415247
PO001207,SUP00030,PROD00058,2023-09-17,13,27.3035094981924,2023-09-06,2022-04-01,443.56288727909475
PO001912,SUP00041,PROD00178,2023-07-24,9,77.90571397598426,2023-10-22,2022-08-27,854.6381709178587
PO001077,SUP00035,PROD00152,2021-09-24,15,57.08444546947899,2022-02-07,2022-12-23,786.2316394055297
PO001463,SUP00090,PROD00044,2023-10-23,10,12.64664040859053,2022-06-14,2023-01-25,144.54280133798503
PO001615,SUP00014,PROD00037,2022-01-08,10,11.035887495208051,2021-02-12,2023-04-19,122.80319003694176
PO000228,SUP00013,PROD00119,2022-11-10,9,10.232892453449631,2021-04-25,2022-01-16,83.53817385791783
PO001307,SUP00047,PROD00016,2023-12-15,14,50.58723752665697,2021-12-11,2023-04-14,753.36586338747
PO000965,SUP00045,PROD00174,2023-02-23,15,31.737571890240723,2023-09-21,2024-03-02,366.64088106274863
PO001145,SUP00080,PROD00105,2021-07-16,11,46.32263328241449,2023-02-14,2022-11-24,402.2920245089769
PO000077,SUP00085,PROD00067,2023-01-24,8,4.585028656154624,2022-08-27,2022-01-03,35.452037628898665
PO001813,SUP00098,PROD00196,2023-01-02,6,66.46660912808301,2023-09-03,2023-09-21,377.8595466998632
PO001906,SUP00047,PROD00034,2021-09-28,8,27.20086060654831,2024-01-25,2023-10-04,142.16035435396836
PO000007,SUP00038,PROD00131,2023-08-31,13,5.633792467614707,2021-03-04,2024-03-26,113.75513979998154
PO000426,SUP00090,PROD00138,2023-06-18,11,57.99571515422363,2021-08-22,2022-06-25,544.2619194813044
PO000361,SUP00026,PROD00022,2022-04-21,9,73.92625193897055,2021-06-23,2021-04-03,732.0460822597026
PO001563,SUP00056,PROD00071,2022-03-03,8,75.59263067846467,2021-04-23,2022-01-21,767.0091381908853
PO001197,SUP00038,PROD00112,2022-05-30,16,17.310786477424788,2022-01-21,2022-12-21,324.7552588464413
PO000355,SUP00030,PROD00007,2022-02-04,11,30.78110912803431,2022-07-09,2024-04-07,318.9453591667103
PO001628,SUP00070,PROD00129,2023-08-07,12,14.759260667142572,2021-03-13,2024-01-22,224.57101362700706
PO000707,SUP00075,PROD00032,2022-09-28,10,56.508387700988116,2022-02-15,2022-11-18,442.90707879089166
PO000922,SUP00005,PROD00013,2021-02-18,10,69.37248734047819,2021-05-28,2021-07-31,654.9609410758095
PO000775,SUP00037,PROD00037,2024-03-26,14,18.775532268489773,2023-07-23,2022-06-24,261.07321321434654
PO001043,SUP00047,PROD00152,2023-11-16,8,49.23985536092224,2021-12-25,2021-12-10,317.8572375774856
PO000961,SUP00018,PROD00111,2023-09-05,14,53.65761365341711,2023-08-01,2022-01-18,635.1309779400004
PO000550,SUP00053,PROD00045,2021-11-27,9,21.66331152066237,2021-09-05,2021-12-26,141.83795897275624
PO000850,SUP00095,PROD00080,2022-01-17,13,65.02905041488245,2021-06-21,2022-08-13,872.6834002492457
PO001817,SUP00010,PROD00004,2023-06-13,17,9.37126487922901,2021-02-24,2023-01-17,389.3010113049769
PO001006,SUP00094,PROD00024,2021-07-13,10,52.65211479208967,2022-05-10,2022-04-09,546.1048533063366
PO001833,SUP00011,PROD00024,2023-04-12,16,47.36268921909838,2022-04-12,2021-08-30,727.0629596356451
PO001101,SUP00008,PROD00038,2022-06-08,12,21.515134644414093,2022-10-18,2023-03-19,400.94431261497095
PO001538,SUP00071,PROD00184,2022-05-26,10,33.58425916244122,2023-04-06,2023-01-17,418.5939569509081
PO000588,SUP00053,PROD00018,2023-10-03,9,21.696803349339636,2021-12-30,2023-03-17,163.92966034005144
PO001581,SUP00082,PROD00200,2022-04-02,12,35.96021398882966,2023-04-28,2021-09-03,309.07321512446714
PO000529,SUP00071,PROD00082,2021-07-20,11,77.34365085841387,2021-09-23,2024-04-09,892.6879048739256
PO000040,SUP00040,PROD00042,2022-05-26,14,50.91918689101677,2023-01-08,2021-11-30,639.3720770789004
PO000322,SUP00062,PROD00128,2023-08-15,7,53.90957304496688,2021-03-15,2023-02-16,337.37960377920757
PO000044,SUP00009,PROD00109,2023-04-28,12,21.861156703118617,2021-07-21,2022-10-08,229.77054992287796
PO001895,SUP00046,PROD00117,2021-09-08,18,13.560203441974181,2022-03-16,2023-01-25,374.69655775234645
PO002000,SUP00081,PROD00152,2022-06-21,11,60.36686634558744,2023-07-11,2023-02-07,671.2114532047261
PO001525,SUP00045,PROD00152,2021-10-07,11,50.92022853345013,2022-01-01,2022-06-30,404.35813708845563
PO000217,SUP00013,PROD00183,2021-05-24,12,66.07868423983913,2023-07-05,2023-07-27,739.570752051062
PO001798,SUP00005,PROD00184,2022-03-29,11,57.547452717556986,2024-02-18,2022-01-22,614.9508338673919
PO001488,SUP00098,PROD00022,2021-10-29,9,19.541576239580994,2021-03-12,2021-06-25,190.76311316539056
PO000665,SUP00005,PROD00161,2022-09-01,13,47.44811012284411,2024-03-17,2022-12-23,625.0769483228735
PO001005,SUP00015,PROD00145,2023-06-08,12,13.03351095856646,2022-03-25,2023-08-13,203.3703700265992
PO001324,SUP00047,PROD00068,2023-01-08,11,38.09790984284175,2021-03-15,2024-03-16,497.3082071373858
PO000049,SUP00090,PROD00007,2024-03-27,10,63.814154603219194,2022-03-30,2021-05-02,657.5724220517005
PO001004,SUP00019,PROD00200,2022-10-12,8,42.626890853050604,2023-05-28,2023-08-23,288.8709797570097
PO001465,SUP00071,PROD00200,2022-02-27,5,69.12810554143455,2023-08-08,2024-04-07,430.03579611473555
PO000377,SUP00074,PROD00009,2024-01-24,10,43.70618547863772,2023-01-06,2023-10-02,531.6963184856572
PO000888,SUP00090,PROD00142,2023-03-17,11,76.67270503420124,2021-03-30,2021-02-12,728.3852953051145
PO001066,SUP00093,PROD00141,2021-02-18,10,59.74308886077368,2023-03-04,2023-07-10,561.869731778982
PO001472,SUP00074,PROD00125,2023-07-16,12,9.846177094702874,2021-12-22,2022-04-17,141.9015113838096
PO001929,SUP00065,PROD00136,2023-10-23,15,38.26094668994066,2022-05-25,2021-05-14,548.6515769965127
PO001697,SUP00014,PROD00016,2022-09-08,7,75.0905207628921,2022-07-19,2022-02-01,691.1613184952616
PO001244,SUP00049,PROD00185,2021-02-12,17,6.521999890951668,2024-03-14,2023-02-27,216.77028108490978
PO001168,SUP00059,PROD00133,2023-05-24,9,70.15609512588023,2022-11-14,2024-04-24,711.9069975772803
PO001207,SUP00013,PROD00020,2022-08-07,15,71.66132526529883,2021-07-11,2024-04-15,1033.05152691238
PO001091,SUP00048,PROD00190,2022-08-07,10,31.509750739289583,2022-05-23,2021-06-13,305.18030487757676
PO000119,SUP00082,PROD00144,2023-05-27,8,42.3233581259714,2022-10-08,2022-05-22,429.4858858177108
PO001397,SUP00069,PROD00038,2021-10-22,14,48.55731635440942,2022-11-11,2021-03-20,433.42254327699806
PO001433,SUP00014,PROD00070,2023-04-24,13,5.743562461827306,2022-05-16,2022-12-26,110.9351712058575
PO001025,SUP00036,PROD00139,2021-05-08,12,22.49508362583828,2024-01-18,2022-04-22,237.33130591574445
PO001741,SUP00045,PROD00094,2021-02-17,8,40.648913741763664,2021-03-31,2021-06-21,238.7604111940181
PO001345,SUP00011,PROD00138,2022-01-31,12,9.978296489785889,2021-02-28,2023-03-15,120.38652256538035
PO000726,SUP00020,PROD00132,2021-08-26,10,64.16529415055243,2021-12-10,2021-07-17,709.7996982129644
PO000040,SUP00035,PROD00012,2021-05-03,13,59.29876202177936,2022-12-22,2022-06-22,781.3783435975533
PO000119,SUP00091,PROD00163,2023-08-11,14,31.578568787912424,2022-12-10,2021-06-15,431.1867561378414
PO000704,SUP00074,PROD00037,2021-04-21,8,55.95385730557591,2023-11-27,2022-06-08,532.8973107217363
PO000925,SUP00080,PROD00185,2021-01-28,13,56.35446703683524,2021-07-12,2022-10-14,693.4819865008087
PO000334,SUP00040,PROD00161,2021-06-30,10,68.24862175319154,2023-04-06,2021-03-25,818.957704302786
PO000379,SUP00005,PROD00119,2022-09-01,8,49.070503111565785,2021-08-10,2022-07-26,369.7818654233597
PO000461,SUP00065,PROD00059,2023-07-01,22,8.857877292616854,2021-03-12,2023-12-30,486.3332174863607
PO001562,SUP00040,PROD00165,2022-03-05,16,39.289329462999966,2024-04-21,2023-09-05,474.520442831352
PO001543,SUP00005,PROD00159,2023-12-29,17,15.795899816644,2024-01-15,2022-06-21,386.2974822283827
PO000766,SUP00029,PROD00049,2023-11-15,12,75.2286583272239,2023-09-16,2021-04-24,1046.2804358852268
PO000345,SUP00003,PROD00168,2022-08-26,8,45.531024449173266,2021-09-24,2023-07-11,280.1350542007327
PO000222,SUP00060,PROD00011,2022-11-09,12,47.64510002629727,2021-05-13,2024-01-26,678.4974078594
PO000175,SUP00071,PROD00037,2023-09-10,11,15.414396834376664,2024-04-18,2022-01-11,119.11652605190075
PO000783,SUP00022,PROD00137,2021-04-16,15,68.63740886620522,2022-05-10,2024-04-22,804.7821817993641
PO000092,SUP00100,PROD00010,2023-08-03,12,47.50680982006121,2021-12-01,2022-02-01,443.53721487999917
PO000668,SUP00072,PROD00117,2021-03-23,12,64.94623517565428,2022-07-24,2022-08-15,778.0649794352935
PO001924,SUP00011,PROD00040,2021-02-16,11,12.188217344712134,2022-06-09,2022-12-14,149.2979445362451
PO001016,SUP00078,PROD00148,2024-03-18,9,71.38500028263655,2023-03-27,2024-01-15,660.171317758471
PO001646,SUP00038,PROD00126,2021-11-06,12,32.93242796506035,2022-08-16,2023-07-31,231.46680313786837
PO000259,SUP00086,PROD00059,2021-05-26,16,46.33830470204539,2023-07-28,2024-04-20,706.5280555389845
PO000537,SUP00070,PROD00179,2022-03-01,21,47.869362623271996,2022-08-19,2022-12-04,894.7046492143709
PO001894,SUP00002,PROD00199,2022-02-16,11,27.817687357965806,2022-05-14,2022-12-30,289.48642748384634
PO000768,SUP00062,PROD00037,2022-05-23,18,29.729138979931,2023-09-16,2023-07-03,722.8850066158233
PO001297,SUP00077,PROD00105,2023-12-10,12,17.7006772101914,2024-03-27,2022-11-03,169.60925810209616
PO001953,SUP00041,PROD00004,2023-01-02,7,19.61436089341562,2023-12-22,2021-03-20,112.30511135521925
PO001102,SUP00084,PROD00022,2024-03-04,7,79.13084376499634,2023-06-21,2023-04-03,969.2807062303876
PO000611,SUP00085,PROD00184,2021-07-07,6,75.1289222627617,2022-04-12,2022-07-24,721.99411816122
PO001064,SUP00033,PROD00052,2023-05-21,12,3.4958956704043618,2021-09-08,2022-04-11,41.22410035271257
PO000110,SUP00042,PROD00036,2021-12-11,13,26.465035268728133,2023-08-27,2022-09-26,464.9247989179125
PO000225,SUP00041,PROD00020,2024-04-08,11,49.61158207627804,2023-09-25,2024-02-21,549.4189256224697
PO000015,SUP00063,PROD00067,2022-08-11,10,29.697287446156583,2022-08-13,2021-11-07,252.859315230394
PO001769,SUP00072,PROD00026,2021-01-09,12,5.634808985517685,2024-02-19,2024-02-18,103.35060782484338
PO001343,SUP00039,PROD00185,2024-02-23,7,8.057727301148008,2023-09-15,2023-04-02,83.08879366873438
PO000597,SUP00074,PROD00011,2022-04-05,21,5.628560142534309,2022-07-12,2021-04-03,231.26018093738887
PO000443,SUP00015,PROD00050,2023-02-11,13,53.07309075089095,2021-02-21,2021-03-15,684.4552253735964
PO001367,SUP00063,PROD00147,2022-06-27,6,8.048163155852315,2022-11-10,2024-01-16,58.24506078661124
PO001840,SUP00080,PROD00138,2022-09-04,11,11.653059741143863,2023-06-03,2022-04-01,108.94719818733006
PO000599,SUP00037,PROD00177,2023-09-06,12,5.261171795913736,2021-10-22,2021-06-09,102.36251602794262
PO000644,SUP00071,PROD00066,2022-03-24,11,33.27538302014037,2022-06-18,2024-04-08,353.2863665405677
PO001709,SUP00066,PROD00114,2022-11-22,10,27.626088000513857,2023-09-03,2021-02-06,213.4616095418912
PO001787,SUP00033,PROD00052,2024-01-15,10,71.91904272012158,2021-07-09,2021-02-02,772.6280392698812
PO001829,SUP00033,PROD00123,2024-04-09,11,38.45569703510609,2023-07-11,2023-09-12,443.34764136890965
PO000587,SUP00063,PROD00055,2024-03-19,16,40.11784155646688,2023-08-06,2023-06-27,631.3228405429546
PO000241,SUP00092,PROD00097,2022-09-05,13,52.652386981061916,2021-12-31,2023-03-13,488.9335383910789
PO000880,SUP00074,PROD00151,2021-10-24,15,54.54294208990401,2024-05-03,2021-12-03,622.5131909183025
PO000592,SUP00034,PROD00111,2023-06-30,14,6.971977161328976,2023-01-14,2023-11-28,131.02561765753907
PO001768,SUP00056,PROD00138,2021-02-19,14,21.821140248283786,2022-08-20,2022-09-11,315.2084802567926
PO000074,SUP00061,PROD00075,2022-06-26,8,29.760394498873005,2021-11-27,2023-05-14,171.2099484194651
PO001268,SUP00069,PROD00131,2024-03-09,13,54.03423211294856,2023-07-23,2022-06-08,739.6998326366091
PO001813,SUP00005,PROD00097,2023-09-23,8,63.924511174821866,2022-07-22,2024-04-05,428.9910457474933
PO001954,SUP00074,PROD00052,2021-01-04,16,12.223699676395908,2021-07-06,2023-10-28,317.260831903414
PO001301,SUP00039,PROD00008,2023-01-21,14,42.91605992797387,2024-04-02,2022-06-24,546.1686148349395
PO001900,SUP00034,PROD00087,2022-07-23,8,58.51435811330833,2022-10-19,2023-12-02,606.4005650446908
PO000152,SUP00054,PROD00166,2024-02-05,17,77.71424957049045,2023-10-05,2022-12-25,1248.6754368457352
PO000719,SUP00010,PROD00124,2021-11-23,17,32.040039364075575,2021-10-24,2023-12-09,534.4195752955565
PO000018,SUP00092,PROD00179,2024-03-15,11,58.59988078085917,2022-10-23,2022-12-25,681.6633107889674
PO001963,SUP00056,PROD00069,2022-10-12,7,71.23726056726979,2022-09-25,2021-09-21,530.7376685855711
PO001806,SUP00063,PROD00091,2023-08-25,9,12.268626715175277,2022-11-25,2022-03-26,114.75510809286945
PO000057,SUP00033,PROD00044,2022-12-12,9,52.21722348354196,2022-10-24,2022-03-19,577.2285873816805
PO000037,SUP00039,PROD00153,2023-11-19,10,49.259741111476046,2021-10-12,2021-12-03,528.7565184038958
PO000734,SUP00059,PROD00157,2021-10-13,10,65.22484983719667,2022-11-02,2021-12-23,676.8362854378304
PO000518,SUP00010,PROD00148,2021-08-29,11,31.581292608045047,2021-08-01,2022-04-11,507.84708598730697
PO001694,SUP00059,PROD00104,2022-04-28,5,61.45565928387241,2022-04-12,2021-03-10,322.6074748754684
PO000321,SUP00038,PROD00099,2024-02-12,11,39.98034078199218,2021-04-30,2023-12-30,410.65895065514326
PO001582,SUP00012,PROD00056,2022-09-25,11,41.773617987837895,2024-03-14,2022-07-28,451.2860745209744
PO001109,SUP00069,PROD00048,2023-08-15,8,57.712156846113864,2021-09-05,2024-04-28,729.7625759317648
PO000755,SUP00078,PROD00154,2021-10-03,12,61.92755940302592,2022-12-17,2023-11-09,603.3299162391033
PO000292,SUP00095,PROD00173,2021-11-28,8,52.6489906590533,2021-12-30,2022-07-31,368.3816941244741
PO001996,SUP00041,PROD00039,2022-01-07,11,12.507090107924332,2021-09-24,2021-08-30,163.38044586074219
PO001236,SUP00096,PROD00050,2023-02-17,20,64.25826033151334,2021-02-07,2023-04-13,963.0717330885589
PO000879,SUP00035,PROD00023,2022-03-07,12,5.113706361110887,2024-01-15,2022-08-15,88.87674879664243
PO000743,SUP00049,PROD00182,2024-01-29,13,61.629224100034435,2023-05-26,2022-05-14,705.9759053210364
PO001812,SUP00070,PROD00128,2023-11-22,10,51.08626074922007,2021-07-06,2024-03-19,332.5102139030084
PO001643,SUP00091,PROD00119,2021-01-27,9,17.12362915811989,2022-02-18,2024-04-01,124.12699125437524
PO001623,SUP00071,PROD00072,2023-05-19,13,54.151258067896485,2023-05-13,2024-03-11,574.6187551642564
PO001233,SUP00100,PROD00060,2021-12-04,15,76.83917623050334,2023-12-26,2023-11-24,1209.9400554923702
PO001776,SUP00083,PROD00020,2023-02-20,8,60.37190518069168,2022-08-16,2023-07-10,485.34912766915227
PO000599,SUP00014,PROD00019,2022-12-25,10,77.22885192287164,2022-08-16,2022-03-16,873.0539705396361
PO001408,SUP00087,PROD00180,2022-08-03,9,26.315429295434487,2022-12-02,2022-12-22,176.96763728234225
PO000809,SUP00049,PROD00029,2022-11-01,9,5.021657658512371,2021-09-25,2023-11-03,55.8364641140458
PO001200,SUP00060,PROD00058,2022-07-20,10,63.615341086233315,2023-07-25,2023-09-29,449.58585964156157
PO001997,SUP00041,PROD00123,2024-02-03,11,14.779743761095864,2022-07-03,2024-04-09,160.79650524158802
PO001970,SUP00052,PROD00169,2023-02-23,14,41.10617217213942,2022-11-30,2021-01-29,398.10883000029276
PO001026,SUP00019,PROD00084,2022-06-26,8,63.82183766483934,2023-08-28,2023-12-02,704.9483065881091
PO001148,SUP00099,PROD00087,2024-03-02,5,53.00212911503058,2024-02-17,2024-01-16,143.3376251735541
PO001795,SUP00014,PROD00151,2023-04-24,10,55.1680158462763,2022-11-08,2021-08-30,402.4195522883148
PO001972,SUP00079,PROD00188,2021-02-14,9,5.0377628891308674,2021-09-19,2023-06-05,56.81038589532907
PO001558,SUP00040,PROD00093,2021-02-27,14,51.65116565193073,2022-10-29,2022-01-20,650.2000674163623
PO000131,SUP00041,PROD00192,2021-06-04,13,46.528025445717745,2021-03-16,2021-04-27,443.6950222198245
PO000646,SUP00057,PROD00058,2023-01-12,9,6.885347697148659,2022-11-30,2023-01-02,89.59699319345827
PO001794,SUP00037,PROD00016,2022-12-17,10,74.77634035550474,2023-12-30,2023-03-30,736.8790749714013
PO001537,SUP00079,PROD00013,2021-10-04,11,35.73692358876118,2022-06-30,2022-11-01,324.2292093512485
PO001485,SUP00042,PROD00001,2023-03-14,9,74.44697037287926,2024-01-02,2021-10-28,754.1102816505386
PO001336,SUP00074,PROD00132,2022-10-30,9,56.960394628122025,2024-02-29,2021-11-30,646.5555654571406
PO000831,SUP00038,PROD00173,2022-10-06,15,29.07881766762232,2024-01-07,2022-04-13,424.9110649892654
PO000807,SUP00092,PROD00045,2021-01-04,11,42.052634719691916,2023-04-12,2022-12-15,283.3984207805827
PO001618,SUP00048,PROD00054,2023-09-12,8,10.96269560489266,2022-04-03,2023-06-17,100.51849304805073
PO000588,SUP00075,PROD00091,2021-06-08,12,63.63545869634325,2021-11-30,2024-02-06,645.4781793362052
PO001370,SUP00059,PROD00054,2022-05-13,10,11.152664144824163,2021-01-29,2022-06-18,122.67540792682013
PO001453,SUP00084,PROD00025,2021-06-24,12,5.687452680231792,2022-02-02,2023-01-26,111.69444882058174
PO001690,SUP00049,PROD00040,2021-11-26,11,76.2359754251602,2023-01-26,2023-11-16,849.3121092572969
PO000640,SUP00027,PROD00077,2021-06-10,11,25.486240065089184,2023-06-01,2021-08-30,177.49288430896596
PO001484,SUP00097,PROD00129,2024-02-21,7,63.86390791870656,2024-01-02,2022-04-11,474.8312447962383
PO000213,SUP00081,PROD00148,2022-11-09,15,71.13124213795184,2021-02-24,2024-03-10,982.6177920057282
PO000277,SUP00032,PROD00181,2023-07-09,11,4.66315910467417,2023-04-17,2021-06-17,53.914216612429186
PO000835,SUP00051,PROD00031,2021-01-22,6,42.471267268309845,2022-12-05,2023-11-15,168.90664702972467
PO000111,SUP00042,PROD00125,2022-10-30,5,60.254755333613616,2023-02-28,2022-08-17,312.019091347308
PO001896,SUP00038,PROD00023,2023-09-16,13,66.7128647604437,2023-09-20,2023-03-30,726.9937823810023
PO001804,SUP00011,PROD00194,2022-07-19,10,26.342650343631757,2022-12-17,2021-05-22,340.15013689158724
PO000098,SUP00081,PROD00041,2023-10-10,9,52.672264549287654,2022-08-09,2021-03-07,400.9558381832995
PO001677,SUP00024,PROD00072,2021-12-17,14,66.224113835428,2022-11-05,2021-12-13,892.6757598991113
PO001018,SUP00051,PROD00115,2023-12-10,6,5.096045045401757,2022-12-30,2021-06-10,33.76145140803259
PO001404,SUP00094,PROD00156,2021-03-22,12,52.96283641245576,2021-08-06,2023-09-09,637.7378521459862
PO001774,SUP00038,PROD00132,2021-12-07,14,30.857588001908397,2023-10-25,2023-07-03,408.13852280145244
PO001154,SUP00095,PROD00054,2023-07-01,11,13.74731867027254,2022-07-08,2022-01-02,161.6892673336638
PO000233,SUP00034,PROD00136,2022-06-20,19,21.49088219866904,2024-01-29,2023-01-07,499.19244595985873
PO000006,SUP00080,PROD00113,2021-06-16,8,38.663043998833075,2022-12-29,2022-08-07,388.3060434581589
PO000994,SUP00065,PROD00064,2022-10-16,8,26.324976062684144,2021-09-18,2021-08-01,194.13092936349094
PO001899,SUP00069,PROD00108,2022-08-02,9,40.022528046341435,2024-03-08,2023-01-30,369.9976041767666
PO001146,SUP00088,PROD00110,2022-02-28,11,29.102761711104183,2022-07-02,2024-01-12,298.9018679746063
PO000746,SUP00021,PROD00154,2024-04-02,11,27.608675286073893,2021-03-07,2023-06-30,289.8262467018697
PO000062,SUP00049,PROD00010,2023-09-12,17,39.974053636905964,2022-08-16,2022-05-31,598.7003732292493
PO001830,SUP00063,PROD00165,2021-02-19,9,29.57169238881461,2021-01-30,2023-09-17,353.0257954479496
PO000655,SUP00076,PROD00163,2021-02-23,10,71.7421748693875,2021-02-12,2023-07-24,700.1800418852522
PO001410,SUP00015,PROD00142,2022-05-26,7,53.131398826086844,2021-07-31,2024-04-08,299.74908269418825
PO001389,SUP00050,PROD00052,2022-04-16,15,77.26598238645454,2022-03-06,2021-06-11,1124.0057467542392
PO000508,SUP00100,PROD00100,2022-09-05,17,66.63236935976656,2022-03-11,2023-09-19,859.6303979909633
PO000128,SUP00058,PROD00027,2023-01-01,8,25.724210767550172,2021-04-26,2023-03-28,244.58407530865543
PO000771,SUP00100,PROD00036,2022-03-15,7,38.997212305565384,2021-04-03,2021-02-10,183.40922819141446
PO000635,SUP00052,PROD00091,2022-11-12,9,30.129672829482455,2023-01-15,2021-03-28,238.65673834409174
PO001401,SUP00068,PROD00008,2021-02-16,7,19.263386959308136,2021-10-26,2021-08-14,110.76023598051015
PO001640,SUP00001,PROD00182,2024-02-14,12,12.533363625794891,2023-01-29,2021-05-10,163.96294637952496
PO000445,SUP00064,PROD00001,2023-01-02,7,70.15541073785216,2022-06-16,2023-06-02,468.85927789706824
PO001057,SUP00027,PROD00103,2021-06-11,10,34.73806648942364,2022-07-21,2024-01-23,323.43306652336474
PO000082,SUP00030,PROD00103,2021-01-30,6,31.10144023828739,2023-08-01,2022-03-26,143.32657467590465
PO000429,SUP00078,PROD00039,2022-01-18,8,42.26589468301274,2022-08-16,2021-03-18,405.3722673166693
PO001524,SUP00029,PROD00168,2022-11-21,10,13.565063257912986,2023-01-08,2022-09-01,225.37520898101226
PO001587,SUP00058,PROD00091,2022-02-14,13,72.549683315676,2022-02-23,2023-05-29,931.178653379566
PO001553,SUP00092,PROD00002,2023-04-26,13,62.81956785498086,2024-05-01,2023-07-08,700.5443358426879
PO000285,SUP00036,PROD00054,2024-01-02,13,13.729927995620386,2023-12-12,2023-03-21,233.67051797079742
PO001103,SUP00099,PROD00087,2022-03-19,11,78.03828211963175,2024-02-24,2022-02-07,1049.8170582265848
PO000846,SUP00011,PROD00064,2023-04-02,4,68.2487169922185,2021-08-31,2021-10-09,454.7618732940159
PO001983,SUP00044,PROD00060,2023-07-20,8,46.22341883122837,2022-03-24,2021-03-18,404.97114725273707
PO001309,SUP00003,PROD00125,2021-08-17,10,64.23563126275401,2022-01-18,2023-04-02,676.0175670150262
PO001871,SUP00028,PROD00192,2023-08-25,13,3.6951566779791896,2023-01-02,2021-11-12,66.90453424878837
PO000291,SUP00005,PROD00114,2024-04-11,13,24.06728762095775,2022-03-29,2022-12-21,244.30229857755853
PO000902,SUP00032,PROD00002,2023-05-07,8,33.212859847791826,2021-03-20,2023-10-05,244.01213255218588
PO001544,SUP00094,PROD00046,2021-08-14,13,41.19072848474703,2021-04-30,2021-02-14,502.5266107499661
PO000736,SUP00004,PROD00171,2023-08-26,16,79.44658840035903,2021-02-15,2021-06-15,1416.583531875031
PO001266,SUP00072,PROD00158,2023-11-13,10,26.50030704186406,2023-01-18,2023-08-03,342.7496398852964
PO001024,SUP00006,PROD00072,2023-02-26,11,25.290582902969177,2023-08-25,2022-04-20,365.6999981012497
PO001984,SUP00085,PROD00097,2023-08-08,8,52.12603225642439,2022-08-20,2022-12-25,230.8353582576446
PO000348,SUP00094,PROD00093,2023-07-23,14,45.58270572501698,2023-10-27,2021-05-27,568.4374149170097
PO001871,SUP00007,PROD00180,2021-10-02,10,16.941887263104377,2022-03-10,2023-03-23,235.6144626273143
PO000804,SUP00060,PROD00173,2023-09-18,12,42.27926608509991,2024-03-28,2024-02-14,545.741238986212
PO000936,SUP00046,PROD00016,2022-02-25,5,26.856213596772193,2021-10-26,2022-08-17,79.22545378924819
PO001058,SUP00015,PROD00039,2023-09-02,14,8.699891217501554,2022-02-17,2021-05-07,197.97453310041098
PO000531,SUP00013,PROD00125,2023-11-06,13,36.502242541510235,2022-04-20,2021-11-01,555.1251615797846
PO001928,SUP00042,PROD00164,2023-01-21,12,43.34455630790304,2023-04-10,2022-02-14,590.995213132792
PO001823,SUP00046,PROD00113,2024-03-12,10,4.718185287091432,2024-02-04,2021-07-30,57.1364027094084
PO001946,SUP00046,PROD00065,2022-07-23,13,35.95047206584337,2022-09-09,2023-06-05,429.02551714317485
PO001994,SUP00065,PROD00163,2022-03-28,8,47.10468295976566,2022-09-01,2024-05-08,401.46456813654964
PO001340,SUP00080,PROD00075,2022-05-26,11,71.35933744375856,2021-10-19,2021-04-24,800.69916309752
PO000904,SUP00062,PROD00127,2021-07-11,7,8.292732464827532,2024-02-17,2023-03-14,45.97583735994842
PO001702,SUP00021,PROD00143,2023-10-08,17,43.45171012357001,2021-05-23,2023-05-03,494.68874122539853
PO000048,SUP00063,PROD00004,2022-12-25,21,30.11565536457208,2023-04-06,2021-07-06,782.3042647203331
PO001669,SUP00075,PROD00199,2021-06-11,12,66.9750880226201,2023-12-27,2022-06-11,790.9646013615563
PO000995,SUP00078,PROD00177,2023-03-06,15,7.040456443634006,2021-01-20,2021-06-25,203.9700174739237
PO001347,SUP00050,PROD00070,2021-02-21,14,47.86891548766214,2021-02-24,2022-06-18,577.2776788828775
PO000749,SUP00070,PROD00095,2023-10-03,8,77.36552037111322,2023-06-30,2021-07-27,713.4866084790303
PO000738,SUP00098,PROD00002,2023-06-20,9,72.53725242130014,2021-02-19,2024-04-13,736.8508479552621
PO000064,SUP00077,PROD00177,2022-10-16,5,79.4555855442854,2021-07-11,2021-03-13,766.9568632584649
PO000848,SUP00014,PROD00101,2021-04-18,10,56.15371312277697,2023-04-08,2021-08-15,650.2214585570333
PO000817,SUP00097,PROD00177,2023-01-04,15,46.40241042136043,2022-03-01,2021-06-22,635.8539388524821
PO000450,SUP00092,PROD00084,2022-11-14,9,53.71386795624262,2024-01-17,2022-08-13,425.2268360082896
PO000495,SUP00018,PROD00133,2023-11-03,12,58.83179996610985,2024-01-14,2023-04-08,683.9523755719242
PO001169,SUP00055,PROD00004,2023-01-21,15,52.15083966588151,2021-02-18,2023-06-16,755.5938623578847
PO000636,SUP00067,PROD00131,2021-07-18,12,51.93467219329267,2023-01-25,2022-06-04,568.2585611302165
PO001661,SUP00058,PROD00120,2021-07-20,12,63.114150758900635,2021-07-24,2022-02-10,704.4050804367305
PO000223,SUP00098,PROD00051,2022-04-29,8,75.66418696900979,2022-01-31,2023-08-09,726.7807801203008
PO001156,SUP00031,PROD00071,2022-04-05,8,28.31134230130186,2021-05-29,2022-04-05,335.04191722809935
PO000321,SUP00059,PROD00192,2022-06-17,13,8.84460494412287,2024-02-07,2022-11-29,205.07380737418694
PO001057,SUP00039,PROD00170,2022-07-19,7,15.16676246961411,2022-01-27,2022-12-07,40.72038147863233
PO001106,SUP00047,PROD00023,2023-01-08,13,45.82213205016139,2022-03-25,2021-03-18,579.9077481354284
PO001285,SUP00085,PROD00175,2023-02-25,15,17.705007377909045,2021-11-07,2022-03-30,351.20365969622463
PO000855,SUP00017,PROD00038,2023-12-30,7,36.82787744403028,2023-02-04,2021-09-19,169.71796872979291
PO001019,SUP00035,PROD00105,2023-03-29,9,9.31708950257607,2021-12-30,2023-12-30,68.79437620988081
PO000362,SUP00053,PROD00200,2022-04-05,10,65.48555527615027,2022-04-08,2024-04-09,600.668288682226
PO000927,SUP00007,PROD00013,2022-09-26,8,77.20493445226953,2023-01-25,2023-10-05,830.1742084514445
PO000747,SUP00051,PROD00089,2023-06-12,15,42.27570805954609,2022-09-25,2022-04-24,643.3876972929006
PO001333,SUP00088,PROD00067,2022-12-29,8,45.434088730159445,2021-07-06,2023-08-09,330.7991731010772
PO000870,SUP00029,PROD00047,2023-04-24,12,24.03306637530727,2021-06-29,2023-05-08,305.5420422145711
PO001559,SUP00046,PROD00037,2021-07-24,9,14.74763347200964,2023-07-05,2023-09-29,161.73180275104562
PO000852,SUP00078,PROD00188,2021-06-14,7,71.56009961479711,2022-07-02,2023-01-24,593.9707627043489
PO000472,SUP00064,PROD00036,2023-09-23,11,16.262916827653946,2023-10-07,2024-03-21,230.25936630937548
PO000548,SUP00075,PROD00199,2021-09-30,9,58.45305671140517,2023-01-15,2022-10-14,557.7330148942933
PO000091,SUP00083,PROD00127,2023-12-14,9,34.235314787276415,2021-02-24,2021-07-18,326.84318280881587
PO001080,SUP00003,PROD00134,2021-04-23,10,64.19033111577565,2021-12-30,2022-09-23,774.1236753579831
PO001662,SUP00005,PROD00114,2024-02-08,9,23.808654359457233,2024-04-04,2023-07-30,192.27815957309892
PO001539,SUP00001,PROD00011,2021-10-09,4,71.36659923333346,2023-05-13,2023-10-05,331.0802348505707
PO000876,SUP00075,PROD00081,2021-07-19,10,47.35913256742802,2023-05-07,2021-04-03,438.289754508586
PO000393,SUP00049,PROD00058,2021-12-02,9,21.083226768389615,2023-11-03,2023-11-26,110.96866677204822
PO001727,SUP00002,PROD00055,2022-08-05,9,38.578417486404156,2021-07-24,2021-10-30,313.5120760190786
PO000114,SUP00083,PROD00052,2021-12-08,19,27.01060850895003,2023-06-26,2023-01-02,428.0528308940257
PO000799,SUP00037,PROD00133,2024-03-18,11,54.05151908424921,2021-10-24,2022-11-03,518.7813141235495
PO001714,SUP00088,PROD00098,2021-09-04,12,13.015068471848119,2021-01-20,2022-08-27,177.0291115868376
PO000787,SUP00069,PROD00037,2023-07-09,11,50.8215807622426,2023-01-24,2022-03-07,508.11305048040424
PO000236,SUP00061,PROD00075,2021-05-05,10,45.79308272361364,2024-03-31,2024-04-27,454.19966441604686
PO000532,SUP00082,PROD00079,2023-02-14,7,42.31819022356192,2023-11-15,2023-08-14,178.144659667075
PO001201,SUP00088,PROD00046,2021-06-26,16,69.92787408962427,2021-06-01,2022-02-11,1015.8354038607812
PO000305,SUP00079,PROD00100,2024-04-14,6,42.36122856555758,2022-06-01,2022-08-29,326.3495740043748
PO001310,SUP00020,PROD00045,2021-07-25,12,52.87749396215476,2023-01-06,2022-04-09,674.8765274706772
PO000877,SUP00055,PROD00019,2021-07-12,11,69.11943005943243,2022-05-21,2023-04-24,756.3527799108958
PO000669,SUP00004,PROD00143,2023-02-16,8,3.1532225221052945,2021-05-22,2022-06-30,29.480944032475673
PO000482,SUP00014,PROD00038,2022-03-21,10,13.591233816592501,2021-04-30,2021-06-11,102.95189829059494
PO001647,SUP00005,PROD00078,2023-06-22,5,29.082358392629992,2024-01-05,2023-10-24,181.79837582968727
PO000794,SUP00013,PROD00135,2024-04-01,4,68.12654861659833,2021-03-20,2022-02-11,337.7011807797886
PO001477,SUP00080,PROD00031,2021-10-22,9,26.032797142856673,2021-02-12,2022-08-31,252.90911640596997
PO000881,SUP00014,PROD00176,2021-08-29,8,73.10022617142683,2021-10-02,2024-01-25,713.6767750483452
PO000184,SUP00026,PROD00022,2021-02-07,10,42.275687087534465,2022-05-03,2022-10-18,457.38323894177455
PO000882,SUP00024,PROD00029,2022-12-18,13,58.191711327242594,2024-03-16,2023-01-29,722.1787658718462
PO001016,SUP00040,PROD00027,2024-01-10,9,77.87457514459498,2024-02-01,2023-07-03,931.5355563199404
PO000916,SUP00055,PROD00105,2021-04-25,10,5.608703357171587,2022-11-22,2022-02-26,40.51093904432652
PO001633,SUP00093,PROD00087,2022-12-28,18,79.32822809109996,2022-06-16,2021-04-23,1355.2328127912908
PO001822,SUP00071,PROD00196,2021-01-20,7,23.32082857115006,2023-11-13,2021-01-16,137.9199345177445
PO001574,SUP00069,PROD00060,2021-06-19,9,27.071302752528414,2021-08-01,2021-05-08,176.9539180207933
PO001166,SUP00051,PROD00124,2023-11-25,12,33.55784936843687,2022-01-21,2023-09-15,404.77836384899194
PO001083,SUP00030,PROD00025,2022-08-12,8,26.903521049283892,2021-12-25,2023-05-30,132.48463621653303
PO001290,SUP00076,PROD00111,2023-05-11,7,9.114726372141982,2023-11-10,2022-05-05,46.96657478749282
PO000576,SUP00043,PROD00134,2021-06-11,11,44.153403784720474,2024-03-23,2023-03-02,420.6267172833472
PO001624,SUP00035,PROD00085,2023-10-14,11,42.73243229334405,2023-08-27,2023-12-30,428.22961686302204
PO001714,SUP00062,PROD00185,2023-11-18,21,72.10766522703231,2023-03-17,2021-05-13,1229.6850154357192
PO000535,SUP00089,PROD00050,2022-10-02,6,46.649331236146956,2023-01-11,2023-07-10,233.76118830157995
PO001806,SUP00095,PROD00155,2024-02-16,17,42.31858211424968,2021-02-04,2021-05-29,635.1083701368375
PO001698,SUP00080,PROD00043,2022-06-18,8,31.737396033568654,2022-05-21,2022-01-01,196.0724552150311
PO000849,SUP00084,PROD00072,2022-01-06,16,37.30084356158036,2021-12-11,2021-12-23,424.58782766533807
PO001819,SUP00048,PROD00072,2022-03-23,7,78.62059729570468,2022-06-15,2022-06-30,804.9252980006232
PO000241,SUP00053,PROD00066,2022-12-03,8,74.94475737300002,2023-10-05,2023-11-30,673.6685871491544
PO000056,SUP00041,PROD00036,2023-05-23,10,78.41562937359605,2022-07-05,2023-07-21,1150.0287574725562
PO000696,SUP00005,PROD00125,2021-04-03,11,31.686062653879464,2022-03-16,2021-05-02,265.7888691038782
PO001131,SUP00061,PROD00027,2021-07-12,10,77.37676648084117,2022-08-29,2022-07-11,923.2061838324078
PO000703,SUP00045,PROD00138,2021-12-17,12,11.659956398343777,2024-02-18,2023-08-05,204.04582603791806
PO001885,SUP00025,PROD00180,2023-07-07,12,60.227394133033116,2023-08-22,2023-06-05,669.9212821141303
PO000510,SUP00097,PROD00069,2023-11-23,18,26.053128608072836,2023-02-18,2023-10-24,414.0706322786527
PO000563,SUP00021,PROD00111,2023-03-16,15,36.40219179253506,2021-07-07,2023-10-13,433.66168302267374
PO001270,SUP00068,PROD00167,2023-09-30,10,63.62598961101494,2021-03-07,2023-04-02,635.1566128483375
PO000008,SUP00041,PROD00069,2022-07-20,15,68.51881633626918,2022-08-08,2023-07-12,974.4786335412886
PO001456,SUP00082,PROD00052,2022-09-11,8,40.26564382915614,2021-07-31,2023-03-18,269.9217205603576
PO000755,SUP00034,PROD00112,2023-06-21,11,61.00481471503768,2022-07-21,2022-03-28,801.7288030305306
PO001956,SUP00042,PROD00161,2023-07-11,7,54.03014676944841,2022-10-02,2023-07-22,389.67501325176636
PO001383,SUP00005,PROD00044,2022-05-29,9,77.24715221796197,2021-09-18,2022-11-15,818.9920097117792
PO000105,SUP00037,PROD00019,2022-01-27,14,39.537613857121144,2023-06-16,2023-12-28,597.2234060723471
PO000186,SUP00032,PROD00113,2023-01-12,7,44.74527587849385,2021-07-06,2022-11-04,247.90310187511898
PO000177,SUP00049,PROD00129,2021-03-02,9,44.18991781882581,2021-03-18,2021-02-21,323.4248995303687
PO001906,SUP00018,PROD00067,2023-08-15,9,33.63849681700463,2021-09-23,2023-05-24,292.00417549076445
PO001369,SUP00016,PROD00132,2023-07-29,8,8.77712691398037,2021-04-24,2021-07-27,88.87690767624389
PO000856,SUP00015,PROD00152,2021-02-03,6,50.41614029602382,2022-01-12,2021-09-28,222.39144576614004
PO000401,SUP00039,PROD00016,2023-02-16,10,69.91618572902973,2021-04-28,2022-07-23,709.389059411944
PO001748,SUP00024,PROD00036,2023-08-12,14,13.278597100645333,2021-06-30,2021-08-28,253.66126978833768
PO000404,SUP00042,PROD00022,2021-07-18,6,72.84727273248741,2023-04-18,2022-05-26,568.2316451073825
PO001414,SUP00029,PROD00197,2022-07-28,11,31.735896853148592,2021-04-02,2022-01-08,497.548632691501
PO001527,SUP00014,PROD00098,2023-08-04,12,10.073349379948375,2022-03-03,2022-12-21,98.0290643778089
PO000590,SUP00066,PROD00120,2024-02-29,11,57.722230423508705,2022-10-18,2022-05-23,562.090901642655
PO001010,SUP00024,PROD00011,2023-01-16,11,27.682335309054825,2021-05-25,2022-04-22,238.3189790593831
PO000446,SUP00031,PROD00046,2021-02-27,10,16.804761942760827,2022-04-12,2023-04-17,92.34426645388639
PO000758,SUP00066,PROD00146,2023-09-26,12,36.10150885113897,2021-12-20,2023-03-26,474.8754319215732
PO001931,SUP00071,PROD00016,2024-01-04,14,39.463838146580024,2023-04-10,2022-01-23,546.811586323265
PO001387,SUP00031,PROD00028,2023-03-19,9,76.23357688966819,2022-11-19,2023-10-22,897.2636016468039
PO001694,SUP00055,PROD00166,2024-04-04,10,9.96403771732531,2023-08-25,2023-09-19,154.81696850652645
PO001082,SUP00031,PROD00064,2022-05-26,11,13.155890724059285,2022-08-31,2023-07-09,126.89422606460792
PO000479,SUP00009,PROD00151,2022-10-23,10,6.22913351755068,2021-04-03,2023-11-11,63.65927387878448
PO001426,SUP00061,PROD00029,2023-10-17,13,59.69320053604777,2023-10-07,2021-08-20,579.517982323035
PO001002,SUP00039,PROD00024,2021-12-29,7,34.69309425164112,2023-10-29,2021-07-29,231.5656886513987
PO000354,SUP00025,PROD00067,2022-09-01,11,59.82522240936335,2023-07-03,2021-08-28,565.2173824544765
PO000825,SUP00025,PROD00183,2023-06-23,17,18.312358746652773,2021-07-08,2023-10-25,535.9269056653222
PO001270,SUP00052,PROD00072,2021-03-16,10,30.275638764432653,2022-09-14,2024-02-05,341.3106697027497
PO001471,SUP00088,PROD00109,2024-01-09,7,24.384418884443182,2023-03-29,2023-03-28,131.46229732695505
PO000487,SUP00075,PROD00174,2021-06-03,17,64.59890653188933,2022-10-28,2023-09-25,1118.829132989604
PO001752,SUP00021,PROD00129,2023-06-07,5,63.43678965153705,2023-01-23,2023-07-11,404.97262724576285
PO000760,SUP00092,PROD00126,2023-12-31,10,67.80257761733662,2021-07-31,2022-05-08,748.3201654727652
PO000543,SUP00046,PROD00196,2023-11-15,9,44.02718869539996,2022-05-09,2021-05-09,315.76529310264954
PO000391,SUP00092,PROD00104,2021-09-10,10,47.69483851497825,2024-03-17,2022-07-23,336.0300957808169
PO001609,SUP00088,PROD00195,2022-08-14,12,46.875345199700575,2023-01-14,2021-07-03,528.1426247952763
PO000709,SUP00019,PROD00046,2022-10-21,17,69.13839575505598,2021-07-01,2021-09-25,780.8215449587824
PO000967,SUP00097,PROD00076,2023-12-07,10,59.70869630841505,2023-03-03,2021-11-12,577.2246983484141
PO000446,SUP00031,PROD00181,2021-09-29,14,16.674545403117918,2022-04-22,2021-02-25,236.73528386629621
PO001373,SUP00050,PROD00181,2024-04-09,11,29.643271760174244,2022-02-13,2023-01-07,202.71949076994005
PO001563,SUP00019,PROD00142,2024-02-06,5,14.14977310049739,2022-01-22,2021-02-15,57.592488847510865
PO000679,SUP00092,PROD00200,2021-12-21,11,29.753328767105344,2024-01-10,2024-02-09,284.11684219074414
PO001891,SUP00077,PROD00177,2023-08-11,6,41.55629031799313,2023-09-03,2022-12-21,190.15900326056467
PO000062,SUP00096,PROD00199,2023-04-11,10,61.95779037248225,2023-04-02,2023-08-13,635.022807924335
PO000266,SUP00017,PROD00143,2021-07-26,8,17.67937084761355,2022-02-15,2022-04-30,161.50362861671022
PO001178,SUP00055,PROD00089,2024-01-04,8,53.158260696603755,2022-10-09,2022-06-21,388.19893258272583
PO001403,SUP00074,PROD00121,2023-01-31,9,56.41328280080799,2022-11-05,2023-09-29,536.6583212955168
PO000502,SUP00092,PROD00190,2022-08-06,7,60.38523114601664,2022-01-26,2021-07-11,284.1501625294704
PO001109,SUP00094,PROD00136,2023-10-25,8,41.061938696450646,2022-09-12,2023-07-09,297.940785848379
PO000637,SUP00027,PROD00159,2024-01-19,7,43.046636063233336,2022-06-14,2022-07-23,165.76068653321045
PO001109,SUP00080,PROD00193,2022-10-25,10,7.29665581887523,2021-05-10,2022-10-14,67.21171420464562
PO001319,SUP00075,PROD00128,2023-11-21,11,71.07290056544866,2021-02-08,2021-01-29,702.20810986381
PO001946,SUP00046,PROD00037,2021-05-26,7,26.013364938487086,2021-02-05,2023-04-15,211.05548186766197
PO000912,SUP00045,PROD00075,2022-01-09,9,64.20473582419729,2023-08-26,2023-03-20,535.8019716140457
PO001297,SUP00029,PROD00077,2022-01-28,15,79.24807555916402,2023-06-13,2022-08-07,1298.4064773066866
PO001157,SUP00091,PROD00166,2021-10-26,5,42.06716856013795,2023-08-01,2021-03-04,224.6610620062566
PO000636,SUP00041,PROD00077,2023-05-07,14,10.976916663151028,2023-08-20,2022-07-03,196.0783569560037
PO000507,SUP00077,PROD00002,2022-09-22,6,32.172569888917735,2022-12-25,2022-12-03,169.79969869306046
PO001976,SUP00099,PROD00184,2023-01-08,8,75.09981359194948,2021-06-22,2024-02-15,637.4134290372224
PO000414,SUP00025,PROD00025,2021-09-28,9,51.56792397260371,2021-05-01,2022-10-29,426.8758548942726
PO001581,SUP00091,PROD00009,2022-11-01,7,79.2895892594633,2024-04-13,2024-04-18,1073.5451956987852
PO000294,SUP00100,PROD00100,2023-02-17,7,31.755267836333275,2024-02-14,2021-12-16,174.55404721575673
PO001609,SUP00068,PROD00006,2023-08-25,11,13.879278052072491,2023-02-16,2022-03-02,157.54615082519155
PO000372,SUP00066,PROD00058,2021-06-24,7,23.592240692736816,2021-06-21,2021-03-15,140.70628941707875
PO001935,SUP00064,PROD00169,2023-03-17,10,47.3658417841176,2021-04-16,2021-04-25,402.48389628000535
PO001372,SUP00031,PROD00023,2024-01-29,11,43.11306901230091,2021-03-01,2023-10-07,359.07830171242006
PO000181,SUP00086,PROD00027,2023-06-08,7,33.940957606017406,2023-05-16,2022-09-18,192.36161474160295
PO001387,SUP00086,PROD00097,2022-11-11,13,51.640383816363965,2022-04-08,2023-10-25,428.86931852155004
PO001208,SUP00001,PROD00070,2022-04-21,8,24.517150057337805,2024-02-17,2021-07-05,212.2370934272384
PO000676,SUP00075,PROD00185,2021-05-04,11,49.04516557845708,2021-07-10,2024-02-02,673.4057260029342
PO000522,SUP00027,PROD00001,2023-12-17,15,32.131055599980996,2024-04-09,2021-08-15,518.1932985576768
PO001438,SUP00073,PROD00198,2021-08-29,10,27.609524820904195,2023-11-24,2021-03-16,323.360950556486
PO001483,SUP00001,PROD00093,2021-08-21,9,69.43769673357723,2022-02-07,2021-08-04,627.4508637624599
PO000655,SUP00022,PROD00161,2021-01-26,10,40.35495636958107,2023-11-10,2023-06-02,407.46789150649965
PO001753,SUP00084,PROD00110,2022-03-14,7,23.840773209620465,2023-05-26,2023-09-01,92.43174121873774
PO000538,SUP00090,PROD00045,2021-04-25,19,51.59987269030212,2022-05-23,2022-07-03,912.4244968631232
PO000140,SUP00014,PROD00093,2023-05-10,7,47.3434817592562,2021-07-01,2023-02-27,273.7634703651163
PO001200,SUP00071,PROD00068,2023-04-02,9,28.44845883704525,2021-07-11,2024-01-06,303.069015243022
PO000215,SUP00090,PROD00075,2021-05-27,6,8.158820824554702,2022-10-03,2022-10-08,35.45050616340459
PO000554,SUP00018,PROD00107,2022-09-04,17,40.64820197711944,2024-02-06,2023-11-30,758.549484592733
PO001015,SUP00028,PROD00049,2022-11-16,11,47.685712085761025,2021-08-29,2021-03-12,428.0685297688177
PO000573,SUP00099,PROD00156,2021-10-02,9,25.182098934551615,2022-03-15,2023-04-24,171.69356428980265
PO000430,SUP00055,PROD00183,2022-01-02,10,29.448753815235303,2021-05-19,2024-04-24,236.82414342056796
PO001407,SUP00025,PROD00137,2022-05-30,13,26.103057780093668,2023-09-17,2021-08-24,483.0533823480094
PO001094,SUP00082,PROD00169,2023-04-25,12,18.24891039669809,2022-12-02,2022-06-24,246.08920417174724
PO001680,SUP00042,PROD00014,2023-03-14,14,51.30884930324776,2023-11-02,2022-01-13,683.120700744748
PO001163,SUP00011,PROD00065,2023-01-22,12,73.92423503125721,2023-11-08,2023-05-24,890.6841962000138
PO000967,SUP00098,PROD00017,2021-04-20,16,33.5464993183732,2024-02-13,2021-04-21,617.4441222713078
PO000523,SUP00015,PROD00040,2022-04-11,10,10.137551372306152,2021-08-31,2022-10-08,96.62746348805649
PO001585,SUP00070,PROD00041,2023-08-02,12,63.52768470466903,2021-10-20,2023-09-28,739.0899799384235
PO000394,SUP00024,PROD00044,2023-03-10,11,74.7289618397062,2023-03-20,2022-04-15,855.7820229890649
PO000485,SUP00088,PROD00055,2021-09-10,12,26.929415884133963,2022-01-04,2021-10-27,276.13399346658184
PO001684,SUP00066,PROD00047,2021-01-26,10,41.59848962400959,2022-08-13,2022-09-17,196.04298697820204
PO001483,SUP00100,PROD00120,2021-12-29,15,45.787387169999874,2021-10-18,2024-03-08,517.5760031710057
PO001226,SUP00098,PROD00150,2022-11-07,16,21.424303810841497,2022-08-15,2023-03-13,360.09446115863085
PO000078,SUP00100,PROD00061,2024-01-28,7,53.584950600543245,2022-07-08,2021-08-06,479.1013290022305
PO000255,SUP00092,PROD00078,2024-03-26,11,39.46513801468201,2023-05-06,2023-03-15,504.34272646967867
PO001000,SUP00007,PROD00179,2023-10-17,8,38.60333447867384,2023-06-18,2022-03-18,212.26713975970614
PO001493,SUP00092,PROD00065,2021-01-16,9,44.1580201821823,2023-09-27,2023-01-09,211.09376827795685
PO000929,SUP00058,PROD00027,2023-05-19,7,56.64341278800394,2022-05-10,2023-10-20,500.92745831978857
PO000035,SUP00075,PROD00036,2021-06-10,8,51.57423320611678,2022-08-31,2021-02-07,333.9774657294859
PO000369,SUP00051,PROD00077,2022-10-28,10,78.18666228042206,2021-03-02,2021-08-01,1084.993529073269
PO001178,SUP00027,PROD00183,2023-10-23,10,3.7572133784445727,2022-02-24,2021-04-25,39.63661925982319
PO001389,SUP00007,PROD00039,2021-10-26,8,57.85322957519755,2022-09-29,2024-04-06,659.4114986382261
PO000067,SUP00025,PROD00032,2022-02-01,18,16.589396879539244,2021-03-28,2021-06-27,548.2506847057853
PO000087,SUP00012,PROD00142,2023-05-23,11,77.62401341366282,2024-04-20,2021-03-30,967.3057202045679
PO000523,SUP00024,PROD00092,2021-06-15,10,34.82269561903827,2021-12-30,2023-04-11,570.8597270538459
PO000168,SUP00082,PROD00016,2021-12-24,13,62.46979772304167,2021-06-16,2022-05-27,801.264494743187
PO001084,SUP00090,PROD00113,2021-12-02,11,44.07509546606253,2023-09-07,2022-09-12,379.3856216654983
PO000248,SUP00011,PROD00019,2023-02-22,12,31.127723495464824,2023-09-27,2023-09-12,395.5570336438371
PO001297,SUP00012,PROD00102,2023-12-31,14,11.719569651368719,2021-09-13,2021-08-30,284.1789414765387
PO001555,SUP00050,PROD00032,2021-02-12,8,56.31835139151344,2022-11-25,2023-03-17,373.71517814660865
PO001942,SUP00027,PROD00037,2021-11-15,12,45.93870837799739,2023-01-02,2023-11-19,473.5780843631808
PO001897,SUP00011,PROD00155,2022-12-25,9,75.0867819889417,2023-09-28,2021-12-28,680.062035601034
PO000547,SUP00061,PROD00052,2024-01-22,7,66.71938214705479,2024-01-07,2021-03-28,451.29307038241683
PO000059,SUP00039,PROD00088,2021-05-13,8,65.24884483522747,2024-01-26,2023-08-30,566.0894971028473
PO000659,SUP00034,PROD00052,2023-05-18,8,31.10150746670569,2021-05-04,2024-01-08,201.0094727850858
PO001417,SUP00087,PROD00197,2022-05-29,8,40.22488925467334,2021-10-17,2021-02-06,236.92319079552172
PO000120,SUP00038,PROD00134,2023-12-04,12,8.067139886912708,2022-05-24,2023-07-13,135.4847583833948
PO000720,SUP00050,PROD00007,2021-09-24,5,40.026081345338234,2021-12-05,2023-01-15,205.8106749550269
PO000597,SUP00032,PROD00160,2022-08-20,13,18.55922335248804,2022-09-24,2022-10-28,315.6749642854181
PO000439,SUP00096,PROD00117,2023-12-12,10,43.29200262394651,2022-01-04,2023-01-02,411.37828010819356
PO001413,SUP00025,PROD00102,2022-10-06,14,43.70384638727396,2021-05-13,2021-11-01,462.3280649254847
PO001319,SUP00091,PROD00161,2021-01-09,18,30.988433098456287,2021-12-30,2022-12-10,582.299932941713
PO001071,SUP00093,PROD00136,2022-09-17,9,57.53960808292104,2022-05-20,2023-11-03,513.2073562841807
PO001822,SUP00040,PROD00111,2023-10-10,11,59.24594897065529,2023-02-04,2022-04-09,716.2778873891873
PO000207,SUP00075,PROD00168,2021-10-19,14,47.33963765100622,2023-01-13,2023-02-20,706.5527603852976
PO000300,SUP00076,PROD00080,2023-05-18,9,10.089185913754914,2023-08-28,2024-04-27,231.72564319595176
PO000767,SUP00060,PROD00032,2024-01-06,10,15.532746370791017,2022-07-24,2021-03-06,128.91867715286932
PO001312,SUP00012,PROD00126,2023-12-18,15,21.199228376773622,2021-02-26,2023-06-24,528.3773145085026
PO001169,SUP00024,PROD00129,2023-11-04,11,8.008566325534746,2022-12-27,2022-02-13,74.89543192263783
PO000149,SUP00064,PROD00014,2021-01-21,7,50.51493631896664,2022-03-29,2023-10-07,227.94400890564336
PO001917,SUP00042,PROD00056,2021-08-04,12,26.09796457577841,2023-03-17,2021-10-24,379.23893894255394
PO000611,SUP00072,PROD00150,2021-08-08,12,25.41539909278033,2021-12-20,2022-02-28,242.50987252881856
PO000718,SUP00038,PROD00188,2022-01-18,7,66.87392139732687,2024-02-11,2023-03-26,374.47420022166904
PO001248,SUP00090,PROD00105,2023-09-29,8,29.9138650193754,2023-08-01,2021-10-14,236.61773740086497
PO001891,SUP00010,PROD00158,2021-11-27,8,19.998322379745822,2022-03-05,2021-06-16,150.163126690921
PO001326,SUP00100,PROD00018,2021-01-26,7,73.75613827790852,2023-09-23,2024-04-22,654.160390021876
PO001910,SUP00084,PROD00018,2023-02-23,10,53.45285667016295,2024-02-10,2023-05-01,672.4256235671132
PO000376,SUP00086,PROD00029,2024-01-08,15,72.52073845014466,2021-07-06,2021-03-13,890.5262511533493
PO001238,SUP00018,PROD00047,2023-08-25,10,15.62995524653431,2021-02-06,2023-08-05,185.63354507799835
PO001658,SUP00051,PROD00071,2022-07-25,10,68.6280643575552,2023-03-05,2023-09-26,768.1070747400904
PO001019,SUP00095,PROD00163,2021-12-17,10,6.576878907516549,2021-04-21,2023-04-12,57.27608486928339
PO000725,SUP00078,PROD00003,2022-05-25,18,9.371823044869345,2024-01-26,2024-02-24,324.04444894095207
PO001970,SUP00015,PROD00017,2022-04-14,7,15.944287047348409,2023-09-17,2023-04-12,87.40906419967729
PO000282,SUP00074,PROD00123,2023-12-26,11,23.607945645085284,2021-08-10,2024-04-23,221.1209881055182
PO000822,SUP00089,PROD00122,2022-05-14,15,46.31599517906257,2024-01-18,2022-01-01,744.0829691590085
PO001747,SUP00082,PROD00070,2022-01-31,14,4.005603899120463,2023-12-26,2023-05-15,86.3973577964494
PO001801,SUP00095,PROD00081,2022-12-16,15,29.97901884874538,2022-10-19,2023-12-05,557.5937741896332
PO001961,SUP00020,PROD00051,2022-10-23,9,72.45280599209941,2023-07-11,2022-07-18,761.8339348088132
PO001770,SUP00056,PROD00102,2023-03-04,11,43.65766973441382,2021-05-20,2023-11-07,524.0758580681063
PO000102,SUP00054,PROD00072,2023-11-05,14,14.5267123388525,2022-11-30,2023-03-23,161.69644214349378
PO001860,SUP00015,PROD00081,2023-01-21,13,30.97956230256972,2022-09-18,2022-03-22,288.42036276130636
PO000857,SUP00089,PROD00097,2021-11-21,9,66.42956951958436,2023-02-11,2022-12-15,650.2031876666364
PO001304,SUP00090,PROD00076,2022-01-17,15,3.7774686157119506,2021-07-06,2024-02-17,68.32977219434636
PO000789,SUP00060,PROD00184,2022-01-21,12,20.44986072531347,2023-04-17,2023-02-23,278.0090166647021
PO001628,SUP00084,PROD00131,2022-06-25,11,22.539278671837433,2022-12-10,2023-02-23,360.72264675187114
PO001152,SUP00025,PROD00178,2023-09-02,6,25.264021571827147,2023-01-29,2023-12-24,154.23840891821285
PO001692,SUP00070,PROD00021,2023-07-12,10,14.652452120988169,2023-05-15,2023-07-05,211.97924294778036
PO000388,SUP00094,PROD00036,2023-03-09,11,33.3365095268366,2022-04-18,2021-05-11,369.8052450583164
PO000370,SUP00030,PROD00192,2023-10-13,14,77.54333770224088,2021-03-03,2022-01-26,1064.4452868068831
PO000881,SUP00080,PROD00101,2022-12-25,17,52.43444663279159,2021-12-18,2024-03-30,833.1144187129235
PO000010,SUP00064,PROD00029,2021-07-17,9,49.264427263784064,2022-06-22,2022-10-22,432.1844552512685
PO001386,SUP00040,PROD00008,2021-05-31,7,27.01386252664861,2023-03-05,2022-09-24,157.6603868226532
PO000593,SUP00005,PROD00059,2021-09-04,5,45.339980818436096,2022-12-30,2023-03-30,178.24015983070166
PO001115,SUP00033,PROD00095,2021-06-19,11,55.585561199805184,2023-08-14,2024-01-17,546.8739614700136
PO000141,SUP00100,PROD00026,2022-01-13,17,16.174954122202895,2021-08-01,2022-09-17,371.4602503335948
PO000342,SUP00090,PROD00093,2024-03-24,17,13.987824668822062,2024-02-16,2022-01-24,314.36817904154645
PO001246,SUP00045,PROD00141,2022-05-06,8,5.700673136313394,2021-02-09,2021-04-21,77.04336491195738
PO000612,SUP00021,PROD00146,2022-06-19,11,19.368345883229665,2021-07-06,2024-04-03,211.2145232740901
PO000430,SUP00021,PROD00035,2022-07-22,12,53.76490985015165,2022-03-22,2023-09-10,683.1227233561881
PO000458,SUP00085,PROD00106,2023-02-21,10,47.37322697373472,2021-07-16,2022-04-17,405.81192808028186
PO000430,SUP00096,PROD00022,2023-01-31,13,9.984100961506739,2022-09-09,2023-10-22,146.9306405077054
PO001246,SUP00086,PROD00159,2023-10-10,13,49.61252683807616,2022-09-18,2023-05-05,721.0070917531328
PO000336,SUP00009,PROD00118,2023-10-20,6,29.576092512256814,2022-06-27,2021-08-24,122.81515940959208
PO000726,SUP00038,PROD00075,2022-11-01,11,62.20004682290202,2024-04-08,2022-06-20,793.2849136916302
PO001376,SUP00051,PROD00040,2024-03-27,8,78.25869680240943,2024-04-02,2022-03-19,853.5740722615539
PO001028,SUP00065,PROD00006,2023-05-16,12,25.35128229746549,2023-05-03,2022-12-21,347.27855323374
PO001195,SUP00017,PROD00151,2023-07-19,5,30.736669315422315,2023-01-24,2023-02-07,150.01450381639305
PO000502,SUP00025,PROD00028,2023-04-19,14,44.779222654340515,2022-02-02,2023-10-12,472.1103463674064
PO001866,SUP00029,PROD00054,2024-02-09,11,34.63893539325402,2023-07-30,2023-07-10,465.92261137926386
PO000828,SUP00061,PROD00138,2024-04-09,14,74.84646961327853,2022-03-17,2021-10-28,901.5120629886839
PO000574,SUP00074,PROD00001,2021-11-16,12,16.497949388148832,2022-02-04,2022-02-01,314.3824463601663
PO001809,SUP00018,PROD00172,2024-03-26,14,39.569931684896055,2023-05-04,2022-11-28,672.3282400667964
PO001311,SUP00075,PROD00149,2024-04-14,15,68.57481388888276,2022-06-05,2022-06-27,1011.3834689322456
PO001228,SUP00004,PROD00097,2021-05-04,8,60.05096599901122,2022-12-27,2023-10-29,546.264729518945
PO001774,SUP00029,PROD00013,2023-01-23,12,70.12169092676474,2021-02-06,2024-01-23,814.5656348049145
PO000118,SUP00083,PROD00015,2023-06-22,8,33.08307414282707,2023-06-24,2022-03-20,199.77449731313817
PO001676,SUP00033,PROD00004,2021-03-21,13,19.552864858238642,2021-07-12,2022-02-11,479.1953039517564
PO001356,SUP00073,PROD00116,2022-12-28,14,72.72619349526174,2023-06-28,2023-05-24,877.0975193752731
PO000720,SUP00032,PROD00112,2023-12-27,7,29.97622689264878,2023-02-16,2024-04-10,136.96534278002412
PO000513,SUP00035,PROD00169,2023-11-04,11,56.01847817605052,2021-02-21,2021-07-23,639.3383973829743
PO000210,SUP00077,PROD00104,2022-06-20,10,33.001947013192314,2022-03-17,2023-05-01,235.14491171162865
PO001883,SUP00023,PROD00023,2021-01-16,9,20.814659539898837,2022-04-26,2023-10-18,249.61874528035037
PO000284,SUP00068,PROD00136,2022-12-15,7,73.11030441429403,2023-07-04,2023-12-15,665.9794250165397
PO000519,SUP00068,PROD00100,2023-07-24,10,12.508706067344784,2021-02-06,2024-05-08,103.16685177873916
PO001383,SUP00063,PROD00112,2023-08-08,18,44.852942136041214,2023-11-27,2023-03-23,693.2442040303096
PO001421,SUP00047,PROD00006,2023-04-26,14,57.81275874993358,2021-09-06,2024-01-14,590.7818794730551
PO000322,SUP00075,PROD00014,2023-06-19,11,8.24938551419083,2022-05-20,2022-04-29,127.55545619207817
PO001629,SUP00075,PROD00117,2021-04-06,10,32.261190753326204,2021-09-05,2023-02-25,225.39974499541424
PO001021,SUP00037,PROD00114,2022-06-26,8,55.830718225252014,2022-09-08,2024-03-31,481.1184560172374
PO001697,SUP00026,PROD00196,2021-09-26,14,9.116055330462796,2023-01-24,2022-11-15,212.0202886958692
PO000175,SUP00014,PROD00200,2023-12-27,9,23.935030862061822,2023-03-17,2022-10-31,161.64247599762012
PO000086,SUP00041,PROD00099,2022-01-30,9,33.23300723864811,2021-05-01,2022-03-16,285.72865772162305
PO001274,SUP00049,PROD00064,2022-01-29,10,72.22391393730268,2024-02-18,2021-03-31,794.9497590695988
PO000301,SUP00070,PROD00132,2022-03-08,7,29.79892133337248,2023-11-10,2021-10-11,196.6803241653821
PO001050,SUP00057,PROD00189,2024-04-09,11,51.273189937923604,2023-05-03,2021-09-02,671.8988492234797
PO000029,SUP00023,PROD00041,2023-06-14,12,11.084567345713403,2023-06-08,2024-03-25,252.79043572976866
PO001560,SUP00071,PROD00117,2024-01-06,9,70.1057304036305,2023-09-29,2021-03-12,634.2837239446529
PO001800,SUP00015,PROD00040,2023-05-24,5,72.65635868495836,2022-06-07,2024-03-05,487.8412753405506
PO001678,SUP00086,PROD00165,2022-09-01,14,44.85359578216725,2021-12-11,2021-06-20,625.3189257670806
PO001917,SUP00043,PROD00009,2023-06-12,13,47.640407339551174,2023-11-24,2023-01-24,666.9255221000309
PO001807,SUP00015,PROD00006,2021-12-28,11,70.07366872808325,2024-04-24,2023-07-01,586.5268700018918
PO000889,SUP00035,PROD00141,2024-02-22,10,72.54938531551937,2022-05-28,2022-02-02,781.9719642683568
PO000797,SUP00085,PROD00200,2021-11-18,11,71.41914214591165,2024-01-07,2022-09-19,704.4142154879189
PO001793,SUP00075,PROD00128,2022-08-16,12,30.480158280225844,2022-02-02,2021-09-06,380.9036228504496
PO001854,SUP00002,PROD00075,2023-12-17,7,61.891370153064784,2022-03-16,2021-03-12,385.7809665584679
PO001946,SUP00084,PROD00021,2022-01-24,10,56.47895686262103,2021-07-11,2022-12-14,561.195344837641
PO001537,SUP00088,PROD00100,2022-11-08,11,8.069840565789686,2021-09-11,2021-04-02,81.23859173352061
PO000404,SUP00062,PROD00125,2023-06-21,12,19.236951861829986,2022-08-28,2023-12-12,206.97643638713808
PO001890,SUP00028,PROD00117,2023-07-19,9,26.458043076662783,2021-10-03,2021-09-03,153.3668293409369
PO001895,SUP00029,PROD00151,2021-02-02,11,27.91843316717137,2022-10-13,2023-05-23,275.88663915368755
PO001333,SUP00023,PROD00062,2023-11-21,9,50.546272133207815,2022-07-05,2024-02-05,453.4500676832462
PO001715,SUP00023,PROD00153,2021-08-10,11,40.05156392034824,2023-03-18,2022-10-13,443.27127856478995
PO001123,SUP00021,PROD00122,2022-11-20,10,76.05961927100614,2022-02-02,2021-02-06,725.4737169002415
PO001889,SUP00087,PROD00014,2024-02-02,7,43.039427934724486,2021-08-31,2024-01-13,256.0686207657153
PO000188,SUP00037,PROD00045,2023-10-29,12,28.030027180273656,2024-03-14,2021-09-20,268.00179762795915
PO001728,SUP00063,PROD00022,2021-04-20,16,17.727427089986268,2023-12-15,2022-08-12,517.0509659002688
PO000112,SUP00011,PROD00054,2021-01-30,11,16.833520106479956,2021-05-10,2023-11-03,137.36416148685285
PO000679,SUP00077,PROD00179,2022-05-30,9,24.197504722332717,2022-04-02,2022-05-18,233.16229599512317
PO000271,SUP00017,PROD00137,2022-04-28,11,58.67304707653169,2021-11-30,2023-05-12,650.2115453834848
PO000959,SUP00027,PROD00163,2021-04-15,12,30.736677208275974,2023-01-13,2024-02-27,323.2195504926089
PO000465,SUP00037,PROD00051,2021-03-16,18,47.69799188233045,2021-03-14,2021-04-12,967.5519203161198
PO001905,SUP00073,PROD00047,2023-11-14,7,50.35948322890212,2022-01-20,2022-10-20,257.3699888794827
PO001119,SUP00010,PROD00200,2023-02-09,15,16.78051318401835,2023-11-15,2022-07-24,234.30064523207864
PO001796,SUP00086,PROD00139,2023-02-26,11,40.225418847179675,2023-04-25,2022-11-30,497.4591322609002
PO000557,SUP00090,PROD00165,2021-09-28,7,66.12734598260069,2022-02-23,2022-03-15,557.5766779559343
PO000052,SUP00025,PROD00015,2022-06-01,9,15.290936665445349,2021-07-11,2021-05-26,143.33122322116517
PO001552,SUP00020,PROD00183,2023-12-05,9,60.4890653777462,2022-01-29,2022-02-12,625.2175513850013
PO001405,SUP00098,PROD00014,2023-01-03,11,21.46170356444579,2021-05-02,2022-09-24,358.8229176159317
PO001091,SUP00099,PROD00128,2023-09-08,11,70.49147630674567,2024-01-17,2022-12-16,772.6117436940691
PO001631,SUP00057,PROD00135,2023-05-04,14,47.15507513682298,2024-03-08,2022-11-04,607.6925651462093
PO001681,SUP00014,PROD00104,2021-10-15,12,63.62149022193541,2023-10-06,2022-09-12,758.0737389440483
PO001176,SUP00095,PROD00158,2022-04-15,11,14.638177256059299,2021-02-03,2023-11-11,181.85862260537888
PO001932,SUP00049,PROD00082,2021-06-15,10,38.62540315546813,2021-03-15,2021-09-26,294.10476880384243
PO001440,SUP00040,PROD00037,2022-03-06,9,32.92215492631943,2021-04-19,2022-10-13,388.3762345693963
PO001354,SUP00025,PROD00017,2024-02-23,11,8.126362975427531,2024-03-17,2021-03-16,106.74289524295534
PO000723,SUP00098,PROD00137,2023-09-15,8,59.917121547946834,2022-02-23,2022-04-01,430.3001978762155
PO000005,SUP00036,PROD00192,2022-01-08,11,34.44904519985647,2023-02-27,2022-11-14,400.4002839981522
PO000482,SUP00015,PROD00037,2021-08-26,8,29.27808329432969,2023-10-22,2023-10-20,155.02060906136728
PO001528,SUP00071,PROD00106,2023-06-21,11,7.4108700251173545,2021-07-06,2024-02-06,85.55798108575046
PO001420,SUP00051,PROD00110,2021-05-22,11,46.16919277033948,2023-03-26,2021-03-15,455.110375410878
PO000663,SUP00003,PROD00144,2022-10-19,18,7.445514263578547,2024-03-09,2021-09-09,288.7210256661239
PO001252,SUP00049,PROD00039,2022-06-07,6,48.523520154810335,2021-12-09,2024-02-21,215.76275214033578
PO000391,SUP00027,PROD00018,2022-01-24,11,19.324706674150224,2022-01-21,2022-04-10,65.20477280140115
PO000528,SUP00021,PROD00073,2023-02-18,16,11.63920869148558,2021-01-22,2022-12-17,176.9095595651374
PO001895,SUP00017,PROD00166,2023-02-26,3,35.721794590056916,2022-11-29,2024-03-24,90.92479410385413
PO000827,SUP00008,PROD00152,2022-07-11,5,67.39479845218796,2024-04-08,2021-06-17,429.0689626106526
PO000490,SUP00031,PROD00002,2023-10-29,10,11.634359824124006,2021-10-02,2022-03-26,143.3112526451158
PO000975,SUP00035,PROD00142,2021-02-03,6,69.79032391434268,2024-03-11,2022-01-31,582.3536263098993
PO000775,SUP00007,PROD00124,2023-02-25,12,5.42716226724006,2021-05-23,2022-05-22,49.22238050550735
PO001460,SUP00098,PROD00180,2021-12-18,11,77.51178113532494,2022-11-19,2021-03-06,854.4056460161456
PO001925,SUP00045,PROD00129,2021-11-13,12,40.49006819959183,2024-01-16,2022-08-28,353.146305602571
PO001184,SUP00034,PROD00156,2022-06-02,12,17.311276869383835,2021-02-04,2022-08-07,191.35547429646627
PO001183,SUP00093,PROD00021,2021-08-04,6,68.39622215546613,2021-10-15,2021-08-12,457.77071718660034
PO000730,SUP00053,PROD00024,2021-09-09,11,38.60056398853302,2024-02-27,2024-03-03,428.6971710521954
PO001130,SUP00049,PROD00049,2022-06-04,10,38.4022798732348,2021-06-21,2023-05-24,353.4175956554356
PO000639,SUP00015,PROD00111,2024-03-24,9,17.69992594331018,2022-03-25,2022-01-09,165.2097988964531
PO000003,SUP00008,PROD00041,2022-11-10,9,53.4344938476219,2023-11-02,2021-09-25,502.322680877502
PO001733,SUP00079,PROD00127,2023-06-06,13,51.31993633804168,2022-07-16,2021-02-06,611.5551016067166
PO000859,SUP00076,PROD00113,2021-05-01,10,55.16124840205551,2021-03-28,2021-09-12,501.1664401133384
PO000985,SUP00026,PROD00120,2022-07-19,15,72.13952472563383,2023-01-26,2023-08-05,972.242682239365
PO000168,SUP00066,PROD00159,2023-10-07,8,21.583066076243465,2023-03-27,2021-04-26,239.0742491414735
PO001675,SUP00060,PROD00011,2021-04-11,9,63.71097693783595,2021-08-01,2023-03-02,505.7082457405307
PO000341,SUP00075,PROD00069,2023-06-17,18,60.665163441892496,2023-02-20,2023-09-12,1048.5524242286294
PO000822,SUP00100,PROD00186,2021-08-02,7,31.810637999422738,2023-10-04,2021-12-25,300.6416843025262
PO001681,SUP00026,PROD00198,2023-03-25,10,50.1814835132825,2022-03-15,2023-04-13,597.6993731209967
PO000916,SUP00024,PROD00037,2022-03-12,17,7.235731994474675,2022-08-29,2022-08-27,242.53002981057085
PO001863,SUP00023,PROD00038,2021-03-18,10,63.5475871443321,2024-01-15,2024-01-31,474.58263858811165
PO000419,SUP00073,PROD00046,2023-02-22,15,31.735973374409713,2021-08-10,2023-01-21,545.7398514839408
PO001431,SUP00071,PROD00003,2022-03-24,8,53.52367589387473,2023-04-19,2023-04-14,413.29159656063376
PO001956,SUP00058,PROD00056,2024-01-08,11,13.862928655585783,2021-08-05,2021-10-28,160.64166198778807
PO001100,SUP00022,PROD00118,2022-06-25,15,59.66707039885784,2024-04-15,2023-04-03,564.2372742182948
PO001385,SUP00086,PROD00046,2021-01-22,19,10.23265876965937,2024-02-24,2024-03-21,258.8394951913676
PO000787,SUP00075,PROD00175,2023-05-07,11,49.9923495550988,2024-03-17,2024-05-08,479.02756375373724
PO001503,SUP00080,PROD00026,2024-03-16,11,13.070011378009646,2022-01-20,2021-06-25,154.12953702416206
PO001818,SUP00019,PROD00058,2022-01-19,9,14.623505439907337,2022-02-01,2023-04-07,293.2813099827436
PO001407,SUP00054,PROD00172,2023-04-15,11,41.16640892994822,2022-07-28,2021-08-15,308.9930814852296
PO001872,SUP00043,PROD00198,2023-11-08,16,45.36677168229169,2021-09-19,2023-11-11,550.7643110697204
PO001178,SUP00027,PROD00157,2022-06-22,14,76.79109255243023,2024-04-03,2024-04-22,1211.6744498016606
PO001155,SUP00075,PROD00022,2023-09-24,10,51.29041847341893,2023-02-03,2022-05-18,333.5569974748265
PO000610,SUP00099,PROD00083,2021-10-24,12,27.031230989345545,2021-01-22,2022-03-20,231.11988111349555
PO001420,SUP00097,PROD00192,2023-12-30,11,8.70295191697669,2023-04-27,2022-02-12,160.1884628321294
PO001764,SUP00094,PROD00113,2023-12-29,12,17.963036793842537,2021-09-19,2021-02-04,267.00965182843805
PO001293,SUP00045,PROD00050,2023-12-14,5,48.12258009762682,2024-04-12,2021-03-24,146.9417739992147
PO000467,SUP00083,PROD00109,2023-05-16,11,59.94363123929002,2024-04-25,2023-03-15,700.4512386780041
PO001089,SUP00029,PROD00046,2022-06-02,14,16.971281444516404,2023-11-06,2021-11-13,368.3765560924986
PO001512,SUP00059,PROD00102,2021-01-30,13,61.957585817260174,2021-05-27,2023-07-29,697.4691962636902
PO001879,SUP00065,PROD00166,2023-08-22,13,53.20784805228775,2022-05-20,2023-08-29,349.8925402644462
PO000314,SUP00007,PROD00172,2021-04-25,9,3.705284380616792,2022-02-07,2021-04-22,33.8672166417133
PO000255,SUP00046,PROD00126,2021-05-06,7,7.5823071098134225,2022-02-17,2023-12-02,55.38049008671394
PO000826,SUP00022,PROD00063,2021-10-10,17,32.56055784346816,2022-06-10,2022-06-07,584.9436712888942
PO000252,SUP00031,PROD00013,2023-12-16,14,21.24274551488491,2022-03-17,2021-02-18,393.32581939300326
PO001961,SUP00015,PROD00067,2021-08-05,14,21.48066677492335,2023-03-11,2021-09-02,547.5730775445098
PO000849,SUP00041,PROD00147,2023-05-15,11,31.427236904361934,2023-11-20,2022-05-14,326.87644147559445
PO001068,SUP00009,PROD00162,2021-09-09,8,18.186670838550455,2021-07-01,2021-03-07,98.81219156385058
PO000455,SUP00017,PROD00065,2022-10-31,10,77.79015424707514,2022-09-19,2022-11-17,904.9605056808579
PO000899,SUP00064,PROD00098,2024-01-24,16,19.234074922305375,2021-08-17,2024-02-18,464.947482963069
PO001970,SUP00027,PROD00157,2021-06-09,10,66.890539294776,2022-08-18,2022-11-02,773.5325072076819
PO000978,SUP00032,PROD00061,2023-01-12,9,15.880727863656949,2021-03-23,2021-03-31,124.55724648356599
PO000018,SUP00056,PROD00138,2023-03-27,7,25.033825326214387,2024-04-24,2021-12-16,142.66859901638404
PO000486,SUP00027,PROD00145,2023-01-05,9,4.706856720931791,2022-05-20,2023-06-10,37.21629884701422
PO001957,SUP00010,PROD00169,2021-04-26,9,42.299599553316256,2022-01-29,2023-10-05,251.07568947001036
PO001979,SUP00010,PROD00192,2022-04-17,13,14.007456503847521,2023-10-27,2022-03-15,216.75225295914043
PO000421,SUP00066,PROD00124,2021-07-16,9,62.3929812222673,2022-02-02,2021-05-22,540.527982865865
PO001231,SUP00038,PROD00034,2022-02-16,8,61.90273950539126,2023-05-03,2022-07-15,701.9689899756088
PO000154,SUP00035,PROD00166,2021-02-17,12,20.119921058689034,2023-07-07,2023-01-06,311.2931304845097
PO001155,SUP00062,PROD00115,2021-10-24,9,26.468480633788346,2022-06-19,2024-03-06,214.35077174704443
PO000252,SUP00024,PROD00141,2024-03-27,12,42.43313377526504,2021-02-18,2024-01-12,528.2254502139434
PO001638,SUP00069,PROD00049,2023-07-26,8,65.5897574583815,2024-03-28,2021-11-07,550.9911537849799
PO001880,SUP00042,PROD00024,2021-06-24,6,66.71562726355107,2021-08-29,2022-10-05,505.3588906959035
PO000346,SUP00028,PROD00111,2023-07-30,17,4.997238874421359,2021-07-31,2021-01-16,158.62143465303916
PO000926,SUP00098,PROD00165,2022-10-31,8,66.38884368845748,2023-03-10,2022-09-04,610.1916904408542
PO000205,SUP00100,PROD00047,2021-09-08,8,47.98408232272294,2023-07-18,2022-09-11,347.2891907155801
PO000679,SUP00030,PROD00175,2021-08-13,17,73.93867221706725,2024-04-02,2023-02-21,1043.263920307969
PO000131,SUP00015,PROD00040,2022-08-24,7,61.4190983802482,2021-12-15,2022-11-19,398.0271952286697
PO000530,SUP00063,PROD00196,2021-03-17,11,47.86956473146948,2021-08-07,2023-05-21,534.5606328403276
PO001981,SUP00074,PROD00192,2023-09-30,11,6.447840037387989,2024-01-07,2021-01-31,103.16778751111403
PO000090,SUP00050,PROD00148,2023-07-17,10,7.839530810109116,2021-10-05,2024-01-17,89.21620933963418
PO001718,SUP00024,PROD00192,2022-02-07,12,8.994310976628844,2023-09-22,2021-04-27,172.5904675958549
PO000155,SUP00025,PROD00056,2023-08-14,10,76.37514880824341,2022-12-07,2023-05-24,892.4819984177749
PO001058,SUP00094,PROD00050,2022-08-02,10,19.23333562529045,2021-09-03,2024-01-08,236.21955330535508
PO000905,SUP00063,PROD00048,2022-11-23,12,5.508794069786113,2022-06-27,2022-01-21,127.97666381635602
PO001864,SUP00038,PROD00142,2023-09-06,14,62.10098164704121,2021-03-11,2022-09-04,746.0395931509639
PO000399,SUP00047,PROD00054,2022-06-18,12,74.24388612285654,2021-04-30,2022-02-25,1021.8743724506609
PO000360,SUP00096,PROD00105,2022-06-01,16,10.22480897265993,2022-10-02,2021-09-09,289.52873288296496
PO001498,SUP00036,PROD00060,2023-12-11,8,3.8043853515318733,2021-09-07,2021-10-18,35.45035061587049
PO001452,SUP00069,PROD00168,2022-12-05,16,60.478833272777244,2023-04-25,2023-07-13,823.8908380062397
PO001399,SUP00034,PROD00142,2021-10-23,16,38.43978728521026,2023-04-12,2022-09-29,705.3467080390574
PO000053,SUP00021,PROD00193,2022-02-20,8,18.659038486500613,2023-06-30,2021-02-21,131.9864096016655
PO000520,SUP00095,PROD00184,2021-03-08,13,28.194243106791923,2022-09-18,2024-01-16,506.9430670422397
PO001680,SUP00081,PROD00117,2024-03-02,16,10.524940527932722,2023-07-07,2021-09-30,343.633859513489
PO001202,SUP00078,PROD00133,2023-03-24,13,31.514805872026148,2022-12-09,2023-11-12,571.1205171065125
PO001205,SUP00011,PROD00161,2021-10-28,11,3.7409459813626054,2022-03-22,2023-07-09,48.98298645115282
PO000592,SUP00037,PROD00075,2022-10-18,12,34.00322005145862,2023-02-15,2023-02-07,564.4715154393986
PO000521,SUP00020,PROD00138,2021-03-06,12,24.986576608238174,2024-04-27,2023-09-05,289.5382392303783
PO001894,SUP00095,PROD00131,2023-05-01,11,52.278044533377205,2022-10-16,2022-05-02,535.9213496356551
PO001456,SUP00078,PROD00126,2022-11-14,8,9.110376083480244,2022-01-25,2022-12-15,68.30489912234617
PO000254,SUP00075,PROD00028,2021-01-18,14,50.68942250222511,2024-01-10,2023-09-21,762.5011590385303
PO001876,SUP00048,PROD00133,2022-07-23,9,7.39782955244575,2021-11-19,2022-02-24,80.53332537040151
PO001165,SUP00079,PROD00056,2021-03-11,12,38.12424454555125,2022-08-26,2023-05-23,483.16530451280966
PO000667,SUP00060,PROD00114,2024-04-09,11,37.01434765182076,2022-01-19,2022-07-24,412.18967513775976
PO000795,SUP00068,PROD00165,2023-03-12,10,47.50185450929094,2023-06-04,2023-03-20,588.849418655219
PO001451,SUP00017,PROD00129,2023-11-23,5,6.309047951458353,2021-05-23,2021-08-02,22.898609281825152
PO000753,SUP00059,PROD00192,2021-01-06,12,62.99645913437099,2023-10-08,2023-03-03,770.9827404660974
PO001158,SUP00031,PROD00029,2021-10-13,10,23.146901365121884,2023-04-15,2021-05-07,264.75204749528683
PO001421,SUP00070,PROD00177,2023-08-04,11,61.2134268133481,2023-03-11,2023-06-05,665.2203884461491
PO000391,SUP00035,PROD00197,2021-09-11,10,78.13026865305996,2021-07-08,2021-12-12,896.9787709788615
PO001889,SUP00027,PROD00190,2023-02-24,10,18.335573053375605,2021-07-25,2023-09-20,225.4050118274515
PO000713,SUP00020,PROD00051,2023-06-03,9,78.96418411754958,2021-05-16,2024-03-21,1047.3142209273487
PO000839,SUP00075,PROD00125,2023-07-26,19,78.3806929865052,2023-06-19,2022-08-22,1281.5649961959637
PO001398,SUP00081,PROD00153,2023-05-25,7,28.34716099858334,2021-02-24,2024-03-23,218.38564152168598
PO001218,SUP00039,PROD00013,2021-08-30,3,5.086297854589951,2021-07-20,2021-03-10,21.73458042015291
PO000881,SUP00055,PROD00042,2021-10-01,15,74.11664708247457,2022-09-19,2024-01-08,1016.055662664132
PO001300,SUP00045,PROD00156,2023-03-02,8,48.14125291461604,2024-02-17,2023-07-30,401.15477862722145
PO001806,SUP00015,PROD00183,2022-09-27,17,62.109368329373524,2023-07-12,2023-03-15,890.485851751998
PO001601,SUP00083,PROD00166,2022-08-28,18,56.45622126772815,2021-03-01,2021-03-08,889.868938118837
PO001649,SUP00043,PROD00186,2021-09-24,12,4.027871944901886,2023-04-02,2021-08-11,48.69658133434511
PO000517,SUP00056,PROD00042,2023-10-08,11,37.839983643780094,2021-10-19,2022-12-07,512.9263950840336
PO000839,SUP00090,PROD00200,2022-08-22,11,28.929152995003523,2023-09-10,2021-03-06,281.71459521291314
PO001108,SUP00097,PROD00107,2021-12-10,15,26.121192179018955,2023-07-02,2023-11-14,431.88948860095974
PO000089,SUP00033,PROD00178,2021-03-26,10,59.844098030529175,2022-04-12,2023-04-07,530.0936411957316
PO001540,SUP00011,PROD00090,2022-03-13,10,73.92977431313307,2022-09-16,2021-05-27,940.7926604861773
PO000647,SUP00025,PROD00104,2021-05-17,14,45.97485764612998,2024-01-03,2021-05-07,387.7376873612686
PO000566,SUP00075,PROD00056,2021-08-21,10,30.713044859450203,2024-02-21,2023-09-15,238.67239363415763
PO000519,SUP00012,PROD00146,2022-03-28,10,50.561074313974935,2023-04-25,2023-12-24,285.8204372906976
PO000567,SUP00095,PROD00045,2022-06-11,10,17.532058379384246,2023-04-02,2023-11-18,166.27551765277173
PO000677,SUP00035,PROD00111,2021-05-17,8,74.77131986775798,2021-01-16,2022-09-17,750.5352692433677
PO001210,SUP00066,PROD00192,2021-03-29,9,9.901928792753884,2023-02-16,2021-02-20,63.351319121645226
