po_id,supplier_id,product_id,po_date,quantity,unit_cost,total_value,order_status
PROD0001,PROD0001,PROD0167,2026-03-11,1415,18374.46546768247,18625407.18299269,In Transit
PROD0002,PROD0002,PROD0167,2025-08-29,1295,19495.582613386225,13787767.29936354,Delivered
PROD0003,PROD0003,PROD0167,2026-05-25,1601,17468.61919066416,19029475.94246225,Delivered
PROD0004,PROD0004,PROD0167,2025-02-11,2018,16508.77524754671,26669033.3365393,Pending
PROD0005,PROD0005,PROD0167,2025-11-24,1912,13713.779449228457,19883290.137296803,Delivered
PROD0006,PROD0006,PROD0167,2025-11-06,1988,18180.109859691536,25097489.75572987,Delivered
PROD0007,PROD0007,PROD0167,2025-08-31,1488,15003.37476315905,14396451.455076298,Delivered
PROD0008,PROD0008,PROD0167,2025-03-10,2044,15448.23594494909,24329038.941770744,In Transit
PROD0009,PROD0009,PROD0167,2026-02-13,1721,18478.252293117202,23479304.307633568,Partially Received
PROD0010,PROD0010,PROD0167,2026-06-28,1704,14885.86267557246,17915952.763830125,In Transit
PROD0011,PROD0011,PROD0167,2026-07-19,1298,13077.235811655575,11993728.713299062,Cancelled
PROD0012,PROD0012,PROD0167,2025-10-30,1967,17037.386658613566,26692461.05518179,Partially Received
PROD0013,PROD0013,PROD0167,2025-05-23,1572,19279.759221427965,19823379.25901236,Delivered
PROD0014,PROD0014,PROD0167,2025-04-02,1704,13296.720166834404,16131824.275762517,Delivered
PROD0015,PROD0015,PROD0167,2025-07-27,1909,17812.39186145343,24545354.100103617,Delivered
PROD0016,PROD0016,PROD0167,2025-02-08,1839,14005.520461768328,18757795.261470884,Delivered
PROD0017,PROD0017,PROD0167,2025-07-23,1549,15021.070747790147,15797512.957511583,In Transit
PROD0018,PROD0018,PROD0167,2025-07-31,1335,18901.326615938335,15433646.64638159,Delivered
PROD0019,PROD0019,PROD0167,2026-01-19,1702,19373.465778599108,23105567.887698937,Delivered
PROD0020,PROD0020,PROD0114,2025-12-24,1300,15135.505949191316,13121884.040976182,Delivered
PROD0021,PROD0021,PROD0114,2026-08-31,1990,20191.324094881256,29248377.267988157,In Transit
PROD0022,PROD0022,PROD0114,2026-01-05,1704,13418.903188529079,16738486.903546078,Pending
PROD0023,PROD0023,PROD0114,2025-05-12,1676,18464.19174437951,23314075.728244185,Cancelled
PROD0024,PROD0024,PROD0114,2026-03-15,1509,19976.967078667407,20015555.46923895,Delivered
PROD0025,PROD0025,PROD0114,2025-12-07,1990,17771.523636138543,26573666.41873174,Delivered
PROD0026,PROD0026,PROD0114,2025-01-16,1454,16241.35345621835,15558704.977943081,Cancelled
PROD0027,PROD0027,PROD0114,2025-06-01,1480,15978.493457724637,16149643.798991213,Pending
PROD0028,PROD0028,PROD0114,2026-01-24,1798,19265.862344709458,24095836.19959704,In Transit
PROD0029,PROD0029,PROD0114,2025-10-09,2032,18505.180932859777,27387703.175905503,In Transit
PROD0030,PROD0030,PROD0114,2025-06-06,1791,15467.480207179984,20160965.394054737,Delivered
PROD0031,PROD0031,PROD0114,2025-07-07,1541,15642.782547528665,15244939.984126242,Partially Received
PROD0032,PROD0032,PROD0114,2026-01-30,1428,20195.349458889767,19025720.17123829,In Transit
PROD0033,PROD0033,PROD0114,2025-03-10,1789,20315.062613091377,28417041.75220495,In Transit
PROD0034,PROD0034,PROD0114,2025-01-14,1797,19292.62880323074,27276432.285610482,In Transit
PROD0035,PROD0035,PROD0114,2026-08-20,1958,16175.527799483098,21199823.899853162,Delivered
PROD0036,PROD0036,PROD0114,2026-03-04,1556,19455.70624803924,20751558.200435445,Delivered
PROD0037,PROD0037,PROD0114,2026-05-17,1297,18876.66994688803,14918104.378359651,Pending
PROD0038,PROD0038,PROD0114,2025-03-11,1564,18165.319168765775,16964375.996120546,Delivered
PROD0039,PROD0039,PROD0179,2026-02-01,1561,17889.460751986473,19572670.85275066,Delivered
PROD0040,PROD0040,PROD0179,2025-09-12,2009,12995.742729294425,19490828.17531963,Delivered
PROD0041,PROD0041,PROD0179,2025-03-14,1958,18645.426995844846,27042291.045976736,Partially Received
PROD0042,PROD0042,PROD0179,2025-10-23,1551,12291.868966383949,13249605.58426124,Delivered
PROD0043,PROD0043,PROD0179,2026-01-16,1298,16700.148142315516,12737592.666294802,Delivered
PROD0044,PROD0044,PROD0179,2026-05-29,1884,19817.21073455283,25113887.531571105,In Transit
PROD0045,PROD0045,PROD0179,2025-11-16,1553,16431.5542649821,14679332.290713517,Pending
PROD0046,PROD0046,PROD0179,2026-07-21,1961,18141.00790873268,27397559.902317964,In Transit
PROD0047,PROD0047,PROD0179,2025-06-13,1852,11740.85812985386,12154358.128175251,Partially Received
PROD0048,PROD0048,PROD0179,2025-03-31,1476,20516.8165191665,26898245.86148609,Delivered
PROD0049,PROD0049,PROD0179,2026-08-05,1833,19562.81588268474,25102917.779489256,Partially Received
PROD0050,PROD0050,PROD0179,2025-05-23,1949,14561.19107791228,20825263.749365013,Partially Received
PROD0051,PROD0051,PROD0179,2026-01-21,1570,19779.55157678973,19248408.691720072,Delivered
PROD0052,PROD0052,PROD0179,2026-03-06,1756,17667.770256286753,25284021.921158317,In Transit
PROD0053,PROD0053,PROD0179,2025-08-27,1900,14219.475397306127,18621921.371547267,Delivered
PROD0054,PROD0054,PROD0179,2025-05-12,1803,20307.24091106249,27171704.64256134,Delivered
PROD0055,PROD0055,PROD0179,2025-04-16,1287,13515.359928915295,12047947.71784189,Delivered
PROD0056,PROD0056,PROD0179,2026-07-03,2032,16679.168113327774,26655725.569362935,Delivered
PROD0057,PROD0057,PROD0151,2026-04-06,1761,17646.96770668157,20215510.99114624,Cancelled
PROD0058,PROD0058,PROD0151,2026-06-20,1541,17463.452232294672,15822365.916363345,Delivered
PROD0059,PROD0059,PROD0151,2026-06-17,1965,18792.266311467836,28836177.72083731,In Transit
PROD0060,PROD0060,PROD0151,2025-08-27,1631,16823.476884898962,19079047.76164799,Delivered
PROD0061,PROD0061,PROD0151,2026-08-14,1468,13364.110052333459,13103915.283359604,Delivered
PROD0062,PROD0062,PROD0151,2025-04-19,1485,12784.49819946373,14447233.657871528,Delivered
PROD0063,PROD0063,PROD0151,2025-09-28,1453,19496.686363839086,17360259.40636733,Delivered
PROD0064,PROD0064,PROD0151,2026-05-16,1704,11801.950830600757,12535155.165367346,In Transit
PROD0065,PROD0065,PROD0151,2026-06-06,2048,14563.595818107595,21218579.680053517,Cancelled
PROD0066,PROD0066,PROD0151,2026-03-10,2016,17605.299645779392,26046511.411363304,Delivered
PROD0067,PROD0067,PROD0151,2025-11-27,1677,17348.106181876945,20164487.79290205,Cancelled
PROD0068,PROD0068,PROD0151,2025-10-14,1410,13177.684929318251,13228748.637598382,In Transit
PROD0069,PROD0069,PROD0151,2025-03-23,2065,20257.27494694715,29669355.941679392,In Transit
PROD0070,PROD0070,PROD0151,2026-03-26,1821,20247.796618032444,27584817.6621376,Delivered
PROD0071,PROD0071,PROD0151,2025-08-12,1316,17928.673318492747,14361558.848137967,Delivered
PROD0072,PROD0072,PROD0151,2026-03-30,1724,18380.6836705377,24191997.418013323,Partially Received
PROD0073,PROD0073,PROD0151,2025-11-25,1872,12642.71905273879,16151556.798305396,In Transit
PROD0074,PROD0074,PROD0151,2025-03-31,1820,18834.867983700413,25137785.666147813,Delivered
PROD0075,PROD0075,PROD0042,2025-07-24,1442,18912.838699022075,18849511.588306956,Pending
PROD0076,PROD0076,PROD0042,2025-01-17,2042,11884.829230210202,20136991.267914653,Delivered
PROD0077,PROD0077,PROD0042,2025-06-21,1889,19589.719543019273,24230047.754707728,Pending
PROD0078,PROD0078,PROD0042,2025-09-22,1873,17260.949525744996,25532929.64431277,Delivered
PROD0079,PROD0079,PROD0042,2025-10-08,1810,20006.62142114931,22901614.523925852,Partially Received
PROD0080,PROD0080,PROD0042,2026-02-03,1534,19586.607998382515,20340660.24973868,Delivered
PROD0081,PROD0081,PROD0042,2025-01-06,1942,19424.36557868243,24186536.956161585,Delivered
PROD0082,PROD0082,PROD0042,2026-08-05,2095,15430.665445834848,28053860.62727258,Pending
PROD0083,PROD0083,PROD0042,2025-11-15,2078,13857.006498598079,28878369.327944763,Delivered
PROD0084,PROD0084,PROD0042,2025-10-30,1889,19810.739818419737,27798013.900261335,Partially Received
PROD0085,PROD0085,PROD0042,2025-10-16,1295,15319.67645724956,12430895.184257723,In Transit
PROD0086,PROD0086,PROD0042,2025-08-26,1627,13960.986586788666,14766641.64729767,Delivered
PROD0087,PROD0087,PROD0042,2025-05-17,1458,19859.48861145898,20384248.65709087,Delivered
PROD0088,PROD0088,PROD0042,2026-07-28,1842,17279.048651081328,20995644.855174474,Partially Received
PROD0089,PROD0089,PROD0042,2026-07-14,1809,13233.549959046795,16963406.6081648,In Transit
PROD0090,PROD0090,PROD0042,2026-02-21,1632,15837.110142076901,17580901.37769646,Partially Received
PROD0091,PROD0091,PROD0042,2025-11-08,1940,17808.580195481612,24864803.770169653,Delivered
PROD0092,PROD0092,PROD0196,2025-02-26,1539,11778.293431458718,12039934.975123297,Partially Received
PROD0093,PROD0093,PROD0196,2026-03-25,1600,20025.031706151607,26497545.42277468,Delivered
PROD0094,PROD0094,PROD0196,2026-08-23,1808,15580.885852594865,16470899.174146086,In Transit
PROD0095,PROD0095,PROD0196,2025-09-22,1617,13850.317952399637,13889158.620366592,Delivered
PROD0096,PROD0096,PROD0196,2026-01-12,1872,17443.827172066816,23342925.435656905,Delivered
PROD0097,PROD0097,PROD0196,2026-05-23,1765,17833.926723324483,21385591.00469039,Cancelled
PROD0098,PROD0098,PROD0196,2026-03-04,2018,13593.608473717382,16435137.969046745,Cancelled
PROD0099,PROD0099,PROD0196,2025-08-14,1789,17049.646723898673,21556370.021120943,Delivered
PROD0100,PROD0100,PROD0196,2025-04-20,1426,20242.987608358973,22857502.31391189,Partially Received
PROD0101,PROD0101,PROD0196,2026-08-26,1280,16309.090678599163,12680893.313296052,Delivered
PROD0102,PROD0102,PROD0196,2025-09-26,1807,18111.759517531944,20897665.030186366,Delivered
PROD0103,PROD0103,PROD0196,2026-06-02,2002,14107.098401474826,22935889.951178007,Delivered
PROD0104,PROD0104,PROD0196,2025-02-05,1537,11895.471715952559,12547236.764581742,Delivered
PROD0105,PROD0105,PROD0196,2026-07-05,1401,12248.587512498043,12641915.48377947,Delivered
PROD0106,PROD0106,PROD0196,2025-08-07,1820,17718.81888505038,21046225.48237846,Delivered
PROD0107,PROD0107,PROD0196,2026-05-09,1314,17366.841688810153,14475385.529790452,Delivered
PROD0108,PROD0108,PROD0196,2026-08-20,1957,14043.193846212474,21854066.984129008,Pending
PROD0109,PROD0109,PROD0027,2025-06-18,1485,12184.267894302204,12036567.617869584,Pending
PROD0110,PROD0110,PROD0027,2025-03-15,1485,19604.43099093844,19788951.297162157,Pending
PROD0111,PROD0111,PROD0027,2026-04-15,1501,12481.534071894204,12671955.837861339,Delivered
PROD0112,PROD0112,PROD0027,2026-06-09,1965,19327.241670357966,26041539.0822426,Pending
PROD0113,PROD0113,PROD0027,2026-01-18,1889,17440.110752307406,26031604.274150867,Delivered
PROD0114,PROD0114,PROD0027,2025-10-20,1292,20023.35970054764,16134142.543061614,Pending
PROD0115,PROD0115,PROD0027,2025-06-04,1734,15095.678051870413,20799989.7235476,In Transit
PROD0116,PROD0116,PROD0027,2025-06-26,2002,20400.892552562767,29917200.114408232,Delivered
PROD0117,PROD0117,PROD0027,2026-01-25,2089,16923.577561249964,29152597.121504445,Delivered
PROD0118,PROD0118,PROD0027,2025-10-02,1396,15982.90651588881,15208935.514796596,Pending
PROD0119,PROD0119,PROD0027,2026-02-20,1489,13597.053889394063,13966799.15039573,Partially Received
PROD0120,PROD0120,PROD0027,2025-07-10,1471,18294.212564305115,17957908.069901925,In Transit
PROD0121,PROD0121,PROD0027,2026-08-23,1791,15925.809747919133,21819918.41977569,Cancelled
PROD0122,PROD0122,PROD0027,2025-11-08,1881,18957.904166329234,27981750.48282544,Partially Received
PROD0123,PROD0123,PROD0027,2026-07-22,1705,19837.465652765175,25553597.520461358,Delivered
PROD0124,PROD0124,PROD0027,2026-03-04,1474,14425.176933333634,15730110.329903327,Pending
PROD0125,PROD0125,PROD0166,2026-05-16,1686,12713.033955201521,14933654.951743552,Delivered
PROD0126,PROD0126,PROD0166,2026-03-20,1310,12700.21604452399,11867631.631960945,Delivered
PROD0127,PROD0127,PROD0166,2025-04-15,1325,14061.014736543171,12695804.338475207,Delivered
PROD0128,PROD0128,PROD0166,2026-08-11,1295,18123.233398481618,12816501.803859333,Cancelled
PROD0129,PROD0129,PROD0166,2026-07-11,1893,20341.605614361728,29191999.476041924,Pending
PROD0130,PROD0130,PROD0166,2026-03-10,1702,15402.205910658538,15242632.40631213,Delivered
PROD0131,PROD0131,PROD0166,2025-03-14,2081,20314.985168401985,29990890.147320036,Delivered
PROD0132,PROD0132,PROD0166,2025-04-27,1750,13890.746959270988,17042345.788514994,Delivered
PROD0133,PROD0133,PROD0166,2025-12-29,1554,14306.27294541631,15415627.24865442,Pending
PROD0134,PROD0134,PROD0166,2025-11-27,1832,18784.03173239049,25171256.55036259,Partially Received
PROD0135,PROD0135,PROD0166,2025-06-27,1428,15682.385990265708,15122945.629446868,Delivered
PROD0136,PROD0136,PROD0166,2026-04-13,1724,17609.406084161554,22664731.207986455,Delivered
PROD0137,PROD0137,PROD0166,2026-04-27,1939,20552.08827693527,29365429.532278348,In Transit
PROD0138,PROD0138,PROD0166,2026-04-12,2022,20458.279735853597,30132683.265110843,Delivered
PROD0139,PROD0139,PROD0166,2026-05-31,1782,16821.770974931853,23204553.636925012,Delivered
PROD0140,PROD0140,PROD0166,2026-08-23,1385,13421.563777601727,13784070.836205196,Delivered
PROD0141,PROD0141,PROD0122,2026-06-21,1522,18787.540451613055,18781930.97871921,Delivered
PROD0142,PROD0142,PROD0122,2026-06-29,1877,20360.204773675767,28562807.21609074,Delivered
PROD0143,PROD0143,PROD0122,2026-01-20,1925,12117.980458292803,14083242.15967851,Partially Received
PROD0144,PROD0144,PROD0122,2026-03-18,1411,18254.26983204363,17829037.15249361,Delivered
PROD0145,PROD0145,PROD0122,2026-05-12,1372,20115.307428227974,21438218.48629495,Delivered
PROD0146,PROD0146,PROD0122,2025-08-31,1771,19539.95238396227,23241078.22097196,Pending
PROD0147,PROD0147,PROD0122,2025-06-23,1945,17501.539940140963,24192470.941896517,Partially Received
PROD0148,PROD0148,PROD0122,2025-08-26,1681,14786.580721399101,18992489.761066686,Delivered
PROD0149,PROD0149,PROD0122,2026-01-28,1445,20019.337593792992,23419297.436194863,Delivered
PROD0150,PROD0150,PROD0122,2025-10-18,1984,14778.599595028225,22693149.84806706,Pending
PROD0151,PROD0151,PROD0122,2025-03-27,1752,15636.733959635214,22821012.355344117,Delivered
PROD0152,PROD0152,PROD0122,2025-11-06,1325,12346.461928902885,12034596.380969312,In Transit
PROD0153,PROD0153,PROD0122,2025-05-08,1336,16307.390230622741,13974906.13287418,Delivered
PROD0154,PROD0154,PROD0122,2026-07-18,1809,16468.839560365373,19224402.44203243,Delivered
PROD0155,PROD0155,PROD0122,2025-09-19,1688,20575.02362020782,28546589.097208265,Delivered
PROD0156,PROD0156,PROD0122,2026-05-09,1700,18016.69133733021,25230654.618154258,Pending
PROD0157,PROD0157,PROD0077,2025-07-29,1325,16665.033493529336,13910755.880436338,Delivered
PROD0158,PROD0158,PROD0077,2026-04-19,1741,18360.632801297463,23140533.042602386,Delivered
PROD0159,PROD0159,PROD0077,2025-03-18,1459,15832.13284080584,16770125.404769383,Delivered
PROD0160,PROD0160,PROD0077,2025-05-16,1889,18534.092932003467,28869007.71037936,Pending
PROD0161,PROD0161,PROD0077,2026-08-26,1946,12810.200269310746,18594753.745372258,Delivered
PROD0162,PROD0162,PROD0077,2025-02-19,1557,15650.064683996376,15941094.392738052,Pending
PROD0163,PROD0163,PROD0077,2026-05-30,1984,17859.598310241567,24295818.979591142,In Transit
PROD0164,PROD0164,PROD0077,2025-05-26,1773,12684.622955780533,15883547.140809417,Delivered
PROD0165,PROD0165,PROD0077,2026-02-23,1882,16646.172965120975,21308181.021656197,Cancelled
PROD0166,PROD0166,PROD0077,2025-08-12,1295,19093.396031595817,14117702.114480775,Partially Received
PROD0167,PROD0167,PROD0077,2026-06-06,1810,20536.44504239153,29937546.41880785,Delivered
PROD0168,PROD0168,PROD0077,2026-02-25,1417,17217.481066182238,13822982.275838591,Delivered
PROD0169,PROD0169,PROD0077,2026-03-02,2065,20516.910251745634,30331278.086497188,Delivered
PROD0170,PROD0170,PROD0077,2025-04-26,1475,17261.317239567143,17431744.017096996,Delivered
PROD0171,PROD0171,PROD0077,2026-07-03,1981,20076.365720051883,29050712.963645548,In Transit
PROD0172,PROD0172,PROD0077,2025-04-06,1884,15011.707334282573,20626270.008826174,Partially Received
PROD0173,PROD0173,PROD0103,2026-01-30,1409,16844.092190146122,16250028.941247668,Partially Received
PROD0174,PROD0174,PROD0103,2025-07-17,1303,15665.398557007034,12434569.793828059,Delivered
PROD0175,PROD0175,PROD0103,2026-08-13,1369,13693.303215729633,13780851.719337003,Delivered
PROD0176,PROD0176,PROD0103,2026-01-17,2036,14158.875567151976,23282391.078900438,Delivered
PROD0177,PROD0177,PROD0103,2026-07-05,1968,12685.81153715248,17892399.76260118,In Transit
PROD0178,PROD0178,PROD0103,2025-03-30,1822,19580.938041076348,26834155.673700955,Delivered
PROD0179,PROD0179,PROD0103,2025-06-19,2071,18939.835454597272,28784824.951519113,Partially Received
PROD0180,PROD0180,PROD0103,2025-03-23,1281,19783.304634554577,13289573.533825342,Partially Received
PROD0181,PROD0181,PROD0103,2025-03-01,1911,20384.651238357408,29262558.016321644,Delivered
PROD0182,PROD0182,PROD0103,2026-06-06,1705,17908.516274654627,20756996.465122703,Pending
PROD0183,PROD0183,PROD0103,2025-01-30,1435,18521.004281878635,19175617.889837317,In Transit
PROD0184,PROD0184,PROD0103,2025-05-04,1609,14048.101298538422,16093593.235837698,Pending
PROD0185,PROD0185,PROD0103,2026-03-26,2021,12117.253615098396,17903897.939196438,Delivered
PROD0186,PROD0186,PROD0103,2025-07-24,1660,19445.406410123695,20766790.326501068,Delivered
PROD0187,PROD0187,PROD0103,2025-09-25,1815,20247.889867251495,27858875.1993766,In Transit
PROD0188,PROD0188,PROD0101,2026-02-03,1682,16205.118209512433,16981889.620219823,Delivered
PROD0189,PROD0189,PROD0101,2025-05-02,1674,13037.181163058689,14346285.374150127,In Transit
PROD0190,PROD0190,PROD0101,2025-06-02,1954,17135.698557258223,24523163.369532976,Delivered
PROD0191,PROD0191,PROD0101,2026-07-05,1989,19779.400928515443,28773269.8356642,In Transit
PROD0192,PROD0192,PROD0101,2025-10-09,1982,18842.886059547272,24613364.06371634,Pending
PROD0193,PROD0193,PROD0101,2025-03-29,1687,12064.02671300482,13090099.637885984,Delivered
PROD0194,PROD0194,PROD0101,2025-05-21,1302,20325.00518862121,16323380.497634321,Delivered
PROD0195,PROD0195,PROD0101,2025-01-24,1517,19549.62918728408,22731747.06846346,Pending
PROD0196,PROD0196,PROD0101,2026-02-10,1287,15352.487227255018,12020701.4189351,Delivered
PROD0197,PROD0197,PROD0101,2025-11-20,1998,12792.298199625639,17221105.067206826,In Transit
PROD0198,PROD0198,PROD0101,2025-09-03,2025,12609.435081387051,16680251.794586632,In Transit
PROD0199,PROD0199,PROD0101,2025-10-30,1926,20040.495658312608,27715064.161536314,Delivered
PROD0200,PROD0200,PROD0101,2026-02-13,1620,14943.956071481669,13901362.87237392,Pending
PROD0201,PROD0201,PROD0101,2025-11-01,1435,16799.44521891309,17776307.67242402,Delivered
PROD0202,PROD0202,PROD0101,2026-07-16,1705,19427.20494423459,24783806.61709305,In Transit
PROD0203,PROD0203,PROD0119,2025-03-14,1693,14569.013744736141,14078476.592305508,Delivered
PROD0204,PROD0204,PROD0119,2026-02-28,1393,18074.93635030347,16504896.036989272,Delivered
PROD0205,PROD0205,PROD0119,2025-02-08,2052,19178.05442748141,28215473.282175634,Delivered
PROD0206,PROD0206,PROD0119,2025-08-29,2050,18007.80708730396,28269883.287750594,Partially Received
PROD0207,PROD0207,PROD0119,2026-04-15,2055,14899.655805360002,23835865.124764856,Partially Received
PROD0208,PROD0208,PROD0119,2025-01-15,1777,16311.034977994577,19070726.02478502,Pending
PROD0209,PROD0209,PROD0119,2025-10-16,1488,17380.020757702234,16364448.794818545,Delivered
PROD0210,PROD0210,PROD0119,2026-03-22,1329,17207.522890541866,12489385.929781806,In Transit
PROD0211,PROD0211,PROD0119,2025-07-29,1888,11755.390589062345,12553040.320279628,Pending
PROD0212,PROD0212,PROD0119,2025-07-03,2031,20307.569576488127,29599195.459887445,In Transit
PROD0213,PROD0213,PROD0119,2025-08-23,1487,19479.767516135424,21512680.493623603,Delivered
PROD0214,PROD0214,PROD0119,2025-10-15,1328,18912.145879277927,17114212.39594598,Partially Received
PROD0215,PROD0215,PROD0119,2025-07-28,1345,12337.276734507628,12026072.120880395,Delivered
PROD0216,PROD0216,PROD0119,2025-05-26,1923,16237.62279339793,19168803.178123135,Delivered
PROD0217,PROD0217,PROD0119,2026-01-12,1520,16941.2384392908,20397163.62006953,Partially Received
PROD0218,PROD0218,PROD0032,2026-03-05,2047,13437.342233674164,19978638.97690884,Delivered
PROD0219,PROD0219,PROD0032,2025-11-21,1685,14996.032497758542,15293887.837509306,Delivered
PROD0220,PROD0220,PROD0032,2025-09-09,1929,13462.876677189628,18466624.699801203,In Transit
PROD0221,PROD0221,PROD0032,2025-03-10,2041,20057.62002175052,29040346.47724902,Cancelled
PROD0222,PROD0222,PROD0032,2025-09-01,1831,18317.629140591318,20385117.41698209,Delivered
PROD0223,PROD0223,PROD0032,2026-05-09,2065,19371.000313550714,28982672.695016824,Pending
PROD0224,PROD0224,PROD0032,2025-04-10,2093,19984.989723864852,30203945.72796445,Delivered
PROD0225,PROD0225,PROD0032,2025-08-25,1557,20183.932694983352,25979152.844155435,Delivered
PROD0226,PROD0226,PROD0032,2025-03-16,2038,11918.274679818425,17968082.866425455,Delivered
PROD0227,PROD0227,PROD0032,2026-05-03,1550,16105.495302163257,18064991.795667637,In Transit
PROD0228,PROD0228,PROD0032,2025-06-12,1850,12680.301508915776,15364618.907023687,Delivered
PROD0229,PROD0229,PROD0032,2026-02-20,1693,18699.56053180597,23790455.40486556,Delivered
PROD0230,PROD0230,PROD0032,2026-02-13,1344,14643.331072435494,12733037.625235258,In Transit
PROD0231,PROD0231,PROD0032,2026-05-09,1544,16480.65764930948,18787290.484702185,In Transit
PROD0232,PROD0232,PROD0098,2025-12-02,2022,20520.77051191282,29911730.383700535,Pending
PROD0233,PROD0233,PROD0098,2025-03-06,2020,20544.19300695052,29939128.45747127,Pending
PROD0234,PROD0234,PROD0098,2026-06-01,1978,14667.050396734388,20834097.09714101,Delivered
PROD0235,PROD0235,PROD0098,2026-03-20,1899,18890.969526691937,27612131.611205734,Delivered
PROD0236,PROD0236,PROD0098,2025-01-31,1729,20074.65962489186,27039477.51231491,Delivered
PROD0237,PROD0237,PROD0098,2026-08-04,1893,15763.031301258157,21189788.18117778,In Transit
PROD0238,PROD0238,PROD0098,2025-02-12,1377,17793.63427243817,15329528.659303643,Delivered
PROD0239,PROD0239,PROD0098,2025-04-01,1542,19997.898389380793,19732096.045949783,Delivered
PROD0240,PROD0240,PROD0098,2026-04-09,1493,16523.576365211487,14744925.117738698,Delivered
PROD0241,PROD0241,PROD0098,2025-07-19,2003,15037.411783724468,18394228.61610354,Delivered
PROD0242,PROD0242,PROD0098,2026-01-06,1818,20282.827918299714,29247613.34336892,Cancelled
PROD0243,PROD0243,PROD0098,2025-11-21,1849,14681.39332013171,16977636.8850932,In Transit
PROD0244,PROD0244,PROD0098,2026-08-12,2015,18256.06470843742,27387008.31939129,Delivered
PROD0245,PROD0245,PROD0098,2025-02-16,1526,15934.165286058082,16493879.335249292,In Transit
PROD0246,PROD0246,PROD0102,2025-06-13,1813,14252.892351040422,19572072.976538464,In Transit
PROD0247,PROD0247,PROD0102,2025-08-06,1564,20570.881532796626,29325394.744274437,Delivered
PROD0248,PROD0248,PROD0102,2025-05-18,1344,17375.56964079928,12886578.530230315,Delivered
PROD0249,PROD0249,PROD0102,2025-10-18,1829,13690.790493207312,20801350.736371648,Pending
PROD0250,PROD0250,PROD0102,2026-01-05,1534,16994.107332065592,15777679.548335806,Delivered
PROD0251,PROD0251,PROD0102,2025-09-04,1688,17863.88996947822,18903976.348529004,In Transit
PROD0252,PROD0252,PROD0102,2026-05-20,1564,11762.364974951308,12313448.04226354,In Transit
PROD0253,PROD0253,PROD0102,2025-08-12,2022,16840.635936146416,26867363.873417158,Pending
PROD0254,PROD0254,PROD0102,2026-08-27,1853,12690.336828184238,17626721.37468025,Cancelled
PROD0255,PROD0255,PROD0102,2025-11-19,1674,13404.821535993031,15400925.24371543,Pending
PROD0256,PROD0256,PROD0102,2025-03-18,2052,20025.783524583207,29246677.338429477,Delivered
PROD0257,PROD0257,PROD0102,2025-02-25,2086,15094.456712389578,28938519.27361152,Delivered
PROD0258,PROD0258,PROD0102,2025-04-02,1419,12719.085066133557,13637389.734010296,In Transit
PROD0259,PROD0259,PROD0102,2026-02-02,1785,16826.51389314743,18821609.976353917,Pending
PROD0260,PROD0260,PROD0172,2025-03-31,1687,16209.996468535517,16079843.93037642,Partially Received
PROD0261,PROD0261,PROD0172,2025-03-12,1644,16730.109248415036,21935266.921051633,Pending
PROD0262,PROD0262,PROD0172,2025-12-27,1486,14664.420115571664,14640566.8856662,Delivered
PROD0263,PROD0263,PROD0172,2025-02-25,1701,17715.877119868604,18620902.213453487,Pending
PROD0264,PROD0264,PROD0172,2026-03-11,1617,19278.215167072245,19607145.509314697,Partially Received
PROD0265,PROD0265,PROD0172,2025-04-27,1737,15279.648289870716,14987134.43613725,In Transit
PROD0266,PROD0266,PROD0172,2025-03-21,1911,14308.389291828962,21538381.64982806,In Transit
PROD0267,PROD0267,PROD0172,2025-09-04,1492,14659.154961381777,13736089.723565971,Delivered
PROD0268,PROD0268,PROD0172,2025-10-16,1989,18327.0679375154,27411741.102694787,In Transit
PROD0269,PROD0269,PROD0172,2025-10-24,1646,12117.468743575688,13254301.046742301,Delivered
PROD0270,PROD0270,PROD0172,2026-03-30,1916,19823.99873306066,27998484.190562755,Delivered
PROD0271,PROD0271,PROD0172,2025-08-12,1615,18537.356027158825,21277831.721783064,Pending
PROD0272,PROD0272,PROD0172,2026-03-24,1693,19291.20017081035,23784871.93743535,Partially Received
PROD0273,PROD0273,PROD0172,2025-02-16,1850,17293.231253983166,23203916.05048732,Partially Received
PROD0274,PROD0274,PROD0127,2026-06-11,1829,19708.88259517931,28342514.85311588,Delivered
PROD0275,PROD0275,PROD0127,2025-05-19,1576,20557.816629354562,26193171.614425123,Delivered
PROD0276,PROD0276,PROD0127,2025-07-31,1714,16890.647314933645,19544089.461196642,Delivered
PROD0277,PROD0277,PROD0127,2026-05-17,1276,19823.256737486943,13647512.301313942,Partially Received
PROD0278,PROD0278,PROD0127,2026-03-25,1295,16124.895238237896,12654066.756204836,In Transit
PROD0279,PROD0279,PROD0127,2025-04-22,1707,20016.659760645183,24784634.985371146,Cancelled
PROD0280,PROD0280,PROD0127,2025-05-24,1777,11835.964450981495,12854963.631082855,Delivered
PROD0281,PROD0281,PROD0127,2026-08-09,1317,12337.673811808618,12575499.661331879,In Transit
PROD0282,PROD0282,PROD0127,2025-01-06,1750,16781.57112004282,20695591.368128944,Pending
PROD0283,PROD0283,PROD0127,2025-05-29,1307,11768.849354896689,11828097.542213732,Delivered
PROD0284,PROD0284,PROD0127,2025-02-01,1434,15603.2803745958,13956978.14982481,Cancelled
PROD0285,PROD0285,PROD0127,2025-06-13,1486,14602.947762855556,14556678.926170273,In Transit
PROD0286,PROD0286,PROD0127,2025-04-21,1765,15800.396172607052,20140551.400643166,Delivered
PROD0287,PROD0287,PROD0127,2026-05-27,2087,19599.982387505977,29412181.913816486,Delivered
PROD0288,PROD0288,PROD0041,2025-06-19,1992,19792.662653589494,28677050.03811896,Partially Received
PROD0289,PROD0289,PROD0041,2025-09-27,2024,17019.1854049333,23466122.193235785,In Transit
PROD0290,PROD0290,PROD0041,2026-08-13,1693,19067.216732894965,22736856.864027347,Pending
PROD0291,PROD0291,PROD0041,2026-04-12,1421,18364.713823792612,18790067.475063175,Pending
PROD0292,PROD0292,PROD0041,2026-07-03,1393,20252.418757326435,17625933.763219442,Delivered
PROD0293,PROD0293,PROD0041,2025-11-12,1684,17579.951499022714,19843148.127080183,Pending
PROD0294,PROD0294,PROD0041,2025-05-13,1737,16062.549853246537,20822165.36197414,Partially Received
PROD0295,PROD0295,PROD0041,2025-01-23,1757,20376.168910924443,26638073.77604812,Delivered
PROD0296,PROD0296,PROD0041,2026-02-28,1914,13267.000599640556,17630396.62987372,Pending
PROD0297,PROD0297,PROD0041,2025-12-31,1944,20590.124886421596,30108873.859486878,Delivered
PROD0298,PROD0298,PROD0041,2026-05-22,1753,18956.623854775382,23911065.707605235,Delivered
PROD0299,PROD0299,PROD0041,2025-11-19,1991,15185.43807645367,21174133.26484658,Delivered
PROD0300,PROD0300,PROD0041,2026-07-14,2015,18144.09971057434,24231123.72500068,Partially Received
PROD0301,PROD0301,PROD0041,2026-03-02,1644,15685.14829196592,17217545.525193844,Delivered
PROD0302,PROD0302,PROD0126,2025-05-19,1298,13890.700269780555,13268981.382185714,Delivered
PROD0303,PROD0303,PROD0126,2026-02-07,1481,19829.413312641216,21252295.93072505,In Transit
PROD0304,PROD0304,PROD0126,2026-07-31,1786,20047.488355571164,27390877.356307104,Delivered
PROD0305,PROD0305,PROD0126,2025-01-27,1427,16906.55888518172,17206849.904457208,Pending
PROD0306,PROD0306,PROD0126,2025-12-02,1734,11957.888962378334,13898001.849527009,Partially Received
PROD0307,PROD0307,PROD0126,2026-02-13,1285,18309.603604746888,13009321.260940207,Delivered
PROD0308,PROD0308,PROD0126,2025-05-17,1944,18674.784689428463,25609936.14724883,Delivered
PROD0309,PROD0309,PROD0126,2026-03-22,2050,12737.565721036386,20691214.915458065,Cancelled
PROD0310,PROD0310,PROD0126,2026-06-23,1552,16513.653689669267,17235826.458143976,Delivered
PROD0311,PROD0311,PROD0126,2025-02-27,1767,15351.188171797203,20810055.90675363,Delivered
PROD0312,PROD0312,PROD0126,2025-07-28,1404,12502.458729459933,12730185.930074677,Cancelled
PROD0313,PROD0313,PROD0126,2025-05-16,1922,19278.85788258551,28051214.334412847,Partially Received
PROD0314,PROD0314,PROD0126,2026-02-03,1516,13897.14823599566,15158622.706962468,In Transit
PROD0315,PROD0315,PROD0126,2025-01-26,1848,12735.060271188839,16966211.829923168,In Transit
PROD0316,PROD0316,PROD0038,2026-07-14,1946,17814.2572445986,19401931.025908437,Partially Received
PROD0317,PROD0317,PROD0038,2025-07-20,1278,20561.626469676758,15795028.177069971,In Transit
PROD0318,PROD0318,PROD0038,2025-09-07,1746,15015.445240006364,15836482.1048285,In Transit
PROD0319,PROD0319,PROD0038,2025-10-21,2056,15299.144708600645,24239346.709732868,Partially Received
PROD0320,PROD0320,PROD0038,2026-08-27,1307,12280.818914873016,12002864.206857752,In Transit
PROD0321,PROD0321,PROD0038,2025-02-02,1415,13138.714592947406,12433528.322576467,Delivered
PROD0322,PROD0322,PROD0038,2026-03-26,1772,17738.62601721028,19244035.98229069,Delivered
PROD0323,PROD0323,PROD0038,2025-02-23,1570,18859.581500247474,22679963.105121993,Delivered
PROD0324,PROD0324,PROD0038,2025-05-27,1643,17614.567093933394,19511828.90866555,Delivered
PROD0325,PROD0325,PROD0038,2026-06-10,1825,15093.29806005172,17466379.79427677,Delivered
PROD0326,PROD0326,PROD0038,2025-01-11,2062,16846.613832531166,26732676.256605722,Delivered
PROD0327,PROD0327,PROD0038,2026-08-01,2036,18805.265604573153,28769608.429497708,Pending
PROD0328,PROD0328,PROD0038,2026-01-11,2024,19378.298730380517,29151438.78533926,Delivered
PROD0329,PROD0329,PROD0038,2025-06-16,1802,14915.194169874565,16122360.420522239,Delivered
PROD0330,PROD0330,PROD0155,2025-01-06,1572,17149.876962457325,17250018.26507221,Delivered
PROD0331,PROD0331,PROD0155,2025-05-23,1764,11993.459493869603,15892628.575051786,Delivered
PROD0332,PROD0332,PROD0155,2026-04-28,1400,13853.941944593287,13293057.183951246,Pending
PROD0333,PROD0333,PROD0155,2025-06-01,1543,14741.693649116738,15118811.985943373,Delivered
PROD0334,PROD0334,PROD0155,2025-06-04,1522,15309.319930251688,14332051.721954422,Delivered
PROD0335,PROD0335,PROD0155,2025-05-26,1935,16246.65121619865,22868276.826576024,Pending
PROD0336,PROD0336,PROD0155,2025-10-11,1785,14582.215245436697,17328704.681959428,Delivered
PROD0337,PROD0337,PROD0155,2025-02-01,1660,14601.680658301786,14323767.897235997,Delivered
PROD0338,PROD0338,PROD0155,2025-12-19,1373,15253.78101778076,12525609.455354454,Pending
PROD0339,PROD0339,PROD0155,2025-02-23,1737,20219.24122590912,27016319.792295463,In Transit
PROD0340,PROD0340,PROD0155,2026-07-17,1693,18114.803102677037,22575275.096904874,Pending
PROD0341,PROD0341,PROD0155,2025-08-15,1694,15101.481323595128,17978551.669759773,Partially Received
PROD0342,PROD0342,PROD0155,2026-02-06,1297,19901.329194869766,15497473.03869509,Partially Received
PROD0343,PROD0343,PROD0002,2025-02-12,2071,20229.5582862897,29935342.445755877,Delivered
PROD0344,PROD0344,PROD0002,2026-08-09,1714,12243.206084136307,14047109.940011501,Pending
PROD0345,PROD0345,PROD0002,2026-01-28,1939,17175.84934885636,23031687.102972277,Pending
PROD0346,PROD0346,PROD0002,2025-07-18,1930,14627.692491779762,19308994.19716664,Delivered
PROD0347,PROD0347,PROD0002,2025-04-12,1703,13500.704006413098,14280331.568540981,Partially Received
PROD0348,PROD0348,PROD0002,2026-05-30,1618,12830.645285661793,14251106.907653252,Delivered
PROD0349,PROD0349,PROD0002,2026-07-07,1726,20017.10111025888,24550993.276463427,Partially Received
PROD0350,PROD0350,PROD0002,2026-04-18,1397,17812.24059725294,16683965.37483681,In Transit
PROD0351,PROD0351,PROD0002,2026-04-10,1942,19694.723741484988,27934139.34453132,In Transit
PROD0352,PROD0352,PROD0002,2026-05-27,1274,13938.525708937666,11985755.542542953,Delivered
PROD0353,PROD0353,PROD0002,2025-07-28,1761,15430.055969466033,19025545.364519864,Partially Received
PROD0354,PROD0354,PROD0002,2025-01-18,1516,15663.48917329351,18321175.47107459,In Transit
PROD0355,PROD0355,PROD0002,2025-02-22,2022,15332.671542424512,22589157.869509865,Delivered
PROD0356,PROD0356,PROD0163,2025-05-06,1478,19300.43013776381,20547712.785874132,Delivered
PROD0357,PROD0357,PROD0163,2026-05-25,1396,13668.838576356395,12850570.352364019,Pending
PROD0358,PROD0358,PROD0163,2025-01-30,1954,19835.84835839584,26181516.0421117,Delivered
PROD0359,PROD0359,PROD0163,2025-07-19,1921,17975.842547453805,27312248.165462915,In Transit
PROD0360,PROD0360,PROD0163,2025-08-29,1278,12159.407278929708,11868470.85848076,In Transit
PROD0361,PROD0361,PROD0163,2026-03-03,1595,16656.160057866462,18773755.986660704,Delivered
PROD0362,PROD0362,PROD0163,2025-08-23,1737,16697.44303351374,19071730.07676928,In Transit
PROD0363,PROD0363,PROD0163,2025-06-15,1695,20456.468078061545,28782313.576908275,Delivered
PROD0364,PROD0364,PROD0163,2026-06-18,1645,18847.414469711173,21536728.345940776,Partially Received
PROD0365,PROD0365,PROD0163,2025-01-23,1572,14786.691843231722,14433603.506774368,Partially Received
PROD0366,PROD0366,PROD0163,2026-05-15,1746,11910.059288967896,13718012.66375328,Delivered
PROD0367,PROD0367,PROD0163,2025-08-27,1712,12115.535239739207,14835743.065228533,In Transit
PROD0368,PROD0368,PROD0163,2025-12-18,1689,13717.748805742827,16278867.001793541,Delivered
PROD0369,PROD0369,PROD0026,2026-02-05,2051,18118.42129351302,26286282.828966886,Cancelled
PROD0370,PROD0370,PROD0026,2025-05-21,2047,15201.254209381239,26388624.95090963,Delivered
PROD0371,PROD0371,PROD0026,2025-05-02,1386,14428.364228078299,12573841.767225545,In Transit
PROD0372,PROD0372,PROD0026,2025-03-09,1785,17329.08838021975,21360990.30491273,Partially Received
PROD0373,PROD0373,PROD0026,2026-06-09,1393,15000.359575884417,13893168.358030958,Delivered
PROD0374,PROD0374,PROD0026,2025-04-27,1997,18064.8293638043,26768363.864814527,In Transit
PROD0375,PROD0375,PROD0026,2025-03-05,1845,19054.64632523348,25099340.485970944,Delivered
PROD0376,PROD0376,PROD0026,2026-01-20,2050,13204.07648030363,21428125.978680912,In Transit
PROD0377,PROD0377,PROD0026,2025-12-13,1389,20392.278671267868,20451412.40073317,Delivered
PROD0378,PROD0378,PROD0026,2025-05-23,1569,18593.697405394872,23270687.865591984,Cancelled
PROD0379,PROD0379,PROD0026,2025-11-30,1989,13925.41141661285,20893350.1686801,Delivered
PROD0380,PROD0380,PROD0026,2025-07-31,1693,17152.45212075339,19575355.946596846,Delivered
PROD0381,PROD0381,PROD0026,2025-08-08,1277,19018.842358970556,12047340.775769286,Pending
PROD0382,PROD0382,PROD0170,2025-03-05,1820,17830.339398739103,24230747.31752708,Pending
PROD0383,PROD0383,PROD0170,2026-07-11,1480,16391.424872473628,17824025.37036668,Pending
PROD0384,PROD0384,PROD0170,2025-03-19,1476,13562.55181154245,14425916.735829256,Pending
PROD0385,PROD0385,PROD0170,2025-07-14,1490,17490.777772266854,18802215.21560656,Delivered
PROD0386,PROD0386,PROD0170,2026-03-22,1630,16133.974385729076,20399566.740124285,In Transit
PROD0387,PROD0387,PROD0170,2025-10-31,1988,20582.304841933976,30029824.121414162,Delivered
PROD0388,PROD0388,PROD0170,2025-01-31,1787,18712.875447901995,20694204.645056404,Delivered
PROD0389,PROD0389,PROD0170,2026-05-03,1688,19824.279831029085,28313752.897840634,Partially Received
PROD0390,PROD0390,PROD0170,2025-12-13,1317,13718.056068516038,12367281.178446224,Pending
PROD0391,PROD0391,PROD0170,2025-04-29,1563,20512.1370385641,27386347.160355214,Delivered
PROD0392,PROD0392,PROD0170,2026-05-18,1956,19525.485674378873,25542441.088742338,Delivered
PROD0393,PROD0393,PROD0170,2026-06-18,1904,18123.582980976098,25929671.589523464,Partially Received
PROD0394,PROD0394,PROD0170,2026-07-03,1367,18770.46441506601,17948956.7679985,Delivered
PROD0395,PROD0395,PROD0045,2025-11-22,1993,17350.368955949638,25770908.487892594,Delivered
PROD0396,PROD0396,PROD0045,2025-08-17,1942,19902.813185997846,28569308.980930142,Delivered
PROD0397,PROD0397,PROD0045,2025-06-04,1481,15274.921791908702,17324950.00106971,Delivered
PROD0398,PROD0398,PROD0045,2025-06-24,1417,14918.218462292978,14407439.928901207,Delivered
PROD0399,PROD0399,PROD0045,2025-11-18,1720,11777.179758830425,12024555.262128584,Cancelled
PROD0400,PROD0400,PROD0045,2025-08-28,2081,15657.292656021584,25578376.60854183,Delivered
PROD0401,PROD0401,PROD0045,2026-06-06,1895,20026.959813761743,28422276.79371355,Delivered
PROD0402,PROD0402,PROD0045,2026-03-04,1607,18801.42740023774,19888105.535918776,Pending
PROD0403,PROD0403,PROD0045,2026-06-21,1602,19546.69480908645,26946927.038802393,In Transit
PROD0404,PROD0404,PROD0045,2025-03-02,1849,14013.48569016468,17462529.79972066,Pending
PROD0405,PROD0405,PROD0045,2026-07-18,1698,19518.682309159627,18638840.49545773,In Transit
PROD0406,PROD0406,PROD0045,2025-12-12,1723,20554.407515895597,27018207.33787802,In Transit
PROD0407,PROD0407,PROD0045,2025-06-11,2080,16434.831583294887,27628720.29188564,In Transit
PROD0408,PROD0408,PROD0017,2026-07-21,1473,12700.235579229327,13549189.799475234,Pending
PROD0409,PROD0409,PROD0017,2025-05-24,1982,17550.991395345627,26839775.90316609,Pending
PROD0410,PROD0410,PROD0017,2026-07-07,1938,16789.850426241865,24308564.13204226,Pending
PROD0411,PROD0411,PROD0017,2025-10-14,1631,20106.416673126223,22622165.291665826,Delivered
PROD0412,PROD0412,PROD0017,2025-05-13,1785,16119.71426865531,18622720.14128843,In Transit
PROD0413,PROD0413,PROD0017,2025-10-08,1803,15143.215056917808,20220767.674772967,Pending
PROD0414,PROD0414,PROD0017,2025-03-06,1656,11954.914271655689,12512134.024871979,Delivered
PROD0415,PROD0415,PROD0017,2026-05-11,1306,13820.422040264317,12759367.275269432,Partially Received
PROD0416,PROD0416,PROD0017,2025-10-30,1677,18220.26619426942,17812569.91685496,Delivered
PROD0417,PROD0417,PROD0017,2026-02-19,1412,19943.463171373132,21913694.64197847,Delivered
PROD0418,PROD0418,PROD0017,2026-06-25,1307,15130.006893081885,12846785.258048804,Partially Received
PROD0419,PROD0419,PROD0017,2025-05-22,1724,19477.09103500201,26005761.627523724,Delivered
PROD0420,PROD0420,PROD0017,2025-08-16,2031,12827.39760373354,19630727.91409586,Delivered
PROD0421,PROD0421,PROD0076,2025-05-19,1474,13896.782524182969,14446434.898940215,Delivered
PROD0422,PROD0422,PROD0076,2025-01-23,1807,18068.116051805046,23114968.105622333,Partially Received
PROD0423,PROD0423,PROD0076,2026-04-23,1989,17133.744578813992,26487296.03683706,Delivered
PROD0424,PROD0424,PROD0076,2025-02-05,1852,12120.443165104612,17361650.676355828,Pending
PROD0425,PROD0425,PROD0076,2025-10-13,1890,17200.241525194975,21738525.365244772,Pending
PROD0426,PROD0426,PROD0076,2025-12-07,1516,17779.618368498974,21153286.08714247,In Transit
PROD0427,PROD0427,PROD0076,2025-04-06,1534,16158.24283772981,18686141.77016711,Partially Received
PROD0428,PROD0428,PROD0076,2025-07-05,1761,20584.606284046007,30033664.869296852,Pending
PROD0429,PROD0429,PROD0076,2026-02-04,1789,16664.81757885857,18165488.63376166,Delivered
PROD0430,PROD0430,PROD0076,2025-10-16,2034,12327.221365752135,20693869.489181444,Partially Received
PROD0431,PROD0431,PROD0076,2025-01-07,1575,17746.15101024816,18422505.50110017,In Transit
PROD0432,PROD0432,PROD0076,2025-01-17,2073,20016.352347088912,30001157.00992551,Delivered
PROD0433,PROD0433,PROD0076,2025-10-11,1955,20351.42480562131,28451061.157259107,Delivered
PROD0434,PROD0434,PROD0078,2026-01-20,1986,19396.576924536865,24371082.662991803,In Transit
PROD0435,PROD0435,PROD0078,2025-12-08,1738,13525.653504148231,15768702.665072715,Delivered
PROD0436,PROD0436,PROD0078,2025-02-24,1996,20534.728053008883,30227218.741623882,In Transit
PROD0437,PROD0437,PROD0078,2026-01-05,2087,20529.447219641665,30204947.463519435,Delivered
PROD0438,PROD0438,PROD0078,2025-07-01,1397,16647.220729983,15118349.516664527,In Transit
PROD0439,PROD0439,PROD0078,2026-05-23,1956,12111.593608524534,16022955.899825193,Delivered
PROD0440,PROD0440,PROD0078,2025-03-22,1335,19054.878081056733,18589482.08069583,Partially Received
PROD0441,PROD0441,PROD0078,2026-06-24,1769,19585.086524477338,25428104.57488507,Delivered
PROD0442,PROD0442,PROD0078,2025-04-02,2024,19379.196364279564,29245360.46540122,Delivered
PROD0443,PROD0443,PROD0078,2026-01-08,1368,19643.36036856625,17868133.72505053,Delivered
PROD0444,PROD0444,PROD0078,2025-12-12,1306,19627.941592234674,14406908.1939081,Delivered
PROD0445,PROD0445,PROD0078,2026-07-27,1542,13890.853782624297,14810423.570805054,In Transit
PROD0446,PROD0446,PROD0078,2026-02-06,1392,12114.753600009408,12431946.059170898,In Transit
PROD0447,PROD0447,PROD0176,2025-02-19,1291,12182.077963899166,11851657.742259532,Delivered
PROD0448,PROD0448,PROD0176,2025-10-16,1725,14952.208105813626,16520084.524296228,Partially Received
PROD0449,PROD0449,PROD0176,2026-05-13,2092,13417.334801855324,27235644.225849412,Delivered
PROD0450,PROD0450,PROD0176,2025-07-15,2022,16357.42879704536,25086697.261850376,Delivered
PROD0451,PROD0451,PROD0176,2025-05-26,1923,16613.96695525134,20243048.311320398,Pending
PROD0452,PROD0452,PROD0176,2026-04-17,1988,12116.517702970816,17973519.679017235,In Transit
PROD0453,PROD0453,PROD0176,2025-10-21,1705,18938.950320098582,22078141.004242577,In Transit
PROD0454,PROD0454,PROD0176,2025-10-22,1670,18085.954126548557,22665024.318163123,Delivered
PROD0455,PROD0455,PROD0176,2025-05-29,2086,18793.525349223648,29217098.561287556,Delivered
PROD0456,PROD0456,PROD0176,2025-03-21,1383,18235.207873371215,18727393.59948425,In Transit
PROD0457,PROD0457,PROD0176,2025-01-06,1687,12509.552913482517,12882488.604589762,Delivered
PROD0458,PROD0458,PROD0176,2026-03-31,1663,14475.809459478245,13907930.341574011,Delivered
PROD0459,PROD0459,PROD0176,2026-07-07,1773,15774.805410105519,20416080.780525032,Cancelled
PROD0460,PROD0460,PROD0118,2025-03-09,1693,15231.893305560148,20103888.616575386,In Transit
PROD0461,PROD0461,PROD0118,2025-03-28,1275,20061.41107431304,13277124.360436639,Delivered
PROD0462,PROD0462,PROD0118,2025-03-30,1404,20190.207640102803,20874960.42718919,Delivered
PROD0463,PROD0463,PROD0118,2025-04-15,1307,16645.278671094315,13467353.283633204,Pending
PROD0464,PROD0464,PROD0118,2025-06-19,1737,19657.238741294026,27384267.251306895,Delivered
PROD0465,PROD0465,PROD0118,2025-07-04,1970,17711.358607064078,21528145.497462094,Delivered
PROD0466,PROD0466,PROD0118,2025-09-07,1424,12111.676075777343,12292378.164151847,Delivered
PROD0467,PROD0467,PROD0118,2026-06-24,1325,18503.860578202868,17220237.836828317,Pending
PROD0468,PROD0468,PROD0118,2026-02-03,1760,18185.599289477253,21366649.113896623,In Transit
PROD0469,PROD0469,PROD0118,2026-01-18,1961,16480.603196952114,24156007.824691374,Delivered
PROD0470,PROD0470,PROD0118,2025-02-06,1534,15143.96776927691,16115278.533861857,Delivered
PROD0471,PROD0471,PROD0118,2026-05-06,2087,12862.96595410411,21060015.146031544,In Transit
PROD0472,PROD0472,PROD0118,2025-04-21,1738,12074.182223232941,13064598.009819096,In Transit
PROD0473,PROD0473,PROD0025,2025-09-08,1402,11809.087830574625,12028453.133559344,In Transit
PROD0474,PROD0474,PROD0025,2026-04-17,1675,17502.46613743788,19445839.81665623,Delivered
PROD0475,PROD0475,PROD0025,2025-10-21,1909,12672.790546418437,17504615.242534097,Pending
PROD0476,PROD0476,PROD0025,2026-07-04,2016,16797.375040584782,26988298.95709425,Partially Received
PROD0477,PROD0477,PROD0025,2026-03-22,1728,13472.204941965285,15391433.997669617,In Transit
PROD0478,PROD0478,PROD0025,2025-04-02,1791,20196.895398477016,24619512.650296938,Delivered
PROD0479,PROD0479,PROD0025,2025-10-09,1651,16795.580227144557,17930032.542476088,In Transit
PROD0480,PROD0480,PROD0025,2026-04-10,2026,20582.44580467488,30322358.24497407,Delivered
PROD0481,PROD0481,PROD0025,2025-12-28,1961,17927.19950087279,23286821.841665916,Delivered
PROD0482,PROD0482,PROD0025,2026-05-14,1382,13697.716580238872,13033927.048477875,Delivered
PROD0483,PROD0483,PROD0025,2025-11-26,1488,11774.963005986705,11936075.155046513,Partially Received
PROD0484,PROD0484,PROD0025,2025-02-16,1762,18783.647550293157,24371690.137552015,Delivered
PROD0485,PROD0485,PROD0025,2025-12-07,1587,17713.686319610577,22056913.83781052,Partially Received
PROD0486,PROD0486,PROD0097,2026-08-14,2070,12247.163232257455,20606407.477994867,Delivered
PROD0487,PROD0487,PROD0097,2026-03-16,1383,12283.026011125155,12589803.520430705,Delivered
PROD0488,PROD0488,PROD0097,2025-09-03,1693,19828.81971661428,25645071.36265304,Delivered
PROD0489,PROD0489,PROD0097,2025-01-30,1524,14904.575740756933,13574982.13865972,In Transit
PROD0490,PROD0490,PROD0097,2025-08-14,1778,20494.574402546565,27312554.796910487,Delivered
PROD0491,PROD0491,PROD0097,2026-01-16,1916,13747.796786153986,19151301.4885947,Delivered
PROD0492,PROD0492,PROD0097,2026-05-18,2062,20368.96689377434,29984125.539171033,Delivered
PROD0493,PROD0493,PROD0097,2025-08-25,1279,15639.710264046702,12011515.347613309,Delivered
PROD0494,PROD0494,PROD0097,2026-05-20,1414,12307.374879257657,12642024.784011386,In Transit
PROD0495,PROD0495,PROD0097,2025-05-10,1733,15503.991294064854,19847596.5514039,Delivered
PROD0496,PROD0496,PROD0097,2026-08-09,2041,17227.35991238623,24124719.441191327,Delivered
PROD0497,PROD0497,PROD0097,2026-07-28,1701,15793.506673175552,17200880.765915364,Cancelled
PROD0498,PROD0498,PROD0097,2025-02-25,1608,18693.702890274322,19022650.98641643,Delivered
PROD0499,PROD0499,PROD0063,2026-06-16,1541,19762.47616345667,22735510.322562207,Delivered
PROD0500,PROD0500,PROD0063,2026-04-02,2053,18134.436422170962,26713255.7855164,Delivered
PROD0501,PROD0501,PROD0063,2025-12-14,1678,19089.878696312288,25418750.93715919,Delivered
PROD0502,PROD0502,PROD0063,2025-01-13,1560,16518.772565047453,18119680.32826378,In Transit
PROD0503,PROD0503,PROD0063,2026-07-11,2039,20087.676565095986,30115387.42720875,Delivered
PROD0504,PROD0504,PROD0063,2025-09-27,1688,16208.552674296623,19486385.839787006,Delivered
PROD0505,PROD0505,PROD0063,2025-11-15,1297,19702.076213901786,13758032.4542699,In Transit
PROD0506,PROD0506,PROD0063,2026-02-01,1468,17760.1365525011,19672167.052016232,Delivered
PROD0507,PROD0507,PROD0063,2025-04-30,1426,20385.766270256725,20586822.325689636,Partially Received
PROD0508,PROD0508,PROD0063,2026-03-25,2086,20471.952462383437,30253533.411791816,Cancelled
PROD0509,PROD0509,PROD0063,2026-04-07,1975,14836.953742535698,24066467.961963,Delivered
PROD0510,PROD0510,PROD0063,2026-03-05,1342,20323.510754164883,21378372.09357553,Delivered
PROD0511,PROD0511,PROD0063,2026-01-26,1602,14535.155813952697,17211618.9268264,Delivered
PROD0512,PROD0512,PROD0031,2026-08-13,2093,14946.251604023384,26923000.530394632,Delivered
PROD0513,PROD0513,PROD0031,2026-03-12,1315,19341.776493706635,14440761.9717183,Delivered
PROD0514,PROD0514,PROD0031,2026-03-06,1341,13562.63403050045,13035432.002764387,In Transit
PROD0515,PROD0515,PROD0031,2025-06-01,1575,16136.699237292622,19571487.160551906,Delivered
PROD0516,PROD0516,PROD0031,2026-03-21,1426,20259.592254273528,20496643.78438032,Delivered
PROD0517,PROD0517,PROD0031,2025-05-14,1720,15075.748368610592,14931977.93390812,Delivered
PROD0518,PROD0518,PROD0031,2025-06-13,1768,19629.800804595132,24408387.693157822,Cancelled
PROD0519,PROD0519,PROD0031,2026-05-30,1913,20228.46075083772,27976274.954290442,Partially Received
PROD0520,PROD0520,PROD0031,2026-06-24,1708,13155.383181393916,14894901.517239556,Delivered
PROD0521,PROD0521,PROD0031,2025-09-07,1856,17757.34976297977,21529876.107557017,In Transit
PROD0522,PROD0522,PROD0031,2025-08-21,1796,20259.772037403607,27034969.826754574,Delivered
PROD0523,PROD0523,PROD0031,2025-11-02,1964,18818.79388583829,27972692.922485594,Pending
PROD0524,PROD0524,PROD0031,2025-12-30,2024,19840.590590584157,29034729.07168297,In Transit
PROD0525,PROD0525,PROD0181,2025-12-10,1688,16690.617387152328,16179508.679032868,Partially Received
PROD0526,PROD0526,PROD0181,2026-05-24,1956,19249.47930375319,28458919.069953773,Delivered
PROD0527,PROD0527,PROD0181,2025-07-12,2078,19951.52743552697,30112017.11917056,Delivered
PROD0528,PROD0528,PROD0181,2026-02-03,1883,16097.31991072322,20163216.081904616,Cancelled
PROD0529,PROD0529,PROD0181,2025-07-24,1472,20233.64934170041,18467984.047519125,Delivered
PROD0530,PROD0530,PROD0181,2026-05-28,1356,17405.981991308956,14058969.344920618,Delivered
PROD0531,PROD0531,PROD0181,2026-01-25,1741,20453.009594453135,28387086.4624744,Pending
PROD0532,PROD0532,PROD0181,2025-07-24,1938,17600.115045551647,25711235.645802967,Pending
PROD0533,PROD0533,PROD0181,2025-12-24,1629,15018.743298978527,19223386.338033635,In Transit
PROD0534,PROD0534,PROD0181,2026-03-04,1909,18939.032295283247,27852639.988756754,Pending
PROD0535,PROD0535,PROD0181,2026-04-01,1296,17614.05820144279,13235456.358349355,Pending
PROD0536,PROD0536,PROD0181,2026-02-01,1486,12657.66180665068,13175123.808879422,Delivered
PROD0537,PROD0537,PROD0181,2025-10-29,1685,18156.627031041986,21412935.891832165,In Transit
PROD0538,PROD0538,PROD0168,2026-08-11,1759,17634.66875998966,21468976.41786452,Pending
PROD0539,PROD0539,PROD0168,2026-08-17,1883,16187.166540592505,27297394.35688513,Partially Received
PROD0540,PROD0540,PROD0168,2025-04-15,2069,19820.62768352833,29199997.72918362,Delivered
PROD0541,PROD0541,PROD0168,2026-02-19,1551,15097.066694123745,16763007.321725653,Delivered
PROD0542,PROD0542,PROD0168,2025-08-23,1445,13272.04748686591,14052268.81897782,Pending
PROD0543,PROD0543,PROD0168,2025-01-20,2095,18211.30687959031,30118274.077421457,Delivered
PROD0544,PROD0544,PROD0168,2026-06-20,1320,17719.25786376783,13471424.888062345,Delivered
PROD0545,PROD0545,PROD0168,2025-11-02,1674,16568.891497239878,19169921.12319385,Pending
PROD0546,PROD0546,PROD0168,2025-10-30,1290,18259.480309822837,14265339.091069393,Delivered
PROD0547,PROD0547,PROD0168,2025-06-27,1714,17815.066053331248,18472638.45367721,Delivered
PROD0548,PROD0548,PROD0168,2025-08-17,1291,20150.597222424713,17206869.878659807,Delivered
PROD0549,PROD0549,PROD0168,2026-07-28,2019,19723.55334016983,28742224.342877094,Delivered
PROD0550,PROD0550,PROD0168,2025-09-24,1433,14820.410419106503,13281604.091884788,Pending
PROD0551,PROD0551,PROD0044,2026-07-18,2022,14747.557527684292,24004555.436336,Delivered
PROD0552,PROD0552,PROD0044,2026-04-14,1799,18756.39686017037,20788639.664429463,Delivered
PROD0553,PROD0553,PROD0044,2026-05-18,1317,19592.239793287263,17967963.977968376,Delivered
PROD0554,PROD0554,PROD0044,2025-03-02,2070,12109.722783520938,17972738.07906055,Delivered
PROD0555,PROD0555,PROD0044,2026-08-27,2021,12588.744416116415,21541045.111860566,Delivered
PROD0556,PROD0556,PROD0044,2026-08-15,1912,17897.75824359858,24655580.67696139,Delivered
PROD0557,PROD0557,PROD0044,2025-01-07,1487,17906.861938884562,17952505.579921015,In Transit
PROD0558,PROD0558,PROD0044,2025-12-25,2026,19638.03069471463,29192332.09263751,Delivered
PROD0559,PROD0559,PROD0044,2026-05-18,1412,20036.22892784443,22588895.216895517,Delivered
PROD0560,PROD0560,PROD0044,2026-04-01,1477,17841.840741657456,17222833.993708592,Delivered
PROD0561,PROD0561,PROD0044,2026-02-28,1856,20418.475794213507,28525993.767673675,Delivered
PROD0562,PROD0562,PROD0044,2025-06-07,1335,15344.693128099134,13771290.093560189,Delivered
PROD0563,PROD0563,PROD0044,2025-04-06,1889,17665.814225315113,23668023.918497574,Delivered
PROD0564,PROD0564,PROD0183,2026-02-04,1448,16792.996055023144,13854932.585403835,Delivered
PROD0565,PROD0565,PROD0183,2025-08-12,1945,20220.013672136534,27689186.638070434,Delivered
PROD0566,PROD0566,PROD0183,2026-03-02,1444,16258.632395689781,19370383.50177574,Pending
PROD0567,PROD0567,PROD0183,2026-03-23,2059,19939.978961690096,29051810.268709082,Delivered
PROD0568,PROD0568,PROD0183,2025-11-15,1923,18327.283928704994,20785085.64830587,Pending
PROD0569,PROD0569,PROD0183,2025-05-11,2020,12341.62942325472,17945006.40785905,Pending
PROD0570,PROD0570,PROD0183,2025-08-06,1871,13717.059092512414,17974872.076021753,Delivered
PROD0571,PROD0571,PROD0183,2026-08-23,1384,20452.626287001083,24390908.275276646,Delivered
PROD0572,PROD0572,PROD0183,2025-01-10,1501,19348.58304021053,20589512.57664993,Delivered
PROD0573,PROD0573,PROD0183,2026-07-21,1714,19135.309883303962,24401950.60621087,Delivered
PROD0574,PROD0574,PROD0183,2025-08-06,2085,17827.608338129983,27417047.93221676,In Transit
PROD0575,PROD0575,PROD0183,2026-03-24,2074,13283.610096533399,25971895.833848182,Delivered
PROD0576,PROD0576,PROD0183,2025-05-29,1490,18938.53035654457,18794133.23651081,Pending
PROD0577,PROD0577,PROD0060,2026-07-05,1705,16771.416048701798,19244642.08811378,Delivered
PROD0578,PROD0578,PROD0060,2025-11-29,1722,17894.433539094312,18789764.674320668,Pending
PROD0579,PROD0579,PROD0060,2025-11-21,2017,16243.947998685344,22176118.409631725,Pending
PROD0580,PROD0580,PROD0060,2025-06-01,1564,19084.74098525718,21110170.722879857,Delivered
PROD0581,PROD0581,PROD0060,2026-04-12,2027,13860.25303043513,23282758.540812917,Partially Received
PROD0582,PROD0582,PROD0060,2026-03-10,2056,18455.14449859991,27693029.30378226,Cancelled
PROD0583,PROD0583,PROD0060,2026-01-06,1920,17710.479861553464,23499620.785361033,Delivered
PROD0584,PROD0584,PROD0060,2026-02-05,1393,17050.940703867553,14137485.114260599,Delivered
PROD0585,PROD0585,PROD0060,2025-02-10,1707,19269.468626435377,25924395.829394497,Delivered
PROD0586,PROD0586,PROD0060,2025-08-21,1853,11957.55072442701,17937848.493481964,Delivered
PROD0587,PROD0587,PROD0060,2026-08-18,1980,19285.220609871158,26141600.152459044,In Transit
PROD0588,PROD0588,PROD0060,2025-05-13,1788,19839.795441401107,24187040.057604767,Delivered
PROD0589,PROD0589,PROD0060,2025-03-27,1949,19602.295433836276,26165967.073878564,Delivered
PROD0590,PROD0590,PROD0143,2025-12-14,1320,16239.261415341356,17018543.45522739,Pending
PROD0591,PROD0591,PROD0143,2025-10-27,1871,18124.463810082463,21479441.33241469,Delivered
PROD0592,PROD0592,PROD0143,2026-04-10,1536,11916.63679994944,12558698.921997216,In Transit
PROD0593,PROD0593,PROD0143,2025-04-13,2031,19477.371530081135,27618972.512340676,Delivered
PROD0594,PROD0594,PROD0143,2025-08-14,1533,12239.319376743008,12894505.658343637,Pending
PROD0595,PROD0595,PROD0143,2026-03-21,2002,20536.45761544212,30164742.069547568,In Transit
PROD0596,PROD0596,PROD0143,2025-03-23,1717,12355.67013649781,12914615.629119817,Delivered
PROD0597,PROD0597,PROD0143,2025-10-10,1909,14054.140847794926,16282555.983243557,In Transit
PROD0598,PROD0598,PROD0143,2026-03-16,1777,16285.841445857799,19577291.316756226,Delivered
PROD0599,PROD0599,PROD0143,2025-07-04,2022,20264.50276727491,29429763.455269746,Pending
PROD0600,PROD0600,PROD0143,2025-10-22,1631,18645.26978695677,20337686.137481987,In Transit
PROD0601,PROD0601,PROD0143,2025-12-14,1826,15952.847986465982,19842611.922241986,Delivered
PROD0602,PROD0602,PROD0144,2025-11-16,1885,18153.448742012635,20614821.87873273,Pending
PROD0603,PROD0603,PROD0144,2026-04-07,1584,15665.945290005251,16732744.418943705,Partially Received
PROD0604,PROD0604,PROD0144,2025-09-24,1297,19601.822186868605,13337646.872979695,Pending
PROD0605,PROD0605,PROD0144,2025-04-26,1631,16181.018725545538,18176730.40857488,In Transit
PROD0606,PROD0606,PROD0144,2025-03-21,1922,15974.276620315053,24060328.894842826,Pending
PROD0607,PROD0607,PROD0144,2026-03-31,1599,17247.979348729663,14903081.80310762,Delivered
PROD0608,PROD0608,PROD0144,2026-01-02,1770,12371.972304360466,15483623.615975212,Pending
PROD0609,PROD0609,PROD0144,2025-12-28,1992,17137.739471117107,26832652.334894218,Pending
PROD0610,PROD0610,PROD0144,2025-08-16,1306,15427.565282766383,12694771.785517985,Delivered
PROD0611,PROD0611,PROD0144,2025-07-14,1572,15322.69638392093,14385882.948285671,Delivered
PROD0612,PROD0612,PROD0144,2025-09-11,1737,14451.551386012476,17252166.37319695,Delivered
PROD0613,PROD0613,PROD0144,2025-01-20,1547,16640.353511700327,19812004.85227833,Delivered
PROD0614,PROD0614,PROD0146,2025-08-20,1791,19813.40804802646,26255430.125202347,Delivered
PROD0615,PROD0615,PROD0146,2026-04-17,1322,18801.329654288103,13899151.205467295,Delivered
PROD0616,PROD0616,PROD0146,2025-05-23,2071,20235.353113573852,29569672.042903394,In Transit
PROD0617,PROD0617,PROD0146,2025-08-04,1947,16327.333611886213,21799910.744205568,Delivered
PROD0618,PROD0618,PROD0146,2025-12-28,1559,16941.898197696137,19009459.748698734,Delivered
PROD0619,PROD0619,PROD0146,2026-05-10,1458,17613.967336339487,16526483.962732563,In Transit
PROD0620,PROD0620,PROD0146,2026-07-09,1583,13832.526946773913,13355319.329650795,Delivered
PROD0621,PROD0621,PROD0146,2026-05-14,1346,17649.505723325936,16907429.613579106,Delivered
PROD0622,PROD0622,PROD0146,2025-08-07,1519,13577.467352785514,14081386.45422097,Pending
PROD0623,PROD0623,PROD0146,2025-11-02,1911,15763.304443153213,20767448.03334598,Cancelled
PROD0624,PROD0624,PROD0146,2026-07-01,1856,14303.822515521591,17867793.04766726,In Transit
PROD0625,PROD0625,PROD0146,2026-01-24,1628,20191.7155736753,23271431.937144075,Delivered
PROD0626,PROD0626,PROD0159,2025-05-26,2073,18650.396624331548,29872575.378390383,Delivered
PROD0627,PROD0627,PROD0159,2025-10-12,1286,17445.417476491057,13191180.680744039,Cancelled
PROD0628,PROD0628,PROD0159,2026-08-30,1345,14646.162741486138,13019445.408662047,In Transit
PROD0629,PROD0629,PROD0159,2025-10-27,2080,20087.40634636296,29535856.735283975,Pending
PROD0630,PROD0630,PROD0159,2025-05-20,1369,19600.169779568525,19053106.260265738,In Transit
PROD0631,PROD0631,PROD0159,2025-05-10,1385,16899.696089652833,13486676.413704915,Delivered
PROD0632,PROD0632,PROD0159,2025-05-29,2055,20383.89853749975,29850297.839134984,Delivered
PROD0633,PROD0633,PROD0159,2025-09-29,2056,19317.994813484464,28777980.310862936,Pending
PROD0634,PROD0634,PROD0159,2026-02-19,1807,19810.360367262547,27844022.635610197,Partially Received
PROD0635,PROD0635,PROD0159,2025-05-16,1514,15529.47970581653,16459898.752423316,Delivered
PROD0636,PROD0636,PROD0159,2025-10-14,1959,19275.34611859142,27613081.736752138,In Transit
PROD0637,PROD0637,PROD0159,2025-06-03,1929,17322.005248357123,22550705.359591823,Delivered
PROD0638,PROD0638,PROD0053,2025-02-05,1803,15245.897384298989,14333319.97359453,Cancelled
PROD0639,PROD0639,PROD0053,2026-03-16,1274,20216.276630925142,13273641.248606144,Delivered
PROD0640,PROD0640,PROD0053,2025-12-29,1453,15661.787422231706,13373805.744004294,Pending
PROD0641,PROD0641,PROD0053,2026-06-29,2076,17614.445431478103,25943976.69039287,Delivered
PROD0642,PROD0642,PROD0053,2025-07-10,1475,14758.234877491039,13262111.579926163,In Transit
PROD0643,PROD0643,PROD0053,2025-10-23,1585,19818.9572695267,24810268.87208237,In Transit
PROD0644,PROD0644,PROD0053,2025-10-11,1309,19318.251846371117,14886469.633163985,Delivered
PROD0645,PROD0645,PROD0053,2026-06-06,2072,16142.229702154438,24417950.023583014,Pending
PROD0646,PROD0646,PROD0053,2025-01-18,1398,13465.16923745139,12428295.09126965,Partially Received
PROD0647,PROD0647,PROD0053,2026-05-25,1742,19985.408833753605,23415906.311385695,Partially Received
PROD0648,PROD0648,PROD0053,2025-01-24,1486,19806.62861712275,17217248.891083866,Delivered
PROD0649,PROD0649,PROD0053,2025-10-12,1445,20344.73006803154,21493855.649944853,Pending
PROD0650,PROD0650,PROD0093,2026-06-27,1686,19823.515753486416,27649205.14823082,In Transit
PROD0651,PROD0651,PROD0093,2026-08-27,1806,16842.99780986083,17870564.07492288,In Transit
PROD0652,PROD0652,PROD0093,2025-08-29,1936,18142.329720607217,23500731.184644543,Delivered
PROD0653,PROD0653,PROD0093,2025-12-06,1330,17806.310876154872,14260595.526101109,In Transit
PROD0654,PROD0654,PROD0093,2026-08-27,1897,18030.009287616762,23424385.9052271,Delivered
PROD0655,PROD0655,PROD0093,2026-07-07,1749,18228.558962802996,20822478.748105083,Delivered
PROD0656,PROD0656,PROD0093,2026-05-01,1649,15113.591869209804,16537797.913875174,Delivered
PROD0657,PROD0657,PROD0093,2025-06-14,1962,15968.579368770586,22736060.623573024,Delivered
PROD0658,PROD0658,PROD0093,2026-02-28,1750,16901.718351149582,23812886.811996233,Delivered
PROD0659,PROD0659,PROD0093,2026-07-05,2076,18581.10773013228,27074977.637519322,Delivered
PROD0660,PROD0660,PROD0093,2025-06-26,1957,12600.052248121696,18967570.797604304,Pending
PROD0661,PROD0661,PROD0093,2025-08-29,1542,17817.264098785436,18835598.077777483,In Transit
PROD0662,PROD0662,PROD0050,2026-04-07,1599,19287.417535826426,21157249.149195936,Delivered
PROD0663,PROD0663,PROD0050,2026-01-31,1517,18474.15613295243,17866621.592040922,Pending
PROD0664,PROD0664,PROD0050,2025-06-01,2024,18785.98551094816,28626965.832032893,Partially Received
PROD0665,PROD0665,PROD0050,2026-03-06,1856,13836.527655321868,18503697.787759893,Partially Received
PROD0666,PROD0666,PROD0050,2025-04-20,1696,15189.370364418994,17228837.2983568,Pending
PROD0667,PROD0667,PROD0050,2025-09-05,2087,12816.713347394836,23311236.837075144,Cancelled
PROD0668,PROD0668,PROD0050,2026-06-16,1940,17429.62232917585,24764990.954714306,In Transit
PROD0669,PROD0669,PROD0050,2025-03-28,2082,17508.014178292164,28435716.17717312,Cancelled
PROD0670,PROD0670,PROD0050,2026-04-23,2062,16311.015075475856,27702915.315277398,Partially Received
PROD0671,PROD0671,PROD0050,2025-12-30,2088,15184.522530899483,28396341.384286042,Delivered
PROD0672,PROD0672,PROD0050,2025-04-11,2002,12968.832308838708,20109714.329666235,Partially Received
PROD0673,PROD0673,PROD0050,2025-12-06,1549,18263.22295417881,20448111.263532028,Pending
PROD0674,PROD0674,PROD0116,2026-05-18,1618,15957.811692506442,16028846.41502234,Pending
PROD0675,PROD0675,PROD0116,2025-02-15,1709,17347.29743379004,17852346.07286844,Partially Received
PROD0676,PROD0676,PROD0116,2025-02-12,2077,19438.007702704763,27299563.25889707,Delivered
PROD0677,PROD0677,PROD0116,2025-06-20,1503,17315.763841719112,19718917.805715356,Delivered
PROD0678,PROD0678,PROD0116,2025-05-17,1957,16651.743838151146,23182720.829012096,In Transit
PROD0679,PROD0679,PROD0116,2026-03-10,1855,14932.016209167996,18784076.52438426,Pending
PROD0680,PROD0680,PROD0116,2025-05-03,1332,17052.90162159022,14253536.044283805,Partially Received
PROD0681,PROD0681,PROD0116,2026-06-20,1561,12675.66464811831,15777129.218509875,Partially Received
PROD0682,PROD0682,PROD0116,2026-04-10,1616,20332.654155030195,24147529.363094702,Pending
PROD0683,PROD0683,PROD0116,2025-07-06,1670,13932.87177296715,15779892.780422483,Cancelled
PROD0684,PROD0684,PROD0116,2026-03-19,2055,17947.800140258856,26621748.69607092,Delivered
PROD0685,PROD0685,PROD0116,2026-08-22,1997,11756.176984692964,13855109.801746964,Partially Received
PROD0686,PROD0686,PROD0036,2026-02-28,1520,17445.371668601558,14688726.87165642,Delivered
PROD0687,PROD0687,PROD0036,2026-02-14,1677,20157.925596440844,22718052.78246586,In Transit
PROD0688,PROD0688,PROD0036,2026-06-24,1391,12497.57159159683,12546230.164415829,Delivered
PROD0689,PROD0689,PROD0036,2025-07-02,1714,17756.33119579445,23231094.404203113,In Transit
PROD0690,PROD0690,PROD0036,2025-01-11,1838,15646.329290515205,19899242.911392212,Delivered
PROD0691,PROD0691,PROD0036,2025-03-18,1545,20211.864685079265,20173486.32230715,Delivered
PROD0692,PROD0692,PROD0036,2025-10-02,1828,17774.535549913096,20290301.564975016,In Transit
PROD0693,PROD0693,PROD0036,2025-12-01,1799,17613.643967526976,18000024.07425329,Pending
PROD0694,PROD0694,PROD0036,2026-01-10,1972,17830.351278480317,26679841.12933104,Delivered
PROD0695,PROD0695,PROD0036,2026-06-22,1957,18717.63633037677,28153373.535051864,Pending
PROD0696,PROD0696,PROD0036,2025-08-25,1516,15417.061122636895,14688241.833699375,Delivered
PROD0697,PROD0697,PROD0036,2025-07-07,1941,17298.21603517036,24300083.905690473,Delivered
PROD0698,PROD0698,PROD0029,2025-05-16,1554,14829.438845337538,16478822.4752349,Delivered
PROD0699,PROD0699,PROD0029,2026-06-16,1829,14414.176948714618,20089853.691827476,In Transit
PROD0700,PROD0700,PROD0029,2026-01-05,1463,20374.94159105615,26895163.664882626,Pending
PROD0701,PROD0701,PROD0029,2025-05-24,1368,19895.9907748028,17491870.888367474,In Transit
PROD0702,PROD0702,PROD0029,2025-04-15,1481,15844.814036976211,14682861.204992019,Pending
PROD0703,PROD0703,PROD0029,2025-11-29,1309,16491.272694885436,12782337.59348866,In Transit
PROD0704,PROD0704,PROD0029,2025-02-16,1732,15219.629221220972,18985136.152517553,Pending
PROD0705,PROD0705,PROD0029,2025-05-27,1516,13951.067902584158,14702716.305427019,Cancelled
PROD0706,PROD0706,PROD0029,2025-04-24,1778,17435.84130137427,21529383.126381807,Delivered
PROD0707,PROD0707,PROD0029,2025-01-14,1805,14177.0157623887,19019121.76043734,Delivered
PROD0708,PROD0708,PROD0029,2026-02-23,1516,18625.613059355022,19575974.18718306,Delivered
PROD0709,PROD0709,PROD0029,2026-05-01,1695,15665.486646630021,22385144.021202907,In Transit
PROD0710,PROD0710,PROD0138,2026-01-25,1884,16839.906595945533,24485841.16315299,In Transit
PROD0711,PROD0711,PROD0138,2025-03-29,2059,12103.25739818726,18958281.017478324,Delivered
PROD0712,PROD0712,PROD0138,2026-08-15,1475,18138.998211826056,17374358.387379657,Partially Received
PROD0713,PROD0713,PROD0138,2025-07-03,1824,13955.341691333913,18617345.959598538,Cancelled
PROD0714,PROD0714,PROD0138,2025-06-21,1421,14138.419406108957,13247451.46974654,Delivered
PROD0715,PROD0715,PROD0138,2026-01-18,1309,11898.300052113576,11853086.438649025,Delivered
PROD0716,PROD0716,PROD0138,2025-06-21,1633,19827.475892451952,25966102.842229333,Delivered
PROD0717,PROD0717,PROD0138,2025-11-20,1826,17520.81699003344,22523633.857772846,Delivered
PROD0718,PROD0718,PROD0138,2026-05-31,1416,17703.703566380987,14436516.414579306,Partially Received
PROD0719,PROD0719,PROD0138,2025-05-01,1773,14760.203821451581,18795878.229889583,In Transit
PROD0720,PROD0720,PROD0138,2026-05-17,2016,17456.275790156506,24781727.422820978,Delivered
PROD0721,PROD0721,PROD0138,2026-02-19,1575,19562.648848608056,24830341.911684766,Delivered
PROD0722,PROD0722,PROD0081,2025-11-18,1649,13420.224453445666,16922345.819063943,Delivered
PROD0723,PROD0723,PROD0081,2025-05-23,1273,14752.278382592409,11845568.438251683,Delivered
PROD0724,PROD0724,PROD0081,2025-03-25,1708,19906.035757046047,23268797.53308201,Delivered
PROD0725,PROD0725,PROD0081,2025-05-07,1494,19819.133287252847,22378138.679591063,In Transit
PROD0726,PROD0726,PROD0081,2026-06-12,1783,15374.466434125303,19982437.79378985,In Transit
PROD0727,PROD0727,PROD0081,2025-06-16,1431,15640.938357549385,17939892.232561123,Partially Received
PROD0728,PROD0728,PROD0081,2025-08-16,1351,20082.56444937192,17360368.837874666,Delivered
PROD0729,PROD0729,PROD0081,2026-02-21,2038,20016.149833622414,29265104.68290468,Pending
PROD0730,PROD0730,PROD0081,2026-07-14,2072,12827.772067477052,23818993.428802583,Delivered
PROD0731,PROD0731,PROD0081,2025-07-29,1406,17798.625680961177,14529527.736137014,Delivered
PROD0732,PROD0732,PROD0081,2026-07-11,1798,17121.772725041494,17911479.534873538,Partially Received
PROD0733,PROD0733,PROD0081,2025-07-03,1762,17452.094186992137,20725857.878325317,Pending
PROD0734,PROD0734,PROD0182,2026-05-10,1787,19647.587600914176,25623901.70311264,Delivered
PROD0735,PROD0735,PROD0182,2025-06-19,1781,14838.776601423013,20232164.566373605,Delivered
PROD0736,PROD0736,PROD0182,2026-03-16,1680,18459.811226653055,22530746.41537613,Pending
PROD0737,PROD0737,PROD0182,2026-08-31,1452,16240.835874352166,16535255.801032912,Partially Received
PROD0738,PROD0738,PROD0182,2026-01-22,1704,12072.869800890247,15265852.268628975,In Transit
PROD0739,PROD0739,PROD0182,2026-07-22,1911,18744.14023860703,26151560.31934648,Delivered
PROD0740,PROD0740,PROD0182,2025-09-26,1639,18962.44266903737,19097764.401298225,Delivered
PROD0741,PROD0741,PROD0182,2025-09-25,1514,18435.41883856988,19266694.20046478,Delivered
PROD0742,PROD0742,PROD0182,2025-06-06,1656,20111.25900703303,25961497.61403732,Delivered
PROD0743,PROD0743,PROD0182,2026-01-16,1731,14339.482266400782,20821736.521590777,In Transit
PROD0744,PROD0744,PROD0182,2026-08-01,1783,15356.188249697425,17095994.344618686,Pending
PROD0745,PROD0745,PROD0182,2026-04-02,2089,16248.532696249404,27544984.002317373,Delivered
PROD0746,PROD0746,PROD0161,2026-05-29,1939,19265.71261201666,26922253.744316183,Pending
PROD0747,PROD0747,PROD0161,2025-07-12,1819,19119.14682371291,27171595.264027633,Pending
PROD0748,PROD0748,PROD0161,2025-09-23,1559,20230.092006724382,26558185.319023125,Pending
PROD0749,PROD0749,PROD0161,2025-04-27,1498,17776.44126385555,15265866.744067118,Delivered
PROD0750,PROD0750,PROD0161,2026-03-02,1834,18257.681105492957,26361971.788657706,Delivered
PROD0751,PROD0751,PROD0161,2026-05-18,1909,19070.810837023713,27393196.37323903,Delivered
PROD0752,PROD0752,PROD0161,2026-06-13,2094,19732.745974419508,29956131.411266,Delivered
PROD0753,PROD0753,PROD0161,2026-04-10,1647,15084.658130768088,18794713.10657581,Delivered
PROD0754,PROD0754,PROD0161,2026-01-05,1294,20195.968398650417,15556076.299124822,Delivered
PROD0755,PROD0755,PROD0161,2025-11-13,1609,17001.430849711352,19369229.02617368,Delivered
PROD0756,PROD0756,PROD0161,2025-10-10,1674,13475.613794538187,14805158.47743301,Delivered
PROD0757,PROD0757,PROD0161,2026-05-17,1992,20284.45181237364,29620877.84154939,Partially Received
PROD0758,PROD0758,PROD0079,2025-11-25,2017,17672.22366223025,27811248.403895296,Pending
PROD0759,PROD0759,PROD0079,2026-07-09,1292,20526.455908808486,17865657.00518343,Delivered
PROD0760,PROD0760,PROD0079,2026-02-09,1317,14469.66266422972,12006354.229074525,Partially Received
PROD0761,PROD0761,PROD0079,2026-07-28,1413,13472.23343169145,13898294.714763569,Delivered
PROD0762,PROD0762,PROD0079,2025-06-02,1737,14970.608825923511,18454153.38232351,Delivered
PROD0763,PROD0763,PROD0079,2026-07-04,1976,11871.373218199262,16164680.952583667,Pending
PROD0764,PROD0764,PROD0079,2025-11-09,2045,18904.164338232167,29294014.70772542,Delivered
PROD0765,PROD0765,PROD0079,2025-01-14,1364,14737.104941767519,13963229.74900851,Delivered
PROD0766,PROD0766,PROD0079,2025-02-27,2016,11792.493500958872,13974891.608140096,Delivered
PROD0767,PROD0767,PROD0079,2026-01-05,1777,18835.054970316905,23170513.91355348,Delivered
PROD0768,PROD0768,PROD0079,2025-05-28,1386,20571.60884271811,25950218.236477394,In Transit
PROD0769,PROD0769,PROD0079,2025-01-10,1457,16712.112192773548,19230407.4436637,Delivered
PROD0770,PROD0770,PROD0139,2025-11-27,1955,13462.77919300296,20032795.905382153,Delivered
PROD0771,PROD0771,PROD0139,2025-01-20,1526,13728.145380285205,15811432.73638575,Delivered
PROD0772,PROD0772,PROD0139,2025-05-26,1788,15373.52142359572,19846942.40200416,In Transit
PROD0773,PROD0773,PROD0139,2026-08-31,1787,15763.810234334784,24111179.13927985,Delivered
PROD0774,PROD0774,PROD0139,2025-03-03,1824,16037.95029016515,23248630.46809168,Partially Received
PROD0775,PROD0775,PROD0139,2026-08-11,1516,14942.387760081638,12830707.710674604,Pending
PROD0776,PROD0776,PROD0139,2026-02-05,1292,19861.68399562612,17876876.8021624,Delivered
PROD0777,PROD0777,PROD0139,2026-04-28,1910,14214.985390172937,17950876.031397138,Pending
PROD0778,PROD0778,PROD0139,2025-02-26,2040,19478.866840096533,29013335.27925421,Delivered
PROD0779,PROD0779,PROD0139,2025-10-15,1753,17077.328377300644,26192468.97953491,Delivered
PROD0780,PROD0780,PROD0139,2026-03-18,1713,12500.442028400144,15297689.698950982,Delivered
PROD0781,PROD0781,PROD0139,2025-04-20,1414,14584.948098845729,12426385.276166284,Delivered
PROD0782,PROD0782,PROD0109,2025-07-18,1945,15565.389535011456,20152750.026284188,Pending
PROD0783,PROD0783,PROD0109,2025-03-15,1545,18397.929930788065,22707110.68900595,Cancelled
PROD0784,PROD0784,PROD0109,2026-01-04,1658,13282.608814489862,15674905.527974395,Delivered
PROD0785,PROD0785,PROD0109,2025-09-14,1798,16954.89184363698,19022572.650417067,Delivered
PROD0786,PROD0786,PROD0109,2025-06-11,2075,20182.50467918055,29980270.10539826,In Transit
PROD0787,PROD0787,PROD0109,2025-05-16,1713,11890.222978514306,14151749.918177156,Delivered
PROD0788,PROD0788,PROD0109,2025-05-03,1853,19507.928115730065,27067155.019242615,Delivered
PROD0789,PROD0789,PROD0109,2025-11-25,1418,11755.171966954294,11935748.102543108,Cancelled
PROD0790,PROD0790,PROD0109,2025-05-08,1574,19410.698554208364,23445791.110875238,Pending
PROD0791,PROD0791,PROD0109,2026-01-30,1912,19597.455928029063,27228697.76500562,Cancelled
PROD0792,PROD0792,PROD0109,2025-11-20,1385,14836.944903063342,12126278.858794445,Delivered
PROD0793,PROD0793,PROD0109,2025-05-07,1447,17497.695129753127,16529859.411637854,Delivered
PROD0794,PROD0794,PROD0024,2026-06-08,1644,17593.551102536334,21073442.794986136,Delivered
PROD0795,PROD0795,PROD0024,2026-03-31,1926,20182.35960226942,29140238.594812963,Partially Received
PROD0796,PROD0796,PROD0024,2025-08-03,1481,20256.80145743789,24833694.320304066,Delivered
PROD0797,PROD0797,PROD0024,2026-02-28,1489,14996.667837265544,13023784.272945601,Delivered
PROD0798,PROD0798,PROD0024,2025-09-29,1308,19003.569658040447,15605238.781606013,Delivered
PROD0799,PROD0799,PROD0024,2025-04-13,1694,20240.41048409731,25949585.766605332,Pending
PROD0800,PROD0800,PROD0024,2025-06-03,1583,18546.321204202417,21487087.081422362,Pending
PROD0801,PROD0801,PROD0024,2026-05-26,1985,15381.480542827032,23395383.541182738,Pending
PROD0802,PROD0802,PROD0024,2025-05-16,1745,20060.3909396137,23267471.51261057,Delivered
PROD0803,PROD0803,PROD0024,2025-01-24,1641,17815.81196249822,15806496.683627062,Pending
PROD0804,PROD0804,PROD0024,2025-09-07,1576,19466.44654277672,25491897.344065554,Delivered
PROD0805,PROD0805,PROD0055,2026-05-12,1764,20482.360702511156,29541924.76470918,Delivered
PROD0806,PROD0806,PROD0055,2025-04-13,1332,15664.747935948908,12892740.989110649,Delivered
PROD0807,PROD0807,PROD0055,2026-08-07,1297,20209.44453640997,14433987.785644105,Delivered
PROD0808,PROD0808,PROD0055,2026-02-12,2036,13748.693330142925,21191367.482441224,Delivered
PROD0809,PROD0809,PROD0055,2026-06-27,1856,13187.298957151708,21115493.306238204,Cancelled
PROD0810,PROD0810,PROD0055,2026-05-19,1779,17741.266192197705,26040706.1942502,Delivered
PROD0811,PROD0811,PROD0055,2026-02-09,2087,18154.52693043199,28416882.271327876,Delivered
PROD0812,PROD0812,PROD0055,2025-09-28,1678,17635.293418812817,18282784.30587572,In Transit
PROD0813,PROD0813,PROD0055,2025-04-04,1949,18122.787870915625,27384267.47473873,In Transit
PROD0814,PROD0814,PROD0055,2025-11-04,1739,16925.56250657367,21166223.799576815,Delivered
PROD0815,PROD0815,PROD0055,2025-12-28,2016,17235.787437386174,27274874.292752925,In Transit
PROD0816,PROD0816,PROD0037,2025-06-18,1289,12376.243463870378,11864173.518379293,Delivered
PROD0817,PROD0817,PROD0037,2026-04-09,1726,13238.950206079764,14689611.804334631,Delivered
PROD0818,PROD0818,PROD0037,2025-01-23,1938,16875.424922838978,21716666.485845175,Pending
PROD0819,PROD0819,PROD0037,2025-04-19,1788,17435.110464961563,23837771.292737395,In Transit
PROD0820,PROD0820,PROD0037,2026-07-19,1513,20447.26050286663,22185130.415511023,Delivered
PROD0821,PROD0821,PROD0037,2025-05-07,1734,20421.12026662641,27864741.768858183,Delivered
PROD0822,PROD0822,PROD0037,2025-03-07,1862,20192.344963848573,27142808.804636322,Delivered
PROD0823,PROD0823,PROD0037,2026-04-09,2019,14396.354442347665,23734428.107821774,Delivered
PROD0824,PROD0824,PROD0037,2025-03-23,1611,18098.566830758627,19287193.478551116,Partially Received
PROD0825,PROD0825,PROD0037,2025-06-16,1786,14952.079266354476,16889881.485648755,In Transit
PROD0826,PROD0826,PROD0037,2026-05-26,1334,20198.267192984575,19786222.739856984,Partially Received
PROD0827,PROD0827,PROD0117,2025-10-10,1427,15127.32185147801,16524158.06835486,Delivered
PROD0828,PROD0828,PROD0117,2026-03-26,1948,18278.871921620328,26165801.635174125,Pending
PROD0829,PROD0829,PROD0117,2025-02-28,1707,17465.952764122336,20483030.188001264,Delivered
PROD0830,PROD0830,PROD0117,2025-07-23,1804,12277.35546712304,14685382.76460585,Delivered
PROD0831,PROD0831,PROD0117,2026-07-11,1387,16509.432203237764,15325072.63691272,Delivered
PROD0832,PROD0832,PROD0117,2025-02-24,2003,15206.429503157407,27211567.28659502,Delivered
PROD0833,PROD0833,PROD0117,2025-03-31,1350,20381.592438143114,20117642.78908142,Partially Received
PROD0834,PROD0834,PROD0117,2026-05-15,1526,12689.744667760775,13478556.597145261,Pending
PROD0835,PROD0835,PROD0117,2025-01-31,1533,12968.323007151825,14751600.565021567,In Transit
PROD0836,PROD0836,PROD0117,2026-01-20,1808,12077.802813890868,14588964.27522385,In Transit
PROD0837,PROD0837,PROD0117,2026-04-08,1455,15649.260061200419,14095373.619329888,In Transit
PROD0838,PROD0838,PROD0148,2026-03-22,1382,12509.617176671174,12695546.873451393,In Transit
PROD0839,PROD0839,PROD0148,2026-02-18,1547,17990.510997144767,19059252.01857378,Pending
PROD0840,PROD0840,PROD0148,2026-07-09,1541,12763.288196500022,12526110.59350511,In Transit
PROD0841,PROD0841,PROD0148,2025-05-11,2048,13103.077484497511,21000971.88540885,Pending
PROD0842,PROD0842,PROD0148,2025-03-23,2094,16179.632498207204,29615294.053987246,Delivered
PROD0843,PROD0843,PROD0148,2025-10-02,1600,17704.288345149987,21205162.878094535,Cancelled
PROD0844,PROD0844,PROD0148,2025-04-02,2015,15083.662970041229,24177609.811873447,Delivered
PROD0845,PROD0845,PROD0148,2025-06-27,1699,15970.449918436743,18079769.541993037,Delivered
PROD0846,PROD0846,PROD0148,2026-05-06,1382,17265.421798073825,13275818.699218757,Partially Received
PROD0847,PROD0847,PROD0148,2025-08-28,1695,13595.905094271306,16223803.10148742,Delivered
PROD0848,PROD0848,PROD0148,2025-09-17,1513,16513.910848270614,17954545.00285605,Delivered
PROD0849,PROD0849,PROD0015,2025-11-18,1617,18178.777794591962,19856009.714085136,Delivered
PROD0850,PROD0850,PROD0015,2025-03-27,1277,16242.036639481754,12109697.72168411,Delivered
PROD0851,PROD0851,PROD0015,2026-08-23,2024,20071.001276393075,29117160.268809423,Partially Received
PROD0852,PROD0852,PROD0015,2025-02-23,2085,20013.282133531186,29797385.021627303,Pending
PROD0853,PROD0853,PROD0015,2026-01-24,2087,19036.957441315724,30061107.637026653,Delivered
PROD0854,PROD0854,PROD0015,2025-12-12,1444,12679.313391965801,12830950.127643071,Cancelled
PROD0855,PROD0855,PROD0015,2025-11-22,1725,11860.007468621787,13655780.404726015,In Transit
PROD0856,PROD0856,PROD0015,2025-11-22,1944,18329.390747520414,26833958.923971474,Partially Received
PROD0857,PROD0857,PROD0015,2026-05-07,2051,18993.963168994596,29911662.77140448,Delivered
PROD0858,PROD0858,PROD0015,2025-03-23,1867,12318.39273648847,15883998.104836877,Delivered
PROD0859,PROD0859,PROD0015,2026-05-17,1835,16373.995130925083,19560020.601053663,Delivered
PROD0860,PROD0860,PROD0199,2026-05-12,2052,15517.638570716803,27566960.71684591,Delivered
PROD0861,PROD0861,PROD0199,2025-07-10,2049,16931.546470016616,26706133.46266119,Pending
PROD0862,PROD0862,PROD0199,2025-03-11,1703,14621.689184134098,18649303.826262977,Delivered
PROD0863,PROD0863,PROD0199,2025-10-02,1958,13143.28764667844,19576840.474323206,In Transit
PROD0864,PROD0864,PROD0199,2025-04-02,1370,16889.74038153643,17866915.849495072,Pending
PROD0865,PROD0865,PROD0199,2026-05-17,1803,14574.986141592732,15354479.3997227,Delivered
PROD0866,PROD0866,PROD0199,2025-01-13,2050,15591.587839682958,26149198.97499658,Delivered
PROD0867,PROD0867,PROD0199,2026-07-23,2090,18826.816503682905,29506845.286410384,In Transit
PROD0868,PROD0868,PROD0199,2025-07-04,1393,13593.129527844183,13061450.821049048,Partially Received
PROD0869,PROD0869,PROD0199,2025-10-23,1344,16784.037103513292,13194754.95161439,Delivered
PROD0870,PROD0870,PROD0199,2026-04-17,1956,15658.746978385609,19914325.307900313,Cancelled
PROD0871,PROD0871,PROD0085,2026-04-03,2085,18803.54293594383,29057619.22093075,Partially Received
PROD0872,PROD0872,PROD0085,2025-10-14,1437,20352.151021128888,21789519.894390978,In Transit
PROD0873,PROD0873,PROD0085,2026-07-11,1926,14867.581580684831,19186012.062667243,Delivered
PROD0874,PROD0874,PROD0085,2026-07-11,1313,14918.649313192189,12435358.414433477,Pending
PROD0875,PROD0875,PROD0085,2025-04-10,1427,12982.58652648312,12658814.419086482,Pending
PROD0876,PROD0876,PROD0085,2026-07-15,1961,13374.859785898243,22598175.17216312,Delivered
PROD0877,PROD0877,PROD0085,2025-06-10,1885,18738.630966529123,25974341.026625,Cancelled
PROD0878,PROD0878,PROD0085,2025-03-29,1920,19098.416860019253,26747619.9855963,Partially Received
PROD0879,PROD0879,PROD0085,2025-10-20,1713,12190.306292445468,13509866.083168397,Delivered
PROD0880,PROD0880,PROD0085,2025-12-14,1912,15847.562704239386,20601155.65733153,Pending
PROD0881,PROD0881,PROD0085,2026-04-19,1573,15980.029435772858,15230371.42697382,In Transit
PROD0882,PROD0882,PROD0005,2026-08-13,2076,15546.946727268674,26550609.395134613,Pending
PROD0883,PROD0883,PROD0005,2025-12-09,1316,14057.39268093144,12692923.469178647,Pending
PROD0884,PROD0884,PROD0005,2025-02-13,1283,14543.47965561157,11864323.070884647,Delivered
PROD0885,PROD0885,PROD0005,2025-04-09,1324,15825.82849169631,13270162.683257245,Delivered
PROD0886,PROD0886,PROD0005,2025-04-02,1926,17833.151391520252,23240171.320225716,Delivered
PROD0887,PROD0887,PROD0005,2026-05-11,1880,16634.649483781843,20107136.928582136,Partially Received
PROD0888,PROD0888,PROD0005,2025-04-27,1849,19465.30432262817,23422710.019297548,Delivered
PROD0889,PROD0889,PROD0005,2026-05-18,1850,17751.527229112005,22586190.12478722,Partially Received
PROD0890,PROD0890,PROD0005,2025-06-07,1787,17779.342651415158,20898042.40027699,Delivered
PROD0891,PROD0891,PROD0005,2025-08-06,1868,12379.637944023349,15068452.038285887,Delivered
PROD0892,PROD0892,PROD0005,2025-04-03,1527,16201.598108256223,17087621.58444253,Partially Received
PROD0893,PROD0893,PROD0099,2025-07-20,1495,12686.716533180173,12404203.759179654,In Transit
PROD0894,PROD0894,PROD0099,2025-10-29,1872,12831.90833633972,16678065.516811494,Delivered
PROD0895,PROD0895,PROD0099,2026-06-13,1410,16853.480080450172,13444487.098534193,Delivered
PROD0896,PROD0896,PROD0099,2026-02-01,1369,20017.378483106713,18781948.020674307,Delivered
PROD0897,PROD0897,PROD0099,2025-09-12,1290,18848.763570592353,12847344.453538466,Delivered
PROD0898,PROD0898,PROD0099,2026-05-31,1940,19328.222631732413,26697238.540182315,Delivered
PROD0899,PROD0899,PROD0099,2026-01-17,1559,12111.507256181483,13185999.043507116,In Transit
PROD0900,PROD0900,PROD0099,2025-02-07,1786,15768.014946724195,18090579.20549522,Delivered
PROD0901,PROD0901,PROD0099,2025-12-27,1327,17456.947065177574,15149747.207812747,Delivered
PROD0902,PROD0902,PROD0099,2025-10-14,1480,13506.424831451905,13443493.201457998,Delivered
PROD0903,PROD0903,PROD0099,2026-05-25,1284,20391.626406269632,17492047.068083405,Delivered
PROD0904,PROD0904,PROD0171,2026-02-03,1705,17200.86660429544,21170922.70735952,Cancelled
PROD0905,PROD0905,PROD0171,2026-06-01,1482,19493.166850940954,20157440.40377087,Delivered
PROD0906,PROD0906,PROD0171,2025-06-10,1714,16387.984680505735,19555526.921764337,Delivered
PROD0907,PROD0907,PROD0171,2025-04-15,1323,17242.472611955392,14036068.399040274,In Transit
PROD0908,PROD0908,PROD0171,2026-05-24,1289,18065.742131721803,13285747.521957437,Partially Received
PROD0909,PROD0909,PROD0171,2026-08-20,1795,19273.037461742442,23257311.719036933,Pending
PROD0910,PROD0910,PROD0171,2026-05-06,2056,13167.86957076566,19804715.701165028,Pending
PROD0911,PROD0911,PROD0171,2025-06-03,1647,20306.57485864741,28489214.52245402,Partially Received
PROD0912,PROD0912,PROD0171,2026-03-23,1828,18117.22025748971,22753332.11727428,In Transit
PROD0913,PROD0913,PROD0171,2026-05-05,1798,18745.564493709862,28123763.283809762,Cancelled
PROD0914,PROD0914,PROD0171,2025-11-26,1308,15461.658737877384,13261630.206310676,Delivered
PROD0915,PROD0915,PROD0130,2025-11-17,1484,20390.037101252292,26685810.36692912,Pending
PROD0916,PROD0916,PROD0130,2025-04-29,1689,12330.845842774894,13403082.328728165,Partially Received
PROD0917,PROD0917,PROD0130,2026-04-10,1889,15272.942718329728,21203967.370449726,Partially Received
PROD0918,PROD0918,PROD0130,2026-03-22,1455,20203.176960488418,22770752.70358605,Delivered
PROD0919,PROD0919,PROD0130,2026-03-16,1308,17271.067648209308,14108086.3123907,Pending
PROD0920,PROD0920,PROD0130,2026-01-26,1765,13857.175379458764,18605479.715242703,Delivered
PROD0921,PROD0921,PROD0130,2025-01-04,1539,20363.62668031453,24127302.42506861,In Transit
PROD0922,PROD0922,PROD0130,2025-08-31,1424,16340.990285468377,14106363.496974196,Delivered
PROD0923,PROD0923,PROD0130,2025-11-13,2094,16662.236499020913,29698934.89343317,In Transit
PROD0924,PROD0924,PROD0130,2025-10-09,1721,12681.022436866613,15412092.508504067,In Transit
PROD0925,PROD0925,PROD0130,2025-08-03,1748,17923.07878915184,20953166.681094877,Delivered
PROD0926,PROD0926,PROD0191,2025-04-12,1322,11883.843239481124,11862449.519411365,Delivered
PROD0927,PROD0927,PROD0191,2025-06-21,1383,17793.159838292988,18159740.475008458,Delivered
PROD0928,PROD0928,PROD0191,2025-03-05,1927,16933.954017554654,25931053.38081828,In Transit
PROD0929,PROD0929,PROD0191,2026-01-13,1633,15662.666430575186,17359169.67831192,In Transit
PROD0930,PROD0930,PROD0191,2025-03-27,1603,18480.23573099094,19794927.900322817,Pending
PROD0931,PROD0931,PROD0191,2026-03-20,1399,13844.80176030506,12694896.184293032,Delivered
PROD0932,PROD0932,PROD0191,2026-05-11,2000,15088.98658849626,24136229.583871383,Pending
PROD0933,PROD0933,PROD0191,2026-07-12,1491,15973.93352841015,16697182.91156869,Pending
PROD0934,PROD0934,PROD0191,2025-01-06,1772,18549.89386578707,25598968.910013635,Delivered
PROD0935,PROD0935,PROD0191,2026-07-02,1376,17616.7476749337,14082669.264455525,Delivered
PROD0936,PROD0936,PROD0191,2026-07-04,2034,13027.108128867183,17364924.401396513,Delivered
PROD0937,PROD0937,PROD0128,2026-08-23,1404,19462.127143656006,17405150.769025482,Delivered
PROD0938,PROD0938,PROD0128,2025-08-09,1726,18801.340870525157,21759335.10493032,Delivered
PROD0939,PROD0939,PROD0128,2025-02-25,1637,18519.701263000243,18482597.41729873,Delivered
PROD0940,PROD0940,PROD0128,2026-06-27,1673,12962.569823939151,15692388.652590355,Delivered
PROD0941,PROD0941,PROD0128,2026-05-02,2033,19309.66573779304,29154034.085071713,Delivered
PROD0942,PROD0942,PROD0128,2025-06-02,1944,19083.142363113664,26866954.451065604,Delivered
PROD0943,PROD0943,PROD0128,2026-03-31,1746,11787.219535215156,12030257.691463452,Pending
PROD0944,PROD0944,PROD0128,2025-12-18,1278,13020.574212113623,11939405.160249092,In Transit
PROD0945,PROD0945,PROD0128,2025-07-03,1332,17055.764303151394,14405025.882265113,Delivered
PROD0946,PROD0946,PROD0128,2025-03-22,1849,15635.467367275085,20648174.55270403,In Transit
PROD0947,PROD0947,PROD0128,2025-05-03,1454,13849.794767316773,13417335.932333713,In Transit
PROD0948,PROD0948,PROD0048,2026-05-22,1545,12724.448159597281,14108464.809021246,Delivered
PROD0949,PROD0949,PROD0048,2026-04-13,1673,20064.957345499683,23982263.2139884,Delivered
PROD0950,PROD0950,PROD0048,2026-08-14,1963,16051.997665922785,25526415.543334283,Delivered
PROD0951,PROD0951,PROD0048,2026-01-16,1981,13264.965025948679,22518236.788446575,In Transit
PROD0952,PROD0952,PROD0048,2026-02-09,1436,17812.224158108213,19716461.61523137,Delivered
PROD0953,PROD0953,PROD0048,2025-03-29,1762,16924.5052936296,19953926.282972023,Delivered
PROD0954,PROD0954,PROD0048,2026-08-15,1572,20330.307101603972,26693082.601587176,In Transit
PROD0955,PROD0955,PROD0048,2025-07-04,2095,12289.111210510966,24200846.111433946,Cancelled
PROD0956,PROD0956,PROD0048,2026-06-16,2015,18049.124814306546,28751852.087535307,Delivered
PROD0957,PROD0957,PROD0048,2026-06-24,1876,15826.814787117924,17815222.236064043,Delivered
PROD0958,PROD0958,PROD0048,2026-08-21,1705,20197.05251793978,22740750.825131856,Delivered
PROD0959,PROD0959,PROD0006,2026-03-16,1328,20351.261331993115,17870000.15280221,Pending
PROD0960,PROD0960,PROD0006,2026-03-31,1643,19588.571552757185,24036566.15082785,Pending
PROD0961,PROD0961,PROD0006,2025-05-23,1803,13575.219960309692,18653221.8290471,Pending
PROD0962,PROD0962,PROD0006,2026-05-14,1441,13968.985528051768,13864289.148070706,Delivered
PROD0963,PROD0963,PROD0006,2025-06-16,1627,15426.223287689614,16137167.607513636,Delivered
PROD0964,PROD0964,PROD0006,2025-03-29,1585,19317.883606867133,22710547.58084064,Pending
PROD0965,PROD0965,PROD0006,2025-08-27,1601,18806.63687404693,19845118.211748622,Delivered
PROD0966,PROD0966,PROD0006,2025-09-25,2060,17420.763842251436,27818558.98876915,Cancelled
PROD0967,PROD0967,PROD0006,2025-11-26,2029,17256.49710872339,25605092.7916727,Delivered
PROD0968,PROD0968,PROD0006,2025-02-21,2080,17812.376049897193,28300902.165040925,Delivered
PROD0969,PROD0969,PROD0006,2025-04-06,1775,17466.82541380509,23959059.382062413,Delivered
PROD0970,PROD0970,PROD0173,2025-10-05,1440,19357.429591564633,20178317.072867777,Delivered
PROD0971,PROD0971,PROD0173,2025-01-19,2071,13304.510991968196,23397026.288561027,Partially Received
PROD0972,PROD0972,PROD0173,2025-06-03,2076,19839.398662250565,30157403.80445902,Delivered
PROD0973,PROD0973,PROD0173,2025-05-19,1767,11821.84882967258,12480848.540062632,In Transit
PROD0974,PROD0974,PROD0173,2026-05-11,1383,16509.12124447623,14464965.949076036,In Transit
PROD0975,PROD0975,PROD0173,2026-06-09,1888,20193.553932196563,27601036.31230227,Partially Received
PROD0976,PROD0976,PROD0173,2026-01-22,1674,12768.140332290599,14651876.34807169,In Transit
PROD0977,PROD0977,PROD0173,2025-07-04,1959,20030.32988956898,27888538.031926315,Cancelled
PROD0978,PROD0978,PROD0173,2026-07-02,1727,12307.331361795059,15268782.802691616,Partially Received
PROD0979,PROD0979,PROD0173,2025-12-19,1394,20572.98160086083,23428934.47754826,Delivered
PROD0980,PROD0980,PROD0173,2026-06-01,1371,14785.917355657895,12764927.337176267,Partially Received
PROD0981,PROD0981,PROD0058,2025-08-22,1582,11906.017762571128,12612253.90935082,Cancelled
PROD0982,PROD0982,PROD0058,2026-07-09,1745,17808.150486465736,22186826.663527064,Delivered
PROD0983,PROD0983,PROD0058,2026-04-01,1419,12372.632859177962,12813864.93312955,In Transit
PROD0984,PROD0984,PROD0058,2026-02-17,1305,16899.056426168823,13904622.129165532,Delivered
PROD0985,PROD0985,PROD0058,2025-03-05,1369,20522.10323249532,19731623.90253008,In Transit
PROD0986,PROD0986,PROD0058,2026-03-24,2011,17851.167074937537,26937485.704195473,Delivered
PROD0987,PROD0987,PROD0058,2025-05-28,2038,12496.38443237121,17493766.453487203,Pending
PROD0988,PROD0988,PROD0058,2025-11-21,1803,16456.501027285456,19300146.216681812,Delivered
PROD0989,PROD0989,PROD0058,2026-06-28,1371,19745.532746557168,20843576.825393803,In Transit
PROD0990,PROD0990,PROD0058,2026-01-04,2086,13409.285427640949,24524944.755117986,Delivered
PROD0991,PROD0991,PROD0058,2026-08-14,1460,14615.022325331596,13970106.266856225,Pending
PROD0992,PROD0992,PROD0091,2025-06-13,1858,17816.29314321481,24195436.484648015,Delivered
PROD0993,PROD0993,PROD0091,2026-08-15,1883,19002.620334961182,24643581.844942532,In Transit
PROD0994,PROD0994,PROD0091,2026-03-17,1295,12118.950555699834,12030205.32339702,Delivered
PROD0995,PROD0995,PROD0091,2025-08-12,1854,17292.080213940597,19907716.956095666,Delivered
PROD0996,PROD0996,PROD0091,2026-06-28,1806,17022.366648808864,24449459.645256378,Delivered
PROD0997,PROD0997,PROD0091,2025-01-26,1923,12786.40449710457,19044635.37425128,Partially Received
PROD0998,PROD0998,PROD0091,2025-10-25,1326,12671.204808847282,13274406.394539423,Delivered
PROD0999,PROD0999,PROD0091,2025-10-22,1704,19744.32037863656,21938428.053486194,In Transit
PROD1000,PROD1000,PROD0091,2025-09-08,1390,11884.441705077485,11933138.227813136,Delivered
PROD1001,PROD1001,PROD0091,2025-05-16,1488,12310.1536709618,14232283.055822995,Pending
PROD1002,PROD1002,PROD0091,2026-06-16,1991,20101.532527228013,28758982.56787188,Delivered
PROD1003,PROD1003,PROD0145,2025-01-15,2091,18823.766072591716,29685723.279891416,Delivered
PROD1004,PROD1004,PROD0145,2025-03-14,2007,11882.184897986277,14908545.220898349,Delivered
PROD1005,PROD1005,PROD0145,2026-08-13,1800,17405.115851782513,23919227.7920031,Delivered
PROD1006,PROD1006,PROD0145,2026-06-20,1687,19242.985648339843,25071844.379937958,Delivered
PROD1007,PROD1007,PROD0145,2025-02-23,1320,20142.642135159404,16150532.424194532,Delivered
PROD1008,PROD1008,PROD0145,2025-08-08,1473,12715.781264972573,12672847.086604798,Delivered
PROD1009,PROD1009,PROD0145,2025-02-10,1734,17146.91441915599,21534982.825232532,Cancelled
PROD1010,PROD1010,PROD0145,2026-07-04,1840,20253.35947163655,28438023.917033225,Delivered
PROD1011,PROD1011,PROD0145,2026-08-22,1889,16093.066827238228,19317749.533018336,Partially Received
PROD1012,PROD1012,PROD0145,2025-02-02,1849,13220.976809035004,17967515.835341763,Delivered
PROD1013,PROD1013,PROD0145,2026-07-16,1694,17236.35777577164,18118721.313725207,Delivered
PROD1014,PROD1014,PROD0185,2025-12-30,1974,13860.168204588239,20189754.473197028,Delivered
PROD1015,PROD1015,PROD0185,2025-06-07,1804,19615.778893754872,26386354.095116887,Delivered
PROD1016,PROD1016,PROD0185,2025-02-22,1882,16388.807723444817,23239795.903128453,Delivered
PROD1017,PROD1017,PROD0185,2026-03-24,1772,12096.913546333037,15134183.899422996,Partially Received
PROD1018,PROD1018,PROD0185,2026-01-19,1741,20105.940499418444,26402981.76382093,In Transit
PROD1019,PROD1019,PROD0185,2025-09-11,1574,20001.1378457391,22666963.099565957,In Transit
PROD1020,PROD1020,PROD0185,2025-07-27,1697,19429.675768394853,23078535.044635482,Delivered
PROD1021,PROD1021,PROD0185,2025-11-29,1417,12824.438767524058,14795132.596627852,Delivered
PROD1022,PROD1022,PROD0185,2026-05-19,1597,17350.54790513222,18813180.569245975,In Transit
PROD1023,PROD1023,PROD0185,2025-03-31,1688,14562.70080416063,20125679.481152736,Delivered
PROD1024,PROD1024,PROD0185,2026-03-30,2022,16794.1290393002,26166595.726441074,Delivered
PROD1025,PROD1025,PROD0197,2026-08-09,2060,18156.58875043856,29315956.502923034,Delivered
PROD1026,PROD1026,PROD0197,2026-06-29,1949,19275.472851720097,24106293.71424367,Delivered
PROD1027,PROD1027,PROD0197,2025-01-01,2075,17484.57806670344,27642777.065299783,In Transit
PROD1028,PROD1028,PROD0197,2025-02-23,1995,18889.260229834552,26932878.889632866,Delivered
PROD1029,PROD1029,PROD0197,2026-03-11,1986,16650.809434513565,21893435.883463677,Delivered
PROD1030,PROD1030,PROD0197,2025-03-10,1914,18187.54999847435,26985018.477844156,Partially Received
PROD1031,PROD1031,PROD0197,2025-07-04,1329,15296.182263276878,13841685.29949419,Cancelled
PROD1032,PROD1032,PROD0197,2025-01-06,2087,14601.781708096632,24188080.897362195,Delivered
PROD1033,PROD1033,PROD0197,2025-06-12,1311,14733.269524819594,13956657.356802652,Delivered
PROD1034,PROD1034,PROD0197,2025-06-24,1404,18122.304832439717,15559243.409607872,Pending
PROD1035,PROD1035,PROD0197,2026-05-25,1756,12677.050940027651,14899136.610803213,Delivered
PROD1036,PROD1036,PROD0057,2025-08-28,1855,14879.219878017766,19662224.16053708,Delivered
PROD1037,PROD1037,PROD0057,2025-07-24,1832,20220.576510168954,28286535.063980673,Delivered
PROD1038,PROD1038,PROD0057,2025-05-19,1747,11896.774211545922,13855826.073353937,Delivered
PROD1039,PROD1039,PROD0057,2025-06-18,1827,14601.641732143837,17362435.600791138,Cancelled
PROD1040,PROD1040,PROD0057,2026-06-08,1599,19392.10097496634,19623805.062880274,Pending
PROD1041,PROD1041,PROD0057,2025-05-04,1647,15386.254463098136,18333514.49189626,Cancelled
PROD1042,PROD1042,PROD0057,2025-07-18,1606,14837.66984129383,16781666.318521068,Pending
PROD1043,PROD1043,PROD0057,2025-05-01,1833,16174.93941774124,19429838.73417384,In Transit
PROD1044,PROD1044,PROD0057,2025-03-18,1786,14602.549547711098,16790063.13870807,Pending
PROD1045,PROD1045,PROD0057,2025-02-12,1571,18356.0262352156,19037358.209788855,In Transit
PROD1046,PROD1046,PROD0057,2026-04-07,2066,15982.851067475725,28027361.16326117,Delivered
PROD1047,PROD1047,PROD0158,2026-03-31,1984,12072.316364774602,16149700.058432413,Delivered
PROD1048,PROD1048,PROD0158,2025-04-10,1280,11937.48542496835,11841951.12735138,Delivered
PROD1049,PROD1049,PROD0158,2026-04-05,1854,16747.08471645316,23669122.66964983,Delivered
PROD1050,PROD1050,PROD0158,2025-08-09,2032,12742.296381781789,20738764.164130956,Delivered
PROD1051,PROD1051,PROD0158,2026-07-02,1445,18239.864499732055,18565568.646337543,Delivered
PROD1052,PROD1052,PROD0158,2025-11-21,1631,18803.395681078167,19981044.150308665,In Transit
PROD1053,PROD1053,PROD0158,2025-05-14,1292,12334.628492898082,11847931.23676715,Delivered
PROD1054,PROD1054,PROD0158,2025-01-31,1849,18351.27998159823,25575047.57799507,Delivered
PROD1055,PROD1055,PROD0158,2025-02-19,1747,13977.153635145723,15776070.173002277,Delivered
PROD1056,PROD1056,PROD0158,2025-01-18,1467,18335.205145608215,17095198.291647155,Delivered
PROD1057,PROD1057,PROD0158,2026-04-14,1630,20191.68474403893,27071411.006027445,Cancelled
PROD1058,PROD1058,PROD0177,2025-07-04,1758,12831.276519331028,15429245.874215623,Delivered
PROD1059,PROD1059,PROD0177,2026-02-27,1296,18927.691550329026,15698545.028984547,Delivered
PROD1060,PROD1060,PROD0177,2026-02-04,1787,14795.302298687991,19068567.923734643,Delivered
PROD1061,PROD1061,PROD0177,2025-01-11,1641,20421.14451479182,26174380.24069678,Partially Received
PROD1062,PROD1062,PROD0177,2026-01-03,1770,14196.596298774331,15028358.695243577,In Transit
PROD1063,PROD1063,PROD0177,2026-03-03,1794,20036.550708891446,26459663.123991262,Delivered
PROD1064,PROD1064,PROD0177,2026-04-09,1752,20463.910825774707,27883837.052749556,Delivered
PROD1065,PROD1065,PROD0177,2025-01-07,1447,19364.72271590801,19169415.973037243,Pending
PROD1066,PROD1066,PROD0177,2026-07-27,1311,17742.196590185857,13880770.530900106,Partially Received
PROD1067,PROD1067,PROD0177,2026-03-06,1418,15641.280607042016,13833819.12617531,Delivered
PROD1068,PROD1068,PROD0177,2025-02-12,1383,14582.94351186491,14075865.903409394,Delivered
PROD1069,PROD1069,PROD0022,2026-01-05,1514,16676.434373310334,17508417.665641848,Delivered
PROD1070,PROD1070,PROD0022,2026-06-19,1869,13711.824620237454,17278733.10748505,Delivered
PROD1071,PROD1071,PROD0022,2026-06-08,1676,16824.867546196998,20203530.01736889,Pending
PROD1072,PROD1072,PROD0022,2025-05-19,2049,16743.494820912907,27285472.001655295,Cancelled
PROD1073,PROD1073,PROD0022,2025-09-07,2062,16234.30433156567,29157498.813491125,Cancelled
PROD1074,PROD1074,PROD0022,2026-01-06,1776,12100.462851950319,14123034.412468169,Pending
PROD1075,PROD1075,PROD0022,2025-03-31,1703,20552.38869137172,29236284.08281948,Delivered
PROD1076,PROD1076,PROD0022,2025-02-14,1662,19830.72911092907,23983108.902856372,Cancelled
PROD1077,PROD1077,PROD0022,2025-09-12,1340,18952.525625695256,15416200.71629189,Delivered
PROD1078,PROD1078,PROD0022,2026-02-02,1294,15650.227905852,13050953.642615909,Delivered
PROD1079,PROD1079,PROD0022,2025-06-13,1898,16273.667603997645,24234995.48594367,Pending
PROD1080,PROD1080,PROD0018,2025-02-12,1769,13268.612572341448,14397234.31497972,Delivered
PROD1081,PROD1081,PROD0018,2025-03-28,1334,16255.330688618393,13898032.696978195,Pending
PROD1082,PROD1082,PROD0018,2026-07-11,1745,14954.313803639441,18585974.787007544,Cancelled
PROD1083,PROD1083,PROD0018,2025-05-18,1576,20230.58929146104,26668266.53854221,Pending
PROD1084,PROD1084,PROD0018,2025-12-30,1910,13492.862982209237,18714364.860125445,Pending
PROD1085,PROD1085,PROD0018,2026-04-21,2077,17835.30285870731,28372084.27646759,Delivered
PROD1086,PROD1086,PROD0018,2025-03-05,1444,17305.042712735292,19161718.341696408,Delivered
PROD1087,PROD1087,PROD0018,2025-04-15,1841,19420.433629697254,26196538.532711662,Pending
PROD1088,PROD1088,PROD0018,2025-03-31,1959,18074.574003798854,28284181.615009427,In Transit
PROD1089,PROD1089,PROD0018,2025-01-18,1973,17892.779832879893,20381661.863222368,Partially Received
PROD1090,PROD1090,PROD0153,2026-02-04,1691,17942.088802400132,19287013.236935295,Delivered
PROD1091,PROD1091,PROD0153,2026-08-10,1416,15147.03404719978,13834915.246641705,Delivered
PROD1092,PROD1092,PROD0153,2025-11-04,1436,20389.09452300409,21163524.808134854,Delivered
PROD1093,PROD1093,PROD0153,2025-08-06,1291,19599.397775882117,13898385.344440062,In Transit
PROD1094,PROD1094,PROD0153,2025-10-20,2048,13263.483604936899,23598255.784247294,Pending
PROD1095,PROD1095,PROD0153,2026-06-06,2047,15139.758311265812,23253483.376263257,Cancelled
PROD1096,PROD1096,PROD0153,2026-01-19,1303,17609.365009021843,14646923.045036068,Delivered
PROD1097,PROD1097,PROD0153,2025-09-28,1577,19814.426988543604,22609879.385682948,Delivered
PROD1098,PROD1098,PROD0153,2026-02-20,1514,17420.493788142325,18626380.057254173,Delivered
PROD1099,PROD1099,PROD0153,2025-02-24,1948,16679.5967120316,24244911.380994476,Delivered
PROD1100,PROD1100,PROD0134,2025-02-01,1614,18042.88669476234,20333927.125552453,Delivered
PROD1101,PROD1101,PROD0134,2025-11-09,1963,11931.72496873783,17217354.41131393,In Transit
PROD1102,PROD1102,PROD0134,2026-01-29,2038,11753.13357277364,14415490.197841926,Delivered
PROD1103,PROD1103,PROD0134,2025-03-31,1777,14272.786574974883,15812530.152700596,Delivered
PROD1104,PROD1104,PROD0134,2026-05-15,1694,18810.61988183267,23723856.296169523,In Transit
PROD1105,PROD1105,PROD0134,2026-08-13,1746,16695.207766214153,22209116.612927917,Pending
PROD1106,PROD1106,PROD0134,2026-03-30,1486,15430.287329327766,14247699.711731186,Delivered
PROD1107,PROD1107,PROD0134,2026-07-27,1674,12828.000560331722,13104003.229107395,Delivered
PROD1108,PROD1108,PROD0134,2025-05-13,1789,17108.184760875192,23031737.856210757,Pending
PROD1109,PROD1109,PROD0134,2025-11-16,1534,13753.780457377776,14787597.495786006,Pending
PROD1110,PROD1110,PROD0065,2025-03-07,1551,18363.802356273787,19178748.595972028,Pending
PROD1111,PROD1111,PROD0065,2025-06-15,1761,17616.502501188115,17963891.386951506,Delivered
PROD1112,PROD1112,PROD0065,2025-12-13,1826,17772.579838971105,22538216.08716475,In Transit
PROD1113,PROD1113,PROD0065,2025-01-29,1902,16716.04754684641,20368409.919199415,Partially Received
PROD1114,PROD1114,PROD0065,2026-03-17,1963,20099.06261549613,29278278.75414494,Delivered
PROD1115,PROD1115,PROD0065,2026-05-03,1525,12267.188175724319,12256568.418194693,Delivered
PROD1116,PROD1116,PROD0065,2025-05-14,1815,16851.145417372536,21414309.67673411,Cancelled
PROD1117,PROD1117,PROD0065,2026-03-28,1413,17819.40703544095,16361487.19884392,Delivered
PROD1118,PROD1118,PROD0065,2025-01-01,1817,13976.11718361104,16328473.448960088,Pending
PROD1119,PROD1119,PROD0065,2026-08-09,1325,20526.588287815655,21348270.47327149,Partially Received
PROD1120,PROD1120,PROD0187,2025-07-23,1598,19835.31582137403,23773955.889210775,Delivered
PROD1121,PROD1121,PROD0187,2025-10-02,1325,20349.57701321191,20334943.58002999,Pending
PROD1122,PROD1122,PROD0187,2025-07-12,2018,18170.697474830322,25314381.521683916,Delivered
PROD1123,PROD1123,PROD0187,2026-04-02,1625,17497.36089351154,19956997.46853342,Partially Received
PROD1124,PROD1124,PROD0187,2025-03-15,1688,17757.246483843377,17661503.413812026,Partially Received
PROD1125,PROD1125,PROD0187,2025-03-10,1922,20208.237764596204,28741335.086180795,Partially Received
PROD1126,PROD1126,PROD0187,2025-12-16,1967,16938.176194230688,23947056.886659253,Delivered
PROD1127,PROD1127,PROD0187,2025-02-11,1867,19429.694420298765,26804168.321676023,Pending
PROD1128,PROD1128,PROD0187,2026-08-09,2010,12322.19920672324,17199126.890615243,Partially Received
PROD1129,PROD1129,PROD0187,2026-02-15,1821,15971.266469495322,20254372.38076089,In Transit
PROD1130,PROD1130,PROD0175,2026-02-23,1496,20252.74489025518,22998048.246008437,In Transit
PROD1131,PROD1131,PROD0175,2026-05-02,1608,20468.95286963745,26646552.553088423,Delivered
PROD1132,PROD1132,PROD0175,2026-01-24,2012,17746.04533079734,27394897.763239715,Partially Received
PROD1133,PROD1133,PROD0175,2026-08-02,1918,19681.087684902228,24209054.375434723,Delivered
PROD1134,PROD1134,PROD0175,2025-02-13,1882,16898.95911927867,24123854.75538888,Delivered
PROD1135,PROD1135,PROD0175,2025-01-10,2049,16494.3179095683,23437268.69687527,Partially Received
PROD1136,PROD1136,PROD0175,2025-10-23,2026,17597.42905675352,28784131.61425229,Partially Received
PROD1137,PROD1137,PROD0175,2026-05-31,1669,16653.800941967034,14833031.125852883,Cancelled
PROD1138,PROD1138,PROD0175,2026-07-07,2069,20121.42533139627,29736646.955009393,Delivered
PROD1139,PROD1139,PROD0175,2025-10-18,1957,19047.97716865619,27378457.483146075,Delivered
PROD1140,PROD1140,PROD0075,2026-08-19,1477,13839.819730260211,14985673.97255434,Delivered
PROD1141,PROD1141,PROD0075,2025-10-03,1647,16910.981622992727,20680726.711924173,Delivered
PROD1142,PROD1142,PROD0075,2025-03-27,2094,12513.934138826018,26946304.142212287,Partially Received
PROD1143,PROD1143,PROD0075,2026-06-25,1687,13941.524846237531,19147371.76178725,In Transit
PROD1144,PROD1144,PROD0075,2025-05-03,1298,18431.667621448512,15991854.562618155,Delivered
PROD1145,PROD1145,PROD0075,2026-06-17,1854,17812.919381229898,20767740.953495525,Delivered
PROD1146,PROD1146,PROD0075,2026-05-24,1449,17374.540932267133,16466814.286524363,Delivered
PROD1147,PROD1147,PROD0075,2025-10-21,2037,12528.197640368497,23958769.258037187,Partially Received
PROD1148,PROD1148,PROD0075,2025-11-11,1728,16852.52315165012,19191281.333714634,Pending
PROD1149,PROD1149,PROD0075,2025-10-08,1417,15185.436984169351,13617837.555101981,Delivered
PROD1150,PROD1150,PROD0094,2025-07-05,1400,15844.820414819858,14129625.612687975,Delivered
PROD1151,PROD1151,PROD0094,2026-08-25,2052,18141.658060606504,29545953.122002646,Delivered
PROD1152,PROD1152,PROD0094,2026-08-24,1880,12374.549978278956,14705061.631524531,Delivered
PROD1153,PROD1153,PROD0094,2025-05-24,1462,18568.36406136713,18058944.965073954,Partially Received
PROD1154,PROD1154,PROD0094,2025-08-26,1584,15258.37405975118,14174081.109851947,In Transit
PROD1155,PROD1155,PROD0094,2025-05-08,1707,20431.980277495015,28423409.729037117,Delivered
PROD1156,PROD1156,PROD0094,2025-09-24,1570,11870.027137505585,11945632.633093053,Pending
PROD1157,PROD1157,PROD0094,2026-02-01,1619,12333.333123766843,12601006.088571956,Delivered
PROD1158,PROD1158,PROD0094,2026-01-29,1970,14694.189002590942,22663618.194213063,Delivered
PROD1159,PROD1159,PROD0094,2026-02-09,2068,18931.059990269943,26826401.531035252,In Transit
PROD1160,PROD1160,PROD0082,2025-04-06,1980,14603.13714086778,21223148.713906042,Delivered
PROD1161,PROD1161,PROD0082,2025-10-30,1960,15496.429051800456,24225713.630114757,Delivered
PROD1162,PROD1162,PROD0082,2025-01-13,1547,12172.07042079655,13713227.141330972,Partially Received
PROD1163,PROD1163,PROD0082,2026-03-06,1578,14511.082389725829,15266168.308261186,Partially Received
PROD1164,PROD1164,PROD0082,2026-05-06,1533,19894.48571059786,20386531.050278142,Delivered
PROD1165,PROD1165,PROD0082,2025-05-29,1777,16524.65375407289,23402748.615973864,In Transit
PROD1166,PROD1166,PROD0082,2025-05-10,1891,14009.89264972009,21068036.994444806,Delivered
PROD1167,PROD1167,PROD0082,2025-03-03,1891,15979.55996862542,21056478.94927209,In Transit
PROD1168,PROD1168,PROD0082,2025-05-04,1565,12706.71079682875,12817824.725083182,Delivered
PROD1169,PROD1169,PROD0082,2026-02-14,1991,12679.680440341277,18762850.81010021,In Transit
PROD1170,PROD1170,PROD0059,2025-11-15,1758,14838.1309174094,15990375.429542383,Delivered
PROD1171,PROD1171,PROD0059,2025-04-29,1370,19102.32912759483,15962659.67442394,Partially Received
PROD1172,PROD1172,PROD0059,2025-09-09,1540,13463.766883850636,13811539.656724675,Partially Received
PROD1173,PROD1173,PROD0059,2025-01-25,1577,15951.982559615486,16978428.729462598,Delivered
PROD1174,PROD1174,PROD0059,2026-04-01,1418,17289.31598513238,15737407.486691127,Pending
PROD1175,PROD1175,PROD0059,2026-05-25,1475,20218.13105066805,20893754.90849383,Delivered
PROD1176,PROD1176,PROD0059,2025-06-15,1472,12748.766427061533,12435027.763585849,Pending
PROD1177,PROD1177,PROD0059,2026-03-04,1967,19694.300027885707,29337569.21014349,Delivered
PROD1178,PROD1178,PROD0059,2025-05-29,1989,13859.731620217364,21294481.77275425,Delivered
PROD1179,PROD1179,PROD0059,2025-12-15,1348,18649.458131701776,17748168.645701364,In Transit
PROD1180,PROD1180,PROD0129,2025-06-09,1973,15756.048829236002,21185046.643744368,Delivered
PROD1181,PROD1181,PROD0129,2025-05-26,1750,15579.903448934721,18627412.484037798,In Transit
PROD1182,PROD1182,PROD0129,2026-07-20,1569,16912.718402669936,16534252.140458351,Delivered
PROD1183,PROD1183,PROD0129,2025-10-09,1572,12067.520832450657,12488252.658114789,Delivered
PROD1184,PROD1184,PROD0129,2026-01-06,1459,17773.695568900373,15143937.855162855,Delivered
PROD1185,PROD1185,PROD0129,2025-06-06,1292,18246.809047024424,14400384.864204902,In Transit
PROD1186,PROD1186,PROD0129,2025-04-27,1712,17819.597435798096,21952511.847402,In Transit
PROD1187,PROD1187,PROD0129,2025-01-20,1406,17446.828441030073,16691442.602062738,Delivered
PROD1188,PROD1188,PROD0129,2025-10-10,1432,19435.590988065604,18977375.576598357,Delivered
PROD1189,PROD1189,PROD0129,2026-08-02,1725,11864.72188249501,13278522.039155502,In Transit
PROD1190,PROD1190,PROD0140,2026-04-12,2015,18123.870382627203,28255573.86409747,In Transit
PROD1191,PROD1191,PROD0140,2026-05-07,1703,13156.142075175583,15513707.778020836,Pending
PROD1192,PROD1192,PROD0140,2026-05-14,1671,18951.801231395108,18615587.597924914,Delivered
PROD1193,PROD1193,PROD0140,2025-07-17,1654,15413.860946208895,18119531.89849576,In Transit
PROD1194,PROD1194,PROD0140,2025-10-18,2024,17769.447356029876,29147108.82828688,In Transit
PROD1195,PROD1195,PROD0140,2026-05-07,1683,16864.820077619017,19578450.213967357,Delivered
PROD1196,PROD1196,PROD0140,2025-01-01,1287,14602.55385564672,12049403.348745054,Delivered
PROD1197,PROD1197,PROD0140,2025-09-05,1779,19620.224748471606,25670096.311367847,Delivered
PROD1198,PROD1198,PROD0140,2025-07-19,1766,11839.72897756316,13276521.751842557,Pending
PROD1199,PROD1199,PROD0140,2025-10-02,2087,12334.124100244255,22172658.34518753,Delivered
PROD1200,PROD1200,PROD0141,2025-11-12,1430,20269.221570440168,25544188.55800253,In Transit
PROD1201,PROD1201,PROD0141,2025-01-12,2001,11833.533072554257,13647398.187456818,In Transit
PROD1202,PROD1202,PROD0141,2026-06-16,1394,13069.545541170593,13155552.281825254,Delivered
PROD1203,PROD1203,PROD0141,2025-11-02,2089,16941.485149055843,29336180.319781728,Pending
PROD1204,PROD1204,PROD0141,2026-01-16,1881,15563.08045954395,19370273.73824615,Pending
PROD1205,PROD1205,PROD0141,2025-11-21,1806,19550.671225845173,21970268.314798936,Delivered
PROD1206,PROD1206,PROD0141,2026-03-04,1785,12528.618499571901,14247275.440384401,Pending
PROD1207,PROD1207,PROD0141,2025-08-12,1552,16734.099874312782,17922634.819890283,Delivered
PROD1208,PROD1208,PROD0141,2026-02-25,1627,19650.96545232553,25576161.78425407,Delivered
PROD1209,PROD1209,PROD0141,2025-01-23,2050,12490.67416151161,20272814.720284678,Pending
PROD1210,PROD1210,PROD0189,2025-07-17,2053,15763.276087877337,26883861.678661317,In Transit
PROD1211,PROD1211,PROD0189,2025-06-03,1820,12673.391078727916,14806804.104032235,Delivered
PROD1212,PROD1212,PROD0189,2025-08-03,1747,17960.953216594407,19445110.95720497,Cancelled
PROD1213,PROD1213,PROD0189,2026-05-05,2004,13977.424428830853,21849391.748386763,In Transit
PROD1214,PROD1214,PROD0189,2026-01-06,1631,20442.33272240401,29056854.882661704,In Transit
PROD1215,PROD1215,PROD0189,2025-12-29,1587,18655.6553551714,20147504.61541701,Delivered
PROD1216,PROD1216,PROD0189,2025-03-22,2089,17111.191437587164,28542108.43681022,Delivered
PROD1217,PROD1217,PROD0189,2026-04-13,1393,13131.28761910024,13654911.5095427,Delivered
PROD1218,PROD1218,PROD0189,2025-07-21,1808,13844.183123663595,18937771.65329613,In Transit
PROD1219,PROD1219,PROD0189,2026-08-17,1644,14636.685599833912,15702520.203365617,Delivered
PROD1220,PROD1220,PROD0061,2025-03-01,1292,14630.584100018417,12185898.37869737,Pending
PROD1221,PROD1221,PROD0061,2026-08-26,1805,15963.905647961414,19317314.032553155,Delivered
PROD1222,PROD1222,PROD0061,2025-04-20,1654,17246.32681079258,16235493.334080044,Pending
PROD1223,PROD1223,PROD0061,2025-04-22,1523,19636.230000517753,18113005.563400406,Pending
PROD1224,PROD1224,PROD0061,2025-10-03,1765,15112.405944465674,19435050.463204708,Pending
PROD1225,PROD1225,PROD0061,2025-04-25,1316,19903.40775412507,14989457.761078341,Pending
PROD1226,PROD1226,PROD0061,2025-11-03,1286,14646.862656118612,12290069.7011348,Partially Received
PROD1227,PROD1227,PROD0061,2026-07-21,1905,18382.45501869647,24053629.583142333,Delivered
PROD1228,PROD1228,PROD0061,2025-01-12,1612,15344.108667448045,15816044.963498415,Pending
PROD1229,PROD1229,PROD0061,2025-01-08,2007,18888.30596617268,26165499.642850723,Cancelled
PROD1230,PROD1230,PROD0039,2025-09-29,2039,11816.5819689116,18416277.28040814,In Transit
PROD1231,PROD1231,PROD0039,2025-10-08,1575,15982.304407724367,14084424.237695547,Delivered
PROD1232,PROD1232,PROD0039,2025-05-24,2087,17239.279267222693,27752779.15411653,Cancelled
PROD1233,PROD1233,PROD0039,2025-09-25,1871,19049.49423378243,23774996.45528533,Delivered
PROD1234,PROD1234,PROD0039,2025-06-06,1986,19645.92430302506,27298235.810319398,Delivered
PROD1235,PROD1235,PROD0039,2026-02-21,1704,19792.3946305749,25928239.161860634,Delivered
PROD1236,PROD1236,PROD0039,2025-06-18,1707,17738.836736603364,22116157.990406465,Delivered
PROD1237,PROD1237,PROD0039,2026-07-05,1683,17768.457482131875,21160798.401103426,Delivered
PROD1238,PROD1238,PROD0039,2025-05-22,1511,15586.141979898848,15693679.094605908,Delivered
PROD1239,PROD1239,PROD0039,2026-03-16,1693,19837.429057643792,26194744.32313778,Partially Received
PROD1240,PROD1240,PROD0068,2026-02-12,1702,14620.553705730565,17234579.512117077,Delivered
PROD1241,PROD1241,PROD0068,2025-02-09,1820,14746.5620052465,20356189.283622585,Delivered
PROD1242,PROD1242,PROD0068,2025-04-04,1439,14575.15114641238,15290669.255498555,Partially Received
PROD1243,PROD1243,PROD0068,2025-11-21,1781,14677.596844011228,18742018.1280552,Pending
PROD1244,PROD1244,PROD0068,2026-03-10,1474,17829.786629481525,18957531.349852037,Delivered
PROD1245,PROD1245,PROD0068,2026-07-14,1281,12112.79220289441,11850950.295804251,Delivered
PROD1246,PROD1246,PROD0068,2025-07-18,1671,18503.345397017954,24382512.78785368,In Transit
PROD1247,PROD1247,PROD0068,2026-04-10,1821,19639.080772625028,23214129.786648132,Partially Received
PROD1248,PROD1248,PROD0068,2025-06-21,1488,20362.36866253121,26103240.861259285,In Transit
PROD1249,PROD1249,PROD0068,2025-07-20,1289,12340.87659748755,11840097.362294957,Delivered
PROD1250,PROD1250,PROD0200,2025-02-02,1366,16139.75171920103,15272684.651720718,Pending
PROD1251,PROD1251,PROD0200,2025-10-13,1645,18946.038092155723,21381517.23777641,In Transit
PROD1252,PROD1252,PROD0200,2026-04-12,1488,15764.045697655589,14772694.278896092,In Transit
PROD1253,PROD1253,PROD0200,2025-05-18,1474,19781.26306914254,21369083.979878716,Partially Received
PROD1254,PROD1254,PROD0200,2025-07-15,1981,20231.883833173986,29599075.903907556,Pending
PROD1255,PROD1255,PROD0200,2026-04-13,1768,14732.848717251649,17871318.049983446,In Transit
PROD1256,PROD1256,PROD0200,2025-03-07,1609,12325.47696486788,13844821.591100525,In Transit
PROD1257,PROD1257,PROD0200,2026-02-06,1682,13037.054712877969,14110695.094135579,In Transit
PROD1258,PROD1258,PROD0200,2025-07-12,2025,18685.075754891128,28539063.602011476,In Transit
PROD1259,PROD1259,PROD0200,2025-05-20,1349,17089.22455109349,13410483.642392589,Delivered
PROD1260,PROD1260,PROD0023,2026-08-18,1647,16695.45683082573,15205619.714550572,Pending
PROD1261,PROD1261,PROD0023,2026-04-10,1333,19997.12918264685,16454932.579868183,In Transit
PROD1262,PROD1262,PROD0023,2025-12-08,1826,11887.974772969796,12775699.000826,Delivered
PROD1263,PROD1263,PROD0023,2025-01-23,1740,17119.639429609037,24000230.081532393,Delivered
PROD1264,PROD1264,PROD0023,2026-06-14,1687,18545.61352972834,25007614.095355105,Pending
PROD1265,PROD1265,PROD0023,2025-04-27,1975,16510.572661045204,20819503.5190248,In Transit
PROD1266,PROD1266,PROD0023,2025-10-25,1439,20196.373574607278,19974709.51423474,Delivered
PROD1267,PROD1267,PROD0023,2025-09-06,1497,15085.25722555658,14444908.463810915,Delivered
PROD1268,PROD1268,PROD0023,2026-07-19,1830,18889.261975840327,25672180.21393858,Delivered
PROD1269,PROD1269,PROD0023,2026-08-11,1280,20107.27384040918,13833986.346110787,Cancelled
PROD1270,PROD1270,PROD0180,2025-02-12,1631,16747.15741829075,19186209.164100133,Partially Received
PROD1271,PROD1271,PROD0180,2026-03-27,1585,17343.282428378523,17691353.369223606,In Transit
PROD1272,PROD1272,PROD0180,2025-02-25,1997,14874.902749194993,20657196.001556665,Delivered
PROD1273,PROD1273,PROD0180,2025-07-19,1714,16034.281352663224,21778722.56914588,Pending
PROD1274,PROD1274,PROD0180,2026-03-20,1937,14830.875958288545,23342437.30589208,In Transit
PROD1275,PROD1275,PROD0180,2026-07-19,1700,17731.32421353689,19974832.420988817,Cancelled
PROD1276,PROD1276,PROD0180,2025-03-28,1937,15275.750599005545,21790075.362979867,Delivered
PROD1277,PROD1277,PROD0180,2025-09-12,1451,19244.855298222512,17373328.81422578,Delivered
PROD1278,PROD1278,PROD0180,2026-02-13,1312,12690.478928230894,11976671.577659812,In Transit
PROD1279,PROD1279,PROD0180,2026-04-20,1428,12725.36567921716,13145012.764185566,Delivered
PROD1280,PROD1280,PROD0095,2025-07-01,1692,18013.680927179634,20465825.032959465,In Transit
PROD1281,PROD1281,PROD0095,2026-06-17,1980,19676.8396427654,28550169.371110063,Pending
PROD1282,PROD1282,PROD0095,2025-06-30,1405,13137.373536413497,12002380.962975333,Delivered
PROD1283,PROD1283,PROD0095,2025-03-18,2084,11919.325428174594,21202676.352525827,Delivered
PROD1284,PROD1284,PROD0095,2026-08-13,2005,17647.447731549022,24809142.67525986,Pending
PROD1285,PROD1285,PROD0095,2025-06-23,1940,19995.85522781233,28400799.14735314,Pending
PROD1286,PROD1286,PROD0095,2025-08-07,1895,20486.518667583885,29560683.888276707,Delivered
PROD1287,PROD1287,PROD0095,2025-03-25,1922,17409.878482550186,21261365.199515436,Delivered
PROD1288,PROD1288,PROD0095,2025-09-07,1326,17691.664923226148,16688876.721828457,In Transit
PROD1289,PROD1289,PROD0095,2025-06-13,1863,20446.937578704375,29357217.00941491,Delivered
PROD1290,PROD1290,PROD0160,2025-07-04,1402,12490.621385909684,12697897.474748038,Pending
PROD1291,PROD1291,PROD0160,2025-10-16,1489,19312.28407267799,19236968.42294397,In Transit
PROD1292,PROD1292,PROD0160,2026-08-26,1708,20378.811499204927,27966898.95952551,Delivered
PROD1293,PROD1293,PROD0160,2025-03-10,2022,18938.02407783838,26544574.72036379,Pending
PROD1294,PROD1294,PROD0160,2025-04-15,1482,17090.258018885575,19214746.552333687,Delivered
PROD1295,PROD1295,PROD0160,2025-09-27,1914,13283.569125060161,17102162.663493205,Delivered
PROD1296,PROD1296,PROD0160,2025-09-03,1488,19079.086365675423,19091192.115725193,In Transit
PROD1297,PROD1297,PROD0160,2026-07-01,1665,19393.046733177933,20344684.1068737,Partially Received
PROD1298,PROD1298,PROD0160,2025-01-24,1564,20579.241104824985,27932817.370737985,Pending
PROD1299,PROD1299,PROD0160,2026-03-02,1336,19448.82727851358,14781451.88560031,Delivered
PROD1300,PROD1300,PROD0054,2025-06-15,1301,14013.48497715001,12445674.351878943,Pending
PROD1301,PROD1301,PROD0054,2025-06-29,1752,14071.564987487389,14629079.416846609,Delivered
PROD1302,PROD1302,PROD0054,2026-05-14,1384,19844.088888477945,23978005.027712427,In Transit
PROD1303,PROD1303,PROD0054,2026-05-24,1889,20449.505216001566,28639168.060655925,In Transit
PROD1304,PROD1304,PROD0054,2025-07-28,2079,16237.027793686513,29523358.314738207,Delivered
PROD1305,PROD1305,PROD0054,2025-05-17,1601,20243.181793649757,20735262.668453008,Delivered
PROD1306,PROD1306,PROD0054,2026-02-15,1725,18329.895779121478,20727778.60560759,Partially Received
PROD1307,PROD1307,PROD0054,2025-11-12,1737,15259.089293612738,18800042.85493563,Delivered
PROD1308,PROD1308,PROD0054,2025-11-29,1518,19623.42328645881,22793817.430770766,Pending
PROD1309,PROD1309,PROD0054,2025-01-21,1869,14370.922689171193,20405652.17241876,In Transit
PROD1310,PROD1310,PROD0193,2026-07-02,1761,20474.610204061533,28226677.82804261,In Transit
PROD1311,PROD1311,PROD0193,2025-03-07,2031,17472.88857193315,27332230.75786258,Delivered
PROD1312,PROD1312,PROD0193,2025-06-09,1525,13262.677377648955,13900527.198910147,Delivered
PROD1313,PROD1313,PROD0193,2025-10-05,1520,12915.583770974878,13490105.802747747,Delivered
PROD1314,PROD1314,PROD0193,2025-01-06,1418,13236.194927968094,12773820.973089378,In Transit
PROD1315,PROD1315,PROD0193,2026-08-31,1986,16820.63698130863,26876242.218084417,Cancelled
PROD1316,PROD1316,PROD0193,2025-10-20,2015,14380.712367151968,18386648.327298038,Partially Received
PROD1317,PROD1317,PROD0193,2026-08-21,1741,17456.5824454879,19523314.81274768,Delivered
PROD1318,PROD1318,PROD0193,2026-03-04,1303,12307.684710292671,11907008.558915652,Delivered
PROD1319,PROD1319,PROD0193,2025-09-17,1366,20247.878681796494,18983592.02012902,Delivered
PROD1320,PROD1320,PROD0051,2026-02-25,1406,16401.89269034966,13844528.965643179,Cancelled
PROD1321,PROD1321,PROD0051,2025-04-02,1687,11945.979268305631,13384857.736444449,Delivered
PROD1322,PROD1322,PROD0051,2025-02-14,1788,18671.328414139738,22283168.84615058,Delivered
PROD1323,PROD1323,PROD0051,2025-12-18,1743,20244.286038408067,26284388.863095872,In Transit
PROD1324,PROD1324,PROD0051,2026-08-10,1599,20417.360036905327,27059438.642059058,In Transit
PROD1325,PROD1325,PROD0051,2025-03-23,1999,12621.608747403827,17826360.06405149,Delivered
PROD1326,PROD1326,PROD0051,2026-05-23,1717,15441.7571409702,17786434.112823535,In Transit
PROD1327,PROD1327,PROD0051,2025-11-19,1700,13151.134679558756,15373499.673545994,Delivered
PROD1328,PROD1328,PROD0051,2026-02-19,1741,18680.055604350677,20193830.978234846,Delivered
PROD1329,PROD1329,PROD0051,2025-05-12,1801,19860.636062815684,24232725.9879295,Delivered
PROD1330,PROD1330,PROD0014,2025-05-10,1888,13221.283871241414,16137896.609383672,Delivered
PROD1331,PROD1331,PROD0014,2026-04-19,1441,18739.926817824668,17806803.676140774,Cancelled
PROD1332,PROD1332,PROD0014,2025-03-22,1989,17384.383821025283,24044855.17778234,In Transit
PROD1333,PROD1333,PROD0014,2026-03-22,1447,15305.061768377811,13839816.244714618,Pending
PROD1334,PROD1334,PROD0014,2025-06-01,1990,18782.388330431586,28423114.861149464,Delivered
PROD1335,PROD1335,PROD0014,2025-01-29,2021,11936.325628982853,19414604.986452572,Pending
PROD1336,PROD1336,PROD0014,2026-04-23,1704,18151.36839741782,22614721.946023844,Cancelled
PROD1337,PROD1337,PROD0014,2025-09-27,2047,15767.281761642042,26199376.383698516,Delivered
PROD1338,PROD1338,PROD0014,2025-04-04,1744,13889.127811280012,19814677.75434834,Cancelled
PROD1339,PROD1339,PROD0194,2025-07-26,1583,16241.629311144423,20132116.149136946,In Transit
PROD1340,PROD1340,PROD0194,2026-07-26,1427,15373.755422973156,14216769.979732765,Pending
PROD1341,PROD1341,PROD0194,2026-04-28,1785,15943.502449573101,17352155.43692071,Delivered
PROD1342,PROD1342,PROD0194,2026-01-16,1910,20403.662980637888,28444715.516284984,In Transit
PROD1343,PROD1343,PROD0194,2026-08-09,1976,16982.99805071807,24168296.643628765,Delivered
PROD1344,PROD1344,PROD0194,2026-07-07,1429,19340.858428855627,18101996.542187758,Cancelled
PROD1345,PROD1345,PROD0194,2026-08-09,1727,14131.49271242686,15399723.325787144,Partially Received
PROD1346,PROD1346,PROD0194,2025-11-13,2047,12111.208303573054,18896614.707377173,Delivered
PROD1347,PROD1347,PROD0194,2025-07-15,1833,18782.976055296127,24820376.24493689,Partially Received
PROD1348,PROD1348,PROD0113,2026-05-04,1785,17781.92345996004,19461074.56661593,Partially Received
PROD1349,PROD1349,PROD0113,2025-06-19,1905,19323.317069485525,26558031.85038829,In Transit
PROD1350,PROD1350,PROD0113,2025-10-13,1801,18501.580368286584,23963170.435646474,Delivered
PROD1351,PROD1351,PROD0113,2026-08-22,1471,14918.873140118078,14753941.763082338,Delivered
PROD1352,PROD1352,PROD0113,2026-03-21,1938,16734.29925834164,24056939.18088656,Delivered
PROD1353,PROD1353,PROD0113,2026-04-23,1634,12938.253159691463,14922463.701005584,Delivered
PROD1354,PROD1354,PROD0113,2025-12-03,1751,16151.496009153007,21359907.720545705,Cancelled
PROD1355,PROD1355,PROD0113,2026-07-11,1726,19485.451513299322,24466498.84432295,Delivered
PROD1356,PROD1356,PROD0113,2026-04-23,1445,17903.170062824553,17110669.04271892,Pending
PROD1357,PROD1357,PROD0090,2025-03-09,1335,20356.888869543505,20190956.801318806,In Transit
PROD1358,PROD1358,PROD0090,2025-12-06,1679,17347.483346581113,22568678.54974472,In Transit
PROD1359,PROD1359,PROD0090,2025-01-17,1898,20352.435515711495,26037447.005349066,Delivered
PROD1360,PROD1360,PROD0090,2025-04-06,1756,18940.430313894285,22772051.021371517,In Transit
PROD1361,PROD1361,PROD0090,2025-02-23,1624,12524.978242192334,13871912.508167809,In Transit
PROD1362,PROD1362,PROD0090,2025-12-11,1987,15159.310063828958,22601642.65541652,In Transit
PROD1363,PROD1363,PROD0090,2026-04-18,1542,20428.056483160217,25354254.25579447,Delivered
PROD1364,PROD1364,PROD0090,2026-05-29,1987,11883.30520530285,15139870.429481389,Pending
PROD1365,PROD1365,PROD0090,2025-11-26,1608,20125.33772230026,26076115.87799711,Delivered
PROD1366,PROD1366,PROD0164,2025-01-21,2067,19201.281104499114,29579399.65793731,In Transit
PROD1367,PROD1367,PROD0164,2025-01-01,1537,16201.906314026386,17533722.89729188,Delivered
PROD1368,PROD1368,PROD0164,2025-06-27,1448,17795.100202722086,20371457.99591143,Delivered
PROD1369,PROD1369,PROD0164,2026-04-30,1997,16684.10183774317,19901971.347893044,Pending
PROD1370,PROD1370,PROD0164,2025-09-07,1727,11937.057273068229,13282958.562451191,Delivered
PROD1371,PROD1371,PROD0164,2025-03-19,1724,14374.19048501456,15762952.062165169,Partially Received
PROD1372,PROD1372,PROD0164,2025-03-24,1439,17791.36741974957,15799274.838589575,Partially Received
PROD1373,PROD1373,PROD0164,2025-06-28,1690,12502.056740302907,13400292.112176491,Delivered
PROD1374,PROD1374,PROD0164,2025-11-04,1724,19531.641559152067,26027886.938141022,Delivered
PROD1375,PROD1375,PROD0110,2026-08-09,1968,18075.34083159815,27331294.617150277,Delivered
PROD1376,PROD1376,PROD0110,2025-06-27,1943,14677.698962151459,20135715.393210646,Partially Received
PROD1377,PROD1377,PROD0110,2026-02-21,1504,19273.420886642158,22546211.039198007,In Transit
PROD1378,PROD1378,PROD0110,2026-03-20,1949,17813.660342979936,25441367.808411077,Delivered
PROD1379,PROD1379,PROD0110,2025-06-07,1778,19806.47374746829,27911459.087109964,Delivered
PROD1380,PROD1380,PROD0110,2025-12-06,1444,18672.493185765365,18894965.462276895,Delivered
PROD1381,PROD1381,PROD0110,2026-01-17,2093,11792.519391399179,21029586.931421954,In Transit
PROD1382,PROD1382,PROD0110,2025-10-28,2052,14885.72220440444,20507907.6211113,Delivered
PROD1383,PROD1383,PROD0110,2026-02-26,2034,12341.074832841776,19162405.521427236,Delivered
PROD1384,PROD1384,PROD0149,2025-06-03,1959,20144.140102380243,29694678.84049303,Pending
PROD1385,PROD1385,PROD0149,2025-04-29,1469,18179.935065942518,16707143.305246748,Delivered
PROD1386,PROD1386,PROD0149,2026-01-18,1872,16948.457150732494,25378907.44682809,In Transit
PROD1387,PROD1387,PROD0149,2026-05-31,1594,13587.202937306409,13358380.72526734,In Transit
PROD1388,PROD1388,PROD0149,2026-01-24,2055,18909.460629460766,27396040.10260043,Cancelled
PROD1389,PROD1389,PROD0149,2025-05-23,1865,17178.92125351818,20216658.690901734,Delivered
PROD1390,PROD1390,PROD0149,2026-03-18,1910,19120.429143423244,27292023.113456037,Partially Received
PROD1391,PROD1391,PROD0149,2025-02-07,1575,12875.13953703599,13939483.775923526,Delivered
PROD1392,PROD1392,PROD0149,2025-10-15,1687,20140.363514140525,24407707.355509978,Partially Received
PROD1393,PROD1393,PROD0115,2025-01-08,1756,15707.763185995764,15296474.13251482,Delivered
PROD1394,PROD1394,PROD0115,2025-11-21,2048,15652.659728091641,25764664.239405125,Pending
PROD1395,PROD1395,PROD0115,2026-04-27,2095,14352.888255464299,28505296.825479925,Delivered
PROD1396,PROD1396,PROD0115,2025-10-24,1721,15069.063975844203,17061646.040678214,Cancelled
PROD1397,PROD1397,PROD0115,2025-06-03,2085,13055.899165189861,26165367.24071797,Cancelled
PROD1398,PROD1398,PROD0115,2025-03-25,1687,13756.48519976895,14231700.02899775,Delivered
PROD1399,PROD1399,PROD0115,2026-08-12,1319,15800.388336694466,13369482.979497468,In Transit
PROD1400,PROD1400,PROD0115,2025-04-04,1645,20564.625002488472,29217666.7390248,In Transit
PROD1401,PROD1401,PROD0115,2025-11-28,1458,20448.591031316315,26176300.931846555,Delivered
PROD1402,PROD1402,PROD0192,2025-04-06,1511,11791.750493510257,12011794.670118464,In Transit
PROD1403,PROD1403,PROD0192,2025-10-02,1858,14202.818841704158,20750026.08416486,Pending
PROD1404,PROD1404,PROD0192,2026-01-18,1786,17594.309952570802,22677474.26177562,In Transit
PROD1405,PROD1405,PROD0192,2025-07-04,1549,15883.209639732104,16130660.361385625,Delivered
PROD1406,PROD1406,PROD0192,2025-06-26,1620,11963.298364487822,13243962.274596468,Partially Received
PROD1407,PROD1407,PROD0192,2026-01-15,1307,13270.687371724587,12825475.52052918,Delivered
PROD1408,PROD1408,PROD0192,2025-11-03,2087,11777.384843478343,15323452.08636786,In Transit
PROD1409,PROD1409,PROD0192,2025-04-15,1939,17448.52129473235,25329321.72495102,Delivered
PROD1410,PROD1410,PROD0192,2026-05-28,1293,13532.326683258501,12402935.914795017,Delivered
PROD1411,PROD1411,PROD0033,2026-04-15,1609,12784.642766561521,13265280.74835368,Delivered
PROD1412,PROD1412,PROD0033,2025-11-03,1613,11947.90177314575,13212465.797404837,Delivered
PROD1413,PROD1413,PROD0033,2025-07-12,1714,15791.48816918,18527084.69475682,In Transit
PROD1414,PROD1414,PROD0033,2025-05-13,1580,15521.105842750234,15013621.031865597,Delivered
PROD1415,PROD1415,PROD0033,2025-06-22,1786,20046.09380410093,27175226.393406756,In Transit
PROD1416,PROD1416,PROD0033,2025-05-06,1747,16230.219671841376,20393595.568276454,In Transit
PROD1417,PROD1417,PROD0033,2026-07-26,2055,14834.954997149647,24033872.212103482,Delivered
PROD1418,PROD1418,PROD0033,2026-02-12,1955,17438.461500015008,20841473.99499672,Delivered
PROD1419,PROD1419,PROD0033,2025-09-02,2052,16980.67932829559,23756703.965172227,In Transit
PROD1420,PROD1420,PROD0131,2025-12-02,1783,12012.770003012069,13616284.188690016,In Transit
PROD1421,PROD1421,PROD0131,2025-05-14,1889,13465.687627656527,17528622.39296065,In Transit
PROD1422,PROD1422,PROD0131,2026-03-04,1410,16786.028223152396,14299199.56499236,Delivered
PROD1423,PROD1423,PROD0131,2025-04-11,1923,17612.87090377443,26668637.454696886,Pending
PROD1424,PROD1424,PROD0131,2025-09-17,1503,19927.101710103147,20016781.05978326,Delivered
PROD1425,PROD1425,PROD0131,2026-07-23,1973,12154.167337212608,17772935.047223654,In Transit
PROD1426,PROD1426,PROD0131,2026-03-11,1953,15945.83479660892,22510793.1916073,Delivered
PROD1427,PROD1427,PROD0131,2025-07-16,1541,19387.89120709088,23976129.317655552,In Transit
PROD1428,PROD1428,PROD0131,2025-11-08,2094,20022.67606269467,30144481.100594107,Delivered
PROD1429,PROD1429,PROD0034,2025-03-10,2057,13805.76029161939,21952988.869913694,Pending
PROD1430,PROD1430,PROD0034,2025-07-04,1830,18519.120501664238,25270639.956828,Delivered
PROD1431,PROD1431,PROD0034,2026-06-07,1491,20258.206831882617,22022974.65653321,In Transit
PROD1432,PROD1432,PROD0034,2026-08-28,1426,13452.581914436307,13428519.957841076,Delivered
PROD1433,PROD1433,PROD0034,2026-05-16,1564,18475.304383746534,23458557.35721187,In Transit
PROD1434,PROD1434,PROD0034,2025-03-21,1613,18035.228654127437,22371592.63338093,Delivered
PROD1435,PROD1435,PROD0034,2025-07-30,1752,19577.160875647663,25098587.99172473,Delivered
PROD1436,PROD1436,PROD0034,2025-08-28,1703,15515.718220270965,21853505.247057207,Pending
PROD1437,PROD1437,PROD0034,2026-06-06,1295,20223.387527004143,17956084.943735592,Delivered
PROD1438,PROD1438,PROD0106,2026-07-07,1705,16714.867996683217,19845962.90528966,Delivered
PROD1439,PROD1439,PROD0106,2026-04-28,1695,16988.11632825261,20491785.123167675,Pending
PROD1440,PROD1440,PROD0106,2025-04-10,1529,19286.802190076913,26686868.284625772,Pending
PROD1441,PROD1441,PROD0106,2026-01-26,1939,18668.30152808798,23457065.601838946,Partially Received
PROD1442,PROD1442,PROD0106,2025-10-08,1487,18884.933888999327,18773154.517508537,Delivered
PROD1443,PROD1443,PROD0106,2025-08-22,1541,13129.63796825177,14243546.281775359,In Transit
PROD1444,PROD1444,PROD0106,2026-02-14,2095,16996.67210645601,29093808.27799561,Pending
PROD1445,PROD1445,PROD0106,2025-09-02,1543,11988.527154485593,12897231.883307353,Delivered
PROD1446,PROD1446,PROD0106,2025-01-14,1944,18519.848539488765,25631771.459334597,Pending
PROD1447,PROD1447,PROD0184,2025-11-20,1719,18071.982669739948,17849127.367146265,Delivered
PROD1448,PROD1448,PROD0184,2025-02-24,1451,14613.033015892603,13483272.455498682,Partially Received
PROD1449,PROD1449,PROD0184,2025-03-11,1938,17694.23760851411,23135340.79020289,In Transit
PROD1450,PROD1450,PROD0184,2025-02-05,2086,20020.018476658453,30083947.368403308,Delivered
PROD1451,PROD1451,PROD0184,2025-10-29,1494,19642.20908627721,21162871.06804751,Delivered
PROD1452,PROD1452,PROD0184,2025-11-03,1855,20417.059117180783,28373664.31867679,Delivered
PROD1453,PROD1453,PROD0184,2026-02-20,1452,15869.368636197343,14380741.658262542,Delivered
PROD1454,PROD1454,PROD0184,2025-05-04,1371,12183.163736443628,12226874.17904974,Pending
PROD1455,PROD1455,PROD0184,2026-08-13,1744,19507.672165662487,20169060.59532755,In Transit
PROD1456,PROD1456,PROD0012,2026-06-03,1573,13458.85359448631,14089860.865657728,In Transit
PROD1457,PROD1457,PROD0012,2025-11-05,1940,15805.197998576734,19247593.177847415,Delivered
PROD1458,PROD1458,PROD0012,2025-03-19,1541,19820.772627137296,26075874.255832385,Pending
PROD1459,PROD1459,PROD0012,2025-05-03,1293,19901.482450830594,13861954.560878798,Delivered
PROD1460,PROD1460,PROD0012,2025-07-21,1693,18660.826306389386,19442424.774085734,Delivered
PROD1461,PROD1461,PROD0012,2026-03-01,1368,12223.94462762188,12327100.050099207,Partially Received
PROD1462,PROD1462,PROD0012,2025-04-05,1998,16932.547949907294,24218372.335863438,Delivered
PROD1463,PROD1463,PROD0012,2025-09-23,1945,16676.156954088994,20150955.746748514,In Transit
PROD1464,PROD1464,PROD0012,2025-05-01,1382,12579.83469848497,13010722.36403344,Cancelled
PROD1465,PROD1465,PROD0016,2025-01-19,1801,20254.48117024433,26313655.74670302,Delivered
PROD1466,PROD1466,PROD0016,2025-07-26,1692,16245.242618982793,17865797.014341958,Partially Received
PROD1467,PROD1467,PROD0016,2025-11-22,1690,20332.83316652625,26831323.924164396,Pending
PROD1468,PROD1468,PROD0016,2026-06-23,1611,18946.581184235296,24588752.331903733,In Transit
PROD1469,PROD1469,PROD0016,2026-01-21,1988,13963.729582661254,19927820.056671932,Delivered
PROD1470,PROD1470,PROD0016,2025-05-04,1703,17138.20330503765,16628758.30688723,Delivered
PROD1471,PROD1471,PROD0016,2026-07-04,1375,13496.15350843548,13203500.099916458,Delivered
PROD1472,PROD1472,PROD0016,2026-07-26,1879,19103.486719289704,24191102.957364272,Delivered
PROD1473,PROD1473,PROD0016,2026-07-31,1476,13139.096539552778,13522045.13321155,Delivered
PROD1474,PROD1474,PROD0107,2025-12-26,1603,11990.212712804821,13348322.0545245,In Transit
PROD1475,PROD1475,PROD0107,2025-12-10,1918,20302.77828187284,28003996.36603481,Pending
PROD1476,PROD1476,PROD0107,2025-05-18,1611,15143.234042304772,14335241.03711506,Delivered
PROD1477,PROD1477,PROD0107,2025-10-26,1444,20025.382797716342,20906102.707070496,Pending
PROD1478,PROD1478,PROD0107,2025-03-28,2059,19100.828686092642,29253479.593517113,Partially Received
PROD1479,PROD1479,PROD0107,2026-01-25,1460,11958.422674260682,12088566.266908357,Pending
PROD1480,PROD1480,PROD0107,2025-11-29,1331,18566.181759444324,14248389.916822355,Pending
PROD1481,PROD1481,PROD0107,2025-10-02,1307,20142.552235447733,17703526.569987614,Pending
PROD1482,PROD1482,PROD0107,2025-11-13,1980,19168.37431631585,26147551.556435976,Delivered
PROD1483,PROD1483,PROD0028,2026-05-07,1558,15354.912267866328,18458995.63791892,Delivered
PROD1484,PROD1484,PROD0028,2025-06-15,1543,18708.78980258325,19556577.31582069,Partially Received
PROD1485,PROD1485,PROD0028,2026-08-23,2024,18703.808861444282,28579351.31170132,In Transit
PROD1486,PROD1486,PROD0028,2025-10-15,1287,12779.53887477003,11879765.709362153,Pending
PROD1487,PROD1487,PROD0028,2025-08-25,1876,17673.834651568326,24197020.315526932,Cancelled
PROD1488,PROD1488,PROD0028,2025-11-23,1955,14558.783352968301,19586721.563019183,Delivered
PROD1489,PROD1489,PROD0028,2025-01-23,1581,13250.669918932274,14121985.082692172,Delivered
PROD1490,PROD1490,PROD0028,2026-06-25,2087,12393.31117792546,21098197.401366632,In Transit
PROD1491,PROD1491,PROD0028,2025-04-02,1433,17542.251925126624,19562969.062859274,Delivered
PROD1492,PROD1492,PROD0064,2026-04-20,1385,16274.888487072114,14815774.350493155,In Transit
PROD1493,PROD1493,PROD0064,2025-07-16,1499,17440.19136151642,18947155.777106743,Pending
PROD1494,PROD1494,PROD0064,2026-08-21,1679,15418.176569901889,17304106.068889752,In Transit
PROD1495,PROD1495,PROD0064,2025-01-18,1666,15266.126811974056,17166707.246572193,Delivered
PROD1496,PROD1496,PROD0064,2026-05-16,2077,14573.418487020239,23421215.832388077,Pending
PROD1497,PROD1497,PROD0064,2025-05-06,1480,16089.216634234013,18795480.61987903,Delivered
PROD1498,PROD1498,PROD0064,2026-05-25,1792,20047.454583005012,25523794.10526467,Partially Received
PROD1499,PROD1499,PROD0064,2025-01-31,1393,19384.590088948444,17300835.25044105,Delivered
PROD1500,PROD1500,PROD0064,2025-08-11,2082,20175.187810461037,29861568.71790724,Partially Received
PROD1501,PROD1501,PROD0004,2026-02-06,2087,18086.933540038342,28164087.327096917,Delivered
PROD1502,PROD1502,PROD0004,2025-09-23,1374,16207.805657270785,16137514.031272745,Delivered
PROD1503,PROD1503,PROD0004,2025-05-10,1389,17845.38936505578,14453060.053981349,Delivered
PROD1504,PROD1504,PROD0004,2026-07-09,1504,16155.07710561865,15809461.811251633,Delivered
PROD1505,PROD1505,PROD0004,2025-05-30,1330,15652.32940470767,13300811.156015791,Delivered
PROD1506,PROD1506,PROD0004,2026-07-01,1677,12758.455752135224,14170742.650774399,Partially Received
PROD1507,PROD1507,PROD0004,2025-04-15,1446,20284.777597548557,20613743.77178291,Pending
PROD1508,PROD1508,PROD0004,2026-05-17,1590,16505.72570922211,17887707.000880107,Delivered
PROD1509,PROD1509,PROD0004,2026-03-03,1319,17544.81738908858,13898387.03214402,In Transit
PROD1510,PROD1510,PROD0010,2025-02-14,1472,17753.52920890968,19972604.700051304,Partially Received
PROD1511,PROD1511,PROD0010,2026-05-04,1488,13397.87591199252,15763076.655427827,Pending
PROD1512,PROD1512,PROD0010,2026-05-20,2002,19733.737227733665,29028409.714293033,Delivered
PROD1513,PROD1513,PROD0010,2026-07-29,1989,18509.350735092623,25427495.198365882,Delivered
PROD1514,PROD1514,PROD0010,2026-05-05,1766,12692.801754874843,15767651.4159925,Partially Received
PROD1515,PROD1515,PROD0010,2026-01-14,1911,20445.621840252115,29675604.752540603,Delivered
PROD1516,PROD1516,PROD0010,2026-06-28,1293,20415.213821784288,20737558.60325281,Delivered
PROD1517,PROD1517,PROD0010,2026-01-28,1473,18163.90763896042,19893566.084218305,Pending
PROD1518,PROD1518,PROD0010,2025-06-29,1710,19583.801130394764,25113298.155723404,Delivered
PROD1519,PROD1519,PROD0052,2025-01-22,1619,11792.102956590676,12471894.954939125,Pending
PROD1520,PROD1520,PROD0052,2025-10-08,1812,14081.565898165098,15788665.277992524,Delivered
PROD1521,PROD1521,PROD0052,2026-03-24,1415,17250.690516254374,15986148.046484858,Pending
PROD1522,PROD1522,PROD0052,2026-02-26,1865,16132.126022403314,21321719.144979015,Cancelled
PROD1523,PROD1523,PROD0052,2026-05-24,2093,20445.74680106936,30325246.429616954,Cancelled
PROD1524,PROD1524,PROD0052,2026-06-27,1524,15513.128210639927,18580088.542541485,Partially Received
PROD1525,PROD1525,PROD0052,2025-03-19,1703,14727.343245107511,18893110.420357805,Partially Received
PROD1526,PROD1526,PROD0052,2026-01-11,1496,18879.41977455778,15270282.771002326,Delivered
PROD1527,PROD1527,PROD0052,2026-04-09,1968,16217.429684931834,23084261.158027377,Cancelled
PROD1528,PROD1528,PROD0046,2025-01-22,1495,14060.417530900375,15850115.801326342,Partially Received
PROD1529,PROD1529,PROD0046,2025-01-11,1860,16233.354998465598,22598657.848311834,In Transit
PROD1530,PROD1530,PROD0046,2026-02-07,1287,17760.6585305847,12713579.869551472,Delivered
PROD1531,PROD1531,PROD0046,2026-05-17,1834,12102.732921369112,14825685.104336802,Delivered
PROD1532,PROD1532,PROD0046,2025-10-21,1909,15381.834875042152,22904568.732829764,In Transit
PROD1533,PROD1533,PROD0046,2026-06-02,1828,16639.121586861398,23718466.50532971,Pending
PROD1534,PROD1534,PROD0046,2026-07-30,1436,11993.617661616036,12310069.76867898,Delivered
PROD1535,PROD1535,PROD0046,2026-02-16,1849,15610.632805075724,20117587.45233397,Delivered
PROD1536,PROD1536,PROD0046,2026-07-08,1418,18502.68256963747,19831882.03176587,In Transit
PROD1537,PROD1537,PROD0186,2026-03-25,1880,19837.399874086972,27523541.880907718,Delivered
PROD1538,PROD1538,PROD0186,2025-10-30,1307,13413.365254875573,12028435.672671327,Cancelled
PROD1539,PROD1539,PROD0186,2026-02-17,2083,14982.96708035031,20728573.89674072,Delivered
PROD1540,PROD1540,PROD0186,2026-08-09,2094,12588.636372231991,27282624.520081293,Delivered
PROD1541,PROD1541,PROD0186,2025-09-30,1944,19321.625634137683,27358948.57936154,Delivered
PROD1542,PROD1542,PROD0186,2026-04-06,1888,11934.858383422203,14906152.294366768,Partially Received
PROD1543,PROD1543,PROD0186,2026-04-24,1990,16444.99216758812,23200028.494282596,Partially Received
PROD1544,PROD1544,PROD0186,2025-01-18,1617,20493.399887938886,25840609.788303327,Delivered
PROD1545,PROD1545,PROD0186,2026-05-24,1669,20208.62908151298,26560882.33194421,Delivered
PROD1546,PROD1546,PROD0074,2026-05-16,1391,20593.71020185944,26970793.251540188,Delivered
PROD1547,PROD1547,PROD0074,2025-06-01,1635,18836.356566635102,24602818.71125332,Delivered
PROD1548,PROD1548,PROD0074,2026-05-01,2000,16142.695901039013,24119599.39259392,Pending
PROD1549,PROD1549,PROD0074,2026-07-14,1538,18886.656923002956,20088983.074186638,Delivered
PROD1550,PROD1550,PROD0074,2025-06-04,1923,18222.7124577025,25154915.099977262,In Transit
PROD1551,PROD1551,PROD0074,2025-11-26,2040,16613.18080863652,26844486.97029044,Delivered
PROD1552,PROD1552,PROD0074,2025-05-18,1850,17693.43227386066,23170973.53985534,Delivered
PROD1553,PROD1553,PROD0074,2025-12-23,1939,18797.48706988744,25582306.052585058,Delivered
PROD1554,PROD1554,PROD0074,2026-01-18,1583,20432.785084235817,26193252.990394115,Delivered
PROD1555,PROD1555,PROD0056,2025-02-10,1388,16495.003460229244,18598884.798953623,Delivered
PROD1556,PROD1556,PROD0056,2026-07-07,1757,12185.49847458421,14978473.941777026,Delivered
PROD1557,PROD1557,PROD0056,2026-05-17,1311,15296.744292569985,11991928.394527014,Delivered
PROD1558,PROD1558,PROD0056,2026-01-14,1921,16599.362112986564,23304391.366692036,Cancelled
PROD1559,PROD1559,PROD0056,2026-05-14,1911,12833.331314491601,18493783.199250337,Delivered
PROD1560,PROD1560,PROD0056,2025-10-09,1394,17743.055357586316,14250065.107623449,Delivered
PROD1561,PROD1561,PROD0056,2026-02-03,1407,13104.270533061559,12499678.322262425,Delivered
PROD1562,PROD1562,PROD0056,2025-12-18,1743,19646.16890861194,23665703.560135204,Pending
PROD1563,PROD1563,PROD0047,2026-08-30,1702,20452.689939307133,27916892.766039975,Partially Received
PROD1564,PROD1564,PROD0047,2025-01-18,2020,15410.652794210504,24213392.873863243,Pending
PROD1565,PROD1565,PROD0047,2025-05-28,1485,18107.411598078575,17967846.686855856,In Transit
PROD1566,PROD1566,PROD0047,2025-10-16,1779,14193.230210423128,17400691.395737693,Pending
PROD1567,PROD1567,PROD0047,2025-04-05,1441,13938.325328676005,14230902.77959796,Delivered
PROD1568,PROD1568,PROD0047,2025-06-06,1438,20335.917003259365,23701565.58424027,Partially Received
PROD1569,PROD1569,PROD0047,2025-10-01,1647,13494.32127714571,15623474.954173211,Pending
PROD1570,PROD1570,PROD0047,2026-03-22,1586,19290.36611301148,23047166.28810083,Delivered
PROD1571,PROD1571,PROD0156,2025-05-23,1457,17055.460730122737,18094630.1032778,Delivered
PROD1572,PROD1572,PROD0156,2025-01-09,1741,19469.32111350504,27363818.838025786,Delivered
PROD1573,PROD1573,PROD0156,2026-06-04,1433,15568.80098886782,14780239.908376288,Delivered
PROD1574,PROD1574,PROD0156,2026-04-13,1295,20450.977315607815,17962488.51373469,Partially Received
PROD1575,PROD1575,PROD0156,2025-08-16,1631,17795.655547881805,20344193.40925615,Delivered
PROD1576,PROD1576,PROD0156,2025-03-31,1426,15344.157094177921,13275126.201399596,Pending
PROD1577,PROD1577,PROD0156,2025-12-12,1558,17124.023592388232,17635234.826595474,Cancelled
PROD1578,PROD1578,PROD0156,2025-06-27,2087,12796.162387165296,19645936.15615819,Delivered
PROD1579,PROD1579,PROD0089,2026-01-22,1828,18026.099413742806,21534160.105596893,Delivered
PROD1580,PROD1580,PROD0089,2026-03-23,1688,12806.234429137623,14397090.46379186,In Transit
PROD1581,PROD1581,PROD0089,2025-05-29,1754,17811.324816634675,21383259.81446755,Pending
PROD1582,PROD1582,PROD0089,2026-06-25,1692,17530.242121088886,20474777.642516125,Delivered
PROD1583,PROD1583,PROD0089,2025-10-21,1368,18380.27179001582,14389549.32521819,Delivered
PROD1584,PROD1584,PROD0089,2026-08-13,2085,18629.999879281593,29385395.318657085,In Transit
PROD1585,PROD1585,PROD0089,2026-03-02,1322,18511.98993029474,18156858.398954872,Partially Received
PROD1586,PROD1586,PROD0089,2025-06-29,1857,17707.88691562838,25163282.85964803,Delivered
PROD1587,PROD1587,PROD0135,2025-08-16,1821,19819.78190207795,26856761.466940276,Delivered
PROD1588,PROD1588,PROD0135,2026-03-18,1291,11813.006891005782,11866974.502568929,Cancelled
PROD1589,PROD1589,PROD0135,2025-06-11,1534,13408.67111521438,13145593.678790098,Delivered
PROD1590,PROD1590,PROD0135,2026-08-17,1293,17667.762404530942,14750262.954973122,Delivered
PROD1591,PROD1591,PROD0135,2025-04-19,1295,20413.625763095908,18133147.664372724,In Transit
PROD1592,PROD1592,PROD0135,2025-07-20,1480,15641.867531716825,16173007.802749949,Delivered
PROD1593,PROD1593,PROD0135,2025-09-02,1624,20263.16847565973,26022091.3601687,Delivered
PROD1594,PROD1594,PROD0135,2025-10-22,1575,17416.908276154532,20673696.26827709,In Transit
PROD1595,PROD1595,PROD0030,2025-09-02,1954,18060.32380609912,26139843.212208502,In Transit
PROD1596,PROD1596,PROD0030,2025-10-15,1788,20458.51117348204,29034825.729138955,Delivered
PROD1597,PROD1597,PROD0030,2026-04-01,1437,12209.051950805546,11989882.619950173,Delivered
PROD1598,PROD1598,PROD0030,2025-07-25,2095,20330.614808585517,30321369.83098696,In Transit
PROD1599,PROD1599,PROD0030,2025-12-31,1327,16241.741758579288,13877654.903187944,In Transit
PROD1600,PROD1600,PROD0030,2026-05-15,1439,16138.167281869453,14383583.504921183,Pending
PROD1601,PROD1601,PROD0030,2025-10-12,1823,15433.659215012689,19640518.01009008,Pending
PROD1602,PROD1602,PROD0030,2026-08-18,1437,16156.85889772639,13627024.445685005,In Transit
PROD1603,PROD1603,PROD0125,2025-05-08,1298,13838.109681847787,12033439.219042616,Partially Received
PROD1604,PROD1604,PROD0125,2025-09-28,1753,17136.106240732675,19941480.76164452,Partially Received
PROD1605,PROD1605,PROD0125,2025-03-11,1704,17117.96978655855,20124700.54614022,Delivered
PROD1606,PROD1606,PROD0125,2026-03-23,2097,17799.123638666562,30092345.14224782,Cancelled
PROD1607,PROD1607,PROD0125,2025-10-21,1358,18888.743742260915,15750469.454639895,Partially Received
PROD1608,PROD1608,PROD0125,2026-08-28,2060,15011.3173911803,24029988.057098754,Delivered
PROD1609,PROD1609,PROD0125,2026-05-30,1424,16941.6161828523,14789874.714856114,Delivered
PROD1610,PROD1610,PROD0125,2025-06-01,2030,14915.316301314137,19668977.898757562,In Transit
PROD1611,PROD1611,PROD0157,2025-12-28,1631,20548.70457556544,27536967.045908798,Delivered
PROD1612,PROD1612,PROD0157,2026-02-12,1568,20404.925365589883,24758263.806345142,Pending
PROD1613,PROD1613,PROD0157,2026-07-11,1915,20454.510478749387,29938294.36672155,In Transit
PROD1614,PROD1614,PROD0157,2025-05-26,1698,15756.276036015954,16198058.641341586,Delivered
PROD1615,PROD1615,PROD0157,2025-09-22,1830,20441.295108544335,28917329.611544084,Delivered
PROD1616,PROD1616,PROD0157,2026-02-21,1691,12666.60346561477,14932138.72265055,Partially Received
PROD1617,PROD1617,PROD0157,2025-08-23,1890,18514.999586544007,24616108.676516067,Delivered
PROD1618,PROD1618,PROD0157,2026-02-06,2076,12931.20683415964,19532820.558934674,Pending
PROD1619,PROD1619,PROD0174,2025-03-03,2018,14919.756371904261,20026450.546670295,Delivered
PROD1620,PROD1620,PROD0174,2025-04-11,1756,19434.086482040017,24111637.88582561,Delivered
PROD1621,PROD1621,PROD0174,2025-04-02,2057,18791.114169960267,29234540.565062426,In Transit
PROD1622,PROD1622,PROD0174,2025-03-14,1419,17802.614536077403,16536365.588917704,Delivered
PROD1623,PROD1623,PROD0174,2026-01-26,1777,18904.121402091077,27734212.21696119,In Transit
PROD1624,PROD1624,PROD0174,2025-04-07,1438,19309.09482924117,19348529.22261591,Pending
PROD1625,PROD1625,PROD0174,2025-04-26,1802,20442.837323846645,27678608.72549484,Delivered
PROD1626,PROD1626,PROD0174,2026-05-03,1967,15388.34202014062,23717870.60197726,Delivered
PROD1627,PROD1627,PROD0133,2025-10-22,1403,18453.563650081127,15968163.130048616,Pending
PROD1628,PROD1628,PROD0133,2026-08-26,1514,17828.14925902915,17868741.991510414,Pending
PROD1629,PROD1629,PROD0133,2026-02-25,1516,16760.440632646398,17218884.71619942,In Transit
PROD1630,PROD1630,PROD0133,2026-07-31,1335,13221.126349720933,12986753.760091882,Pending
PROD1631,PROD1631,PROD0133,2025-10-09,1366,19321.687599392524,15265896.143941812,Delivered
PROD1632,PROD1632,PROD0133,2025-02-16,1728,20018.20176263823,25941471.742150664,Delivered
PROD1633,PROD1633,PROD0133,2026-02-10,1826,12560.728415913298,16138445.102470778,In Transit
PROD1634,PROD1634,PROD0133,2025-02-16,1399,20410.15980941103,23246085.154168624,Pending
PROD1635,PROD1635,PROD0019,2026-01-30,1688,15632.531516852569,21539836.86491,Pending
PROD1636,PROD1636,PROD0019,2025-01-15,1609,12622.508926509601,13071566.585521037,Delivered
PROD1637,PROD1637,PROD0019,2026-07-26,1835,18471.18346482983,22739205.00997123,Delivered
PROD1638,PROD1638,PROD0019,2026-06-29,1706,15110.275070178388,15700993.590777036,In Transit
PROD1639,PROD1639,PROD0019,2025-04-15,1494,14346.20956354868,12895829.934463596,Delivered
PROD1640,PROD1640,PROD0019,2026-07-05,1751,15961.797175821013,21016194.730107404,Delivered
PROD1641,PROD1641,PROD0019,2025-09-19,1945,15518.01250461774,22588869.265810095,In Transit
PROD1642,PROD1642,PROD0019,2025-02-19,1690,20416.74431145684,28737431.97734804,Delivered
PROD1643,PROD1643,PROD0142,2026-06-06,1453,12812.842861106303,14151583.85593548,Delivered
PROD1644,PROD1644,PROD0142,2025-01-09,1631,13052.1269527065,13503850.401676992,Delivered
PROD1645,PROD1645,PROD0142,2026-02-15,1440,12311.244410992987,12421423.320428256,Partially Received
PROD1646,PROD1646,PROD0142,2025-01-26,1955,18240.145225863835,23096703.801786065,Delivered
PROD1647,PROD1647,PROD0142,2025-07-29,1382,17567.20152867452,15769742.571600046,Delivered
PROD1648,PROD1648,PROD0142,2026-05-23,1799,18850.90092910308,22819065.43257075,Delivered
PROD1649,PROD1649,PROD0142,2025-04-21,2031,12526.653438549962,22582697.95833061,Delivered
PROD1650,PROD1650,PROD0142,2025-04-11,1579,15765.767553457632,18341736.156967007,Delivered
PROD1651,PROD1651,PROD0040,2025-02-23,1340,16270.974816388707,13753480.849912118,In Transit
PROD1652,PROD1652,PROD0040,2026-04-17,2086,17749.03275165968,29902000.6295302,Delivered
PROD1653,PROD1653,PROD0040,2025-03-06,1317,20198.059827129346,19877748.98200209,Delivered
PROD1654,PROD1654,PROD0040,2026-07-05,1761,19812.509993109612,26786499.191962484,Delivered
PROD1655,PROD1655,PROD0040,2026-03-31,1556,17748.777563598658,17620274.005627323,Delivered
PROD1656,PROD1656,PROD0040,2025-03-31,1619,17898.232578663046,17966682.484044988,Delivered
PROD1657,PROD1657,PROD0040,2025-11-06,1865,16990.59502870084,21916962.40562931,In Transit
PROD1658,PROD1658,PROD0040,2026-02-19,2087,18509.547604253912,26892324.57567146,Pending
PROD1659,PROD1659,PROD0087,2026-02-11,1688,19227.620723878266,23291277.648540977,Pending
PROD1660,PROD1660,PROD0087,2025-04-15,1848,13052.27146820143,15642006.036559865,Delivered
PROD1661,PROD1661,PROD0087,2025-04-23,1686,15521.412480844587,14753833.869749885,Partially Received
PROD1662,PROD1662,PROD0087,2026-08-10,1280,15767.30019085776,12387487.00692948,Pending
PROD1663,PROD1663,PROD0087,2026-06-16,1702,15416.584295565013,16843233.307987116,Delivered
PROD1664,PROD1664,PROD0087,2025-06-05,1309,18691.078394162,14704276.457464779,Delivered
PROD1665,PROD1665,PROD0087,2026-05-16,1693,19421.59351909443,24186764.682816453,Pending
PROD1666,PROD1666,PROD0087,2025-10-18,1394,14934.665964277967,14225858.723730076,Delivered
PROD1667,PROD1667,PROD0165,2026-06-18,1501,18883.3612621631,19239834.774899278,Delivered
PROD1668,PROD1668,PROD0165,2025-05-30,1608,18948.15340747722,22560313.344907504,In Transit
PROD1669,PROD1669,PROD0165,2025-12-09,1402,19919.38239401746,16711492.761965929,Delivered
PROD1670,PROD1670,PROD0165,2025-04-10,1437,17796.284714190067,17359253.762666512,Cancelled
PROD1671,PROD1671,PROD0165,2025-05-18,1367,18513.90140492421,14122930.489950115,Delivered
PROD1672,PROD1672,PROD0165,2025-04-10,1422,12552.353326552433,12461297.930820694,Delivered
PROD1673,PROD1673,PROD0165,2025-02-12,1856,19883.90146902489,25511685.38988722,Delivered
PROD1674,PROD1674,PROD0165,2026-02-16,1366,16367.255768974315,15233551.496277656,Delivered
PROD1675,PROD1675,PROD0071,2025-09-24,1581,19828.41511750678,22255465.652737167,Partially Received
PROD1676,PROD1676,PROD0071,2025-03-25,2086,20444.073163901765,30200907.077397376,Pending
PROD1677,PROD1677,PROD0071,2025-02-10,1292,19008.568736973888,15642429.877553787,Partially Received
PROD1678,PROD1678,PROD0071,2025-05-18,1786,12388.773289830857,14787098.552733311,In Transit
PROD1679,PROD1679,PROD0071,2026-02-06,1298,17835.401654135563,14361175.344400734,Delivered
PROD1680,PROD1680,PROD0071,2025-04-08,1563,20422.066534468537,24094990.5259029,Delivered
PROD1681,PROD1681,PROD0071,2025-02-25,1513,18656.01748321421,20136419.17106218,Delivered
PROD1682,PROD1682,PROD0071,2026-04-28,1626,20571.4355792586,29766343.694549892,Partially Received
PROD1683,PROD1683,PROD0070,2025-08-27,1343,17461.95751273079,14391245.031820236,Delivered
PROD1684,PROD1684,PROD0070,2025-11-06,1549,13359.763038607412,14084401.542347869,Delivered
PROD1685,PROD1685,PROD0070,2026-06-17,1361,16097.693141690976,13878650.116358444,Delivered
PROD1686,PROD1686,PROD0070,2026-08-07,1683,17758.87172005389,19573607.388150625,Pending
PROD1687,PROD1687,PROD0070,2025-04-23,1738,17119.542514555735,18455488.6565029,Delivered
PROD1688,PROD1688,PROD0070,2026-08-26,1373,17575.960210491055,14732071.046324667,Pending
PROD1689,PROD1689,PROD0070,2025-02-19,1916,17474.618196562893,19802013.14236561,Pending
PROD1690,PROD1690,PROD0070,2025-01-21,1371,16037.951862572758,15266644.509242535,Partially Received
PROD1691,PROD1691,PROD0096,2026-06-16,1750,17589.13724342786,25384311.29655124,Delivered
PROD1692,PROD1692,PROD0096,2025-07-18,1998,14468.135203977654,21723996.940911055,Delivered
PROD1693,PROD1693,PROD0096,2025-10-23,1585,15424.907801543042,17957930.007724136,Delivered
PROD1694,PROD1694,PROD0096,2025-10-26,1693,20046.670680012132,24032355.80819214,Partially Received
PROD1695,PROD1695,PROD0096,2026-05-25,1607,17117.274848577257,19868132.947711308,Cancelled
PROD1696,PROD1696,PROD0096,2025-05-25,1318,16523.187613013575,13011045.28692963,In Transit
PROD1697,PROD1697,PROD0096,2026-04-27,2093,15081.23373511265,28769404.88205657,Delivered
PROD1698,PROD1698,PROD0096,2026-06-08,1369,18887.335150121486,16679789.587096898,Delivered
PROD1699,PROD1699,PROD0008,2026-08-13,1489,15914.699359061877,17535667.176752318,In Transit
PROD1700,PROD1700,PROD0008,2025-06-19,1285,14000.52843503494,11899115.230533348,Delivered
PROD1701,PROD1701,PROD0008,2026-01-06,2070,14627.935984357502,26922659.573783405,In Transit
PROD1702,PROD1702,PROD0008,2025-10-15,1774,17472.112227210986,19977726.52484857,Pending
PROD1703,PROD1703,PROD0008,2025-09-05,1439,15763.39676837405,14333050.81589558,Delivered
PROD1704,PROD1704,PROD0008,2025-02-14,1529,15967.396917880349,15784596.964400152,Delivered
PROD1705,PROD1705,PROD0008,2026-02-20,1825,14301.173039288258,21222956.578652017,Delivered
PROD1706,PROD1706,PROD0008,2025-01-01,1752,13469.231849693422,15870806.163532995,Delivered
PROD1707,PROD1707,PROD0020,2026-07-21,1982,16959.32006661825,25189279.30957118,Pending
PROD1708,PROD1708,PROD0020,2025-10-12,1955,20028.732405611532,28456708.390247867,Delivered
PROD1709,PROD1709,PROD0020,2026-02-11,2040,14098.24954946303,23987904.721084498,Delivered
PROD1710,PROD1710,PROD0020,2025-07-18,1448,13027.176524970175,13113749.995190421,Delivered
PROD1711,PROD1711,PROD0020,2025-08-14,1922,18878.343186890594,26557690.881585006,Delivered
PROD1712,PROD1712,PROD0020,2025-03-31,1916,20181.403918161028,28271396.033461995,In Transit
PROD1713,PROD1713,PROD0020,2025-06-11,1737,14947.86659828127,16541814.806348955,In Transit
PROD1714,PROD1714,PROD0020,2025-03-04,1664,17329.857792134913,14462591.477703508,Delivered
PROD1715,PROD1715,PROD0073,2025-10-26,2032,15808.568084598317,21320018.529016253,Delivered
PROD1716,PROD1716,PROD0073,2025-02-13,2002,12993.826342498427,18481374.04287589,Delivered
PROD1717,PROD1717,PROD0073,2026-03-04,1409,19325.8443638691,21230229.114109613,Delivered
PROD1718,PROD1718,PROD0073,2026-05-06,1702,16634.461893172953,21542599.66971191,Delivered
PROD1719,PROD1719,PROD0073,2025-07-29,1414,17750.27464670708,15054829.514076028,Partially Received
PROD1720,PROD1720,PROD0073,2025-06-02,1525,17894.649179396234,14869457.27424412,Delivered
PROD1721,PROD1721,PROD0073,2026-08-30,1391,19630.965013691763,21635298.17173663,Delivered
PROD1722,PROD1722,PROD0073,2025-03-21,1487,18789.626943933927,17983018.272004317,Delivered
PROD1723,PROD1723,PROD0188,2025-03-01,1882,20453.64830408307,29800087.26783997,Pending
PROD1724,PROD1724,PROD0188,2026-06-18,1388,11905.04354834681,11982288.703709997,Delivered
PROD1725,PROD1725,PROD0188,2025-08-11,1534,19333.10332028549,25108871.545510113,Partially Received
PROD1726,PROD1726,PROD0188,2026-03-10,2051,12313.183744984857,22726968.57752673,Delivered
PROD1727,PROD1727,PROD0188,2025-05-23,1969,20386.428590791646,29161533.00330132,Pending
PROD1728,PROD1728,PROD0188,2025-07-18,1608,16223.265734453202,23541960.767781664,In Transit
PROD1729,PROD1729,PROD0188,2025-07-14,1963,18507.872499974394,27575943.9249456,Delivered
PROD1730,PROD1730,PROD0188,2026-08-18,1769,17109.096493311743,18954558.298602983,Delivered
PROD1731,PROD1731,PROD0069,2026-05-18,1782,15223.292947515356,19447866.2683331,Delivered
PROD1732,PROD1732,PROD0069,2025-03-25,1850,12335.539524849375,17090420.52818685,Pending
PROD1733,PROD1733,PROD0069,2026-01-02,1466,19448.204568868656,18894239.56352882,Partially Received
PROD1734,PROD1734,PROD0069,2025-01-25,1832,17083.228740464463,20735530.03183997,Delivered
PROD1735,PROD1735,PROD0069,2025-04-14,1734,20350.306102448074,24641005.384294443,Delivered
PROD1736,PROD1736,PROD0069,2026-03-22,1480,20111.790878789066,20350516.502015922,Delivered
PROD1737,PROD1737,PROD0069,2026-05-16,1490,20018.761047407454,23224499.08242582,Delivered
PROD1738,PROD1738,PROD0069,2025-07-03,1441,16771.508888820328,14855798.074767891,In Transit
PROD1739,PROD1739,PROD0120,2025-08-03,1459,17719.593149370794,15748203.267582333,Delivered
PROD1740,PROD1740,PROD0120,2025-06-27,1585,12322.163626068046,13833778.255683152,Delivered
PROD1741,PROD1741,PROD0120,2025-03-10,1288,18943.05913448943,15177465.343248866,Partially Received
PROD1742,PROD1742,PROD0120,2025-11-03,1824,13293.452462530677,17772138.99807986,Pending
PROD1743,PROD1743,PROD0120,2025-11-30,1618,17446.860661259725,19880609.397335734,Pending
PROD1744,PROD1744,PROD0120,2026-01-30,1988,15956.796865322376,20343813.21792426,Delivered
PROD1745,PROD1745,PROD0120,2025-02-12,2085,13279.224253681963,23260803.07912039,Partially Received
PROD1746,PROD1746,PROD0120,2025-01-12,1556,19290.524030458997,21710664.11585497,In Transit
PROD1747,PROD1747,PROD0132,2025-12-31,1817,18659.801777219043,26135441.83482311,Delivered
PROD1748,PROD1748,PROD0132,2025-04-03,1986,16264.183455220586,25940987.14813165,Delivered
PROD1749,PROD1749,PROD0132,2025-05-21,1413,13045.185487217434,16043724.031069072,Partially Received
PROD1750,PROD1750,PROD0132,2025-06-03,1552,13804.146723854112,13536020.705064394,In Transit
PROD1751,PROD1751,PROD0132,2025-12-29,1958,13068.528209948396,22388248.647141837,Pending
PROD1752,PROD1752,PROD0132,2025-11-26,1562,12391.178444991336,12566513.367526919,In Transit
PROD1753,PROD1753,PROD0132,2025-11-08,1410,19064.04060293587,15337505.943273176,Pending
PROD1754,PROD1754,PROD0132,2026-03-12,1739,14732.807126495265,19155659.048148055,Pending
PROD1755,PROD1755,PROD0086,2025-11-28,1743,14718.805375115024,15796706.906152183,Partially Received
PROD1756,PROD1756,PROD0086,2025-03-10,1477,20177.268987214764,18744678.11379265,Delivered
PROD1757,PROD1757,PROD0086,2025-01-07,1388,16843.2662397923,15842748.950370714,Delivered
PROD1758,PROD1758,PROD0086,2025-06-05,1364,15562.132837571424,13989634.191755254,Pending
PROD1759,PROD1759,PROD0086,2025-06-14,1469,20395.926920047397,24442617.06211448,Delivered
PROD1760,PROD1760,PROD0086,2026-07-16,1673,18293.040607262847,25395400.591801647,In Transit
PROD1761,PROD1761,PROD0086,2026-06-17,2056,19461.984616379654,28424568.160233203,Pending
PROD1762,PROD1762,PROD0147,2026-02-14,1541,13803.086743569012,14664421.425005687,In Transit
PROD1763,PROD1763,PROD0147,2025-11-11,1739,19866.651106752408,27148465.67255426,Pending
PROD1764,PROD1764,PROD0147,2026-02-03,1438,12365.61923683436,12249988.035245078,Delivered
PROD1765,PROD1765,PROD0147,2025-10-10,2047,11919.812892682909,17862355.419489846,Partially Received
PROD1766,PROD1766,PROD0147,2025-11-05,1316,15279.338187420068,12861346.957180554,Delivered
PROD1767,PROD1767,PROD0147,2026-05-05,1688,14684.536261538395,15224458.07014941,In Transit
PROD1768,PROD1768,PROD0147,2025-12-04,2017,15874.070539843553,26721318.37600844,Partially Received
PROD1769,PROD1769,PROD0169,2026-02-10,1740,11804.454992158278,12822053.721089566,Delivered
PROD1770,PROD1770,PROD0169,2026-07-13,2003,13897.111518336946,22872391.461337633,Delivered
PROD1771,PROD1771,PROD0169,2026-04-26,1705,20190.956395809197,27019918.34398371,Delivered
PROD1772,PROD1772,PROD0169,2025-06-26,1712,17152.910547721418,22212515.9261469,In Transit
PROD1773,PROD1773,PROD0169,2026-05-03,1879,12672.96928603877,13967448.164956031,Delivered
PROD1774,PROD1774,PROD0169,2025-08-13,1851,15040.290296055187,16731941.511825886,Delivered
PROD1775,PROD1775,PROD0169,2025-10-09,1693,19819.771511854928,24278689.07839862,Partially Received
PROD1776,PROD1776,PROD0178,2026-06-09,1786,11786.83524543773,12452626.820645126,Delivered
PROD1777,PROD1777,PROD0178,2025-05-29,1702,14003.480715544494,16747045.688590217,In Transit
PROD1778,PROD1778,PROD0178,2025-11-19,1616,14648.15318699046,18915280.568022914,In Transit
PROD1779,PROD1779,PROD0178,2025-01-23,1314,16782.380848092846,14105252.97664707,Delivered
PROD1780,PROD1780,PROD0178,2026-06-06,1526,13510.352649596396,15223512.100104678,Delivered
PROD1781,PROD1781,PROD0178,2025-12-30,1706,15815.110541885959,18814316.762697633,Cancelled
PROD1782,PROD1782,PROD0178,2025-03-01,2057,20249.596861764963,29655534.30995091,In Transit
PROD1783,PROD1783,PROD0011,2025-09-02,2081,15891.846161432595,27950379.062350906,Delivered
PROD1784,PROD1784,PROD0011,2025-04-02,1574,18158.79949341835,20255259.13622667,Pending
PROD1785,PROD1785,PROD0011,2025-02-19,1366,16710.271036250335,14088338.816540206,Delivered
PROD1786,PROD1786,PROD0011,2025-12-02,1294,19372.238893658232,14470595.416200867,Delivered
PROD1787,PROD1787,PROD0011,2026-06-20,1797,18257.598995188455,22535873.696182374,In Transit
PROD1788,PROD1788,PROD0011,2026-06-08,2027,12405.90496899399,18779404.894104112,Delivered
PROD1789,PROD1789,PROD0011,2025-04-29,2022,12253.392278862775,17456543.20380121,Delivered
PROD1790,PROD1790,PROD0198,2026-05-29,1322,12494.486291824192,12736628.082550129,Partially Received
PROD1791,PROD1791,PROD0198,2025-11-28,1587,14343.199929576156,15034965.983792784,Delivered
PROD1792,PROD1792,PROD0198,2025-02-14,1848,17820.057200056875,25384278.53698213,Delivered
PROD1793,PROD1793,PROD0198,2026-05-11,1658,17776.16543713992,19667376.138888177,Delivered
PROD1794,PROD1794,PROD0198,2025-02-14,1761,12334.568465746952,13889721.909213712,Pending
PROD1795,PROD1795,PROD0198,2026-05-29,1889,17153.63021456039,26191001.811743107,Pending
PROD1796,PROD1796,PROD0198,2025-04-20,1308,17472.235797341942,13501806.92089403,Partially Received
PROD1797,PROD1797,PROD0190,2025-11-04,1820,18962.749984871334,27556352.502984937,Delivered
PROD1798,PROD1798,PROD0190,2026-08-24,1727,20522.258253105425,28145575.550426718,Pending
PROD1799,PROD1799,PROD0190,2026-07-27,1761,14565.756923251223,18457747.39333427,In Transit
PROD1800,PROD1800,PROD0190,2025-03-23,1288,18072.083864773154,14065012.254265714,Delivered
PROD1801,PROD1801,PROD0190,2025-12-09,1959,16219.498147165208,20547237.85948955,Delivered
PROD1802,PROD1802,PROD0190,2026-08-19,1725,15818.836257624902,20803963.351578224,Pending
PROD1803,PROD1803,PROD0190,2025-08-20,2037,19990.278673250566,28575589.485445414,Delivered
PROD1804,PROD1804,PROD0067,2025-09-05,1717,13307.06664704534,17863461.699001856,In Transit
PROD1805,PROD1805,PROD0067,2025-12-05,1962,15369.90939429107,25172330.69531073,In Transit
PROD1806,PROD1806,PROD0067,2025-12-29,2058,18783.231869808347,29376593.182658136,Delivered
PROD1807,PROD1807,PROD0067,2026-04-25,1479,19646.046777431337,22713564.840342924,Cancelled
PROD1808,PROD1808,PROD0067,2025-11-23,1943,19638.267571145207,27638960.224618066,Pending
PROD1809,PROD1809,PROD0067,2025-06-27,1440,17123.166753128953,14813974.980313174,Delivered
PROD1810,PROD1810,PROD0067,2026-05-22,1829,13368.731326812174,21248292.925136205,In Transit
PROD1811,PROD1811,PROD0083,2026-05-10,2052,19551.118023855302,28365316.059509963,Delivered
PROD1812,PROD1812,PROD0083,2025-03-10,1355,17184.344666676152,13812836.232489534,Pending
PROD1813,PROD1813,PROD0083,2026-06-24,1824,18232.484650551618,24207072.80132201,Delivered
PROD1814,PROD1814,PROD0083,2025-03-28,1632,16171.327610626964,15475560.554471957,Delivered
PROD1815,PROD1815,PROD0083,2025-08-30,1483,14924.458666543103,16149459.74530696,Delivered
PROD1816,PROD1816,PROD0083,2026-05-05,1528,20349.13085108884,24700804.921759006,Delivered
PROD1817,PROD1817,PROD0083,2025-08-28,1451,13425.596784200003,13192023.397142502,Delivered
PROD1818,PROD1818,PROD0043,2025-04-26,2087,14919.256719465162,25108666.27461396,Delivered
PROD1819,PROD1819,PROD0043,2026-02-23,2014,17777.384018369234,23269460.31358853,Cancelled
PROD1820,PROD1820,PROD0043,2026-07-07,1501,12500.958822381812,13749031.200732108,Delivered
PROD1821,PROD1821,PROD0043,2026-06-19,1569,16281.915792700516,15295352.481694011,Delivered
PROD1822,PROD1822,PROD0043,2026-02-03,1506,19270.86696438959,21149466.90433104,Delivered
PROD1823,PROD1823,PROD0043,2026-04-18,1827,12120.522577002137,15107737.846545044,In Transit
PROD1824,PROD1824,PROD0043,2026-05-31,1451,15555.461065909727,14087900.696786545,Delivered
PROD1825,PROD1825,PROD0112,2025-05-23,1493,16763.685560153604,17068052.33699564,In Transit
PROD1826,PROD1826,PROD0112,2025-12-01,1750,20107.630150665005,27503319.716099378,Pending
PROD1827,PROD1827,PROD0112,2025-05-21,1340,17164.975466598262,14890930.523432994,Delivered
PROD1828,PROD1828,PROD0112,2026-02-02,1788,17714.032972443052,25229284.787581325,Cancelled
PROD1829,PROD1829,PROD0112,2026-04-10,1619,12664.326323665267,16365026.28589526,Delivered
PROD1830,PROD1830,PROD0112,2025-10-28,1697,20063.537322613643,24061799.556429546,In Transit
PROD1831,PROD1831,PROD0112,2025-04-09,1342,20443.27889785553,21185087.508838627,Delivered
PROD1832,PROD1832,PROD0092,2026-08-23,1964,16095.077190140864,24057220.219007608,Pending
PROD1833,PROD1833,PROD0092,2026-03-12,1942,16696.578454098642,24817860.3079691,Partially Received
PROD1834,PROD1834,PROD0092,2026-01-23,1855,19844.71255820899,23231829.089203134,Delivered
PROD1835,PROD1835,PROD0092,2025-01-17,1802,20078.297479126126,27302198.65785791,Delivered
PROD1836,PROD1836,PROD0092,2026-01-22,1858,19901.385423660166,25544195.233467296,Delivered
PROD1837,PROD1837,PROD0092,2025-01-19,1750,15278.182294779988,19134693.648955125,Delivered
PROD1838,PROD1838,PROD0092,2026-06-13,1418,19984.16129683018,19172062.31633513,Cancelled
PROD1839,PROD1839,PROD0049,2026-02-16,1719,18678.21786233086,22880451.042870123,In Transit
PROD1840,PROD1840,PROD0049,2025-07-26,1571,12374.979903855346,12723187.557592254,In Transit
PROD1841,PROD1841,PROD0049,2025-02-16,1715,13858.85952574929,14889414.68408898,Cancelled
PROD1842,PROD1842,PROD0049,2025-05-22,1516,15664.487832850613,13931641.87849518,Pending
PROD1843,PROD1843,PROD0049,2025-11-13,1669,15322.929007046228,16652133.641671699,Pending
PROD1844,PROD1844,PROD0049,2025-05-28,1540,18453.281136569778,20549907.20967084,Delivered
PROD1845,PROD1845,PROD0049,2026-05-21,1746,16509.793364507343,20378290.80383278,Delivered
PROD1846,PROD1846,PROD0105,2025-07-23,1858,20349.346312180627,26000863.181368653,Delivered
PROD1847,PROD1847,PROD0105,2025-05-22,1370,18391.22295814213,16192956.450161792,Delivered
PROD1848,PROD1848,PROD0105,2025-10-22,1788,14920.069134400352,16233363.540506758,Delivered
PROD1849,PROD1849,PROD0105,2025-12-12,1989,12623.127414699135,22052484.700832974,Delivered
PROD1850,PROD1850,PROD0105,2025-10-02,1572,13921.570780904756,13790011.948767826,Delivered
PROD1851,PROD1851,PROD0105,2026-06-16,1482,15373.535686946663,15795089.090498783,Delivered
PROD1852,PROD1852,PROD0105,2025-06-13,1819,18583.602480998252,24277082.295793697,Delivered
PROD1853,PROD1853,PROD0035,2025-03-22,1775,15244.664182849703,17814684.296881527,Delivered
PROD1854,PROD1854,PROD0035,2026-01-17,2084,15137.672005514454,29247461.011208184,Delivered
PROD1855,PROD1855,PROD0035,2026-02-25,1388,19133.068298174938,16149132.7552825,Delivered
PROD1856,PROD1856,PROD0035,2026-06-21,1911,12802.189448846317,15430961.474031046,Pending
PROD1857,PROD1857,PROD0035,2025-07-21,1754,16408.768008331535,21341392.1482706,Pending
PROD1858,PROD1858,PROD0035,2026-07-18,1443,20108.350910933426,23107011.976596326,Delivered
PROD1859,PROD1859,PROD0035,2026-07-11,1428,14233.478406208487,13901832.897508547,Delivered
PROD1860,PROD1860,PROD0152,2026-07-29,1595,19427.161225840635,24164598.402819827,Delivered
PROD1861,PROD1861,PROD0152,2025-08-25,1688,14134.157148716678,18813332.27357452,Delivered
PROD1862,PROD1862,PROD0152,2025-01-01,1833,19858.191289969043,27146080.935898416,Delivered
PROD1863,PROD1863,PROD0152,2026-06-19,1986,16296.161328147966,23737249.63918402,Cancelled
PROD1864,PROD1864,PROD0152,2026-07-21,1940,18837.690419578033,26876212.348781586,Delivered
PROD1865,PROD1865,PROD0152,2026-06-18,1551,13461.09305897038,14564518.372988371,Delivered
PROD1866,PROD1866,PROD0152,2026-04-08,1608,16926.815029721845,17150160.41222644,Pending
PROD1867,PROD1867,PROD0150,2025-08-31,1501,16527.09366370384,19540378.336746648,Delivered
PROD1868,PROD1868,PROD0150,2026-08-14,1508,12498.048348041428,13272994.46204046,Delivered
PROD1869,PROD1869,PROD0150,2025-10-10,1472,19711.05483821531,20169868.9627837,Delivered
PROD1870,PROD1870,PROD0150,2025-04-02,1724,15834.095413196737,19584005.990053933,Partially Received
PROD1871,PROD1871,PROD0150,2025-06-11,1401,16779.627117063737,14010508.417261576,Delivered
PROD1872,PROD1872,PROD0150,2025-01-15,1541,12323.917740976112,12799158.249132862,In Transit
PROD1873,PROD1873,PROD0150,2026-02-23,1713,17472.89633847507,20455649.966613874,Pending
PROD1874,PROD1874,PROD0195,2026-03-21,2043,11882.679882130098,17019214.660599153,Delivered
PROD1875,PROD1875,PROD0195,2025-08-06,1316,19374.306294399634,15172842.256271476,Pending
PROD1876,PROD1876,PROD0195,2025-03-31,1655,14416.601337190688,12359204.949792117,Delivered
PROD1877,PROD1877,PROD0195,2026-01-16,1990,12119.129970909298,14252463.606272867,Delivered
PROD1878,PROD1878,PROD0195,2025-11-13,1273,19470.958570461313,13044110.579588648,Delivered
PROD1879,PROD1879,PROD0195,2025-08-20,1312,20350.745244270078,20240982.264375176,Cancelled
PROD1880,PROD1880,PROD0013,2026-04-17,1488,13138.42167131788,13902406.392543484,Delivered
PROD1881,PROD1881,PROD0013,2025-07-17,1413,20291.35876658036,23501522.142759252,Delivered
PROD1882,PROD1882,PROD0013,2025-05-10,1596,12006.887959498765,12040309.328860871,Partially Received
PROD1883,PROD1883,PROD0013,2026-08-06,1926,20409.175233988783,28042702.502786014,Delivered
PROD1884,PROD1884,PROD0013,2025-12-27,1832,16242.481657023116,18179755.63581242,Partially Received
PROD1885,PROD1885,PROD0013,2025-08-04,1688,13679.292300197349,14660558.075696718,In Transit
PROD1886,PROD1886,PROD0124,2025-08-04,1387,20288.766929967784,20523084.709766384,In Transit
PROD1887,PROD1887,PROD0124,2025-11-04,1737,16288.66675327342,20139019.630248345,Pending
PROD1888,PROD1888,PROD0124,2025-05-07,1575,16960.722291500046,18608818.7428954,Pending
PROD1889,PROD1889,PROD0124,2025-05-18,1450,14661.540053745757,14253083.995047446,Delivered
PROD1890,PROD1890,PROD0124,2025-04-02,1585,18601.4252945093,21430713.409219697,Cancelled
PROD1891,PROD1891,PROD0124,2026-06-10,1913,17367.407479617454,23890919.04412534,Partially Received
PROD1892,PROD1892,PROD0123,2026-08-20,1732,18470.736624132263,21236905.924049694,Partially Received
PROD1893,PROD1893,PROD0123,2026-04-05,2053,19411.437010336478,29216345.94683353,In Transit
PROD1894,PROD1894,PROD0123,2025-07-14,1383,15525.976646350819,16114587.254614472,Delivered
PROD1895,PROD1895,PROD0123,2026-05-22,1642,19691.800017362268,21265129.539036725,In Transit
PROD1896,PROD1896,PROD0123,2025-04-29,2090,16830.637004222135,29680268.798199464,Delivered
PROD1897,PROD1897,PROD0123,2025-12-04,1372,17265.163413667928,17714874.060690098,Delivered
PROD1898,PROD1898,PROD0100,2026-07-21,1697,17833.258760213943,23870788.451774307,In Transit
PROD1899,PROD1899,PROD0100,2026-04-01,1988,11899.319953216951,15834883.526360396,In Transit
PROD1900,PROD1900,PROD0100,2025-07-27,1737,19498.869692169377,20595054.849501207,Delivered
PROD1901,PROD1901,PROD0100,2025-04-27,1974,14548.346139108815,22592291.983359903,Delivered
PROD1902,PROD1902,PROD0100,2025-09-07,1481,18988.247480429505,19940670.649409402,In Transit
PROD1903,PROD1903,PROD0100,2025-04-07,1551,13338.57156448102,14116460.135827074,Delivered
PROD1904,PROD1904,PROD0003,2025-04-04,2056,17713.92566077317,22431307.0701026,Cancelled
PROD1905,PROD1905,PROD0003,2025-04-26,2069,11926.01429969816,15991671.658832096,Pending
PROD1906,PROD1906,PROD0003,2025-05-29,1777,17710.04173317643,20878120.538326006,Delivered
PROD1907,PROD1907,PROD0003,2026-02-05,1554,13243.891926787523,14048420.315835843,Delivered
PROD1908,PROD1908,PROD0003,2025-01-29,1435,13842.955355329494,17744532.49352035,Pending
PROD1909,PROD1909,PROD0003,2026-02-20,1771,16707.74065802314,17281749.357259024,Delivered
PROD1910,PROD1910,PROD0136,2025-01-22,2039,15668.68774548749,22508838.39305649,Partially Received
PROD1911,PROD1911,PROD0136,2026-06-18,2055,20116.129008724805,30098787.432513952,Delivered
PROD1912,PROD1912,PROD0136,2025-02-10,1699,18143.536377366425,17875561.72582008,Delivered
PROD1913,PROD1913,PROD0136,2025-03-05,1802,14766.464027420541,15323562.124766318,Delivered
PROD1914,PROD1914,PROD0136,2026-02-23,1560,12448.408558605593,14201145.7291374,Pending
PROD1915,PROD1915,PROD0136,2025-03-16,1703,13607.048845137002,16501356.191924728,Cancelled
PROD1916,PROD1916,PROD0072,2025-07-05,1306,19459.791373830307,13885693.83382525,Partially Received
PROD1917,PROD1917,PROD0072,2026-08-15,1846,18669.975481512934,25671799.771585975,Delivered
PROD1918,PROD1918,PROD0072,2026-01-03,1835,13027.218960990747,18908044.30056453,Pending
PROD1919,PROD1919,PROD0072,2026-05-02,1964,18495.530511435703,25352925.816207796,Delivered
PROD1920,PROD1920,PROD0072,2026-02-22,1925,17718.44109711796,17925053.880270623,In Transit
PROD1921,PROD1921,PROD0072,2025-08-12,1350,11917.079815748471,11884882.714835906,Partially Received
PROD1922,PROD1922,PROD0080,2026-05-06,1308,13217.03648789382,12213112.526287846,Delivered
PROD1923,PROD1923,PROD0080,2025-04-21,2056,13859.844659811131,23330170.180575345,Cancelled
PROD1924,PROD1924,PROD0080,2026-05-06,1910,13313.997938239188,19415960.960558567,Delivered
PROD1925,PROD1925,PROD0080,2026-04-26,1874,13388.318436027028,22950814.93965807,Delivered
PROD1926,PROD1926,PROD0080,2025-06-01,1662,15745.928629554692,17959302.8421013,In Transit
PROD1927,PROD1927,PROD0080,2026-03-30,1349,15353.317535984017,13135120.13645464,Partially Received
PROD1928,PROD1928,PROD0009,2026-05-11,1833,20450.41057284761,28697867.884431344,Delivered
PROD1929,PROD1929,PROD0009,2026-03-24,2022,12676.104116017235,20624444.793266334,Pending
PROD1930,PROD1930,PROD0009,2025-11-05,1726,19787.03999930576,27331602.295222852,Delivered
PROD1931,PROD1931,PROD0009,2025-07-17,1471,14229.89030474174,13485424.563131396,Pending
PROD1932,PROD1932,PROD0009,2025-07-04,1319,16680.501741835473,13899128.699233366,In Transit
PROD1933,PROD1933,PROD0009,2026-04-17,1329,12173.593647805817,11931410.411775867,Delivered
PROD1934,PROD1934,PROD0162,2026-01-27,1551,17615.537480039737,15875532.565238893,Pending
PROD1935,PROD1935,PROD0162,2025-04-30,1791,12696.661088689169,15132370.943453208,Pending
PROD1936,PROD1936,PROD0162,2025-04-27,1584,19650.506179253403,22506921.57640643,Delivered
PROD1937,PROD1937,PROD0162,2025-02-05,1554,19594.84260920701,25982226.310727514,Delivered
PROD1938,PROD1938,PROD0162,2025-11-08,1702,13945.229829238171,17752976.03306377,Delivered
PROD1939,PROD1939,PROD0162,2025-02-10,1440,15970.715473714488,15193323.38185905,Cancelled
PROD1940,PROD1940,PROD0007,2026-05-06,1854,16280.823436297691,22156047.89479225,In Transit
PROD1941,PROD1941,PROD0007,2026-07-01,1495,20023.098641288445,22738768.1929778,Pending
PROD1942,PROD1942,PROD0007,2026-02-22,1383,20223.790047841423,21523322.64321425,Pending
PROD1943,PROD1943,PROD0007,2025-04-29,1997,11790.307222675603,14036913.552513009,Pending
PROD1944,PROD1944,PROD0007,2026-03-20,1577,19938.77726017076,23937498.06020726,Delivered
PROD1945,PROD1945,PROD0007,2025-04-03,1486,18352.981480286548,18396787.279349543,Delivered
PROD1946,PROD1946,PROD0121,2026-06-16,2090,19276.87869814189,29558495.40153708,In Transit
PROD1947,PROD1947,PROD0121,2025-09-23,1440,19862.74644597097,19497770.39616928,Delivered
PROD1948,PROD1948,PROD0121,2026-01-16,1759,17494.981319786286,22432306.742535915,Delivered
PROD1949,PROD1949,PROD0121,2026-05-08,1487,12217.207247535951,13265190.345645515,In Transit
PROD1950,PROD1950,PROD0121,2025-05-23,1486,12513.529804375876,12892003.882160343,Partially Received
PROD1951,PROD1951,PROD0121,2025-09-16,1693,12314.4790329162,14363043.762700276,In Transit
PROD1952,PROD1952,PROD0066,2025-11-08,1879,20342.66876241191,28477411.702235743,Delivered
PROD1953,PROD1953,PROD0066,2026-05-17,1481,14736.460294213754,15846554.892791174,Cancelled
PROD1954,PROD1954,PROD0066,2025-10-30,1609,11957.5049101786,13766629.363780491,Delivered
PROD1955,PROD1955,PROD0066,2025-07-27,2020,18202.55406420785,26635597.03178173,Delivered
PROD1956,PROD1956,PROD0066,2025-09-12,1963,20024.326288080374,29508742.765026215,Cancelled
PROD1957,PROD1957,PROD0084,2025-12-18,1990,12065.26219513498,17096846.431466836,Pending
PROD1958,PROD1958,PROD0084,2025-07-01,1307,12039.249078164286,11906312.125663977,Partially Received
PROD1959,PROD1959,PROD0084,2025-12-26,2078,17436.025579035242,27741596.14859313,Pending
PROD1960,PROD1960,PROD0084,2025-12-07,2025,14871.632848786345,25933770.30486042,In Transit
PROD1961,PROD1961,PROD0084,2026-07-11,1402,15084.509558733185,13764243.9460265,Delivered
PROD1962,PROD1962,PROD0062,2025-08-28,1843,14602.578473294136,21704055.16739012,Delivered
PROD1963,PROD1963,PROD0062,2026-07-21,1987,12077.274318346215,18328507.859389286,Partially Received
PROD1964,PROD1964,PROD0062,2026-08-13,1883,14843.714474454255,23350891.09052128,Partially Received
PROD1965,PROD1965,PROD0062,2026-01-05,1486,11862.757149763282,12060252.972565124,Delivered
PROD1966,PROD1966,PROD0062,2025-12-02,1831,15389.850521592898,23266898.0320557,Delivered
PROD1967,PROD1967,PROD0104,2025-07-18,1705,14720.554534981931,17131985.17242626,Delivered
PROD1968,PROD1968,PROD0104,2025-10-24,1749,17933.711230885583,22407220.723601725,Delivered
PROD1969,PROD1969,PROD0104,2025-03-14,1333,13380.938938043046,12490265.997141924,Partially Received
PROD1970,PROD1970,PROD0104,2026-05-06,1988,16803.243271422212,27060419.711149298,Delivered
PROD1971,PROD1971,PROD0104,2025-09-26,1393,12661.132510518317,12751746.768458307,Delivered
PROD1972,PROD1972,PROD0154,2025-10-12,1850,15765.015947531989,21073814.467656434,Partially Received
PROD1973,PROD1973,PROD0154,2026-03-18,1712,16236.966670967413,19915377.677179072,In Transit
PROD1974,PROD1974,PROD0154,2025-04-19,1686,17707.22683612521,23737778.453143783,Delivered
PROD1975,PROD1975,PROD0154,2025-03-12,1277,13829.565252475873,11847182.455478566,Delivered
PROD1976,PROD1976,PROD0154,2026-01-26,1881,18889.878230472907,27252143.900283612,Delivered
PROD1977,PROD1977,PROD0137,2025-02-10,1576,14914.653370154714,16455547.761820236,Delivered
PROD1978,PROD1978,PROD0137,2026-02-23,1823,18908.145960057518,24600679.239835605,Delivered
PROD1979,PROD1979,PROD0137,2025-03-31,1867,20461.93904704607,28521851.573200416,Delivered
PROD1980,PROD1980,PROD0137,2025-05-22,1554,14172.932006165456,15469302.127773117,Delivered
PROD1981,PROD1981,PROD0137,2025-06-18,1800,20529.78122214222,29675462.763327375,Delivered
PROD1982,PROD1982,PROD0108,2025-02-26,2097,20016.614839356593,30158506.125819463,Delivered
PROD1983,PROD1983,PROD0108,2025-12-07,1350,16875.333309262034,15379559.484921448,Partially Received
PROD1984,PROD1984,PROD0108,2026-08-01,1272,14751.653445167009,11835738.480906472,Delivered
PROD1985,PROD1985,PROD0108,2025-09-02,2072,19626.957058939388,29370047.38416757,Delivered
PROD1986,PROD1986,PROD0001,2026-03-11,1460,18474.510481704332,19709610.04205653,Partially Received
PROD1987,PROD1987,PROD0001,2026-08-28,2087,17453.085766080294,28434094.425948318,Delivered
PROD1988,PROD1988,PROD0001,2025-12-22,2089,16230.556914612202,28438725.353966795,Delivered
PROD1989,PROD1989,PROD0001,2026-08-17,1542,11890.217909679553,12044604.631472573,Partially Received
PROD1990,PROD1990,PROD0088,2025-08-28,1707,16245.475983279117,21886842.448530708,In Transit
PROD1991,PROD1991,PROD0088,2025-02-26,1653,15433.403983632747,16778985.659115925,Delivered
PROD1992,PROD1992,PROD0088,2025-04-10,1975,13701.393456183612,20167664.967379596,Pending
PROD1993,PROD1993,PROD0088,2025-05-23,1704,19187.105782730512,22026240.88974128,In Transit
PROD1994,PROD1994,PROD0111,2026-04-13,1831,20183.358670166283,29116114.407692023,Delivered
PROD1995,PROD1995,PROD0111,2025-05-01,1962,16455.01089373953,18955150.540488146,Delivered
PROD1996,PROD1996,PROD0111,2026-02-13,1550,16094.407887669746,15796108.902540114,Delivered
PROD1997,PROD1997,PROD0111,2025-08-28,1622,18252.348622802394,16653715.44062148,Pending
PROD1998,PROD1998,PROD0021,2026-02-13,1550,14063.599201954712,14220397.372410614,Delivered
PROD1999,PROD1999,PROD0021,2026-06-16,1603,20369.271271448473,26798263.021254115,Delivered
PROD2000,PROD2000,PROD0021,2025-01-21,1433,13099.14588400836,12409692.46251558,Delivered
