po_id,supplier_id,product_id,po_date,quantity,unit_cost,total_value,order_status
PO0001,SUPPLIER0001,PROD0001,2025-01-05,111.29609910903936,12162.771860636196,1353669.0624420012,Partially Received
PO0002,SUPPLIER0002,PROD0002,2026-08-16,74.54248519332387,1250.9426252043856,93248.37211699561,Cancelled
PO0003,SUPPLIER0003,PROD0003,2026-05-25,337.89359185242176,20474.670989460028,6918260.122625227,Delivered
PO0004,SUPPLIER0004,PROD0004,2025-06-02,1580.231139850931,5675.82919491368,8969122.038277637,Delivered
PO0005,SUPPLIER0005,PROD0005,2025-01-09,2402.5645079542815,3873.295881265322,9305843.213133562,Delivered
PO0006,SUPPLIER0006,PROD0006,2026-05-27,2010.695178841382,13168.812501521268,26478467.807874933,Pending
PO0007,SUPPLIER0007,PROD0007,2025-04-29,1271.375479714829,13564.257966348368,17245264.978941847,Pending
PO0008,SUPPLIER0008,PROD0008,2026-05-07,914.3123067842055,4040.5594006629544,3694333.186318753,Pending
PO0009,SUPPLIER0009,PROD0009,2026-08-06,1677.0808073672254,12425.371194204172,20838351.554213397,Pending
PO0010,SUPPLIER0010,PROD0010,2025-03-09,2254.4637849347605,16010.551478035022,36095208.48406366,Partially Received
PO0011,SUPPLIER0011,PROD0011,2025-07-02,2099.6514960456625,23566.195114772185,49480796.8288354,Pending
PO0012,SUPPLIER0012,PROD0012,2025-02-23,1237.5473236456319,10940.782052992403,13539735.54827091,Pending
PO0013,SUPPLIER0013,PROD0013,2026-02-03,2056.091331001211,16187.063397804139,33282080.726592097,Delivered
PO0014,SUPPLIER0014,PROD0014,2025-07-23,2105.67134904821,5666.514357463835,11931816.931481924,Partially Received
PO0015,SUPPLIER0015,PROD0015,2025-06-15,1364.38748646905,2068.25310030736,2821898.648910179,Delivered
PO0016,SUPPLIER0016,PROD0016,2025-07-03,1562.6944932187484,1866.4799371699296,2916737.9195187245,Partially Received
PO0017,SUPPLIER0017,PROD0017,2025-02-25,1488.8410238016593,14833.377983202468,22084541.662948154,In Transit
PO0018,SUPPLIER0018,PROD0018,2025-04-17,1120.9491649285605,23848.29703283823,26732728.643928282,In Transit
PO0019,SUPPLIER0019,PROD0019,2026-04-05,402.71212010520856,11319.108659130292,4558342.2458195845,In Transit
PO0020,SUPPLIER0020,PROD0020,2026-01-13,2428.0245383460447,13259.692775207244,32194859.429132953,Partially Received
PO0021,SUPPLIER0021,PROD0021,2025-11-11,588.4316464193925,25877.574892340337,15227183.999240957,Partially Received
PO0022,SUPPLIER0022,PROD0022,2026-04-20,1398.7298847212942,14032.790734355878,19628083.76618364,Delivered
PO0023,SUPPLIER0023,PROD0023,2025-04-09,1527.7078212056033,8017.550119641588,12248474.024684375,Pending
PO0024,SUPPLIER0024,PROD0024,2025-01-10,221.6082922508897,11346.479213890385,2514473.8816504655,Pending
PO0025,SUPPLIER0025,PROD0025,2025-05-16,1477.2822667138657,18842.49721076696,27835686.99007151,Delivered
PO0026,SUPPLIER0026,PROD0026,2025-04-22,2271.616533404859,8435.837642684774,19162988.262241803,Partially Received
PO0027,SUPPLIER0027,PROD0027,2026-02-23,227.4013216323922,9966.915862352394,2266489.8396977885,Delivered
PO0028,SUPPLIER0028,PROD0028,2025-02-16,368.0461264412088,10612.97284494045,3906063.5456060683,Delivered
PO0029,SUPPLIER0029,PROD0029,2026-06-22,2112.818561892048,12565.748000821046,26549145.6201926,Delivered
PO0030,SUPPLIER0030,PROD0030,2025-11-08,1563.6395707016372,20205.642028948798,31594341.427896455,Delivered
PO0031,SUPPLIER0031,PROD0031,2025-10-04,1074.0390781195888,12561.779043093884,13491841.582986526,Delivered
PO0032,SUPPLIER0032,PROD0032,2025-05-28,553.8910335572307,10579.191027372743,5859719.052350869,Pending
PO0033,SUPPLIER0033,PROD0033,2026-01-19,1539.330417199087,16537.310082216525,25456384.42820903,Cancelled
PO0034,SUPPLIER0034,PROD0034,2026-01-02,2358.610594835516,17889.911849137538,42195335.62804924,Partially Received
PO0035,SUPPLIER0035,PROD0035,2026-07-19,1489.9715292944434,13288.113076138949,19798910.16149224,Partially Received
PO0036,SUPPLIER0036,PROD0036,2026-03-27,1041.9176928551942,19119.38106804426,19920821.411235955,Delivered
PO0037,SUPPLIER0037,PROD0037,2025-04-05,1341.5561757659198,2547.5940527851717,3417740.5348584754,Partially Received
PO0038,SUPPLIER0038,PROD0038,2026-04-03,1466.2719527488175,6562.748095156401,9622773.464883558,Delivered
PO0039,SUPPLIER0039,PROD0039,2025-03-06,497.31302708057234,24558.18346837716,12213104.560258714,Delivered
PO0040,SUPPLIER0040,PROD0040,2025-08-04,1872.0123030940358,6321.373446652772,11833688.86458594,In Transit
PO0041,SUPPLIER0041,PROD0041,2025-12-03,763.3272961827175,16618.053422081455,12685013.786497394,Delivered
PO0042,SUPPLIER0042,PROD0042,2025-01-06,1775.6872278529254,20153.29716146415,35785952.368736506,Delivered
PO0043,SUPPLIER0043,PROD0043,2026-07-30,1264.5664295857755,12805.454671988762,16193348.093779316,In Transit
PO0044,SUPPLIER0044,PROD0044,2026-07-06,2075.885416843936,19568.562020355905,40622092.52666293,Partially Received
PO0045,SUPPLIER0045,PROD0045,2026-07-29,936.6016459548022,9314.902085223312,8724352.624927973,Pending
PO0046,SUPPLIER0046,PROD0046,2025-05-25,655.5476336403738,26191.067818787018,17169492.531120375,Delivered
PO0047,SUPPLIER0047,PROD0047,2025-02-01,1221.033024889703,1054.5217206455666,1287605.8463717506,Delivered
PO0048,SUPPLIER0048,PROD0048,2025-03-31,2199.727970717379,8475.329586217264,18643419.551850665,In Transit
PO0049,SUPPLIER0049,PROD0049,2025-05-28,1151.477347531895,24434.153887413744,28135374.70746532,Delivered
PO0050,SUPPLIER0050,PROD0050,2025-05-17,1046.318447959464,17767.436835005472,18590396.933420736,Delivered
PO0051,SUPPLIER0051,PROD0051,2026-06-04,79.56086068602049,11021.406489322668,876872.5862610029,Partially Received
PO0052,SUPPLIER0052,PROD0052,2026-05-17,742.7636516440407,12932.306314438254,9605647.062291443,Partially Received
PO0053,SUPPLIER0053,PROD0053,2025-03-28,347.1855350267918,17699.29050413483,6144937.643272667,Delivered
PO0054,SUPPLIER0054,PROD0054,2025-04-21,1448.66989082612,4592.256138038288,6652663.198137506,In Transit
PO0055,SUPPLIER0055,PROD0055,2025-05-30,2348.940681442411,17241.09071714697,40498299.37794563,In Transit
PO0056,SUPPLIER0056,PROD0056,2026-04-23,1727.8568895758813,18431.58984534207,31847149.500111148,In Transit
PO0057,SUPPLIER0057,PROD0057,2025-09-14,1470.5348860174784,11253.8339875787,16549155.480183668,In Transit
PO0058,SUPPLIER0058,PROD0058,2025-11-08,1173.511061338563,17696.326289602435,20766834.64590487,Partially Received
PO0059,SUPPLIER0059,PROD0059,2025-09-03,1750.4797755551422,9714.245196620861,17004589.751468502,In Transit
PO0060,SUPPLIER0060,PROD0060,2025-11-27,721.603474858193,16355.813735920221,11802412.025973395,Delivered
PO0061,SUPPLIER0061,PROD0061,2025-04-25,991.5296472463663,16985.605281837605,16841731.213366456,In Transit
PO0062,SUPPLIER0062,PROD0062,2025-02-17,362.70088341343734,10432.316022716583,3783810.2374874614,Partially Received
PO0063,SUPPLIER0063,PROD0063,2025-05-15,1610.5964972006275,19059.86384479451,30697749.94554692,Delivered
PO0064,SUPPLIER0064,PROD0064,2025-09-28,1143.9947919488338,18830.340766660167,21541811.767681044,In Transit
PO0065,SUPPLIER0065,PROD0065,2026-06-29,1097.1486937839104,19580.48758244638,21482706.374733124,In Transit
PO0066,SUPPLIER0066,PROD0066,2025-11-24,614.8415362601321,16075.687134136004,9884000.17398942,In Transit
PO0067,SUPPLIER0067,PROD0067,2025-06-12,891.91654401918,3946.1812456893176,3519664.338728519,Pending
PO0068,SUPPLIER0068,PROD0068,2025-09-09,1795.8606811191034,23972.5914036518,43051434.32635209,Delivered
PO0069,SUPPLIER0069,PROD0069,2026-03-10,430.6919650973553,3737.5865541653316,1609748.4977349194,Partially Received
PO0070,SUPPLIER0070,PROD0070,2025-01-11,2227.03127348305,7737.967524915421,17232695.671182875,In Transit
PO0071,SUPPLIER0071,PROD0071,2026-04-20,1235.9081584921573,13479.855366035363,16659863.22217739,Pending
PO0072,SUPPLIER0072,PROD0072,2025-03-14,735.349758586419,21797.52088514078,16028801.720670698,Delivered
PO0073,SUPPLIER0073,PROD0073,2026-08-10,1163.2454458809393,16137.684608225361,18772088.127581082,Delivered
PO0074,SUPPLIER0074,PROD0074,2025-03-14,406.7127528226223,1903.7965953914807,774298.3541260051,Delivered
PO0075,SUPPLIER0075,PROD0075,2025-10-25,1024.5349669808181,14508.122688061248,14864078.999166489,Partially Received
PO0076,SUPPLIER0076,PROD0076,2025-12-06,2474.9959922705884,6912.647774756551,17108775.538500667,In Transit
PO0077,SUPPLIER0077,PROD0077,2026-06-29,2472.7827645406323,14430.759608026421,35684133.637956865,Delivered
PO0078,SUPPLIER0078,PROD0078,2025-03-14,1154.298906641408,15978.873514487728,18444396.227134537,Partially Received
PO0079,SUPPLIER0079,PROD0079,2025-11-08,917.0672405260332,5654.920524264445,5185942.360581223,Delivered
PO0080,SUPPLIER0080,PROD0080,2026-02-15,1402.9274364280639,4018.494838174724,5637656.661619873,Delivered
PO0081,SUPPLIER0081,PROD0081,2025-12-27,1764.0073046654597,21025.381857660625,37088927.18029398,Partially Received
PO0082,SUPPLIER0082,PROD0082,2025-10-15,1314.4068664874053,17077.507944812434,22446793.70515468,Delivered
PO0083,SUPPLIER0083,PROD0083,2025-01-30,2384.5249394420853,7650.54748931815,18242921.28866516,Pending
PO0084,SUPPLIER0084,PROD0084,2026-02-11,2392.0811056122093,7201.467391573646,17226494.08006576,Pending
PO0085,SUPPLIER0085,PROD0085,2025-03-14,270.00834092545887,8733.437254238628,2358100.9035935667,In Transit
PO0086,SUPPLIER0086,PROD0086,2026-08-09,568.8617393489678,10043.083190779855,5713125.77233341,Pending
PO0087,SUPPLIER0087,PROD0087,2025-01-05,1526.3740918458516,2631.398852304859,4016499.033471045,Cancelled
PO0088,SUPPLIER0088,PROD0088,2025-04-01,611.203457964148,7151.129318856356,4370794.968033807,Delivered
PO0089,SUPPLIER0089,PROD0089,2025-11-22,1379.7796922954644,20865.16402962982,28789329.604497027,Cancelled
PO0090,SUPPLIER0090,PROD0090,2026-01-25,661.9091758875408,9458.798376286242,6260865.438134035,Partially Received
PO0091,SUPPLIER0091,PROD0091,2025-08-11,1065.0177527671303,17417.695294248588,18550154.700663254,Delivered
PO0092,SUPPLIER0092,PROD0092,2026-07-22,794.2190035635057,1914.0756378745293,1520195.2458578902,Pending
PO0093,SUPPLIER0093,PROD0093,2025-09-13,900.1211409140576,20475.510275528224,18430439.670005973,Pending
PO0094,SUPPLIER0094,PROD0094,2026-06-17,867.067936543147,10878.375437043027,9432290.543138552,Delivered
PO0095,SUPPLIER0095,PROD0095,2025-05-18,1590.753523355926,4201.710497041074,6683885.777289667,Delivered
PO0096,SUPPLIER0096,PROD0096,2026-04-14,946.9618060037692,20220.181747548915,19147739.82538337,Delivered
PO0097,SUPPLIER0097,PROD0097,2025-09-06,2103.459760953374,4505.740021558764,9477642.828666048,Delivered
PO0098,SUPPLIER0098,PROD0098,2025-10-18,1767.1783529336076,21807.13450618237,38537096.038837,Delivered
PO0099,SUPPLIER0099,PROD0099,2025-05-07,312.08814788426605,22893.000581055672,7144634.150855091,In Transit
PO0100,SUPPLIER0100,PROD0100,2025-05-09,329.79062805634305,10031.57085828341,3308318.053744994,Delivered
PO0101,SUPPLIER0101,PROD0101,2026-04-01,1934.5463974637923,22392.87421497619,43320054.14144203,In Transit
PO0102,SUPPLIER0102,PROD0102,2025-08-17,2154.69800977113,19318.482879492258,41625496.612239614,Delivered
PO0103,SUPPLIER0103,PROD0103,2026-04-06,479.2929678387511,10769.056562265156,5161533.080551445,Partially Received
PO0104,SUPPLIER0104,PROD0104,2025-12-04,607.5404988311581,9095.483154491865,5525874.372790383,Pending
PO0105,SUPPLIER0105,PROD0105,2025-07-03,2235.8418540998996,4843.090437495187,10828384.303342734,Pending
PO0106,SUPPLIER0106,PROD0106,2026-01-21,2092.782214360457,16139.952892692756,33777406.35444301,Partially Received
PO0107,SUPPLIER0107,PROD0107,2025-04-10,1576.5440144981103,10997.14327964649,17337480.414104793,Partially Received
PO0108,SUPPLIER0108,PROD0108,2026-07-20,965.1998850512663,4018.727842344461,3878875.651483197,In Transit
PO0109,SUPPLIER0109,PROD0109,2026-06-23,1163.9726778965723,26684.255926561844,31059744.82851767,Pending
PO0110,SUPPLIER0110,PROD0110,2025-05-24,1595.7281506830905,6332.011366157966,10104168.78742356,Partially Received
PO0111,SUPPLIER0111,PROD0111,2025-01-06,251.1807538581243,15934.493397935339,4002438.064040703,Partially Received
PO0112,SUPPLIER0112,PROD0112,2026-06-14,992.9304648902054,3692.222868336952,3666120.5691360575,Delivered
PO0113,SUPPLIER0113,PROD0113,2025-01-29,2468.320308985221,1398.3209414270668,3451503.9782037623,In Transit
PO0114,SUPPLIER0114,PROD0114,2025-02-28,1636.763566753249,14232.0038387007,23294425.36507769,In Transit
PO0115,SUPPLIER0115,PROD0115,2025-03-25,36.15797512962042,10593.656560870626,383045.1704597003,Delivered
PO0116,SUPPLIER0116,PROD0116,2026-05-23,291.99854665698535,6465.759370854969,1887992.339323435,In Transit
PO0117,SUPPLIER0117,PROD0117,2026-04-03,2478.774878366219,16693.90464103117,41380431.446029305,In Transit
PO0118,SUPPLIER0118,PROD0118,2025-03-02,1868.516185541566,16098.156070771473,30079665.175610717,Pending
PO0119,SUPPLIER0119,PROD0119,2025-05-15,2092.0154814634748,6646.06641065008,13903673.821914354,Pending
PO0120,SUPPLIER0120,PROD0120,2025-05-09,314.37036771395515,16006.000566681938,5031812.283777575,Delivered
PO0121,SUPPLIER0121,PROD0121,2026-06-24,975.8957085234247,5332.908691662929,5204362.7061411245,Pending
PO0122,SUPPLIER0122,PROD0122,2025-03-06,937.7368059454476,21071.432240839484,19759457.56622074,Partially Received
PO0123,SUPPLIER0123,PROD0123,2026-07-26,2257.903680683115,1634.7498474956146,3691107.697656509,Delivered
PO0124,SUPPLIER0124,PROD0124,2025-04-13,886.8499829323715,20574.88146700116,18246833.277845547,Delivered
PO0125,SUPPLIER0125,PROD0125,2025-04-18,2469.380922681642,18654.78126298731,46065760.967619814,Delivered
PO0126,SUPPLIER0126,PROD0126,2025-08-28,2206.7023680837924,5716.723851890481,12615108.061647823,Delivered
PO0127,SUPPLIER0127,PROD0127,2025-10-10,854.5365769126629,18314.782561702843,15650651.597177278,Partially Received
PO0128,SUPPLIER0128,PROD0128,2025-09-11,1106.109124051579,16304.487881120209,18034542.808295462,Partially Received
PO0129,SUPPLIER0129,PROD0129,2025-05-31,125.44341580603614,15772.507421745157,1978557.2068097687,Delivered
PO0130,SUPPLIER0130,PROD0130,2025-04-13,607.7117453778523,7630.10553043757,4636904.749319419,Delivered
PO0131,SUPPLIER0131,PROD0131,2025-11-12,116.97883474360836,15545.476819961037,1818491.7639328165,Delivered
PO0132,SUPPLIER0132,PROD0132,2025-10-03,1230.5748730784146,18184.26760662055,22377102.80204101,Partially Received
PO0133,SUPPLIER0133,PROD0133,2026-06-03,1554.0473197883261,11361.688452098939,17656601.487254333,Delivered
PO0134,SUPPLIER0134,PROD0134,2026-05-02,855.0909047640281,19288.468788345403,16493394.227738988,Delivered
PO0135,SUPPLIER0135,PROD0135,2026-08-09,66.23139413726183,9451.341176321373,625975.5025746727,Delivered
PO0136,SUPPLIER0136,PROD0136,2025-05-16,1586.5046913008116,7182.5899741460225,11395212.68967284,Delivered
PO0137,SUPPLIER0137,PROD0137,2026-03-05,2129.290397390986,17014.427097001764,36228656.234754845,Delivered
PO0138,SUPPLIER0138,PROD0138,2025-10-29,2213.44442023644,16754.063389876304,37084188.12660932,Delivered
PO0139,SUPPLIER0139,PROD0139,2026-04-24,1617.3703429135978,11202.120584790606,18117977.611582257,In Transit
PO0140,SUPPLIER0140,PROD0140,2025-05-24,1611.276090277716,11231.65387159717,18097295.33757966,Partially Received
PO0141,SUPPLIER0141,PROD0141,2026-06-16,49.83954133760051,4156.136591423219,207139.9414529516,Delivered
PO0142,SUPPLIER0142,PROD0142,2025-08-12,947.9340999877519,23864.56217052905,22622032.262722205,Delivered
PO0143,SUPPLIER0143,PROD0143,2025-10-16,2218.433516941201,7075.544725132753,15696625.568851018,Partially Received
PO0144,SUPPLIER0144,PROD0144,2026-05-25,1548.828040248234,10507.474043962617,16274270.431469806,Pending
PO0145,SUPPLIER0145,PROD0145,2025-11-20,903.0210914215069,26011.01495332323,23488495.112131078,Pending
PO0146,SUPPLIER0146,PROD0146,2026-07-18,448.9941598930911,13871.183662613399,6228080.4553178735,Delivered
PO0147,SUPPLIER0147,PROD0147,2025-03-01,1221.0125601958332,15663.604257778743,19125457.536684778,In Transit
PO0148,SUPPLIER0148,PROD0148,2025-07-20,1157.5672320096485,15288.193260441662,17697111.554918017,In Transit
PO0149,SUPPLIER0149,PROD0149,2026-07-13,928.4217251069587,2112.398577653684,1961196.7315787189,Delivered
PO0150,SUPPLIER0150,PROD0150,2025-07-08,1076.35247811246,3816.5437620011703,4107946.33605461,Pending
PO0151,SUPPLIER0151,PROD0151,2026-07-18,199.6969901238323,4218.508774638554,842423.5051062953,Partially Received
PO0152,SUPPLIER0152,PROD0152,2025-07-17,2204.841364299928,16075.404934859062,35443717.74824845,Delivered
PO0153,SUPPLIER0153,PROD0153,2025-04-04,636.958879527866,904.4831092495832,576118.5478194949,Delivered
PO0154,SUPPLIER0154,PROD0154,2026-03-19,2343.604213370619,9997.858021314503,23431022.183433913,In Transit
PO0155,SUPPLIER0155,PROD0155,2026-02-02,1337.1989345799411,14362.783287705197,19205898.50992197,Delivered
PO0156,SUPPLIER0156,PROD0156,2025-04-27,469.58958879730307,12189.668756357623,5724141.538873309,Delivered
PO0157,SUPPLIER0157,PROD0157,2026-02-21,2004.6505353162902,9715.99892942674,19477182.455007818,Pending
PO0158,SUPPLIER0158,PROD0158,2026-01-30,1950.9297801563657,17476.449591151417,34095325.95877884,Delivered
PO0159,SUPPLIER0159,PROD0159,2025-06-13,72.16244154128154,18455.660631903753,1331805.5314554856,Partially Received
PO0160,SUPPLIER0160,PROD0160,2025-08-14,746.315454695426,8637.746061313072,6446483.37929249,Delivered
PO0161,SUPPLIER0161,PROD0161,2026-03-30,460.04332684063996,6904.544514956291,3176389.628979785,Partially Received
PO0162,SUPPLIER0162,PROD0162,2026-08-30,1258.9894192495074,21534.709147412264,27111970.96320762,Delivered
PO0163,SUPPLIER0163,PROD0163,2026-02-19,2332.305527072261,11032.102940687699,25730234.663796067,In Transit
PO0164,SUPPLIER0164,PROD0164,2025-04-10,1174.7352372401376,23354.94830609961,27435880.739097074,Cancelled
PO0165,SUPPLIER0165,PROD0165,2025-03-05,1375.243839332193,4022.6986575427645,5532191.54627557,In Transit
PO0166,SUPPLIER0166,PROD0166,2025-01-01,1499.37867989318,8763.37389347788,13139615.97981322,Partially Received
PO0167,SUPPLIER0167,PROD0167,2025-09-09,907.775722062253,6682.406236087371,6066126.146077516,Partially Received
PO0168,SUPPLIER0168,PROD0168,2026-02-03,1036.0857654722859,17466.481354896325,18096772.70469517,In Transit
PO0169,SUPPLIER0169,PROD0169,2025-07-02,1894.8204402137183,15362.826668365948,29109797.990680214,Partially Received
PO0170,SUPPLIER0170,PROD0170,2025-09-22,1637.5186787447146,19136.495977061626,31336369.6081615,Delivered
PO0171,SUPPLIER0171,PROD0171,2026-08-23,1848.5298708710402,11797.334483132774,21807725.188727897,Pending
PO0172,SUPPLIER0172,PROD0172,2025-01-12,1307.5426169254629,14621.439398965838,19118155.13494086,Partially Received
PO0173,SUPPLIER0173,PROD0173,2026-05-08,436.31053994019106,20468.26892750172,8930521.46739931,Delivered
PO0174,SUPPLIER0174,PROD0174,2026-04-06,1702.0991020165843,10972.769529424759,18676741.16266882,Delivered
PO0175,SUPPLIER0175,PROD0175,2025-04-20,2427.9344822984012,16806.554877965144,40805214.11685197,Delivered
PO0176,SUPPLIER0176,PROD0176,2025-06-14,2294.544273814232,12283.113733888487,28184148.282702778,Delivered
PO0177,SUPPLIER0177,PROD0177,2025-11-20,1169.3694449478082,21858.029157249097,25560111.423265386,Partially Received
PO0178,SUPPLIER0178,PROD0178,2026-07-14,648.3695377243164,18279.29890534253,11851740.58118154,Pending
PO0179,SUPPLIER0179,PROD0179,2025-05-21,412.94545032104156,8437.265429067453,3484130.372084415,In Transit
PO0180,SUPPLIER0180,PROD0180,2025-08-13,1505.6136319481395,4177.04753960706,6289019.7169278255,Delivered
PO0181,SUPPLIER0181,PROD0181,2025-10-18,760.1547167876852,4845.572162313587,3683384.534717776,Partially Received
PO0182,SUPPLIER0182,PROD0182,2025-06-18,1528.849673753056,19148.711561484586,29275501.423567083,Delivered
PO0183,SUPPLIER0183,PROD0183,2026-08-01,40.87668028492581,16322.478781669919,667208.7466158067,In Transit
PO0184,SUPPLIER0184,PROD0184,2026-02-14,1419.7177369916928,1138.74628721756,1616698.3018962066,Delivered
PO0185,SUPPLIER0185,PROD0185,2025-03-06,1192.7905495095586,3130.332256580329,3733830.732473947,Partially Received
PO0186,SUPPLIER0186,PROD0186,2026-05-24,658.6459951440092,20520.702309493572,13515878.393690363,Pending
PO0187,SUPPLIER0187,PROD0187,2025-05-03,2095.0699365951846,2794.0973239254813,5853829.303277333,Partially Received
PO0188,SUPPLIER0188,PROD0188,2026-04-08,471.8034933590886,20704.753467368093,9768575.015042968,Partially Received
PO0189,SUPPLIER0189,PROD0189,2025-04-29,529.8748739119651,6527.3091686934895,3458657.1227458767,Delivered
PO0190,SUPPLIER0190,PROD0190,2025-01-12,1507.136085920096,11174.378815712467,16841309.550901327,Delivered
PO0191,SUPPLIER0191,PROD0191,2025-01-21,1824.0803115187753,5464.020017764157,9966811.336148068,Delivered
PO0192,SUPPLIER0192,PROD0192,2025-04-14,1101.305616795557,20320.825648056354,22379439.424127676,In Transit
PO0193,SUPPLIER0193,PROD0193,2025-10-26,1068.2481924293936,12935.77839959011,13818621.893029328,In Transit
PO0194,SUPPLIER0194,PROD0194,2025-01-20,412.13116953375373,24552.93544147986,10119029.998983847,Pending
PO0195,SUPPLIER0195,PROD0195,2026-07-03,369.4631480448932,2128.8742404367063,786540.5786634265,In Transit
PO0196,SUPPLIER0196,PROD0196,2026-08-22,176.63926916052105,17061.72877802769,3013771.301965841,Delivered
PO0197,SUPPLIER0197,PROD0197,2026-05-10,462.1221940532595,17466.70884428238,8071753.8140092455,Cancelled
PO0198,SUPPLIER0198,PROD0198,2026-08-25,2243.393295045294,6472.729371622228,14520877.672940047,Pending
PO0199,SUPPLIER0199,PROD0199,2025-08-19,1337.3405207598948,15041.035639312342,20114986.434646104,Partially Received
PO0200,SUPPLIER0200,PROD0200,2025-10-16,1801.6025415743652,14285.629848672075,25737027.043358225,Delivered
PO0201,SUPPLIER0201,PROD0201,2025-08-09,1192.0017981846086,17377.95464464912,20714553.18519232,Pending
PO0202,SUPPLIER0202,PROD0202,2026-01-30,2285.1287287890227,11709.061920099426,26756713.780788753,In Transit
PO0203,SUPPLIER0203,PROD0203,2025-04-25,880.0263220777599,19873.392653613526,17489108.644166686,Delivered
PO0204,SUPPLIER0204,PROD0204,2026-02-20,2005.7746816143097,8067.442324614511,16181471.560095476,Pending
PO0205,SUPPLIER0205,PROD0205,2026-08-28,1219.6111194438367,7944.513385975136,9689216.864105681,Pending
PO0206,SUPPLIER0206,PROD0206,2025-02-14,1848.2065122904462,16134.765079572122,29820377.894341674,In Transit
PO0207,SUPPLIER0207,PROD0207,2025-05-17,972.3723793379627,4163.504919641953,4048477.1850975594,Delivered
PO0208,SUPPLIER0208,PROD0208,2026-01-02,861.4264373310249,9035.786683378661,7783665.531145997,Delivered
PO0209,SUPPLIER0209,PROD0209,2025-02-08,1678.375780337676,22398.725770743764,37593478.844041675,Partially Received
PO0210,SUPPLIER0210,PROD0210,2025-06-09,1053.5332971736718,18806.952305751936,19813750.472466826,Partially Received
PO0211,SUPPLIER0211,PROD0211,2025-03-09,974.921003119194,5327.016089309905,5193419.869422098,Delivered
PO0212,SUPPLIER0212,PROD0212,2025-05-03,818.3639529766218,19657.378519923324,16086889.990722187,Delivered
PO0213,SUPPLIER0213,PROD0213,2025-05-24,1841.1803034828247,11062.90372408288,20368800.43610819,Partially Received
PO0214,SUPPLIER0214,PROD0214,2026-02-18,1288.1352091355316,14512.329594308923,18693842.71700889,In Transit
PO0215,SUPPLIER0215,PROD0215,2026-08-15,2102.199165862278,7789.6087262273295,16375308.966668613,Partially Received
PO0216,SUPPLIER0216,PROD0216,2025-07-25,1375.8190341852285,5789.214733009615,7964911.8226601835,Delivered
PO0217,SUPPLIER0217,PROD0217,2025-12-11,2451.596954495263,18519.35393559055,45401991.707713656,Delivered
PO0218,SUPPLIER0218,PROD0218,2025-10-25,996.8301476903044,6464.47047587539,6443979.059206477,Pending
PO0219,SUPPLIER0219,PROD0219,2026-07-23,1231.2284439896596,5903.824295507278,7268956.400945774,In Transit
PO0220,SUPPLIER0220,PROD0220,2026-02-07,450.0917559073715,12930.566841125958,5819941.534400016,Delivered
PO0221,SUPPLIER0221,PROD0221,2026-07-07,2279.5345431476976,5253.134874093035,11974702.405308906,Delivered
PO0222,SUPPLIER0222,PROD0222,2026-08-04,1715.0464050361397,3790.9981488181515,6501737.746629232,Partially Received
PO0223,SUPPLIER0223,PROD0223,2025-03-09,1757.3934857870636,14137.092655093802,24844434.54002999,In Transit
PO0224,SUPPLIER0224,PROD0224,2026-03-11,2397.577151839413,14247.254501489342,34158891.869212076,Delivered
PO0225,SUPPLIER0225,PROD0225,2025-02-06,895.0024787671447,3574.9243573415424,3199566.161225722,Delivered
PO0226,SUPPLIER0226,PROD0226,2026-04-23,1620.2719504279978,24408.456557501417,39548337.513359874,Partially Received
PO0227,SUPPLIER0227,PROD0227,2025-05-06,1103.0814816430702,15483.16229341589,17079189.603141315,Delivered
PO0228,SUPPLIER0228,PROD0228,2025-06-07,556.0154820896946,20492.403027213266,11394093.348352302,Partially Received
PO0229,SUPPLIER0229,PROD0229,2025-04-25,614.9256982906102,14965.89207610047,9202911.635437991,In Transit
PO0230,SUPPLIER0230,PROD0230,2025-10-02,1924.081996476036,12512.709294862621,24075478.681383524,Pending
PO0231,SUPPLIER0231,PROD0231,2025-05-11,891.6653179893207,10035.440680262216,8948254.405328974,Delivered
PO0232,SUPPLIER0232,PROD0232,2025-02-16,709.5882869423592,3515.504961770454,2494561.1435600603,Delivered
PO0233,SUPPLIER0233,PROD0233,2025-10-09,1725.5921660594242,8204.76835132846,14158083.991384687,Partially Received
PO0234,SUPPLIER0234,PROD0234,2026-03-06,425.46915688224414,16474.91571062076,7009568.497103853,Cancelled
PO0235,SUPPLIER0235,PROD0235,2025-01-24,1418.7663465554963,8233.95613419261,11682059.862206666,Delivered
PO0236,SUPPLIER0236,PROD0236,2025-07-29,1955.5802247495717,3183.192507872683,6224988.3199668145,Delivered
PO0237,SUPPLIER0237,PROD0237,2026-07-11,2421.188492782626,6192.48374176204,14993170.37729775,Delivered
PO0238,SUPPLIER0238,PROD0238,2025-01-08,1791.8606119718731,14840.71617133665,26592494.760872163,Delivered
PO0239,SUPPLIER0239,PROD0239,2026-01-04,717.6354488567674,5503.9792309194545,3949850.605879208,Delivered
PO0240,SUPPLIER0240,PROD0240,2026-02-16,1365.9204725286177,762.180527807026,1041077.9866942841,Partially Received
PO0241,SUPPLIER0241,PROD0241,2026-04-09,2439.0686700025526,20590.446803992905,50221513.70097329,In Transit
PO0242,SUPPLIER0242,PROD0242,2025-03-27,1628.2111980536379,10508.915774724726,17110734.34380932,Delivered
PO0243,SUPPLIER0243,PROD0243,2025-03-22,523.5427154864275,17694.486489890252,9263819.506055048,Delivered
PO0244,SUPPLIER0244,PROD0244,2025-01-25,290.5460136988247,6605.490121661208,1919198.8233756286,Delivered
PO0245,SUPPLIER0245,PROD0245,2025-11-06,1281.4934144436902,10443.895110317419,13383782.80501243,Pending
PO0246,SUPPLIER0246,PROD0246,2025-08-14,869.8682790900027,4607.198871729795,4007656.153976999,Cancelled
PO0247,SUPPLIER0247,PROD0247,2026-05-30,662.6321844322262,15886.50579208892,10526910.036007093,Delivered
PO0248,SUPPLIER0248,PROD0248,2025-09-07,2461.4145660881936,20776.991614122955,51140789.79849449,Delivered
PO0249,SUPPLIER0249,PROD0249,2025-07-17,723.9668002953324,19358.984074816814,14015261.757613424,Delivered
PO0250,SUPPLIER0250,PROD0250,2025-09-26,1721.2701314282754,15911.560701541792,27388094.17997182,In Transit
PO0251,SUPPLIER0251,PROD0251,2026-05-13,1365.0448457113748,5553.081950006806,7580205.893669661,Partially Received
PO0252,SUPPLIER0252,PROD0252,2025-04-12,169.93256009496977,1386.983539909408,235693.66374638936,Partially Received
PO0253,SUPPLIER0253,PROD0253,2026-01-12,2415.8190475751,14246.621868022454,34417260.47236859,In Transit
PO0254,SUPPLIER0254,PROD0254,2026-06-21,1749.0735686753922,26393.27481285163,46163779.36594474,Pending
PO0255,SUPPLIER0255,PROD0255,2026-06-24,2488.272333696895,10348.25338802082,25749272.607497368,Delivered
PO0256,SUPPLIER0256,PROD0256,2025-08-23,1201.0538053615912,15415.363596384464,18514681.108470105,Delivered
PO0257,SUPPLIER0257,PROD0257,2026-08-18,1849.541556975382,2482.441812672403,4591379.295310906,Delivered
PO0258,SUPPLIER0258,PROD0258,2026-05-18,1200.8324898327548,25408.760115982648,30511664.67363864,In Transit
PO0259,SUPPLIER0259,PROD0259,2025-07-31,1516.2618934776078,8812.665433404634,13362308.776638774,Delivered
PO0260,SUPPLIER0260,PROD0260,2025-08-06,1258.097102176205,4789.506667992665,6025664.459855183,In Transit
PO0261,SUPPLIER0261,PROD0261,2025-07-06,967.7516737921308,13481.776577824356,13047011.848881064,Delivered
PO0262,SUPPLIER0262,PROD0262,2026-01-10,635.6518521294965,12063.772887801508,7668359.579800634,Delivered
PO0263,SUPPLIER0263,PROD0263,2025-09-01,1432.0955621015246,10898.173421748992,15607225.792299518,Delivered
PO0264,SUPPLIER0264,PROD0264,2026-05-07,1721.3172644672231,8776.943152646563,15107903.777897907,Delivered
PO0265,SUPPLIER0265,PROD0265,2025-05-30,1217.4762242215295,17445.558228371116,21239552.3613141,Delivered
PO0266,SUPPLIER0266,PROD0266,2025-03-05,752.4801279192204,14787.114356223285,11127009.702327037,Delivered
PO0267,SUPPLIER0267,PROD0267,2026-08-06,1800.7536309830753,20184.760903922535,36347781.488263726,Pending
PO0268,SUPPLIER0268,PROD0268,2025-11-18,1028.0433714771325,7703.705349529718,7919743.220396953,Delivered
PO0269,SUPPLIER0269,PROD0269,2026-02-06,2455.7480702746793,22524.374229744775,55314188.54884045,In Transit
PO0270,SUPPLIER0270,PROD0270,2025-05-11,1018.1738860023537,7584.033032955472,7721864.384734489,Delivered
PO0271,SUPPLIER0271,PROD0271,2025-10-12,1108.4615054436388,23383.334029765276,25919525.640925087,In Transit
PO0272,SUPPLIER0272,PROD0272,2026-01-28,2404.8327535047224,14184.732443692115,34111909.180291876,Partially Received
PO0273,SUPPLIER0273,PROD0273,2025-12-16,683.4473097391552,5492.03738692584,3753518.1770813256,Delivered
PO0274,SUPPLIER0274,PROD0274,2025-07-01,1430.3537222423183,13348.763020247246,19093452.87334126,Pending
PO0275,SUPPLIER0275,PROD0275,2026-03-26,2137.0280893166587,9025.34170353633,19287408.736138202,Partially Received
PO0276,SUPPLIER0276,PROD0276,2025-12-13,876.3976188351722,11564.927025699548,10135474.507325614,Pending
PO0277,SUPPLIER0277,PROD0277,2026-05-05,1871.4960232520625,3679.6688110588007,6886485.546781191,Delivered
PO0278,SUPPLIER0278,PROD0278,2026-05-09,351.7435256669865,9649.680736626291,3394212.723861735,Delivered
PO0279,SUPPLIER0279,PROD0279,2026-01-03,1173.989634670938,9492.802248983497,11144451.444287593,Delivered
PO0280,SUPPLIER0280,PROD0280,2026-05-13,55.03823696553329,18225.13079109122,1003079.0672079156,Partially Received
PO0281,SUPPLIER0281,PROD0281,2025-09-22,1478.4273506327368,16156.813719289668,23886675.30167608,Delivered
PO0282,SUPPLIER0282,PROD0282,2026-08-14,822.7856898907554,5430.004034864946,4467729.61593594,Delivered
PO0283,SUPPLIER0283,PROD0283,2026-03-17,782.8797448411559,22247.502775135763,17417119.295951195,Pending
PO0284,SUPPLIER0284,PROD0284,2026-02-07,1664.9904454113166,13116.11112477576,21838199.70370472,In Transit
PO0285,SUPPLIER0285,PROD0285,2025-04-20,1181.2695846906656,5113.018588924393,6039853.345054371,In Transit
PO0286,SUPPLIER0286,PROD0286,2026-08-15,2008.7351687436137,3542.332895623236,7115608.666835794,In Transit
PO0287,SUPPLIER0287,PROD0287,2025-11-20,2064.645363386298,2278.356039231197,4703997.232541861,Partially Received
PO0288,SUPPLIER0288,PROD0288,2026-01-07,1138.5390451111932,13537.626247032827,15413116.060368981,Delivered
PO0289,SUPPLIER0289,PROD0289,2025-01-05,994.5967435398916,19050.47147470021,18947536.891636427,Partially Received
PO0290,SUPPLIER0290,PROD0290,2026-02-06,1810.2392111327038,11591.170190314715,20982790.78142022,Delivered
PO0291,SUPPLIER0291,PROD0291,2025-10-27,422.70011214982793,7466.481976710268,3156082.7689200994,Delivered
PO0292,SUPPLIER0292,PROD0292,2026-01-23,1351.2878937208257,24468.597747958775,33064119.91314135,Delivered
PO0293,SUPPLIER0293,PROD0293,2025-03-07,1004.5607155055744,4706.959995020289,4728427.100453697,Partially Received
PO0294,SUPPLIER0294,PROD0294,2026-03-30,62.66790250648536,6726.000232956435,421504.3268575117,In Transit
PO0295,SUPPLIER0295,PROD0295,2025-10-17,2063.838442175578,10041.567694425947,20724173.427464657,In Transit
PO0296,SUPPLIER0296,PROD0296,2025-04-09,1096.475235391431,7067.413510495596,7749243.892529238,Delivered
PO0297,SUPPLIER0297,PROD0297,2026-03-28,1316.9832665676827,5017.789746658414,6608345.1315040225,In Transit
PO0298,SUPPLIER0298,PROD0298,2025-07-11,38.964507856773636,16547.37282209456,644760.238335466,In Transit
PO0299,SUPPLIER0299,PROD0299,2025-06-01,816.1512796239725,14464.971345282487,11805604.873176398,Partially Received
PO0300,SUPPLIER0300,PROD0300,2025-08-17,1786.9251001321043,3656.8604740880155,6534535.768828861,Partially Received
PO0301,SUPPLIER0301,PROD0301,2025-02-25,943.7186753740839,1775.1905086274098,1675280.4353385055,Delivered
PO0302,SUPPLIER0302,PROD0302,2026-07-20,182.83925645422835,6568.939320318009,1201059.9810198888,Cancelled
PO0303,SUPPLIER0303,PROD0303,2025-07-12,1426.8541072763062,13528.347645258013,19302978.40229814,Pending
PO0304,SUPPLIER0304,PROD0304,2025-06-07,372.64452048343645,13556.16046597089,5051628.916438241,Delivered
PO0305,SUPPLIER0305,PROD0305,2025-06-20,1919.6144730430965,13362.440200451081,25650733.60395879,Delivered
PO0306,SUPPLIER0306,PROD0306,2026-08-14,1806.6490231137054,5824.532190820106,10522885.392639475,In Transit
PO0307,SUPPLIER0307,PROD0307,2026-02-05,853.2981340228037,21417.898500182233,18275852.824895304,In Transit
PO0308,SUPPLIER0308,PROD0308,2025-05-28,1154.380712960256,15674.456426418925,18094290.184793945,In Transit
PO0309,SUPPLIER0309,PROD0309,2026-05-26,570.6767460078277,4250.099622325653,2425433.022677901,Delivered
PO0310,SUPPLIER0310,PROD0310,2025-04-13,2423.7429891983306,3458.9849781740973,8383690.590591809,Delivered
PO0311,SUPPLIER0311,PROD0311,2025-04-20,1217.7432127922928,13599.333194308767,16560495.695870431,Partially Received
PO0312,SUPPLIER0312,PROD0312,2025-08-03,239.75747641847974,10621.283599448278,2546532.152128706,In Transit
PO0313,SUPPLIER0313,PROD0313,2025-10-18,539.0935488926343,18099.153076553852,9757136.663990457,Delivered
PO0314,SUPPLIER0314,PROD0314,2026-01-24,1164.3700111090259,2416.962563085002,2814238.7264293833,In Transit
PO0315,SUPPLIER0315,PROD0315,2025-04-15,1352.022255234165,4197.25757579575,5674785.653426054,In Transit
PO0316,SUPPLIER0316,PROD0316,2025-11-28,1275.6198183552276,15775.971160241621,20124141.465804726,Delivered
PO0317,SUPPLIER0317,PROD0317,2026-01-20,2256.2728854196994,24991.37534546347,56387362.5613156,Pending
PO0318,SUPPLIER0318,PROD0318,2025-03-19,403.992744279558,2085.0021918296243,842325.7573061433,Partially Received
PO0319,SUPPLIER0319,PROD0319,2025-07-23,2123.1633690343765,24031.76426697096,51023361.58490201,In Transit
PO0320,SUPPLIER0320,PROD0320,2026-08-04,945.767293433763,16283.346164675986,15400256.230210653,Delivered
PO0321,SUPPLIER0321,PROD0321,2026-03-10,1075.7541379816191,5790.981474935528,6229672.284636795,In Transit
PO0322,SUPPLIER0322,PROD0322,2025-07-04,890.8404452125142,21915.484184005207,19523199.687527012,Delivered
PO0323,SUPPLIER0323,PROD0323,2025-02-09,1471.1318148290945,11845.373951966198,17426106.479285315,Pending
PO0324,SUPPLIER0324,PROD0324,2025-07-10,1960.5547179123175,14206.30519449314,27852238.673165787,Delivered
PO0325,SUPPLIER0325,PROD0325,2025-06-27,2210.744346632505,1036.7820520836976,2292060.0603340818,Pending
PO0326,SUPPLIER0326,PROD0326,2026-05-09,168.42341381158457,22074.55499045573,3717871.909864105,Partially Received
PO0327,SUPPLIER0327,PROD0327,2026-07-19,1707.4101552401844,6243.600873131574,10660387.536051331,Delivered
PO0328,SUPPLIER0328,PROD0328,2026-06-01,1406.561547216339,14131.663509191781,19877054.490229473,Partially Received
PO0329,SUPPLIER0329,PROD0329,2025-08-25,340.30225509824317,6262.224933019107,2131049.266638847,Pending
PO0330,SUPPLIER0330,PROD0330,2025-01-06,767.1561310123932,14592.975192946067,11195090.388980336,Delivered
PO0331,SUPPLIER0331,PROD0331,2025-11-15,1005.5117977921356,11359.533573715695,11422145.02578699,Partially Received
PO0332,SUPPLIER0332,PROD0332,2026-07-22,1225.3890467108918,15373.433158615937,18838436.602909997,Delivered
PO0333,SUPPLIER0333,PROD0333,2025-05-16,871.6653465836216,8010.131318731641,6982153.892122538,Pending
PO0334,SUPPLIER0334,PROD0334,2025-02-16,1578.8710487883034,20291.992684293124,32038439.771454465,Delivered
PO0335,SUPPLIER0335,PROD0335,2026-07-15,1451.7796657453823,9979.979702159866,14488731.596147351,Delivered
PO0336,SUPPLIER0336,PROD0336,2025-04-29,292.2485494949101,2708.4502392415116,791540.653797474,Partially Received
PO0337,SUPPLIER0337,PROD0337,2026-07-21,834.1090539239476,14447.84153988028,12051075.438072652,Partially Received
PO0338,SUPPLIER0338,PROD0338,2025-04-20,2297.270618082227,7444.122605961311,17101164.14007662,Delivered
PO0339,SUPPLIER0339,PROD0339,2025-05-07,1730.6959091449714,25038.57927771241,43334166.72673892,In Transit
PO0340,SUPPLIER0340,PROD0340,2026-03-16,900.293188542625,20737.283644370105,18669635.21390279,In Transit
PO0341,SUPPLIER0341,PROD0341,2026-05-29,1345.3771289328508,8376.686856043048,11269802.912352744,Delivered
PO0342,SUPPLIER0342,PROD0342,2025-04-13,926.3445426383826,25872.5996000176,23966941.443344302,Pending
PO0343,SUPPLIER0343,PROD0343,2025-02-17,2361.6943272863696,4743.927919912896,11203707.657513713,Partially Received
PO0344,SUPPLIER0344,PROD0344,2026-07-29,2354.695091565663,4690.085566463856,11043721.462375402,Delivered
PO0345,SUPPLIER0345,PROD0345,2026-04-19,635.3556243186407,20483.24769440061,13014146.626949256,Delivered
PO0346,SUPPLIER0346,PROD0346,2025-12-09,1660.764450118402,21911.33422821263,36389564.94087806,Delivered
PO0347,SUPPLIER0347,PROD0347,2026-02-05,950.2059670490565,12728.377675725913,12094580.418328764,Delivered
PO0348,SUPPLIER0348,PROD0348,2025-04-04,1440.8670815855164,22630.319417224375,32607282.29404413,Pending
PO0349,SUPPLIER0349,PROD0349,2025-02-01,1293.5626096698898,12789.742697075886,16544332.940235898,Partially Received
PO0350,SUPPLIER0350,PROD0350,2025-09-05,661.8604747345629,6534.204277722168,4324731.545265806,Partially Received
PO0351,SUPPLIER0351,PROD0351,2025-12-16,2304.9914269110095,25889.9241507489,59676053.21085251,In Transit
PO0352,SUPPLIER0352,PROD0352,2026-02-12,886.0959311289137,5360.462585208622,4749884.085722137,In Transit
PO0353,SUPPLIER0353,PROD0353,2025-08-21,1361.9199362380064,17855.3219135081,24317518.881954033,Partially Received
PO0354,SUPPLIER0354,PROD0354,2025-10-01,1071.5783876508444,15629.271798619364,16747989.874121351,Partially Received
PO0355,SUPPLIER0355,PROD0355,2025-09-07,1049.6400060586325,6722.303473306433,7055998.65844933,Delivered
PO0356,SUPPLIER0356,PROD0356,2025-12-01,552.9721950581024,8013.411624455964,4431193.815879528,Partially Received
PO0357,SUPPLIER0357,PROD0357,2025-09-18,1215.7766932345987,3864.507580202415,4698378.246838532,In Transit
PO0358,SUPPLIER0358,PROD0358,2025-01-26,712.5273118252647,1245.3348823263118,887335.1160261993,Pending
PO0359,SUPPLIER0359,PROD0359,2025-12-07,1788.67702148173,4330.666454480676,7746163.57483134,Delivered
PO0360,SUPPLIER0360,PROD0360,2025-07-28,2115.367033977535,4352.714052303361,9207587.814573297,Delivered
PO0361,SUPPLIER0361,PROD0361,2026-08-15,1011.4086078549917,13460.991448638255,13614562.621415166,Delivered
PO0362,SUPPLIER0362,PROD0362,2025-02-22,1442.8174992567783,16189.083257690863,23357892.62112131,In Transit
PO0363,SUPPLIER0363,PROD0363,2025-07-29,2354.4375187280134,5601.1845278443125,13187639.001675501,Delivered
PO0364,SUPPLIER0364,PROD0364,2026-06-18,2115.307866408624,9124.383030003495,19300879.199491747,Pending
PO0365,SUPPLIER0365,PROD0365,2026-05-27,814.0971567407645,21737.851601113885,17696723.18211949,Delivered
PO0366,SUPPLIER0366,PROD0366,2026-06-05,1165.4755215427708,19499.043628844076,22725658.042912293,Pending
PO0367,SUPPLIER0367,PROD0367,2026-05-28,1517.7154088672544,26010.777372385117,39476957.614684604,Partially Received
PO0368,SUPPLIER0368,PROD0368,2026-05-28,1064.6831478498489,8800.517654304065,9369762.83889262,In Transit
PO0369,SUPPLIER0369,PROD0369,2025-11-27,615.3544257249491,14685.190707017833,9036597.094178319,Delivered
PO0370,SUPPLIER0370,PROD0370,2026-02-23,1387.3191155506368,21515.096205329304,29848304.238564312,Pending
PO0371,SUPPLIER0371,PROD0371,2025-04-24,1071.6893173997312,15993.16067163843,17139699.443252414,Partially Received
PO0372,SUPPLIER0372,PROD0372,2025-11-25,699.3214578130127,5161.141690822605,3609297.131205581,Delivered
PO0373,SUPPLIER0373,PROD0373,2025-04-07,1906.336992004118,9367.926978338439,17858425.737199925,Pending
PO0374,SUPPLIER0374,PROD0374,2026-01-04,1350.1257789536257,23475.641540506687,31695068.821312685,Delivered
PO0375,SUPPLIER0375,PROD0375,2025-01-29,2279.8836224182637,7611.038070328666,17352281.046144232,Delivered
PO0376,SUPPLIER0376,PROD0376,2025-07-06,944.5654986083113,18849.644223161828,17804723.594240125,Delivered
PO0377,SUPPLIER0377,PROD0377,2025-02-27,2239.94282234601,17700.640200823018,39648421.968762755,Delivered
PO0378,SUPPLIER0378,PROD0378,2026-04-13,2083.203232114637,9590.225645209737,19978389.060809605,In Transit
PO0379,SUPPLIER0379,PROD0379,2025-12-23,600.7995638077095,7743.203391306925,4652113.219971578,Delivered
PO0380,SUPPLIER0380,PROD0380,2025-01-30,308.3456651825573,21971.80093247742,6774909.573783483,Delivered
PO0381,SUPPLIER0381,PROD0381,2026-06-20,1153.5536619827253,1006.7728464340033,1161366.5037887164,Delivered
PO0382,SUPPLIER0382,PROD0382,2025-09-13,1768.2661242510114,9974.193624327863,17637028.70261938,Delivered
PO0383,SUPPLIER0383,PROD0383,2025-08-29,1425.9538520722485,4763.907716227193,6793112.558870874,Partially Received
PO0384,SUPPLIER0384,PROD0384,2026-02-05,897.1401987030087,3853.381339828517,3457023.3008922213,Partially Received
PO0385,SUPPLIER0385,PROD0385,2025-04-25,1631.6639589965557,23367.718023537724,38128263.30300073,Partially Received
PO0386,SUPPLIER0386,PROD0386,2026-07-17,1570.8288906703772,10072.205044145256,15821710.676099269,Delivered
PO0387,SUPPLIER0387,PROD0387,2025-12-02,1404.1063450768668,13242.024990790804,18593211.311235804,In Transit
PO0388,SUPPLIER0388,PROD0388,2026-05-21,891.5009930043831,15092.482596580796,13454963.22175315,Partially Received
PO0389,SUPPLIER0389,PROD0389,2025-12-12,1198.4765967582807,19493.81381731756,23362879.6416183,Delivered
PO0390,SUPPLIER0390,PROD0390,2025-11-18,1318.8859275306486,4972.944475630328,6558746.48730012,Delivered
PO0391,SUPPLIER0391,PROD0391,2025-05-01,1143.157278832032,16877.35900360579,19293475.79243329,Delivered
PO0392,SUPPLIER0392,PROD0392,2025-11-29,1644.131430970484,3906.4729944260425,6422755.034373241,Delivered
PO0393,SUPPLIER0393,PROD0393,2025-09-01,33.49776544525402,20464.034340324688,685499.4223958199,In Transit
PO0394,SUPPLIER0394,PROD0394,2026-02-15,989.2358073078527,12140.666054488265,12009981.585666742,In Transit
PO0395,SUPPLIER0395,PROD0395,2026-01-15,1294.7241608669067,12975.164961982355,16799259.567512292,Pending
PO0396,SUPPLIER0396,PROD0396,2025-02-17,1053.7839304343802,4529.959492887924,4773598.519123969,Delivered
PO0397,SUPPLIER0397,PROD0397,2025-03-19,831.2483812240613,11661.903008037749,9693937.99742339,Delivered
PO0398,SUPPLIER0398,PROD0398,2026-07-06,167.8283449229023,23967.22164742072,4022379.141486975,Partially Received
PO0399,SUPPLIER0399,PROD0399,2025-06-11,1502.7870586799309,13441.67798517319,20199979.723061197,Partially Received
PO0400,SUPPLIER0400,PROD0400,2025-04-14,1787.2919703872997,19427.672104264915,34722922.35527001,Delivered
PO0401,SUPPLIER0401,PROD0401,2025-12-14,2144.0289376211385,12415.615020659096,26619437.88265677,Pending
PO0402,SUPPLIER0402,PROD0402,2026-07-23,737.9428463129618,7843.787672570894,5788267.000971488,Delivered
PO0403,SUPPLIER0403,PROD0403,2026-02-25,1660.8963238241722,6410.116326436952,10646538.64186444,Partially Received
PO0404,SUPPLIER0404,PROD0404,2026-07-27,1625.5037729391481,23372.387906152646,37991904.72404844,Delivered
PO0405,SUPPLIER0405,PROD0405,2025-11-04,1155.9617799880753,25962.011515491777,30011093.04351878,Partially Received
PO0406,SUPPLIER0406,PROD0406,2026-06-08,391.3483221995048,25493.905034923155,9976996.961730685,Delivered
PO0407,SUPPLIER0407,PROD0407,2025-12-17,1715.9955416805992,9079.849090301479,15580980.558089983,In Transit
PO0408,SUPPLIER0408,PROD0408,2025-05-24,1300.1932845433876,8934.725274929668,11616869.801703626,Delivered
PO0409,SUPPLIER0409,PROD0409,2025-04-27,814.9067199149728,20989.230875166035,17104265.286019627,Cancelled
PO0410,SUPPLIER0410,PROD0410,2025-07-20,918.3840216629781,25434.038040994394,23358214.143217605,In Transit
PO0411,SUPPLIER0411,PROD0411,2025-08-11,2422.9975853619276,17822.065065411567,43182820.61965539,Delivered
PO0412,SUPPLIER0412,PROD0412,2025-11-25,1946.770266850939,5046.931994771263,9825217.146239392,Delivered
PO0413,SUPPLIER0413,PROD0413,2026-04-24,935.2743032999283,18430.865491417517,17237914.88170021,Pending
PO0414,SUPPLIER0414,PROD0414,2025-07-01,735.4047525576865,15753.647527334013,11585307.26172008,Pending
PO0415,SUPPLIER0415,PROD0415,2025-12-31,180.8902166649111,4304.518326043824,778645.2526361478,Delivered
PO0416,SUPPLIER0416,PROD0416,2025-03-22,1000.8886830650647,10927.79135608138,10937502.69919809,Cancelled
PO0417,SUPPLIER0417,PROD0417,2025-10-05,1191.4657994016532,11494.711723221515,13695555.892199676,Delivered
PO0418,SUPPLIER0418,PROD0418,2025-11-08,1694.8451413538753,17081.07224143984,28949772.29751886,In Transit
PO0419,SUPPLIER0419,PROD0419,2026-02-23,1089.0962254320148,17351.457313609622,18897406.665996965,In Transit
PO0420,SUPPLIER0420,PROD0420,2025-01-15,1447.0926121134264,4875.644131617663,7055508.602158103,Partially Received
PO0421,SUPPLIER0421,PROD0421,2026-08-10,1446.854653459821,8337.614275129295,12063316.012723854,Delivered
PO0422,SUPPLIER0422,PROD0422,2025-12-10,2136.2389577753866,5102.348624250579,10899835.907275734,Partially Received
PO0423,SUPPLIER0423,PROD0423,2025-10-17,2225.410471679498,19178.21920640567,42679409.85010005,Pending
PO0424,SUPPLIER0424,PROD0424,2025-04-09,1308.7942188084508,8136.622474597987,10649164.455380756,Delivered
PO0425,SUPPLIER0425,PROD0425,2025-05-26,831.2041164717542,15944.769096703962,13253357.709371947,In Transit
PO0426,SUPPLIER0426,PROD0426,2025-12-16,2311.328289223536,17550.898082628104,40565887.239657454,Delivered
PO0427,SUPPLIER0427,PROD0427,2026-08-04,908.3218259062058,24675.521152872792,22413314.42876462,Cancelled
PO0428,SUPPLIER0428,PROD0428,2025-11-22,2009.8691999219234,23875.375116838804,47986381.083916605,Pending
PO0429,SUPPLIER0429,PROD0429,2025-02-20,2450.9270641195603,4311.508214376335,10567192.169788757,Partially Received
PO0430,SUPPLIER0430,PROD0430,2025-05-29,1460.8734110848493,16760.780746708988,24485378.941890027,In Transit
PO0431,SUPPLIER0431,PROD0431,2026-05-26,371.3127208740331,10923.42760772706,4056007.6262956653,Pending
PO0432,SUPPLIER0432,PROD0432,2025-02-06,1451.4945897834616,1211.5257518392762,1758523.07417805,Pending
PO0433,SUPPLIER0433,PROD0433,2026-02-06,964.7693796115517,8032.633273995812,7749638.620400047,Delivered
PO0434,SUPPLIER0434,PROD0434,2026-08-04,137.55723726313602,17728.459067359647,2438677.850238586,Cancelled
PO0435,SUPPLIER0435,PROD0435,2026-08-26,1253.1318504566082,13442.578870572406,16845323.7349893,Pending
PO0436,SUPPLIER0436,PROD0436,2026-01-25,1072.6242452968413,21917.7733386426,23509535.08594875,Delivered
PO0437,SUPPLIER0437,PROD0437,2025-08-27,1751.8942872058076,18213.06989511321,31907373.101728912,Delivered
PO0438,SUPPLIER0438,PROD0438,2026-04-07,354.87537458813915,16283.893960753152,5778752.969075812,Partially Received
PO0439,SUPPLIER0439,PROD0439,2025-11-29,290.77619019540805,2708.947436662075,787697.4150722146,Pending
PO0440,SUPPLIER0440,PROD0440,2025-01-17,277.9253169979426,21648.042015179,6016538.939453403,In Transit
PO0441,SUPPLIER0441,PROD0441,2026-04-02,1463.1454578654286,20900.094575948533,30579878.447756976,Partially Received
PO0442,SUPPLIER0442,PROD0442,2026-01-08,1800.6041373832097,12815.768660175423,23076126.07325794,Pending
PO0443,SUPPLIER0443,PROD0443,2025-04-27,1171.1035226486301,6532.352960839546,7650061.563623401,Delivered
PO0444,SUPPLIER0444,PROD0444,2025-07-07,1451.8626418941626,1537.6100375335384,2232398.5712964255,In Transit
PO0445,SUPPLIER0445,PROD0445,2025-07-19,2478.616122870124,18188.003319386222,45081078.27024602,Pending
PO0446,SUPPLIER0446,PROD0446,2025-06-29,2198.5546398045944,9868.400260092878,21696217.179276064,Partially Received
PO0447,SUPPLIER0447,PROD0447,2025-05-16,2300.073095868406,18513.574414505933,42582574.41916277,Delivered
PO0448,SUPPLIER0448,PROD0448,2026-07-22,1998.6463712051245,5603.788337675998,11199991.22609773,Delivered
PO0449,SUPPLIER0449,PROD0449,2025-10-01,1704.1431569747685,2900.838894450931,4943444.751464807,Partially Received
PO0450,SUPPLIER0450,PROD0450,2026-02-05,1446.880849165089,1598.3255852567206,2312586.680038532,Partially Received
PO0451,SUPPLIER0451,PROD0451,2025-10-14,1113.9181249777123,14489.976870236076,16140647.86626379,Delivered
PO0452,SUPPLIER0452,PROD0452,2025-05-30,1194.5237539977354,23782.267782860188,28408483.790561553,Pending
PO0453,SUPPLIER0453,PROD0453,2026-06-16,2471.098212579591,11309.527450176422,27946953.067250773,In Transit
PO0454,SUPPLIER0454,PROD0454,2025-01-20,1127.594661260511,13168.516863145698,14848749.3116021,Pending
PO0455,SUPPLIER0455,PROD0455,2026-03-17,1866.696673708299,10415.437882030152,19442463.249601096,Partially Received
PO0456,SUPPLIER0456,PROD0456,2025-01-09,602.3655868391643,18155.859049666204,10936464.691021334,Delivered
PO0457,SUPPLIER0457,PROD0457,2025-07-20,977.3053068194944,2251.9580540454576,2200850.5569535275,Cancelled
PO0458,SUPPLIER0458,PROD0458,2026-01-08,624.3322474182867,20274.157538684965,12657810.340639584,Cancelled
PO0459,SUPPLIER0459,PROD0459,2025-04-04,1683.6257391521767,16069.213293653573,27054541.10912148,Delivered
PO0460,SUPPLIER0460,PROD0460,2025-10-22,1261.2446033012163,8668.962020158851,10933681.564148562,Delivered
PO0461,SUPPLIER0461,PROD0461,2025-01-26,1420.069551791288,6910.701914145591,9813677.369783925,In Transit
PO0462,SUPPLIER0462,PROD0462,2025-12-22,1722.809777627842,19186.237761184173,33054238.01086061,Partially Received
PO0463,SUPPLIER0463,PROD0463,2026-08-12,543.4841233176892,6453.642348891273,3507452.154193086,In Transit
PO0464,SUPPLIER0464,PROD0464,2026-05-20,1369.7659284528986,14395.708585150565,19718751.135876127,In Transit
PO0465,SUPPLIER0465,PROD0465,2025-08-15,926.2925733894676,11228.669392758655,10401033.067557964,Delivered
PO0466,SUPPLIER0466,PROD0466,2026-08-17,1478.8015843442952,19547.151425835655,28906358.497943614,Partially Received
PO0467,SUPPLIER0467,PROD0467,2025-10-08,799.4392251738722,12518.838381770684,10008050.455999687,Delivered
PO0468,SUPPLIER0468,PROD0468,2026-08-02,55.415816724308584,7364.704690062635,408121.1253331668,Delivered
PO0469,SUPPLIER0469,PROD0469,2026-02-07,1222.6509942561095,8240.987965555529,10075852.1297391,Cancelled
PO0470,SUPPLIER0470,PROD0470,2025-04-06,781.9143335101968,11683.099748022702,9135183.152808318,In Transit
PO0471,SUPPLIER0471,PROD0471,2026-07-06,225.6848506637959,12385.337694367287,2795183.0879739635,Pending
PO0472,SUPPLIER0472,PROD0472,2026-05-10,1072.024580913893,7124.029256096957,7637134.477685654,Delivered
PO0473,SUPPLIER0473,PROD0473,2025-12-13,1454.5373825524566,8394.11085399627,12209548.0304269,Partially Received
PO0474,SUPPLIER0474,PROD0474,2025-05-07,1469.6021921768838,7903.155875026326,11614495.199054306,In Transit
PO0475,SUPPLIER0475,PROD0475,2026-03-27,826.9360288829683,17593.656341694816,14548828.308732763,In Transit
PO0476,SUPPLIER0476,PROD0476,2026-08-09,1416.3188115024243,25274.48355326023,35796726.5074911,Delivered
PO0477,SUPPLIER0477,PROD0477,2025-06-21,2072.2569075427928,9345.69608836498,19366683.27490999,Delivered
PO0478,SUPPLIER0478,PROD0478,2025-04-08,1123.3119686990105,19001.507448984554,21344620.740767755,In Transit
PO0479,SUPPLIER0479,PROD0479,2025-01-25,1777.7345542110547,16274.184526323754,28931180.174052604,Pending
PO0480,SUPPLIER0480,PROD0480,2025-01-09,2291.796067917953,10209.77393626238,23398719.761457324,Delivered
PO0481,SUPPLIER0481,PROD0481,2025-07-30,1042.707995515994,14976.224246635258,15615828.76460708,Cancelled
PO0482,SUPPLIER0482,PROD0482,2026-07-19,1818.6578048480153,4747.347605280248,8633800.774669457,In Transit
PO0483,SUPPLIER0483,PROD0483,2026-07-03,865.9445182324935,11151.93243281887,9656954.757898655,Pending
PO0484,SUPPLIER0484,PROD0484,2025-11-20,693.7130201264088,9970.684304741768,6916793.521769394,Delivered
PO0485,SUPPLIER0485,PROD0485,2025-05-24,2243.421013730972,18419.03482475173,41321649.778490596,In Transit
PO0486,SUPPLIER0486,PROD0486,2025-03-16,1129.7641206685498,12925.041954481489,14602248.658308893,Partially Received
PO0487,SUPPLIER0487,PROD0487,2025-11-29,791.2772431077532,1380.6065438129908,1092442.5398048668,Pending
PO0488,SUPPLIER0488,PROD0488,2026-01-04,1737.9579486141902,8814.915011920877,15319951.611326437,In Transit
PO0489,SUPPLIER0489,PROD0489,2026-08-20,1801.0365177017356,3968.2287299499403,7146924.853233022,Delivered
PO0490,SUPPLIER0490,PROD0490,2026-06-10,1293.8358403098077,12666.294112076745,16388105.286109986,Delivered
PO0491,SUPPLIER0491,PROD0491,2025-09-01,1676.3121443867026,11946.609811805441,20026247.1117788,In Transit
PO0492,SUPPLIER0492,PROD0492,2025-05-22,2069.938275785166,6997.588884794152,14484577.07084425,Partially Received
PO0493,SUPPLIER0493,PROD0493,2025-09-22,2391.4774455850747,10912.280589226297,26096472.909030497,Partially Received
PO0494,SUPPLIER0494,PROD0494,2025-01-07,1011.4695998303727,18915.236404754425,19132186.597013853,In Transit
PO0495,SUPPLIER0495,PROD0495,2025-01-24,1364.8221064868067,8699.768907257978,11873636.925952258,Delivered
PO0496,SUPPLIER0496,PROD0496,2025-01-30,1241.5051289438436,3080.3583584603384,3824280.7010135488,Delivered
PO0497,SUPPLIER0497,PROD0497,2026-01-23,431.0962059334927,19804.728944825525,8537743.507655507,Delivered
PO0498,SUPPLIER0498,PROD0498,2026-05-30,608.1648195320405,16816.309121850732,10227087.602285357,Pending
PO0499,SUPPLIER0499,PROD0499,2025-01-29,2429.45775226023,15447.622920348764,37529347.257834114,Delivered
PO0500,SUPPLIER0500,PROD0500,2026-05-25,1503.2687394501122,22208.935560156806,33385998.564045694,In Transit
PO0501,SUPPLIER0501,PROD0501,2026-04-01,1447.3356327445917,25296.458887602937,36612466.33028635,In Transit
PO0502,SUPPLIER0502,PROD0502,2025-02-10,2288.7933477708893,6051.805774207424,13851332.79800741,Partially Received
PO0503,SUPPLIER0503,PROD0503,2025-10-19,1059.69707401576,12435.630006574062,13178000.731509121,Partially Received
PO0504,SUPPLIER0504,PROD0504,2025-05-19,582.1713048626481,9714.082958077894,5655260.35124822,Partially Received
PO0505,SUPPLIER0505,PROD0505,2025-07-17,1476.9864715234385,10931.365263804006,16145478.60991976,Partially Received
PO0506,SUPPLIER0506,PROD0506,2025-05-10,1880.612495276218,9010.247617257424,16944784.254547082,In Transit
PO0507,SUPPLIER0507,PROD0507,2025-03-23,1216.7880900141797,19500.484173376164,23727956.891674124,Delivered
PO0508,SUPPLIER0508,PROD0508,2025-09-06,1317.5334508051822,8895.084822849683,11719571.801853945,Delivered
PO0509,SUPPLIER0509,PROD0509,2025-11-21,748.8622423275757,11689.994312785506,8754195.35386916,In Transit
PO0510,SUPPLIER0510,PROD0510,2026-08-31,876.7234564688505,13613.557816177432,11935325.463437615,In Transit
PO0511,SUPPLIER0511,PROD0511,2025-03-24,621.8784164737439,3542.7601765211657,2203166.088521224,In Transit
PO0512,SUPPLIER0512,PROD0512,2025-07-01,667.9699422718894,2925.583665626582,1954201.9522401704,Delivered
PO0513,SUPPLIER0513,PROD0513,2025-01-10,1801.934499429713,12926.784423596715,23293218.819569558,Pending
PO0514,SUPPLIER0514,PROD0514,2025-09-25,1353.053859114107,24238.884481699664,32796516.18858477,In Transit
PO0515,SUPPLIER0515,PROD0515,2026-02-06,1546.541396383337,6155.723699284043,9520081.525640745,Delivered
PO0516,SUPPLIER0516,PROD0516,2025-05-10,235.32667804529615,17163.392154590852,4039004.0597285633,Partially Received
PO0517,SUPPLIER0517,PROD0517,2026-07-29,532.3580037215414,4555.276871687464,2425038.1018104465,In Transit
PO0518,SUPPLIER0518,PROD0518,2026-08-24,1616.3368131850846,11058.665057175233,17874527.436595865,Partially Received
PO0519,SUPPLIER0519,PROD0519,2026-05-06,1005.2174434712139,11559.024777724884,11619333.336085023,In Transit
PO0520,SUPPLIER0520,PROD0520,2026-06-25,1011.2499674275743,4304.489711590752,4352915.080638478,Delivered
PO0521,SUPPLIER0521,PROD0521,2026-08-03,482.3395546249402,24914.749631544888,12017369.240871254,Delivered
PO0522,SUPPLIER0522,PROD0522,2025-08-07,379.5584273867634,14559.853151813568,5526314.965284568,In Transit
PO0523,SUPPLIER0523,PROD0523,2025-05-24,2382.796023306815,2638.132652983904,6286131.994485904,Partially Received
PO0524,SUPPLIER0524,PROD0524,2026-04-21,2306.7610187979503,16962.491691522988,39128414.61568934,Delivered
PO0525,SUPPLIER0525,PROD0525,2025-05-25,1695.3201548697791,8280.367464202778,14037873.851790935,In Transit
PO0526,SUPPLIER0526,PROD0526,2026-04-22,637.0840923021267,20136.738036883846,12828795.474153854,Delivered
PO0527,SUPPLIER0527,PROD0527,2025-01-18,2240.1628343035823,19769.20443313307,44286237.03485432,Delivered
PO0528,SUPPLIER0528,PROD0528,2026-01-27,1445.5927572378232,2803.8833632094693,4053273.4819952375,Delivered
PO0529,SUPPLIER0529,PROD0529,2026-02-16,1051.3348840972267,13909.076646190964,14623097.48372262,Cancelled
PO0530,SUPPLIER0530,PROD0530,2025-03-29,1165.5051563879185,1900.2831996603175,2214789.8678014325,Delivered
PO0531,SUPPLIER0531,PROD0531,2026-08-16,627.7677177933921,25502.89170282306,16009892.121413268,Delivered
PO0532,SUPPLIER0532,PROD0532,2026-07-14,1492.6285294189336,10899.557069878058,16268989.840529826,Delivered
PO0533,SUPPLIER0533,PROD0533,2026-08-27,1016.0391004186195,22467.59443301587,22827954.43629183,Pending
PO0534,SUPPLIER0534,PROD0534,2025-10-11,1678.018573457912,10010.161297169916,16797236.579960663,Delivered
PO0535,SUPPLIER0535,PROD0535,2026-04-18,1453.4184088476645,4843.406548321433,7039496.238863695,Delivered
PO0536,SUPPLIER0536,PROD0536,2025-01-10,1357.867447068891,14904.19773518346,20237924.92928351,Pending
PO0537,SUPPLIER0537,PROD0537,2025-06-15,232.63867163042949,10696.11671031701,2488330.3830921887,Cancelled
PO0538,SUPPLIER0538,PROD0538,2025-06-03,576.2887253395222,18035.719665157165,10393781.896414377,In Transit
PO0539,SUPPLIER0539,PROD0539,2025-04-27,927.1198276059167,23177.278403686152,21488114.357999843,Pending
PO0540,SUPPLIER0540,PROD0540,2025-01-02,344.4564144291929,26339.895274850074,9072945.882815296,Partially Received
PO0541,SUPPLIER0541,PROD0541,2026-02-20,433.62255290442016,4146.402819125207,1797973.775799157,Delivered
PO0542,SUPPLIER0542,PROD0542,2025-03-05,1311.1237283117266,12006.162541823673,15741564.59455245,In Transit
PO0543,SUPPLIER0543,PROD0543,2026-07-17,2434.7572956265712,21376.154756064152,52045748.74476983,Delivered
PO0544,SUPPLIER0544,PROD0544,2025-05-24,1374.3537627982898,11428.044212305489,15706175.564607266,Delivered
PO0545,SUPPLIER0545,PROD0545,2026-06-07,102.68185897905956,8496.363366454107,872422.3850290882,Partially Received
PO0546,SUPPLIER0546,PROD0546,2026-03-31,285.8991225746062,9329.802822933316,2667382.440870719,Delivered
PO0547,SUPPLIER0547,PROD0547,2026-06-21,1185.1228453016056,1596.480682418318,1892025.7288166462,Delivered
PO0548,SUPPLIER0548,PROD0548,2026-05-02,2152.3898748738948,6921.8698019709045,14898562.476957547,Partially Received
PO0549,SUPPLIER0549,PROD0549,2025-01-13,917.6930491562769,15035.569795989713,13798037.89188382,Cancelled
PO0550,SUPPLIER0550,PROD0550,2026-01-22,1354.442562242448,4376.666046558373,5927942.774180048,Pending
PO0551,SUPPLIER0551,PROD0551,2026-02-09,316.9083400015492,2005.9421319970668,635699.7911903589,Delivered
PO0552,SUPPLIER0552,PROD0552,2026-01-06,1816.325936401032,7730.572514005647,14041239.360417387,Delivered
PO0553,SUPPLIER0553,PROD0553,2025-08-20,1801.0758735101801,17464.594241165025,31455059.328407157,Delivered
PO0554,SUPPLIER0554,PROD0554,2026-04-12,2400.3603353206536,7412.701041857765,17793153.558465462,In Transit
PO0555,SUPPLIER0555,PROD0555,2026-08-09,1296.6213784432541,21043.603125780377,27285585.692362122,Pending
PO0556,SUPPLIER0556,PROD0556,2026-05-03,1414.3374940810031,19083.246379973385,26990150.863981932,In Transit
PO0557,SUPPLIER0557,PROD0557,2025-08-31,1493.7096086436293,9738.11909209125,14545922.057972677,Pending
PO0558,SUPPLIER0558,PROD0558,2025-12-08,1610.1622312760794,23603.832189817313,38005999.10542239,In Transit
PO0559,SUPPLIER0559,PROD0559,2026-08-29,2383.050412800119,19511.795488551445,46497592.29346402,In Transit
PO0560,SUPPLIER0560,PROD0560,2026-08-12,1809.6886477905523,22121.242202980968,40032560.88975993,Pending
PO0561,SUPPLIER0561,PROD0561,2025-05-06,474.5787027396105,15239.106410264736,7232155.351094321,Partially Received
PO0562,SUPPLIER0562,PROD0562,2025-01-25,475.6924964781345,5573.0892792793475,2651076.75235592,Pending
PO0563,SUPPLIER0563,PROD0563,2025-03-08,975.6522396239625,10832.568016711224,10568819.24638321,In Transit
PO0564,SUPPLIER0564,PROD0564,2025-02-10,1084.2011719385814,14135.891475062075,15326150.103658903,Partially Received
PO0565,SUPPLIER0565,PROD0565,2025-09-19,955.9804637929808,11312.417515210394,10814450.142810673,Delivered
PO0566,SUPPLIER0566,PROD0566,2026-08-02,837.8725458169791,26796.423084618564,22451987.228698224,Delivered
PO0567,SUPPLIER0567,PROD0567,2025-04-10,1537.883508216042,4515.646357990283,6944538.062889089,Partially Received
PO0568,SUPPLIER0568,PROD0568,2025-04-20,227.96119973211427,11559.681675312491,2635158.9032255723,In Transit
PO0569,SUPPLIER0569,PROD0569,2026-05-08,288.3896337604108,8165.930796268676,2354969.7916487833,Partially Received
PO0570,SUPPLIER0570,PROD0570,2026-08-13,2114.6323666327467,2232.7652462816454,4721477.656879904,Delivered
PO0571,SUPPLIER0571,PROD0571,2025-01-22,380.6864569987741,25090.484301858065,9551607.573257707,Partially Received
PO0572,SUPPLIER0572,PROD0572,2025-01-25,911.3969795774394,26377.901295454056,24040739.568268653,In Transit
PO0573,SUPPLIER0573,PROD0573,2026-05-24,1414.1440863104942,11786.39486905013,16667660.602987593,Partially Received
PO0574,SUPPLIER0574,PROD0574,2026-05-13,1104.030385483015,19900.54026360113,21970801.13854382,In Transit
PO0575,SUPPLIER0575,PROD0575,2026-05-15,227.50038534574702,5038.629466453358,1146290.1452325745,Pending
PO0576,SUPPLIER0576,PROD0576,2025-12-30,588.3164144942306,3609.6848910101185,2123636.8725330704,Delivered
PO0577,SUPPLIER0577,PROD0577,2025-06-22,2386.5119586545466,13003.187135984486,31032261.60064994,Cancelled
PO0578,SUPPLIER0578,PROD0578,2026-05-16,1215.2138729649016,24692.442960480697,30006599.242970668,In Transit
PO0579,SUPPLIER0579,PROD0579,2025-02-10,1203.388689482112,9311.271439660077,11205078.735184759,Cancelled
PO0580,SUPPLIER0580,PROD0580,2026-05-23,871.7921275386778,17779.165610045544,15499736.6130441,Partially Received
PO0581,SUPPLIER0581,PROD0581,2025-10-16,1100.9404919657932,1758.1192463644745,1935584.668027034,Delivered
PO0582,SUPPLIER0582,PROD0582,2025-12-26,961.134095777016,16194.877659538186,15565449.095519632,Partially Received
PO0583,SUPPLIER0583,PROD0583,2026-08-06,732.7309082627868,4074.3481048179306,2985400.7874220065,In Transit
PO0584,SUPPLIER0584,PROD0584,2026-02-16,793.7427215713011,2423.6741861266446,1923773.7446982712,Partially Received
PO0585,SUPPLIER0585,PROD0585,2025-05-24,1171.5860493586995,16270.975311074937,19062847.68391522,Delivered
PO0586,SUPPLIER0586,PROD0586,2026-07-26,1668.6672548977078,1329.4848186077134,2218467.78269431,In Transit
PO0587,SUPPLIER0587,PROD0587,2025-03-12,1206.6196601486981,21135.769236094213,25502834.69263731,Delivered
PO0588,SUPPLIER0588,PROD0588,2025-02-20,1900.6526760821448,9484.7818982495,18027276.096963394,Partially Received
PO0589,SUPPLIER0589,PROD0589,2026-06-09,611.6037522268482,3562.9318634686438,2179102.496626019,In Transit
PO0590,SUPPLIER0590,PROD0590,2026-01-20,1243.299683908861,6922.221824052972,8606396.205792079,Pending
PO0591,SUPPLIER0591,PROD0591,2025-06-03,2406.0311299264317,13788.708201324585,33176061.173858847,Delivered
PO0592,SUPPLIER0592,PROD0592,2026-05-06,1658.1136402698853,12928.803425704695,21437425.312528975,Delivered
PO0593,SUPPLIER0593,PROD0593,2025-10-27,827.8973002545422,13762.328496324093,11393794.60732287,Delivered
PO0594,SUPPLIER0594,PROD0594,2025-05-17,952.2495201999739,24469.858355770102,23301410.8786434,In Transit
PO0595,SUPPLIER0595,PROD0595,2026-02-14,742.9940905931378,16804.60219727878,12485720.127346592,Delivered
PO0596,SUPPLIER0596,PROD0596,2025-01-25,961.5364869169964,6643.491446112799,6387959.425958417,Cancelled
PO0597,SUPPLIER0597,PROD0597,2025-10-10,1573.8932330576652,6428.328488827451,10117502.708437333,Delivered
PO0598,SUPPLIER0598,PROD0598,2025-03-05,2160.0423326645664,7668.9592851111665,16565276.70332111,Pending
PO0599,SUPPLIER0599,PROD0599,2025-07-20,449.65130779473395,5079.874803433504,2284172.348797392,Delivered
PO0600,SUPPLIER0600,PROD0600,2025-10-22,881.1141998512979,10204.9333114127,8991711.649221258,Partially Received
PO0601,SUPPLIER0601,PROD0601,2026-08-09,640.0170997169695,8191.925246293378,5242972.237230909,Delivered
PO0602,SUPPLIER0602,PROD0602,2025-01-24,657.2675479654241,22037.23175164903,14484357.277352145,Partially Received
PO0603,SUPPLIER0603,PROD0603,2025-07-24,1154.8246124101252,16993.915673284726,19624992.080731384,Delivered
PO0604,SUPPLIER0604,PROD0604,2026-08-22,2491.0977849941023,6778.756323406441,16886544.86225255,Pending
PO0605,SUPPLIER0605,PROD0605,2025-07-07,970.3477140983747,18944.334769451358,18382591.938651484,Partially Received
PO0606,SUPPLIER0606,PROD0606,2025-01-18,612.5905410324859,17792.73878831204,10899663.48078177,Pending
PO0607,SUPPLIER0607,PROD0607,2025-01-13,1395.6719119258278,26711.374224234492,37280314.73370363,In Transit
PO0608,SUPPLIER0608,PROD0608,2026-03-03,1205.840959270867,6953.57595792364,8384906.703465479,Partially Received
PO0609,SUPPLIER0609,PROD0609,2026-04-14,2109.4660358033784,16880.480718832918,35608800.74441184,In Transit
PO0610,SUPPLIER0610,PROD0610,2025-09-28,1934.7111175754756,1681.3192744482662,3252867.092468993,Pending
PO0611,SUPPLIER0611,PROD0611,2026-06-14,1907.2218316866008,12267.698249216239,23397221.9254487,Partially Received
PO0612,SUPPLIER0612,PROD0612,2025-07-25,1085.4064858767752,8635.264931716809,9372772.564149693,In Transit
PO0613,SUPPLIER0613,PROD0613,2025-10-11,130.2810606131766,14438.542602355006,1881068.6439433452,Delivered
PO0614,SUPPLIER0614,PROD0614,2026-07-09,1402.9171382363588,10762.882635962933,15099432.506818917,Partially Received
PO0615,SUPPLIER0615,PROD0615,2026-05-11,908.128481243643,9524.876126709367,8649811.29098241,Pending
PO0616,SUPPLIER0616,PROD0616,2025-09-05,402.19500094542224,10716.08088260955,4309954.16071237,In Transit
PO0617,SUPPLIER0617,PROD0617,2025-07-02,1205.9413161783023,15394.109144590715,18564392.243220165,Delivered
PO0618,SUPPLIER0618,PROD0618,2025-05-03,57.69191940257709,13414.54692461695,773910.9599970895,Partially Received
PO0619,SUPPLIER0619,PROD0619,2025-12-06,547.6187275395075,7738.241678916299,4237606.061601326,Pending
PO0620,SUPPLIER0620,PROD0620,2025-07-04,1843.3229996334792,17368.326611827906,32015435.9087286,Delivered
PO0621,SUPPLIER0621,PROD0621,2025-05-09,701.594668475894,20242.901270171464,14202311.605636202,Delivered
PO0622,SUPPLIER0622,PROD0622,2025-08-23,1803.637572263682,9811.872539667056,17697061.966805775,Delivered
PO0623,SUPPLIER0623,PROD0623,2026-05-03,1697.097854088209,14249.898535031982,24183472.22477749,In Transit
PO0624,SUPPLIER0624,PROD0624,2025-10-06,1570.5281126270863,2174.842524915951,3415651.3259173753,Delivered
PO0625,SUPPLIER0625,PROD0625,2026-04-17,2058.0748431552934,26208.412926245546,53938875.32253197,Delivered
PO0626,SUPPLIER0626,PROD0626,2025-03-12,2451.709534704393,8672.117501681572,21261513.164949547,Pending
PO0627,SUPPLIER0627,PROD0627,2026-03-16,180.1461966617857,9465.69442372799,1705208.8491972706,Partially Received
PO0628,SUPPLIER0628,PROD0628,2025-12-26,2033.4846835503245,17872.545873759726,36343548.29034095,Delivered
PO0629,SUPPLIER0629,PROD0629,2025-01-17,282.8785224931015,19982.341535464395,5652575.249504701,Delivered
PO0630,SUPPLIER0630,PROD0630,2025-08-15,1626.6369135764974,9271.170905561481,15080828.827062748,Partially Received
PO0631,SUPPLIER0631,PROD0631,2025-11-21,2362.7230273532527,5505.010121785004,13006814.180554165,Partially Received
PO0632,SUPPLIER0632,PROD0632,2025-09-22,1143.2878092566345,8747.158851116563,10000520.080112835,Delivered
PO0633,SUPPLIER0633,PROD0633,2026-06-06,1195.8710941870622,17944.966046935726,21459866.181698706,In Transit
PO0634,SUPPLIER0634,PROD0634,2025-08-17,378.1093646169094,3835.849686041986,1450370.6875553066,In Transit
PO0635,SUPPLIER0635,PROD0635,2025-01-25,1122.522741795454,3996.375504568716,4486022.388632666,Delivered
PO0636,SUPPLIER0636,PROD0636,2026-01-30,877.5967120487131,13574.743541820166,11913150.29920588,Pending
PO0637,SUPPLIER0637,PROD0637,2026-01-21,1723.9178755890762,3750.7399994770417,6465967.731785434,In Transit
PO0638,SUPPLIER0638,PROD0638,2025-02-12,2243.9925511940846,12101.988273339486,27156771.54001197,Delivered
PO0639,SUPPLIER0639,PROD0639,2025-11-21,373.377446285525,2007.9153817412855,749710.3175919863,Delivered
PO0640,SUPPLIER0640,PROD0640,2025-11-22,1796.7395324899223,11857.896967971903,21305552.254547503,Delivered
PO0641,SUPPLIER0641,PROD0641,2026-05-31,1965.8106859291183,4642.1693623794135,9125626.138458213,Partially Received
PO0642,SUPPLIER0642,PROD0642,2026-05-11,2159.6601095303313,5236.699989004877,11309492.071831757,Partially Received
PO0643,SUPPLIER0643,PROD0643,2026-01-03,2085.821606423427,7699.026560310763,16058795.947924027,In Transit
PO0644,SUPPLIER0644,PROD0644,2025-10-03,990.3913569140879,19856.77727323314,19665980.58757819,Partially Received
PO0645,SUPPLIER0645,PROD0645,2026-08-26,1296.4014400394403,20693.788026600374,26827456.597555652,Delivered
PO0646,SUPPLIER0646,PROD0646,2026-05-26,267.0996154865237,11794.322493683369,3150259.002986885,In Transit
PO0647,SUPPLIER0647,PROD0647,2026-01-04,1406.2709623088742,13441.666961156838,18902625.932501428,In Transit
PO0648,SUPPLIER0648,PROD0648,2025-08-24,1097.7465743742437,21374.725097310406,23464031.25376367,Delivered
PO0649,SUPPLIER0649,PROD0649,2026-06-29,1703.0377187508186,21804.8441066908,37134471.965175934,Partially Received
PO0650,SUPPLIER0650,PROD0650,2025-05-24,992.2767408876862,11345.919919742499,11258292.440334765,Partially Received
PO0651,SUPPLIER0651,PROD0651,2026-03-20,883.8066838223123,2460.1760948716787,2174320.0760274646,Delivered
PO0652,SUPPLIER0652,PROD0652,2025-08-26,167.46866525283284,22598.400919987867,3784524.038918758,Delivered
PO0653,SUPPLIER0653,PROD0653,2025-05-09,1954.4884496938753,15970.48158854518,31214121.80086025,Pending
PO0654,SUPPLIER0654,PROD0654,2025-04-13,1048.824503431872,2272.5212770512,2383475.9999415884,Pending
PO0655,SUPPLIER0655,PROD0655,2026-04-05,635.871913430264,15499.044260986173,9855406.930573631,Delivered
PO0656,SUPPLIER0656,PROD0656,2025-12-28,1317.5306887772895,11344.637092013858,14946907.521769404,Delivered
PO0657,SUPPLIER0657,PROD0657,2025-07-27,1853.61997756625,13992.471323752978,25936724.381231394,Delivered
PO0658,SUPPLIER0658,PROD0658,2025-10-02,1484.114074487535,5191.037832234378,7704092.308016303,In Transit
PO0659,SUPPLIER0659,PROD0659,2025-05-14,480.53783782257256,20681.955686929017,9938462.267739128,Pending
PO0660,SUPPLIER0660,PROD0660,2025-10-02,1101.1142298319255,3542.518259065874,3900717.2644968536,Delivered
PO0661,SUPPLIER0661,PROD0661,2025-12-25,618.1033389058914,2977.4514420846226,1840372.6777826666,Delivered
PO0662,SUPPLIER0662,PROD0662,2025-03-06,795.5890825171045,26863.019055124936,21371924.683706343,Delivered
PO0663,SUPPLIER0663,PROD0663,2026-05-20,887.996831616977,8167.3787398075065,7252606.443564924,Partially Received
PO0664,SUPPLIER0664,PROD0664,2025-11-16,1630.1374644189252,12544.933863585922,20449966.679689065,Partially Received
PO0665,SUPPLIER0665,PROD0665,2025-06-23,1603.918844802295,4769.93651022715,7650591.057263822,Delivered
PO0666,SUPPLIER0666,PROD0666,2025-09-27,1000.5106639638593,10371.286568084197,10376582.810393376,In Transit
PO0667,SUPPLIER0667,PROD0667,2026-08-17,912.7376544608138,20692.31230232199,18886652.596192013,In Transit
PO0668,SUPPLIER0668,PROD0668,2025-10-20,1383.6872733517584,6203.780914417644,8584092.697942229,Delivered
PO0669,SUPPLIER0669,PROD0669,2025-03-24,1387.9190749388067,12069.36115392397,16751296.567856526,In Transit
PO0670,SUPPLIER0670,PROD0670,2026-07-16,1315.9015666815662,9001.265806132527,11844779.776407003,Delivered
PO0671,SUPPLIER0671,PROD0671,2025-12-18,742.1504123731318,5168.372194004901,3835709.5550785647,Partially Received
PO0672,SUPPLIER0672,PROD0672,2026-05-16,655.3895009015638,6416.376991108985,4205226.113799195,Delivered
PO0673,SUPPLIER0673,PROD0673,2025-01-26,1721.4927283019465,11528.61782468839,19846431.752573267,Delivered
PO0674,SUPPLIER0674,PROD0674,2025-05-06,1461.1597843606758,4511.84616144028,6592528.164318623,Partially Received
PO0675,SUPPLIER0675,PROD0675,2025-01-31,417.72352537139574,12782.996024494076,5339758.164160202,Delivered
PO0676,SUPPLIER0676,PROD0676,2025-01-27,1719.4134647602364,11188.03071634853,19236850.657840777,In Transit
PO0677,SUPPLIER0677,PROD0677,2025-11-27,1694.6595713427212,8079.350248481699,13691748.228819704,Pending
PO0678,SUPPLIER0678,PROD0678,2026-06-20,1815.9818595802408,2244.333439110915,4075668.812274757,Delivered
PO0679,SUPPLIER0679,PROD0679,2025-04-27,1410.7778074397431,9371.419939599782,13220991.274985671,Pending
PO0680,SUPPLIER0680,PROD0680,2026-02-19,2178.2463665825,10980.920284088901,23919149.71054872,Pending
PO0681,SUPPLIER0681,PROD0681,2025-01-30,850.6127255695691,13608.407188590068,11575484.329347115,Delivered
PO0682,SUPPLIER0682,PROD0682,2025-07-14,1371.6685914788682,15353.274741699475,21059604.739535004,Partially Received
PO0683,SUPPLIER0683,PROD0683,2025-10-27,1427.117684063951,13903.475711591482,19841896.057965826,Pending
PO0684,SUPPLIER0684,PROD0684,2026-05-15,2456.6247277108337,11014.430635503955,27058322.660834767,In Transit
PO0685,SUPPLIER0685,PROD0685,2026-03-10,1319.2908817869861,17467.19101627132,23044305.83819831,Cancelled
PO0686,SUPPLIER0686,PROD0686,2025-01-25,2196.733111946484,17309.006216373604,38023267.09039542,Partially Received
PO0687,SUPPLIER0687,PROD0687,2026-01-17,2495.588111984896,2997.7662531303786,7481189.823821677,Cancelled
PO0688,SUPPLIER0688,PROD0688,2026-01-29,676.5649921636771,5120.863098860104,3464596.7023515496,Delivered
PO0689,SUPPLIER0689,PROD0689,2026-05-21,1657.0926147201476,5458.414565130202,9045098.463958144,Delivered
PO0690,SUPPLIER0690,PROD0690,2026-02-10,1156.4095723679852,11426.71141617455,13213958.462350786,Delivered
PO0691,SUPPLIER0691,PROD0691,2025-11-18,493.9613057449581,15902.853157825082,7855394.110909608,Delivered
PO0692,SUPPLIER0692,PROD0692,2025-05-17,1063.3457960906494,11727.558068206938,12470449.570236824,Partially Received
PO0693,SUPPLIER0693,PROD0693,2026-03-11,1414.0423494413042,10212.733724103538,14441237.989449807,Pending
PO0694,SUPPLIER0694,PROD0694,2026-06-06,928.4281496534071,22772.699710497887,21142815.454830233,In Transit
PO0695,SUPPLIER0695,PROD0695,2025-04-20,1759.827479198544,9545.38489569008,16798230.63896213,Partially Received
PO0696,SUPPLIER0696,PROD0696,2025-05-03,2023.463718723826,7756.185127583989,15694359.201371532,Delivered
PO0697,SUPPLIER0697,PROD0697,2025-08-12,343.98861569993113,2313.042649403427,795660.3390231859,Delivered
PO0698,SUPPLIER0698,PROD0698,2026-06-16,1411.650394013311,22469.114037610354,31718533.68432267,Partially Received
PO0699,SUPPLIER0699,PROD0699,2025-03-20,1618.011460778996,5405.23237182313,8745727.925783461,Delivered
PO0700,SUPPLIER0700,PROD0700,2025-02-09,1746.4525471536217,20293.02810753256,35440810.62786028,Delivered
PO0701,SUPPLIER0701,PROD0701,2025-02-10,1815.2906214556986,25633.038503824446,46531414.39540533,Delivered
PO0702,SUPPLIER0702,PROD0702,2026-06-05,1429.6407975277411,10127.199791997466,14478257.98735403,Delivered
PO0703,SUPPLIER0703,PROD0703,2026-06-18,941.8300732550988,13753.25704383479,12953231.089091124,Delivered
PO0704,SUPPLIER0704,PROD0704,2025-11-25,61.51206565981395,20491.549324772026,1260477.527536693,Delivered
PO0705,SUPPLIER0705,PROD0705,2025-09-09,1643.746049189368,15844.774066126976,26044784.771494377,In Transit
PO0706,SUPPLIER0706,PROD0706,2025-08-11,708.3047282814309,21391.625573226214,15151789.539142102,In Transit
PO0707,SUPPLIER0707,PROD0707,2026-01-10,1357.3007997742316,14215.08664208177,19294148.468157582,Pending
PO0708,SUPPLIER0708,PROD0708,2025-01-13,1398.1694099503852,15990.717064946422,22357731.443379696,Cancelled
PO0709,SUPPLIER0709,PROD0709,2025-01-14,1210.3193458882904,16530.34345616395,20006994.479173135,Partially Received
PO0710,SUPPLIER0710,PROD0710,2025-12-07,2230.0832814112464,9085.651908348236,20261760.421529587,In Transit
PO0711,SUPPLIER0711,PROD0711,2025-04-08,848.8574023507317,16890.93951600779,14337999.0408217,Delivered
PO0712,SUPPLIER0712,PROD0712,2025-08-15,1540.7419608043815,7248.7597371844,11168468.290869346,In Transit
PO0713,SUPPLIER0713,PROD0713,2026-08-15,2414.6184180682085,20099.5830733103,48532823.48430706,Pending
PO0714,SUPPLIER0714,PROD0714,2026-04-28,178.7865496051699,17431.052287712853,3116437.6945074843,Delivered
PO0715,SUPPLIER0715,PROD0715,2026-07-22,1553.785081916723,26081.74126142278,40525420.482410565,Delivered
PO0716,SUPPLIER0716,PROD0716,2025-08-13,1236.236275844285,15241.57988248176,18842193.951902427,Pending
PO0717,SUPPLIER0717,PROD0717,2025-02-27,483.4075142498421,3979.0020689319313,1923479.4993373638,Delivered
PO0718,SUPPLIER0718,PROD0718,2026-01-26,1508.0514643870963,25233.009766850053,38052677.32979213,Delivered
PO0719,SUPPLIER0719,PROD0719,2026-05-17,1184.365797292006,12399.405041549624,14685431.237981439,Delivered
PO0720,SUPPLIER0720,PROD0720,2025-10-12,2075.5838365086875,24668.196369456167,51200909.660265505,In Transit
PO0721,SUPPLIER0721,PROD0721,2026-03-30,964.4461956633024,3205.5043475532934,3091536.4731799504,In Transit
PO0722,SUPPLIER0722,PROD0722,2025-08-20,702.0946590014863,12218.984581860468,8578883.813345743,Delivered
PO0723,SUPPLIER0723,PROD0723,2025-11-30,1733.2151570621402,25724.898852201713,44586784.60452646,Delivered
PO0724,SUPPLIER0724,PROD0724,2025-09-22,437.4806356526244,27461.299983127275,12013786.972465925,Partially Received
PO0725,SUPPLIER0725,PROD0725,2026-02-20,899.1727373714587,7117.6604725708685,6400006.250802178,Delivered
PO0726,SUPPLIER0726,PROD0726,2026-08-27,1251.2476134854223,2003.982439950415,2507478.2454546504,Delivered
PO0727,SUPPLIER0727,PROD0727,2025-12-06,2104.297510336082,14593.861803170901,30709827.05860137,Pending
PO0728,SUPPLIER0728,PROD0728,2025-01-13,960.1615263693158,6433.237508014145,6176947.1451911945,Pending
PO0729,SUPPLIER0729,PROD0729,2026-07-30,896.4083431463672,8786.439453991727,7876237.633108595,In Transit
PO0730,SUPPLIER0730,PROD0730,2026-08-11,1172.279835541062,26641.416520648592,31231195.377406865,Delivered
PO0731,SUPPLIER0731,PROD0731,2025-01-23,1073.7760737322626,23419.71514976359,25147529.781441137,Delivered
PO0732,SUPPLIER0732,PROD0732,2026-04-26,2116.8546013894797,5319.427567508702,11260454.723038843,Pending
PO0733,SUPPLIER0733,PROD0733,2026-01-10,873.7214953277203,11379.93178968765,9942891.020013353,Delivered
PO0734,SUPPLIER0734,PROD0734,2026-08-18,1781.0652315498687,19212.292698492685,34218346.54364473,In Transit
PO0735,SUPPLIER0735,PROD0735,2025-03-28,464.67707533835255,918.2548379247312,426691.97250215703,Delivered
PO0736,SUPPLIER0736,PROD0736,2025-04-24,852.1003596996476,8825.538647391122,7520244.655985116,Delivered
PO0737,SUPPLIER0737,PROD0737,2025-07-31,1029.2805568780673,17752.765613461663,18272576.476749625,Delivered
PO0738,SUPPLIER0738,PROD0738,2025-10-20,794.7728671678982,21570.07030221761,17143306.61910662,Pending
PO0739,SUPPLIER0739,PROD0739,2025-05-10,33.34533007922127,7882.204260960676,262834.7028335781,Delivered
PO0740,SUPPLIER0740,PROD0740,2026-08-11,1761.5688512403415,9999.307112435536,17614467.943252444,Delivered
PO0741,SUPPLIER0741,PROD0741,2025-11-27,2044.0037480552833,21692.165262014434,44338867.09899212,Delivered
PO0742,SUPPLIER0742,PROD0742,2025-03-27,830.9956558667559,12626.694261395285,10492728.079177178,Pending
PO0743,SUPPLIER0743,PROD0743,2025-12-22,1156.6494052572832,16964.137209587392,19621559.214172207,Pending
PO0744,SUPPLIER0744,PROD0744,2025-02-19,1079.8126121247626,8934.294196791527,9647363.554128567,In Transit
PO0745,SUPPLIER0745,PROD0745,2025-10-23,2004.32623245418,15620.797565092613,31309174.331571504,Delivered
PO0746,SUPPLIER0746,PROD0746,2026-06-10,800.8216143066652,13885.55590056261,11119853.29183399,Delivered
PO0747,SUPPLIER0747,PROD0747,2026-04-30,2347.3946622862672,3868.827547731296,9081665.134850513,Delivered
PO0748,SUPPLIER0748,PROD0748,2026-04-25,850.5793488872423,4861.646877714333,4135216.435765952,Pending
PO0749,SUPPLIER0749,PROD0749,2025-01-31,637.2906514535715,14853.293473012729,9465865.073647363,In Transit
PO0750,SUPPLIER0750,PROD0750,2026-02-19,726.753263595588,11029.929921074137,8016037.567371256,In Transit
PO0751,SUPPLIER0751,PROD0751,2025-02-19,197.74828083171155,9876.556280238785,1953072.0249548636,Pending
PO0752,SUPPLIER0752,PROD0752,2025-11-22,946.430848449424,2117.35704197859,2003932.0217101597,Delivered
PO0753,SUPPLIER0753,PROD0753,2025-04-21,1590.1559582557434,7828.995304050867,12449323.529892722,Pending
PO0754,SUPPLIER0754,PROD0754,2026-03-17,512.4516947241044,1779.8539900429762,912089.1935589825,Partially Received
PO0755,SUPPLIER0755,PROD0755,2025-06-29,1050.5108696292748,16823.730955697192,17673512.236678407,Delivered
PO0756,SUPPLIER0756,PROD0756,2025-06-10,772.6159663181534,26079.568202915903,20149490.788256057,Pending
PO0757,SUPPLIER0757,PROD0757,2025-09-15,2428.526001832726,8229.304252610129,19985079.354456324,Partially Received
PO0758,SUPPLIER0758,PROD0758,2025-08-12,1193.3574374731566,13282.192253473018,15850402.911630372,Delivered
PO0759,SUPPLIER0759,PROD0759,2025-04-04,1408.6542026994318,24034.292524333887,33856007.173310466,Partially Received
PO0760,SUPPLIER0760,PROD0760,2026-04-28,2074.0944649704034,7888.735252429275,16361982.122680455,Partially Received
PO0761,SUPPLIER0761,PROD0761,2025-04-21,1301.4641237268202,12620.186033376665,16424719.357198017,Delivered
PO0762,SUPPLIER0762,PROD0762,2026-05-17,1640.059277527361,16139.995147938213,26470548.781622656,Delivered
PO0763,SUPPLIER0763,PROD0763,2026-08-04,1349.9877272107758,11457.68627666952,15467735.85573518,Delivered
PO0764,SUPPLIER0764,PROD0764,2026-03-18,125.6143170236195,17783.671868956215,2233883.79599109,In Transit
PO0765,SUPPLIER0765,PROD0765,2025-12-01,1024.3544826140735,4950.925810901164,5071503.047486325,Partially Received
PO0766,SUPPLIER0766,PROD0766,2025-10-28,725.4296138051358,9570.981493852947,6943073.4088218445,Cancelled
PO0767,SUPPLIER0767,PROD0767,2026-07-27,2231.0859056690397,1631.9838616481218,3641096.1920024566,Delivered
PO0768,SUPPLIER0768,PROD0768,2025-03-08,1264.3413318540986,11198.885756775579,14159214.13300353,Pending
PO0769,SUPPLIER0769,PROD0769,2026-04-03,823.0514821732246,7683.388340510189,6323824.161769384,Pending
PO0770,SUPPLIER0770,PROD0770,2026-08-09,1393.7308881534805,9186.493694347982,12803500.01563996,Cancelled
PO0771,SUPPLIER0771,PROD0771,2026-08-31,2186.969570233812,10115.539362511803,22122376.772315647,In Transit
PO0772,SUPPLIER0772,PROD0772,2026-06-15,2482.1680937865904,5077.208333296798,12602484.530416705,Partially Received
PO0773,SUPPLIER0773,PROD0773,2025-07-06,767.407985478611,16761.63757473362,12863014.524548918,Delivered
PO0774,SUPPLIER0774,PROD0774,2025-07-19,2233.7420468408504,14880.024732487132,33238136.902988285,Partially Received
PO0775,SUPPLIER0775,PROD0775,2026-06-28,333.29249048360293,23394.40842906972,7797180.64871524,Delivered
PO0776,SUPPLIER0776,PROD0776,2026-08-26,1680.093210014941,2022.6430547932785,3398228.862642065,Partially Received
PO0777,SUPPLIER0777,PROD0777,2025-07-24,1593.5082330059956,15782.74996315172,25149942.00575734,Delivered
PO0778,SUPPLIER0778,PROD0778,2026-06-16,1688.1741861536698,11882.672159801486,20060020.402703743,Partially Received
PO0779,SUPPLIER0779,PROD0779,2025-01-09,1196.0455930907715,10392.74885117085,12430201.463542074,Partially Received
PO0780,SUPPLIER0780,PROD0780,2026-04-11,905.453325261118,10958.990957128883,9922854.80363887,Partially Received
PO0781,SUPPLIER0781,PROD0781,2025-09-09,308.49555312346445,19068.879533126492,5882664.539016567,Partially Received
PO0782,SUPPLIER0782,PROD0782,2025-08-16,1022.5417682639786,22223.907597379988,22724873.772360202,Pending
PO0783,SUPPLIER0783,PROD0783,2025-02-17,824.2894039873694,13318.818686582179,10978561.116978662,Pending
PO0784,SUPPLIER0784,PROD0784,2025-11-07,997.3342527255342,12406.0199090589,12372948.595299358,In Transit
PO0785,SUPPLIER0785,PROD0785,2026-05-12,180.2443297842619,16952.908903323983,3055665.703173278,Delivered
PO0786,SUPPLIER0786,PROD0786,2026-04-25,1712.5532124342315,9971.649227700438,17076979.91816571,In Transit
PO0787,SUPPLIER0787,PROD0787,2025-08-14,1249.4813938307138,12960.997972113493,16194525.811633423,Delivered
PO0788,SUPPLIER0788,PROD0788,2025-04-02,1087.4794620379323,26560.34107013427,28883825.418493614,Pending
PO0789,SUPPLIER0789,PROD0789,2025-11-04,1163.7909178440802,2504.6885833482875,2914933.8253284926,Delivered
PO0790,SUPPLIER0790,PROD0790,2026-01-23,907.8536360808102,22389.190408868653,20326107.92159701,In Transit
PO0791,SUPPLIER0791,PROD0791,2026-02-05,1377.5358666926331,16438.04763703551,22644000.1984185,Partially Received
PO0792,SUPPLIER0792,PROD0792,2025-08-04,2298.4305755909922,10620.110907241291,24409587.625370774,In Transit
PO0793,SUPPLIER0793,PROD0793,2026-05-17,303.3439123758816,18017.13767625189,5465389.032529147,Partially Received
PO0794,SUPPLIER0794,PROD0794,2025-12-14,595.2291480085249,12597.771808929976,7498560.980635203,Partially Received
PO0795,SUPPLIER0795,PROD0795,2026-01-03,1357.9932607146684,12470.525628784368,16934889.761458725,Delivered
PO0796,SUPPLIER0796,PROD0796,2026-02-19,502.61845748425276,14486.439878924748,7281152.066383522,Pending
PO0797,SUPPLIER0797,PROD0797,2025-03-01,1717.877107787345,1773.0664631164461,3045910.287573218,Delivered
PO0798,SUPPLIER0798,PROD0798,2026-03-21,47.73410167886084,11472.333093437166,547621.5143758898,Pending
PO0799,SUPPLIER0799,PROD0799,2025-12-24,88.80257956334553,19224.68024971218,1707201.1974549433,Cancelled
PO0800,SUPPLIER0800,PROD0800,2025-05-19,697.176468073958,21138.551726017235,14737300.832543364,Delivered
PO0801,SUPPLIER0801,PROD0801,2025-03-12,2154.044569782341,4667.782034115553,10054610.543514177,Pending
PO0802,SUPPLIER0802,PROD0802,2025-07-24,1028.2996311129361,19418.824032542638,19968369.589310613,Partially Received
PO0803,SUPPLIER0803,PROD0803,2025-12-14,1095.5062186098514,8682.570304410498,9511809.761998931,Delivered
PO0804,SUPPLIER0804,PROD0804,2026-07-07,1476.0288462844537,13631.239948043036,20120103.37393652,Delivered
PO0805,SUPPLIER0805,PROD0805,2025-09-22,1603.006545282945,19301.36638924519,30940216.65486428,Delivered
PO0806,SUPPLIER0806,PROD0806,2025-12-01,2310.8746711948074,18008.21225572567,41614721.575256355,Delivered
PO0807,SUPPLIER0807,PROD0807,2025-05-14,1939.949576206868,21994.906444819164,42669009.436336644,In Transit
PO0808,SUPPLIER0808,PROD0808,2025-09-03,2020.4201045999507,17807.480589404986,35978591.795107216,Pending
PO0809,SUPPLIER0809,PROD0809,2025-08-23,862.5983015397156,12993.390788244847,11208076.825181792,Delivered
PO0810,SUPPLIER0810,PROD0810,2025-06-20,1437.8209580873593,10099.189023056588,14520825.637036566,Delivered
PO0811,SUPPLIER0811,PROD0811,2025-09-26,1063.8547540783934,8601.133122381814,9150356.362707028,Partially Received
PO0812,SUPPLIER0812,PROD0812,2025-10-16,2298.102008957563,8765.920791182258,20144980.180578817,Delivered
PO0813,SUPPLIER0813,PROD0813,2025-06-29,87.19084422935019,8897.336755901784,775766.3031399044,Partially Received
PO0814,SUPPLIER0814,PROD0814,2026-03-06,879.7234726660241,15910.093004797765,13996482.26862011,Delivered
PO0815,SUPPLIER0815,PROD0815,2025-10-10,225.58396062030448,6631.997711481414,1496072.3105807726,In Transit
PO0816,SUPPLIER0816,PROD0816,2025-01-14,1585.7953624818495,1588.6471486237083,2519269.28090749,Delivered
PO0817,SUPPLIER0817,PROD0817,2025-02-15,276.0380733489319,14892.398631573244,4110869.025803748,Delivered
PO0818,SUPPLIER0818,PROD0818,2026-08-11,1364.261838339329,13913.774003766903,18982030.900617,In Transit
PO0819,SUPPLIER0819,PROD0819,2026-07-07,847.3685554221385,15027.732675101777,12734028.128171062,Pending
PO0820,SUPPLIER0820,PROD0820,2025-09-05,949.856689615366,14733.341680925294,13994563.156015791,In Transit
PO0821,SUPPLIER0821,PROD0821,2025-06-06,1237.2813097592307,20245.014718262475,25048778.326706696,Pending
PO0822,SUPPLIER0822,PROD0822,2026-01-22,768.9892314165843,14860.98068184514,11427934.1126288,In Transit
PO0823,SUPPLIER0823,PROD0823,2025-04-21,859.6554220342857,21524.761979324037,18503878.343523353,In Transit
PO0824,SUPPLIER0824,PROD0824,2025-07-24,607.5927184419145,16015.045573142068,9730625.075756537,Delivered
PO0825,SUPPLIER0825,PROD0825,2026-06-01,2409.3703929696035,12199.822404386605,29393890.900616325,Partially Received
PO0826,SUPPLIER0826,PROD0826,2025-03-14,1737.9797841038694,8027.0831461394955,13950908.233311329,In Transit
PO0827,SUPPLIER0827,PROD0827,2025-03-15,1345.525117741026,16551.590831774003,22270581.202724002,Partially Received
PO0828,SUPPLIER0828,PROD0828,2025-11-25,363.17047399922143,4172.597928615489,1515364.3675434566,Partially Received
PO0829,SUPPLIER0829,PROD0829,2026-02-20,1043.1577687920453,21353.919017241893,22275506.516992077,In Transit
PO0830,SUPPLIER0830,PROD0830,2025-05-07,459.0162639071554,3881.594825939024,1781715.155003876,Delivered
PO0831,SUPPLIER0831,PROD0831,2025-07-24,1307.1954397486268,2993.5507877263617,3913155.9383718097,Delivered
PO0832,SUPPLIER0832,PROD0832,2025-01-13,1218.4057143228747,12518.735419095443,15252898.770722056,Pending
PO0833,SUPPLIER0833,PROD0833,2026-05-24,2094.235028650884,7206.644142164135,15092406.601541832,Delivered
PO0834,SUPPLIER0834,PROD0834,2026-07-20,1281.7483605353116,24197.381183557067,31014953.66127227,Delivered
PO0835,SUPPLIER0835,PROD0835,2025-03-01,51.98373151946933,8513.555627891263,442566.39003636653,Pending
PO0836,SUPPLIER0836,PROD0836,2026-04-08,1150.6166762508776,15313.172271924934,17619591.382379368,Delivered
PO0837,SUPPLIER0837,PROD0837,2025-08-17,248.26849010788465,8605.949322815552,2136586.044320389,Cancelled
PO0838,SUPPLIER0838,PROD0838,2026-03-23,672.5732600040028,10697.64554495347,7194950.338536652,Pending
PO0839,SUPPLIER0839,PROD0839,2026-05-17,548.8148322732541,3556.770522861356,1952008.4179386091,Delivered
PO0840,SUPPLIER0840,PROD0840,2026-04-19,1446.6549568128964,12070.690293138126,17462123.944721583,Partially Received
PO0841,SUPPLIER0841,PROD0841,2025-09-06,538.7572459490868,16926.625242915812,9119341.999085616,Delivered
PO0842,SUPPLIER0842,PROD0842,2025-08-03,107.1598964668485,14438.650424853387,1547244.2846483071,In Transit
PO0843,SUPPLIER0843,PROD0843,2026-02-19,1093.3383243751587,25735.523753405538,28137634.417465504,In Transit
PO0844,SUPPLIER0844,PROD0844,2025-10-12,1890.4741874866795,6421.083575574128,12138892.755317563,Partially Received
PO0845,SUPPLIER0845,PROD0845,2026-08-22,2218.255228269045,22107.997387255105,49041180.79083702,In Transit
PO0846,SUPPLIER0846,PROD0846,2025-07-22,1619.2085211961332,3064.9583140264467,4962806.619182557,Pending
PO0847,SUPPLIER0847,PROD0847,2026-04-16,308.12021390224066,11202.846968048358,3451823.6041091285,Delivered
PO0848,SUPPLIER0848,PROD0848,2025-02-23,1192.06956019586,10264.699415750973,12236235.718076963,Delivered
PO0849,SUPPLIER0849,PROD0849,2025-07-01,1692.1881772275915,18435.170751849906,31195777.9914523,Delivered
PO0850,SUPPLIER0850,PROD0850,2026-07-09,769.9751039595538,8210.290568267796,6321719.33384014,Partially Received
PO0851,SUPPLIER0851,PROD0851,2026-08-16,1996.1855023657613,18278.249441465665,36486776.543678835,Delivered
PO0852,SUPPLIER0852,PROD0852,2026-01-14,2459.8613975249486,3057.684375235502,7521479.760457002,Partially Received
PO0853,SUPPLIER0853,PROD0853,2025-10-03,1251.1263780177865,7330.692010919981,9171622.14398624,Partially Received
PO0854,SUPPLIER0854,PROD0854,2025-05-07,2359.7034590609846,9784.834223250491,23089307.162942488,Partially Received
PO0855,SUPPLIER0855,PROD0855,2026-04-19,923.8967390646033,2459.9005079015947,2272694.0576736447,In Transit
PO0856,SUPPLIER0856,PROD0856,2026-05-05,1545.197436488269,4359.074634916198,6735630.951333546,In Transit
PO0857,SUPPLIER0857,PROD0857,2026-08-26,1036.9023677492785,15278.483220405113,15842295.426855683,Delivered
PO0858,SUPPLIER0858,PROD0858,2025-03-30,1674.1729118846868,1026.1804024501976,1718003.432489047,Delivered
PO0859,SUPPLIER0859,PROD0859,2025-12-17,455.1218358499135,10449.088233583469,4755608.219826238,Pending
PO0860,SUPPLIER0860,PROD0860,2026-04-23,493.62227862119397,13824.5628306294,6824112.205397148,In Transit
PO0861,SUPPLIER0861,PROD0861,2026-02-23,2128.7500054405223,26557.135622952697,56533502.60184524,In Transit
PO0862,SUPPLIER0862,PROD0862,2025-03-07,2045.3452681348697,18688.517832624075,38224471.51741178,Cancelled
PO0863,SUPPLIER0863,PROD0863,2025-03-12,423.17007518400186,11838.227203008833,5009583.495542544,Partially Received
PO0864,SUPPLIER0864,PROD0864,2025-02-26,1007.9928375180295,23179.29157821356,23364559.889581252,In Transit
PO0865,SUPPLIER0865,PROD0865,2025-12-05,1732.6758404658046,1750.3943652942235,3032866.0280327774,In Transit
PO0866,SUPPLIER0866,PROD0866,2025-10-15,580.4662378682889,16551.44189336202,9607553.20713544,In Transit
PO0867,SUPPLIER0867,PROD0867,2025-10-28,2251.6904098924265,21541.536504734977,48504871.16205937,Delivered
PO0868,SUPPLIER0868,PROD0868,2025-05-24,1028.3069927064375,8282.455196050196,8516906.594876185,Delivered
PO0869,SUPPLIER0869,PROD0869,2026-05-05,370.0800685687858,1326.066381831672,490750.7375150269,Delivered
PO0870,SUPPLIER0870,PROD0870,2025-04-21,1528.524243969535,13971.383040627386,21355597.699383758,Delivered
PO0871,SUPPLIER0871,PROD0871,2025-08-20,1057.4001619549858,5066.973402388663,5357818.496307378,Delivered
PO0872,SUPPLIER0872,PROD0872,2025-06-30,1950.2941809527647,4361.888225297773,8506965.223764628,Partially Received
PO0873,SUPPLIER0873,PROD0873,2025-02-27,463.1094501644923,12786.887410028894,5921728.39777375,In Transit
PO0874,SUPPLIER0874,PROD0874,2025-07-19,557.136677848072,25119.903612827675,13995219.646714594,Partially Received
PO0875,SUPPLIER0875,PROD0875,2025-11-22,731.0685215400327,15999.829629278762,11696971.791969234,Delivered
PO0876,SUPPLIER0876,PROD0876,2026-07-05,2280.5480205397575,13900.096802375987,31699838.24796957,Delivered
PO0877,SUPPLIER0877,PROD0877,2026-08-16,1064.4551287805843,3005.628634551348,3199356.815257967,Delivered
PO0878,SUPPLIER0878,PROD0878,2026-02-26,569.0427617220673,14951.131492014827,8507833.15508589,Delivered
PO0879,SUPPLIER0879,PROD0879,2025-01-18,501.1864348346619,11031.920248927228,5529048.778940153,Partially Received
PO0880,SUPPLIER0880,PROD0880,2026-08-18,215.6429839102088,12929.500540373661,2788156.0769948335,Delivered
PO0881,SUPPLIER0881,PROD0881,2026-08-03,1526.371254948591,14025.522513828844,21408154.40074265,Delivered
PO0882,SUPPLIER0882,PROD0882,2025-07-30,1966.3041897787448,6530.32412818983,12840603.693872891,Delivered
PO0883,SUPPLIER0883,PROD0883,2025-03-16,1452.2700247078187,15944.566348288034,23155815.764583718,Delivered
PO0884,SUPPLIER0884,PROD0884,2025-03-18,437.80103595004186,20418.96694047227,8939444.879568417,Delivered
PO0885,SUPPLIER0885,PROD0885,2025-03-09,568.4876116310469,21070.15833269244,11978123.987240328,Delivered
PO0886,SUPPLIER0886,PROD0886,2025-05-30,1519.636676313394,13102.03795016179,19910337.403515816,In Transit
PO0887,SUPPLIER0887,PROD0887,2025-07-06,1224.343395422964,8855.357773721327,10841998.80436311,Delivered
PO0888,SUPPLIER0888,PROD0888,2025-03-04,583.362708855467,8618.572617409038,5027753.868559289,Pending
PO0889,SUPPLIER0889,PROD0889,2025-02-05,1822.251314203476,9599.04011383014,17491863.46251886,Pending
PO0890,SUPPLIER0890,PROD0890,2025-05-25,1670.4283239085119,11005.921011600567,18384602.18847741,Delivered
PO0891,SUPPLIER0891,PROD0891,2026-05-04,110.23033947061586,6054.592035594146,667399.7354396299,Delivered
PO0892,SUPPLIER0892,PROD0892,2025-11-17,812.1130043681765,7095.872704968544,5762650.5010461435,Delivered
PO0893,SUPPLIER0893,PROD0893,2025-11-12,435.0137795278516,26331.299118485073,11454477.94941058,Delivered
PO0894,SUPPLIER0894,PROD0894,2025-11-08,2026.56221775855,9254.907747806952,18755646.370546445,Delivered
PO0895,SUPPLIER0895,PROD0895,2025-09-18,735.1551684065187,26791.695298688148,19696053.26920322,Pending
PO0896,SUPPLIER0896,PROD0896,2025-03-18,1723.3278115189726,8296.677193764908,14297894.55121025,In Transit
PO0897,SUPPLIER0897,PROD0897,2026-08-18,286.78291041316857,15322.634766064002,4394269.793409835,In Transit
PO0898,SUPPLIER0898,PROD0898,2026-05-27,1214.6016110260193,8214.155908485382,9976926.99966524,Partially Received
PO0899,SUPPLIER0899,PROD0899,2026-05-28,665.9242409616954,15851.493127995529,10555893.529369954,Delivered
PO0900,SUPPLIER0900,PROD0900,2026-01-02,849.5099775659653,10060.643684411967,8546617.190643981,Delivered
PO0901,SUPPLIER0901,PROD0901,2025-06-29,1596.6086209908383,20030.900361986776,31981508.20415659,Pending
PO0902,SUPPLIER0902,PROD0902,2025-11-24,896.5424520003218,12318.821208911751,11044346.17239131,Delivered
PO0903,SUPPLIER0903,PROD0903,2026-08-22,1197.9842513853898,21775.94131238483,26087234.751329526,In Transit
PO0904,SUPPLIER0904,PROD0904,2025-10-27,680.3685502873724,17414.778052873695,11848467.297410026,In Transit
PO0905,SUPPLIER0905,PROD0905,2025-08-26,2348.221738477758,18249.58183760559,42854064.78919432,Delivered
PO0906,SUPPLIER0906,PROD0906,2026-04-17,2180.123675368139,25711.282980545093,56053776.749976255,Partially Received
PO0907,SUPPLIER0907,PROD0907,2025-04-29,890.3783829347642,25593.21361200226,22787644.149958566,Delivered
PO0908,SUPPLIER0908,PROD0908,2026-08-15,795.7783666796091,13030.309662010173,10369238.540163985,Delivered
PO0909,SUPPLIER0909,PROD0909,2025-07-27,2187.8562265248443,9120.294217662422,19953892.491851263,Delivered
PO0910,SUPPLIER0910,PROD0910,2026-03-18,962.8066393238745,15212.380580069621,14646581.022412604,In Transit
PO0911,SUPPLIER0911,PROD0911,2025-11-23,950.1200004946498,13377.73535584292,12710453.92291077,Pending
PO0912,SUPPLIER0912,PROD0912,2026-01-27,1773.8988720239463,15417.471210343869,27349034.789490655,Partially Received
PO0913,SUPPLIER0913,PROD0913,2026-07-30,551.5027199990038,8958.52655475047,4940651.762128188,In Transit
PO0914,SUPPLIER0914,PROD0914,2025-09-24,1368.2466592523353,17332.16419291859,23714675.75457381,Partially Received
PO0915,SUPPLIER0915,PROD0915,2026-06-30,2486.5412134789417,5381.0924862051625,13380308.240491001,Partially Received
PO0916,SUPPLIER0916,PROD0916,2026-01-03,62.99544542056542,15448.431338998525,973180.813249234,Partially Received
PO0917,SUPPLIER0917,PROD0917,2026-03-26,309.4755885214717,11470.12659415478,3549724.1781418347,Pending
PO0918,SUPPLIER0918,PROD0918,2025-04-14,466.14468052682076,16211.234942035602,7556780.933000419,Delivered
PO0919,SUPPLIER0919,PROD0919,2026-01-18,1261.9025685279867,844.1744688601619,1065265.9305403873,Pending
PO0920,SUPPLIER0920,PROD0920,2026-01-21,475.9577776054396,1596.4588206248438,759846.9923032018,In Transit
PO0921,SUPPLIER0921,PROD0921,2025-07-12,1335.8239079544157,19061.724531740383,25463107.356339995,Delivered
PO0922,SUPPLIER0922,PROD0922,2026-03-24,910.8516462255642,14818.653591638249,13497595.018790068,Partially Received
PO0923,SUPPLIER0923,PROD0923,2025-07-19,2236.057165995314,14144.410208691002,31627709.80592079,Partially Received
PO0924,SUPPLIER0924,PROD0924,2026-05-19,370.80997332855696,10848.989864235891,4022913.642199096,Partially Received
PO0925,SUPPLIER0925,PROD0925,2026-01-19,1453.3843182968606,4974.882119305384,7230415.6575738955,Partially Received
PO0926,SUPPLIER0926,PROD0926,2025-07-12,1159.525187778055,19118.32633663974,22168180.93549433,Partially Received
PO0927,SUPPLIER0927,PROD0927,2026-05-27,1972.377711060724,12189.893158293262,24043073.565629244,Delivered
PO0928,SUPPLIER0928,PROD0928,2025-01-31,581.7406342736389,11279.681219561358,6561848.9070720775,Pending
PO0929,SUPPLIER0929,PROD0929,2026-07-21,1986.1793818836943,7893.372611950601,15677653.935381725,Pending
PO0930,SUPPLIER0930,PROD0930,2026-04-23,886.1310287409088,18714.877346897847,16583833.51616652,Pending
PO0931,SUPPLIER0931,PROD0931,2025-08-23,1773.840049274255,12090.863392654463,21447257.71619448,In Transit
PO0932,SUPPLIER0932,PROD0932,2026-07-30,1038.258686055515,14892.797499269149,15462576.363282045,Cancelled
PO0933,SUPPLIER0933,PROD0933,2026-02-13,825.5855708691497,4661.055049268184,3848099.7937026066,Partially Received
PO0934,SUPPLIER0934,PROD0934,2026-04-17,2279.4110823576175,11158.720479229483,25435311.12528659,Partially Received
PO0935,SUPPLIER0935,PROD0935,2025-07-30,1682.3623421347968,10375.63884873491,17455584.07470245,Delivered
PO0936,SUPPLIER0936,PROD0936,2026-08-01,1132.5410849227494,8497.45082951501,9623712.181536647,Partially Received
PO0937,SUPPLIER0937,PROD0937,2025-03-18,1096.0789226340587,4130.137773745682,4526956.961377397,In Transit
PO0938,SUPPLIER0938,PROD0938,2025-11-11,2113.802568441441,12522.640439306113,26470389.524273917,Delivered
PO0939,SUPPLIER0939,PROD0939,2026-06-23,1585.1863986532555,11501.7854450544,18232473.847728215,Delivered
PO0940,SUPPLIER0940,PROD0940,2025-12-14,1441.4822722006036,20287.08249235201,29243469.76739666,In Transit
PO0941,SUPPLIER0941,PROD0941,2025-10-18,1064.124735371681,12028.853672136567,12800200.730686998,In Transit
PO0942,SUPPLIER0942,PROD0942,2025-06-27,1638.0022502656468,9078.581593891322,14870737.080014268,Partially Received
PO0943,SUPPLIER0943,PROD0943,2025-05-18,935.7946138480706,23303.569166717047,21807354.509649783,Delivered
PO0944,SUPPLIER0944,PROD0944,2026-08-04,682.0929981632801,22410.05036315481,15285738.441194367,In Transit
PO0945,SUPPLIER0945,PROD0945,2025-06-24,1057.5124337668576,23006.63766702102,24329805.392043658,Delivered
PO0946,SUPPLIER0946,PROD0946,2025-07-14,612.5734138891122,3889.139274782588,2382383.322643796,Delivered
PO0947,SUPPLIER0947,PROD0947,2026-01-17,1059.5571480058038,23892.588534627415,25315562.966225993,Delivered
PO0948,SUPPLIER0948,PROD0948,2025-01-20,1954.2035159652012,1249.9711319533453,2442697.98091823,Pending
PO0949,SUPPLIER0949,PROD0949,2025-09-19,1196.0404828235216,6189.119920097524,7402437.977486119,In Transit
PO0950,SUPPLIER0950,PROD0950,2026-02-05,2337.9379251907467,3008.560739514132,7033828.253150008,Delivered
PO0951,SUPPLIER0951,PROD0951,2026-02-10,1587.8098761520873,5512.7645438530235,8753221.987630887,In Transit
PO0952,SUPPLIER0952,PROD0952,2025-05-31,605.455382833513,21053.866841697683,12747177.008765876,Delivered
PO0953,SUPPLIER0953,PROD0953,2026-05-02,1083.348079603205,24983.779695479523,27066129.754327286,Pending
PO0954,SUPPLIER0954,PROD0954,2025-09-18,1692.0118646632793,14397.805684050572,24361258.04252997,Delivered
PO0955,SUPPLIER0955,PROD0955,2025-05-23,800.0817710090757,10301.463635487318,8242013.269466286,Delivered
PO0956,SUPPLIER0956,PROD0956,2026-08-01,1804.074408458727,2339.833937011906,4221234.525806408,Delivered
PO0957,SUPPLIER0957,PROD0957,2025-09-01,1050.39762279022,12950.213632408393,13602873.614107277,Pending
PO0958,SUPPLIER0958,PROD0958,2026-02-27,1752.6089898559844,2124.567782978794,3723536.596007033,Partially Received
PO0959,SUPPLIER0959,PROD0959,2025-08-12,835.8382210158014,3503.4851416251054,2928346.788131221,Delivered
PO0960,SUPPLIER0960,PROD0960,2026-08-24,1245.463983730182,14668.587035873217,18269196.84539156,Pending
PO0961,SUPPLIER0961,PROD0961,2025-06-20,1287.578000268568,23442.425954265935,30183951.93163771,In Transit
PO0962,SUPPLIER0962,PROD0962,2025-12-30,1483.5152918825033,22022.10846333119,32670134.66484692,Cancelled
PO0963,SUPPLIER0963,PROD0963,2026-03-15,177.67473395441183,7531.195694356288,1338103.1913533653,Pending
PO0964,SUPPLIER0964,PROD0964,2025-03-12,1091.5241757145407,9394.5907094326,10254422.880288899,Pending
PO0965,SUPPLIER0965,PROD0965,2026-03-30,2363.9390162912327,2699.4444169820817,6381321.979613483,Delivered
PO0966,SUPPLIER0966,PROD0966,2025-12-31,1581.885774978565,8015.842303842407,12680146.914919712,Cancelled
PO0967,SUPPLIER0967,PROD0967,2025-12-04,1387.5668693029963,14246.274097102452,19767657.94814882,Delivered
PO0968,SUPPLIER0968,PROD0968,2025-06-10,1826.587837395773,4318.177491421509,7887530.485546719,Pending
PO0969,SUPPLIER0969,PROD0969,2026-04-08,1495.9392087913848,14333.534285381784,21442095.938058212,In Transit
PO0970,SUPPLIER0970,PROD0970,2025-08-25,939.3249418644433,19543.205503579145,18357420.37349435,Delivered
PO0971,SUPPLIER0971,PROD0971,2025-12-24,1038.8625022386495,7633.0298167798,7929668.455122083,Pending
PO0972,SUPPLIER0972,PROD0972,2025-01-12,613.3724398586206,4748.532071778107,2912618.7026134483,Delivered
PO0973,SUPPLIER0973,PROD0973,2025-05-22,310.66699896580764,14869.22285720822,4619376.842002669,In Transit
PO0974,SUPPLIER0974,PROD0974,2026-02-01,1409.8566950653956,7449.526790118435,10502765.220117502,Delivered
PO0975,SUPPLIER0975,PROD0975,2026-03-02,486.5444272515234,4494.438381128554,2186743.9479634566,Delivered
PO0976,SUPPLIER0976,PROD0976,2025-08-25,1110.504300792449,13847.804225532298,15378046.148985464,Delivered
PO0977,SUPPLIER0977,PROD0977,2026-05-07,763.3259895300303,19531.579418564845,14908962.186760383,Delivered
PO0978,SUPPLIER0978,PROD0978,2026-05-16,1686.1620280210834,16552.644484368524,27910440.592874832,In Transit
PO0979,SUPPLIER0979,PROD0979,2025-12-19,745.6968480078336,8454.813020507694,6304727.419888179,Pending
PO0980,SUPPLIER0980,PROD0980,2026-07-27,740.2164102337969,16467.170562685988,12189269.880619075,In Transit
PO0981,SUPPLIER0981,PROD0981,2025-06-22,2451.9162604214066,10503.181719733297,25752922.044774942,Partially Received
PO0982,SUPPLIER0982,PROD0982,2026-07-13,886.2878039511407,11817.45434476572,10473665.659515277,Delivered
PO0983,SUPPLIER0983,PROD0983,2026-02-21,1497.09792879155,7313.751837756863,10949402.728001192,Partially Received
PO0984,SUPPLIER0984,PROD0984,2025-12-23,44.59728905076404,5959.95759544705,265797.9516144487,Partially Received
PO0985,SUPPLIER0985,PROD0985,2026-08-15,1091.8996166102681,12627.350220662736,13787798.864745226,Partially Received
PO0986,SUPPLIER0986,PROD0986,2025-05-14,1641.518288740934,17748.878290196557,29135108.317994565,Delivered
PO0987,SUPPLIER0987,PROD0987,2026-03-31,973.3073537021661,1446.2091651536398,1407606.015435508,Delivered
PO0988,SUPPLIER0988,PROD0988,2025-02-26,157.33991363259614,12472.920325640574,1962488.2067825408,Delivered
PO0989,SUPPLIER0989,PROD0989,2025-01-01,1086.0068198309013,10651.89097706823,11568026.245191341,Cancelled
PO0990,SUPPLIER0990,PROD0990,2025-03-12,1814.805429979898,4375.268263331461,7940260.601912653,In Transit
PO0991,SUPPLIER0991,PROD0991,2025-09-29,756.1565003783578,13640.078466703866,10314033.998268992,Partially Received
PO0992,SUPPLIER0992,PROD0992,2025-03-14,2379.089762789113,15816.022910416417,37627738.19420977,Delivered
PO0993,SUPPLIER0993,PROD0993,2026-08-10,824.3865646831993,14745.90565280513,12156326.50425859,Delivered
PO0994,SUPPLIER0994,PROD0994,2026-07-23,1570.3169312635039,3048.3145217621336,4786819.905339489,Pending
PO0995,SUPPLIER0995,PROD0995,2025-08-13,1812.138912217944,16194.62170469369,29346904.15972473,Delivered
PO0996,SUPPLIER0996,PROD0996,2026-03-03,1173.4492123222635,17061.522662945186,20020830.32985148,Partially Received
PO0997,SUPPLIER0997,PROD0997,2026-08-27,198.39472910726462,8634.143580900654,1712968.576806013,Partially Received
PO0998,SUPPLIER0998,PROD0998,2025-04-12,205.87185014089349,15871.974214883967,3267592.697006718,Pending
PO0999,SUPPLIER0999,PROD0999,2026-04-07,1405.8269153730607,20616.980619729988,28983906.268941183,Delivered
PO1000,SUPPLIER1000,PROD1000,2026-07-15,1408.1708058287754,7004.767078034555,9863908.500918796,Delivered
PO1001,SUPPLIER1001,PROD1001,2026-01-20,2051.217884307267,4901.319847463076,10053674.927826429,Delivered
PO1002,SUPPLIER1002,PROD1002,2025-03-16,378.3928171450936,11336.968602942114,4289827.4875527425,Partially Received
PO1003,SUPPLIER1003,PROD1003,2025-01-31,1546.6749962819747,8996.274402301095,13914312.67773067,In Transit
PO1004,SUPPLIER1004,PROD1004,2026-06-23,730.3831838623958,5294.719732084183,3867174.2555786967,Delivered
PO1005,SUPPLIER1005,PROD1005,2025-12-22,929.6055973466471,13284.013239734424,12348893.062884089,Delivered
PO1006,SUPPLIER1006,PROD1006,2025-02-12,1168.9986555054445,6617.367695389885,7735693.938895937,Partially Received
PO1007,SUPPLIER1007,PROD1007,2026-06-01,1804.9266068420425,22726.68041086241,41019990.158761404,Delivered
PO1008,SUPPLIER1008,PROD1008,2025-08-04,679.6905076332338,10145.315196181624,6895674.435791848,Partially Received
PO1009,SUPPLIER1009,PROD1009,2025-02-10,2005.2130114205022,23656.11716292517,47435553.9347854,Delivered
PO1010,SUPPLIER1010,PROD1010,2026-07-05,282.23756467886454,1980.4406474303048,558954.745321763,Partially Received
PO1011,SUPPLIER1011,PROD1011,2025-06-16,1648.1935452899838,11724.116159679284,19323612.57861339,In Transit
PO1012,SUPPLIER1012,PROD1012,2025-05-01,303.43853128591746,23258.348845865192,7057479.213924848,Delivered
PO1013,SUPPLIER1013,PROD1013,2025-04-01,591.1444923269067,9380.140396147799,5545018.3324359,In Transit
PO1014,SUPPLIER1014,PROD1014,2025-12-16,1806.0333112298306,14532.192586204319,26245623.89589218,Pending
PO1015,SUPPLIER1015,PROD1015,2026-07-03,1108.9105222479532,13410.332194180046,14870858.476966735,Delivered
PO1016,SUPPLIER1016,PROD1016,2026-04-19,272.0403033242043,14805.944943103812,4027813.7533234293,Delivered
PO1017,SUPPLIER1017,PROD1017,2025-12-06,1552.319615978733,4267.9265152168355,6625186.04912685,Delivered
PO1018,SUPPLIER1018,PROD1018,2025-04-27,257.3417555785112,20791.848228518204,5350610.724848833,Delivered
PO1019,SUPPLIER1019,PROD1019,2025-05-28,1081.1684860636547,6145.021883668841,6643804.006794268,Cancelled
PO1020,SUPPLIER1020,PROD1020,2025-10-15,1368.9344010227449,3049.2005560022676,4174155.536729185,Delivered
PO1021,SUPPLIER1021,PROD1021,2025-12-28,152.3184425296581,18218.75068033085,2775051.7284641443,Partially Received
PO1022,SUPPLIER1022,PROD1022,2025-05-04,1725.2968711934252,17282.27407398805,29817053.386958834,Delivered
PO1023,SUPPLIER1023,PROD1023,2025-11-27,2199.379563967988,12934.65371640438,28448213.05086238,In Transit
PO1024,SUPPLIER1024,PROD1024,2025-01-11,1866.1554889295394,5047.402355762472,9419237.611042025,Delivered
PO1025,SUPPLIER1025,PROD1025,2025-11-21,156.9867158456215,5252.151701211272,824518.0466961514,Delivered
PO1026,SUPPLIER1026,PROD1026,2026-06-30,1929.8734834532866,18444.133036526204,35594843.272476666,Pending
PO1027,SUPPLIER1027,PROD1027,2025-05-02,888.484524437618,12966.41455833384,11520458.672522249,Pending
PO1028,SUPPLIER1028,PROD1028,2025-11-22,464.86176006310194,26358.539668421246,12253077.142955393,Delivered
PO1029,SUPPLIER1029,PROD1029,2026-05-10,2371.3230575313214,23438.26983492749,55579709.6882044,In Transit
PO1030,SUPPLIER1030,PROD1030,2026-02-11,1322.7523367813435,16534.710844356636,21871327.40737656,In Transit
PO1031,SUPPLIER1031,PROD1031,2025-02-16,1452.9997441372693,18354.554569483014,26669163.093212366,In Transit
PO1032,SUPPLIER1032,PROD1032,2025-04-02,1897.4709478677833,19532.0834660775,37061560.92821073,In Transit
PO1033,SUPPLIER1033,PROD1033,2025-06-26,976.0186675157772,6362.129565318461,6209557.220904855,Delivered
PO1034,SUPPLIER1034,PROD1034,2026-05-02,2429.456916205435,9561.474264469993,23229189.780936897,Partially Received
PO1035,SUPPLIER1035,PROD1035,2025-03-16,702.9256368077764,17005.43856980065,11953558.735872645,Partially Received
PO1036,SUPPLIER1036,PROD1036,2026-05-06,2203.757167356968,17904.91529999038,39458085.423273236,Partially Received
PO1037,SUPPLIER1037,PROD1037,2026-05-03,1761.443585406893,25068.18204844023,44156188.46703727,In Transit
PO1038,SUPPLIER1038,PROD1038,2025-10-02,1401.9409432254813,5557.012594647195,7790603.478455569,In Transit
PO1039,SUPPLIER1039,PROD1039,2025-12-12,1109.193601944117,9354.3865692034,10375825.73267239,Partially Received
PO1040,SUPPLIER1040,PROD1040,2026-07-03,2486.176909586188,15401.704814542323,38291362.878177546,Partially Received
PO1041,SUPPLIER1041,PROD1041,2026-02-02,1553.643647771219,6198.208944252484,9629807.953796625,Delivered
PO1042,SUPPLIER1042,PROD1042,2025-04-12,1242.7632849255365,8234.086776801369,10233020.73109959,Delivered
PO1043,SUPPLIER1043,PROD1043,2026-05-11,2023.7753605281048,6215.870129326599,12579524.811973816,Delivered
PO1044,SUPPLIER1044,PROD1044,2026-03-30,40.90222019405485,16205.185353958797,662828.0596330954,Delivered
PO1045,SUPPLIER1045,PROD1045,2025-10-21,1329.0527706690816,14834.301866279222,19715569.996319927,Partially Received
PO1046,SUPPLIER1046,PROD1046,2025-04-20,1408.03110253822,18359.004448145428,25850049.274626292,In Transit
PO1047,SUPPLIER1047,PROD1047,2026-07-27,2059.4538768149464,1842.4752176660757,3794492.729957862,Cancelled
PO1048,SUPPLIER1048,PROD1048,2025-06-02,1999.5439110988762,24434.336116210154,48857528.002911374,In Transit
PO1049,SUPPLIER1049,PROD1049,2025-08-14,1271.8664297841146,25486.79188105324,32415794.996405944,Delivered
PO1050,SUPPLIER1050,PROD1050,2025-09-28,71.89384615583907,15119.472393456072,1086997.0222125868,Delivered
PO1051,SUPPLIER1051,PROD1051,2025-02-20,467.26900439830905,13514.972094835863,6315127.555224882,In Transit
PO1052,SUPPLIER1052,PROD1052,2025-03-20,1195.2622348395457,22262.728100583477,26609798.143128563,Delivered
PO1053,SUPPLIER1053,PROD1053,2026-04-12,1535.1755262926276,17758.86997934025,27262982.56689601,Delivered
PO1054,SUPPLIER1054,PROD1054,2026-02-06,833.8029912592343,7422.280827779097,6188719.956168277,Partially Received
PO1055,SUPPLIER1055,PROD1055,2025-10-19,549.0669444284555,7941.057967988485,4360172.4340126775,Delivered
PO1056,SUPPLIER1056,PROD1056,2025-08-03,2470.454977107715,12979.96774079529,32066425.907945305,In Transit
PO1057,SUPPLIER1057,PROD1057,2026-08-15,1174.13460166922,1243.0677802233768,1459528.892980416,Delivered
PO1058,SUPPLIER1058,PROD1058,2025-12-08,2016.4687733200794,11887.80622982583,23971390.04572369,Pending
PO1059,SUPPLIER1059,PROD1059,2026-08-09,725.5399640483735,7505.953260251115,5445869.058591366,Delivered
PO1060,SUPPLIER1060,PROD1060,2025-10-05,2209.7476509806415,22452.89112879728,49615223.42958388,Delivered
PO1061,SUPPLIER1061,PROD1061,2025-11-22,486.9061369644665,2438.1903260671934,1187169.83284951,Partially Received
PO1062,SUPPLIER1062,PROD1062,2025-03-20,2213.4655471740552,11009.910613222626,24370057.81983426,Partially Received
PO1063,SUPPLIER1063,PROD1063,2026-07-05,1299.1991984320882,13241.75057266153,17203671.729839507,Delivered
PO1064,SUPPLIER1064,PROD1064,2025-11-27,209.65659824662504,10957.81609460108,2297378.44660618,Delivered
PO1065,SUPPLIER1065,PROD1065,2025-06-06,2417.9048735173633,15788.432739687569,38174928.46649167,Delivered
PO1066,SUPPLIER1066,PROD1066,2026-01-18,1621.0869085685868,19498.481005499987,31608732.294989284,In Transit
PO1067,SUPPLIER1067,PROD1067,2025-02-19,969.5383198441587,16348.186806139718,15850193.568523144,Partially Received
PO1068,SUPPLIER1068,PROD1068,2026-02-21,1993.354257582622,16297.586693699166,32486863.82420712,Delivered
PO1069,SUPPLIER1069,PROD1069,2026-04-08,469.5759002532387,4353.487187175521,2044292.665158885,In Transit
PO1070,SUPPLIER1070,PROD1070,2025-04-18,492.4837276066225,2046.8039392944152,1008017.6337036326,Delivered
PO1071,SUPPLIER1071,PROD1071,2025-04-19,1000.633371144957,6262.259033230945,6266225.367404839,Pending
PO1072,SUPPLIER1072,PROD1072,2025-05-01,1492.0216022238158,19731.414902694713,29439697.27726144,Delivered
PO1073,SUPPLIER1073,PROD1073,2026-06-30,712.4066511729743,12852.93894907348,9156519.194440125,Delivered
PO1074,SUPPLIER1074,PROD1074,2026-05-12,726.380362379638,18424.822882554654,13383429.522210695,Delivered
PO1075,SUPPLIER1075,PROD1075,2025-01-24,492.05211012870325,9684.147012598754,4765104.972345795,Delivered
PO1076,SUPPLIER1076,PROD1076,2026-05-26,237.7978721972271,5345.61862874055,1271176.7354923617,Delivered
PO1077,SUPPLIER1077,PROD1077,2025-04-13,188.12321411098705,23013.689026197433,4329409.148159013,In Transit
PO1078,SUPPLIER1078,PROD1078,2025-09-03,835.5971467848129,7835.243417170005,6547107.043751745,Cancelled
PO1079,SUPPLIER1079,PROD1079,2025-12-04,806.398012376168,22161.622366078307,17871088.227036778,In Transit
PO1080,SUPPLIER1080,PROD1080,2025-06-02,644.2088583213169,23832.41235882393,15353051.156720808,Partially Received
PO1081,SUPPLIER1081,PROD1081,2026-03-02,511.3433015223279,7892.889866174333,4035976.3627217086,Delivered
PO1082,SUPPLIER1082,PROD1082,2026-07-22,422.87075893197664,2000.4035875800935,845912.183250243,In Transit
PO1083,SUPPLIER1083,PROD1083,2025-09-14,731.8235330913701,20709.6878136822,15155836.905028202,Partially Received
PO1084,SUPPLIER1084,PROD1084,2025-08-15,115.52023884412175,5375.254226184874,620950.6520567514,In Transit
PO1085,SUPPLIER1085,PROD1085,2025-11-23,1241.0414861542622,11246.774031990011,13957713.159102047,Partially Received
PO1086,SUPPLIER1086,PROD1086,2025-03-09,1915.2331455276442,19632.40060337929,37600624.36186894,In Transit
PO1087,SUPPLIER1087,PROD1087,2025-07-06,2406.996218027447,7907.927296528508,19034351.09518013,In Transit
PO1088,SUPPLIER1088,PROD1088,2025-08-17,1732.9014073424678,14293.86772614355,24769863.49900124,Cancelled
PO1089,SUPPLIER1089,PROD1089,2026-08-01,1541.2054148975462,22330.978476086457,34416624.947305,Pending
PO1090,SUPPLIER1090,PROD1090,2025-03-09,851.7483762813279,22268.091246497934,18966810.562089067,Delivered
PO1091,SUPPLIER1091,PROD1091,2025-03-29,2083.150975066708,9448.48191714623,19682614.318603326,Delivered
PO1092,SUPPLIER1092,PROD1092,2025-03-16,1826.5253480208812,15863.623191586408,28975309.870884486,Delivered
PO1093,SUPPLIER1093,PROD1093,2025-01-17,392.2370242500442,8378.228467673667,3286251.402647327,In Transit
PO1094,SUPPLIER1094,PROD1094,2026-07-07,603.0863416857928,6301.855103928235,3800562.740462021,Delivered
PO1095,SUPPLIER1095,PROD1095,2025-10-29,858.484274405265,11020.415265350943,9460853.20271951,Delivered
PO1096,SUPPLIER1096,PROD1096,2026-04-06,1312.2449109814322,19500.474233380133,25589398.074477624,Delivered
PO1097,SUPPLIER1097,PROD1097,2026-04-26,374.48198932870787,4327.757551342726,1620667.2571591618,Partially Received
PO1098,SUPPLIER1098,PROD1098,2025-10-28,510.7284964392884,4798.180061681567,2450567.2885475988,Delivered
PO1099,SUPPLIER1099,PROD1099,2026-01-20,871.7610122871432,14322.83015798293,12486084.917340022,Pending
PO1100,SUPPLIER1100,PROD1100,2025-04-02,842.049903040195,18991.231859499938,15991564.945905784,Pending
PO1101,SUPPLIER1101,PROD1101,2025-11-01,867.6400969331573,11220.216410501545,9735109.654018564,Pending
PO1102,SUPPLIER1102,PROD1102,2026-07-26,1765.7331934925026,14037.653471405998,24786750.693206828,Delivered
PO1103,SUPPLIER1103,PROD1103,2026-02-15,1482.5686980127682,16014.958169804908,23743275.682536606,Pending
PO1104,SUPPLIER1104,PROD1104,2025-01-05,1036.5105304113276,13429.218685239419,13919526.582447222,Cancelled
PO1105,SUPPLIER1105,PROD1105,2025-12-14,991.8333265217758,17846.724180107267,17700975.8110724,In Transit
PO1106,SUPPLIER1106,PROD1106,2025-01-10,2005.336653281877,9033.243576985877,18114694.44295287,Pending
PO1107,SUPPLIER1107,PROD1107,2026-07-17,2360.324438401462,22026.07634050934,51988686.268600434,Partially Received
PO1108,SUPPLIER1108,PROD1108,2026-06-18,1500.2630285547023,20549.972673945034,30830364.24052915,Delivered
PO1109,SUPPLIER1109,PROD1109,2025-01-28,780.0644460284913,13426.78813249964,10473760.046520252,Pending
PO1110,SUPPLIER1110,PROD1110,2025-03-15,1206.2819867840021,3247.1986449113006,3917037.232865923,Delivered
PO1111,SUPPLIER1111,PROD1111,2026-06-06,95.12356232648926,16406.27203352443,1560623.040326299,Partially Received
PO1112,SUPPLIER1112,PROD1112,2026-05-02,2201.2016624542816,21608.28451353374,47564191.79397558,Delivered
PO1113,SUPPLIER1113,PROD1113,2026-05-26,2056.228528325359,10567.53215409485,21729261.089245364,In Transit
PO1114,SUPPLIER1114,PROD1114,2025-06-16,930.8872325983698,9903.814355429851,9219334.337494101,In Transit
PO1115,SUPPLIER1115,PROD1115,2025-03-03,1636.972842824043,3199.1549991515267,5236929.853595824,Partially Received
PO1116,SUPPLIER1116,PROD1116,2025-01-15,240.8716556766539,18554.57416599101,4469270.9997375235,In Transit
PO1117,SUPPLIER1117,PROD1117,2026-06-14,409.68823429097927,22367.18277564549,9163571.617417807,In Transit
PO1118,SUPPLIER1118,PROD1118,2026-02-19,1326.794361373863,25261.40109368211,33516684.53150096,Delivered
PO1119,SUPPLIER1119,PROD1119,2026-07-23,1322.6728919704792,15580.057902170773,20607320.24253173,Delivered
PO1120,SUPPLIER1120,PROD1120,2025-12-04,2128.944791095792,13257.4702070208,28224422.140344582,Partially Received
PO1121,SUPPLIER1121,PROD1121,2025-05-14,1937.8881100538713,3615.3700610732694,7006182.654798627,Delivered
PO1122,SUPPLIER1122,PROD1122,2026-05-03,1190.5430259007192,1249.4551343978374,1487530.096433191,In Transit
PO1123,SUPPLIER1123,PROD1123,2026-03-21,1210.0877698646113,22292.014991276097,26975294.706581775,Pending
PO1124,SUPPLIER1124,PROD1124,2025-12-18,416.1898653707201,8707.259594594623,3623873.198422247,Delivered
PO1125,SUPPLIER1125,PROD1125,2026-03-26,1335.3457587110925,7655.703733114475,10223011.509963091,Delivered
PO1126,SUPPLIER1126,PROD1126,2025-02-12,1058.1008577574994,8254.556125109078,8734152.916385336,Delivered
PO1127,SUPPLIER1127,PROD1127,2026-05-26,2297.875259826546,800.2088718380691,1838780.1692904101,Delivered
PO1128,SUPPLIER1128,PROD1128,2025-05-03,1498.4663569185145,14686.481897285294,22007199.02457481,Pending
PO1129,SUPPLIER1129,PROD1129,2026-01-21,1409.1486364949646,4914.830752805847,6925727.05391988,Pending
PO1130,SUPPLIER1130,PROD1130,2025-07-31,846.5105850891275,3128.9488347947376,2648688.308856037,Delivered
PO1131,SUPPLIER1131,PROD1131,2025-05-22,2002.6183715630673,14826.543234832221,29691907.868849114,In Transit
PO1132,SUPPLIER1132,PROD1132,2025-02-16,1133.8744123593533,982.0534946629492,1113525.329166401,Delivered
PO1133,SUPPLIER1133,PROD1133,2026-01-03,40.841605103027135,4808.614550024815,196391.536544784,Pending
PO1134,SUPPLIER1134,PROD1134,2025-11-12,1285.7431908107233,10968.043374621851,14102087.085436713,Cancelled
PO1135,SUPPLIER1135,PROD1135,2026-08-18,985.6249575450016,25043.436367138907,24683435.906142235,Pending
PO1136,SUPPLIER1136,PROD1136,2025-05-04,1418.530400212473,11891.634890413956,16868645.600279517,Cancelled
PO1137,SUPPLIER1137,PROD1137,2026-02-03,2301.7301393130174,1670.6393826569015,3845361.0189846833,Partially Received
PO1138,SUPPLIER1138,PROD1138,2026-06-09,1205.202614286666,8004.875844361397,9647497.294664538,Partially Received
PO1139,SUPPLIER1139,PROD1139,2026-06-15,919.2155751887294,4667.467958110027,4290409.243789073,Delivered
PO1140,SUPPLIER1140,PROD1140,2025-04-26,1375.396194063081,8964.296717312549,12329459.587443851,Pending
PO1141,SUPPLIER1141,PROD1141,2025-11-12,1474.260991178422,6555.80412169452,9664966.282420948,Partially Received
PO1142,SUPPLIER1142,PROD1142,2025-02-10,1380.0102874883298,13636.505012688638,18818517.2028965,Delivered
PO1143,SUPPLIER1143,PROD1143,2025-05-25,1409.7801138739626,15566.585522483529,21945462.710515607,In Transit
PO1144,SUPPLIER1144,PROD1144,2025-10-24,910.077349041973,1841.1083339126064,1675550.9918262684,Partially Received
PO1145,SUPPLIER1145,PROD1145,2026-04-13,653.4739994152803,9771.219370996336,6385237.801529035,Delivered
PO1146,SUPPLIER1146,PROD1146,2026-02-18,2264.7391684391546,21299.092686056338,48236889.45832771,In Transit
PO1147,SUPPLIER1147,PROD1147,2026-01-08,1777.098509987313,13502.26749379119,23994859.444666456,Cancelled
PO1148,SUPPLIER1148,PROD1148,2026-03-30,1879.8880190668517,3623.235282444399,6811276.597727527,Delivered
PO1149,SUPPLIER1149,PROD1149,2026-07-17,1452.5104266719695,18989.76026738698,27582824.78838068,Pending
PO1150,SUPPLIER1150,PROD1150,2026-03-12,1293.9798411394606,7322.5081353807855,9475177.913762437,Pending
PO1151,SUPPLIER1151,PROD1151,2025-10-28,501.88678942392784,20554.7542436461,10316159.614741398,Delivered
PO1152,SUPPLIER1152,PROD1152,2025-04-03,1247.8047054279891,10173.271070397006,12694255.51123582,Partially Received
PO1153,SUPPLIER1153,PROD1153,2026-06-01,1616.9365167203528,11790.55637624491,19064581.15720039,Partially Received
PO1154,SUPPLIER1154,PROD1154,2025-08-28,2366.481838388489,7726.277826740739,18284096.155325644,Cancelled
PO1155,SUPPLIER1155,PROD1155,2025-03-18,912.8601958812404,22946.020261862333,20946508.55093856,In Transit
PO1156,SUPPLIER1156,PROD1156,2025-04-17,1304.9183553889027,9358.602729167838,12212212.482083792,Partially Received
PO1157,SUPPLIER1157,PROD1157,2025-04-18,1555.157212181834,11188.316173250729,17399590.58900153,In Transit
PO1158,SUPPLIER1158,PROD1158,2025-04-06,44.416379513963456,2079.9084242039576,92382.00192373268,In Transit
PO1159,SUPPLIER1159,PROD1159,2025-06-12,694.0935399674637,4235.176671916559,2939608.768598186,Pending
PO1160,SUPPLIER1160,PROD1160,2025-02-27,934.2133201256203,19043.96812661427,17791128.691930804,Delivered
PO1161,SUPPLIER1161,PROD1161,2026-01-21,1483.6475417824543,17884.563711919465,26534388.987041,Partially Received
PO1162,SUPPLIER1162,PROD1162,2025-05-18,1697.7222675593116,1055.4037737494339,1791782.4879605435,Delivered
PO1163,SUPPLIER1163,PROD1163,2026-07-03,102.61113657127517,18327.621285265453,1880618.0507289832,Partially Received
PO1164,SUPPLIER1164,PROD1164,2025-09-03,1568.6668264980935,10109.656254764908,15858682.39414867,Delivered
PO1165,SUPPLIER1165,PROD1165,2026-07-01,649.7093719005627,15616.859636040388,10146420.065191051,Pending
PO1166,SUPPLIER1166,PROD1166,2026-01-26,677.9749571199179,11052.276564725511,7493166.730047252,Delivered
PO1167,SUPPLIER1167,PROD1167,2025-02-25,266.75376692574497,12460.772694132027,3323958.0549651817,Partially Received
PO1168,SUPPLIER1168,PROD1168,2025-04-22,268.5184054321651,18817.00564353427,5052712.350409874,Delivered
PO1169,SUPPLIER1169,PROD1169,2025-06-26,108.55885123157654,9015.358383147413,978696.9495154464,Delivered
PO1170,SUPPLIER1170,PROD1170,2025-02-25,1249.3930458429631,11633.72022540508,14535089.146903738,Partially Received
PO1171,SUPPLIER1171,PROD1171,2026-01-27,1293.5154155056944,24400.179877570354,31562008.8127491,Delivered
PO1172,SUPPLIER1172,PROD1172,2026-06-11,1557.0035543554775,10612.016309553574,16522947.11285321,Partially Received
PO1173,SUPPLIER1173,PROD1173,2026-06-16,509.2267108393553,2212.0428226084127,1126431.2907926855,Delivered
PO1174,SUPPLIER1174,PROD1174,2025-10-15,1626.6163195018717,12137.499238573251,19743054.33940479,In Transit
PO1175,SUPPLIER1175,PROD1175,2026-02-16,1318.0395505093782,16176.340981156782,21321057.19569032,Cancelled
PO1176,SUPPLIER1176,PROD1176,2026-02-05,1939.5373099432322,14629.147853400733,28373778.07434667,Delivered
PO1177,SUPPLIER1177,PROD1177,2026-08-24,979.2518758654958,2475.488866708088,2424127.1164080454,Partially Received
PO1178,SUPPLIER1178,PROD1178,2025-08-01,1216.3891674038891,5843.536935208651,7108015.027312325,In Transit
PO1179,SUPPLIER1179,PROD1179,2026-08-10,647.3387165487057,18188.622123059038,11774199.300930433,Delivered
PO1180,SUPPLIER1180,PROD1180,2026-06-22,214.55045518470558,24501.139121986234,5256730.551165944,Delivered
PO1181,SUPPLIER1181,PROD1181,2025-07-28,1134.8888834150164,11990.864372320968,13608298.678684244,Delivered
PO1182,SUPPLIER1182,PROD1182,2025-06-29,921.1206085786902,24550.984322830627,22614417.62065163,Pending
PO1183,SUPPLIER1183,PROD1183,2025-10-27,25.335318688400662,8456.80717461866,214255.90485531694,In Transit
PO1184,SUPPLIER1184,PROD1184,2026-07-16,1277.537166466717,5946.911040554468,7597399.879979591,Pending
PO1185,SUPPLIER1185,PROD1185,2025-09-23,856.6306712320069,19765.683864209917,16931891.035957787,Delivered
PO1186,SUPPLIER1186,PROD1186,2025-04-11,2126.982091739802,7952.937524220574,16915755.690742638,Pending
PO1187,SUPPLIER1187,PROD1187,2025-06-18,1657.6197815511277,1910.1880667271814,3166365.5258898814,Partially Received
PO1188,SUPPLIER1188,PROD1188,2025-06-23,1675.6176654355074,8694.819215973908,14569192.67605399,Delivered
PO1189,SUPPLIER1189,PROD1189,2025-06-09,1859.0216283961975,3429.6906219843518,6375869.044976517,Partially Received
PO1190,SUPPLIER1190,PROD1190,2025-11-27,1622.0105916641508,1507.3946526895002,2445010.092480273,Delivered
PO1191,SUPPLIER1191,PROD1191,2026-04-16,1471.267411975195,13328.853370588837,19610307.603143092,Delivered
PO1192,SUPPLIER1192,PROD1192,2026-02-05,622.9995774472648,12317.976994626428,7674094.462657393,Delivered
PO1193,SUPPLIER1193,PROD1193,2026-02-23,566.6868131060917,14087.702526393772,7983315.248668723,Delivered
PO1194,SUPPLIER1194,PROD1194,2025-02-19,678.7175260160899,16997.879444717102,11536758.68423814,In Transit
PO1195,SUPPLIER1195,PROD1195,2025-12-02,1171.8090379333007,9990.64685233347,11707130.276364243,Partially Received
PO1196,SUPPLIER1196,PROD1196,2026-05-19,669.3254790688565,5521.624637082164,3695764.0554534197,Pending
PO1197,SUPPLIER1197,PROD1197,2025-12-19,841.6602435514562,2244.56628609865,1889162.2070251773,Delivered
PO1198,SUPPLIER1198,PROD1198,2026-04-01,1663.3207297041945,15653.475818508206,26036750.820848033,Partially Received
PO1199,SUPPLIER1199,PROD1199,2025-06-24,1632.7497544475077,18086.805681994778,29531227.536016762,In Transit
PO1200,SUPPLIER1200,PROD1200,2025-08-04,1836.8966350917628,6784.061303254692,12461619.380204782,Pending
PO1201,SUPPLIER1201,PROD1201,2025-02-23,2147.364148589387,9326.383557107161,20027141.686525475,Delivered
PO1202,SUPPLIER1202,PROD1202,2025-05-27,1272.7660927071743,7737.773465417876,9848375.69983316,Delivered
PO1203,SUPPLIER1203,PROD1203,2026-01-29,1756.7975667290618,18896.394120121822,33197139.210183367,In Transit
PO1204,SUPPLIER1204,PROD1204,2025-09-23,2114.508577824417,7170.495342291966,15162073.90852639,Delivered
PO1205,SUPPLIER1205,PROD1205,2026-05-16,1758.0225931259847,8667.430774587148,15237539.12607966,In Transit
PO1206,SUPPLIER1206,PROD1206,2025-01-26,1333.1061373930957,12956.522378830761,17272419.50249028,Delivered
PO1207,SUPPLIER1207,PROD1207,2026-08-01,1669.7853592906208,6266.508384457418,10463723.954238918,Delivered
PO1208,SUPPLIER1208,PROD1208,2025-11-05,1511.3043136936278,8915.928690308296,13474681.490247704,Delivered
PO1209,SUPPLIER1209,PROD1209,2026-06-28,882.491922387668,11814.923724304479,10426574.750325125,Partially Received
PO1210,SUPPLIER1210,PROD1210,2026-08-20,890.5263725267964,16741.1318438735,14908419.412917506,Partially Received
PO1211,SUPPLIER1211,PROD1211,2025-05-02,2220.473325802585,12628.847618285276,28042019.27202796,Partially Received
PO1212,SUPPLIER1212,PROD1212,2026-01-20,1255.307968425757,23711.190331306258,29764846.16374851,Delivered
PO1213,SUPPLIER1213,PROD1213,2026-01-02,1449.363069275369,8320.101847219072,12058848.349969102,In Transit
PO1214,SUPPLIER1214,PROD1214,2025-12-06,1621.2036508862611,14637.065756924827,23729664.443388805,Partially Received
PO1215,SUPPLIER1215,PROD1215,2025-01-27,768.4973006014978,1271.1285989528437,976858.8970126243,Delivered
PO1216,SUPPLIER1216,PROD1216,2025-05-02,1011.5297069510738,11885.348089787743,12022382.6702745,Partially Received
PO1217,SUPPLIER1217,PROD1217,2025-07-23,1340.1509219722136,4308.588242995057,5774158.506248466,Cancelled
PO1218,SUPPLIER1218,PROD1218,2025-09-14,1675.5777242587133,11702.176307008725,19607905.945371915,Partially Received
PO1219,SUPPLIER1219,PROD1219,2025-05-26,492.1305155748441,24366.88601652574,11991688.17826627,Cancelled
PO1220,SUPPLIER1220,PROD1220,2026-05-29,1097.989401169941,15313.31972951521,16813862.759734247,In Transit
PO1221,SUPPLIER1221,PROD1221,2026-01-27,2020.4578329777753,15358.617966982898,31031439.97510379,Partially Received
PO1222,SUPPLIER1222,PROD1222,2026-07-28,565.042526434699,15903.837139388066,8986344.317245828,Pending
PO1223,SUPPLIER1223,PROD1223,2026-03-16,899.3017523094848,17707.917500551255,15924761.237997536,Pending
PO1224,SUPPLIER1224,PROD1224,2025-02-27,1403.1723146628049,25915.322634236283,36363663.245914705,Delivered
PO1225,SUPPLIER1225,PROD1225,2025-09-13,1723.1727119034956,14898.57673290793,25672820.87234728,Delivered
PO1226,SUPPLIER1226,PROD1226,2026-08-11,1072.5348237996152,4046.727273259678,4340255.922990666,Partially Received
PO1227,SUPPLIER1227,PROD1227,2026-06-01,1749.1834802035373,13875.392689950784,24270607.674598835,Cancelled
PO1228,SUPPLIER1228,PROD1228,2026-03-05,1619.3556427415747,3364.8270267267244,5448851.632579276,Delivered
PO1229,SUPPLIER1229,PROD1229,2026-02-23,1770.4425173948994,10812.500905506935,19142911.32248033,In Transit
PO1230,SUPPLIER1230,PROD1230,2026-06-30,1330.8897065947954,3109.864883496811,4138887.1623465284,Delivered
PO1231,SUPPLIER1231,PROD1231,2025-11-12,1090.1566076664578,12166.360335577678,13263238.111081108,Partially Received
PO1232,SUPPLIER1232,PROD1232,2025-04-03,1514.4299792654585,22546.787823080274,34145531.41541015,In Transit
PO1233,SUPPLIER1233,PROD1233,2025-11-22,1426.4306462946295,8393.71798573834,11973056.571211595,Partially Received
PO1234,SUPPLIER1234,PROD1234,2026-02-28,701.3783321554437,21372.79098481761,14990412.494438278,Delivered
PO1235,SUPPLIER1235,PROD1235,2025-01-13,1607.4716074457526,3007.1338535402206,4833882.289354838,Delivered
PO1236,SUPPLIER1236,PROD1236,2025-08-25,2078.363617445964,9816.4109366173,20402071.344564054,In Transit
PO1237,SUPPLIER1237,PROD1237,2025-11-17,1923.1660904732335,24072.290319668595,46295012.46281371,Delivered
PO1238,SUPPLIER1238,PROD1238,2026-01-04,1092.0455289741196,12601.587424641551,13761507.205056297,Delivered
PO1239,SUPPLIER1239,PROD1239,2025-03-16,1696.019175454975,20996.295987538106,35610120.608392976,Pending
PO1240,SUPPLIER1240,PROD1240,2026-06-29,532.5851697624446,13780.774549634381,7339436.152975003,Partially Received
PO1241,SUPPLIER1241,PROD1241,2026-08-15,1391.0419579703646,19315.303932322502,26868398.200810578,Delivered
PO1242,SUPPLIER1242,PROD1242,2025-08-11,2369.7694444992285,17637.852701616866,41797644.39886982,Partially Received
PO1243,SUPPLIER1243,PROD1243,2025-07-28,1473.3496521697916,21012.92049969105,30959379.10929129,In Transit
PO1244,SUPPLIER1244,PROD1244,2026-01-21,876.8021194370169,14748.631756304505,12931631.582723884,Partially Received
PO1245,SUPPLIER1245,PROD1245,2025-01-05,906.534419841848,26238.05161609937,23785696.899581105,In Transit
PO1246,SUPPLIER1246,PROD1246,2025-02-12,1646.0374228108112,18207.184286370113,29969706.69937816,Pending
PO1247,SUPPLIER1247,PROD1247,2025-08-04,1427.1847380942525,11609.174318719053,16568436.409551574,Partially Received
PO1248,SUPPLIER1248,PROD1248,2025-12-24,1372.0896346712682,7228.191191825656,9917726.211726142,Delivered
PO1249,SUPPLIER1249,PROD1249,2026-06-20,2491.8090469981785,22406.260710507173,55832123.14784161,In Transit
PO1250,SUPPLIER1250,PROD1250,2025-07-21,2024.8715260562462,5816.365836492324,11777393.567439627,Partially Received
PO1251,SUPPLIER1251,PROD1251,2026-03-30,2114.9370846230154,12706.902960865526,26874300.302640498,Cancelled
PO1252,SUPPLIER1252,PROD1252,2026-02-23,1100.6166787625875,18464.165157608426,20321968.131890874,Delivered
PO1253,SUPPLIER1253,PROD1253,2026-08-16,2298.743603070192,4059.92665633965,9332730.430194924,Cancelled
PO1254,SUPPLIER1254,PROD1254,2025-10-11,843.9324196924271,19238.758582238253,16236212.082186777,Partially Received
PO1255,SUPPLIER1255,PROD1255,2025-09-30,2055.2506563674774,18236.143886465212,37479846.692269385,Partially Received
PO1256,SUPPLIER1256,PROD1256,2025-09-12,1197.558139669592,15051.80987875239,18025417.4370591,Delivered
PO1257,SUPPLIER1257,PROD1257,2025-07-19,2245.575089801668,13530.862035648577,30384566.730795536,Delivered
PO1258,SUPPLIER1258,PROD1258,2026-05-17,1582.4176538299046,4447.159109010296,7037263.083488361,Delivered
PO1259,SUPPLIER1259,PROD1259,2025-02-04,1470.2921137408314,13460.924820350903,19791491.60702015,Partially Received
PO1260,SUPPLIER1260,PROD1260,2026-06-27,1486.8156214826588,20899.923102375036,31074332.156397518,Pending
PO1261,SUPPLIER1261,PROD1261,2025-10-06,857.710245741228,11281.541609001577,9676293.825796632,Pending
PO1262,SUPPLIER1262,PROD1262,2025-10-09,1455.3564729343477,19641.23311723447,28584995.753579665,Partially Received
PO1263,SUPPLIER1263,PROD1263,2025-01-09,1262.3196073437869,17703.578516054917,22347574.28096634,Pending
PO1264,SUPPLIER1264,PROD1264,2026-01-13,2156.5426410685504,13211.431557194306,28491015.5026482,Delivered
PO1265,SUPPLIER1265,PROD1265,2026-05-02,1915.4605036192777,18885.718701239683,36174848.254688576,Delivered
PO1266,SUPPLIER1266,PROD1266,2025-02-01,1154.2367652408982,24553.660810383713,28340738.028599508,Pending
PO1267,SUPPLIER1267,PROD1267,2026-02-16,1205.9045425933505,6946.925451725384,8377328.959293004,In Transit
PO1268,SUPPLIER1268,PROD1268,2026-01-04,1596.2491898165588,25310.02079590119,40401100.18969753,Delivered
PO1269,SUPPLIER1269,PROD1269,2026-06-10,1898.2609947987607,12903.729008487722,24494645.46426553,Delivered
PO1270,SUPPLIER1270,PROD1270,2025-01-06,1260.8753151010455,4992.476889482651,6294890.871161126,Delivered
PO1271,SUPPLIER1271,PROD1271,2025-06-28,1133.1421817946236,10278.960560047888,11647523.79559355,In Transit
PO1272,SUPPLIER1272,PROD1272,2026-08-29,1067.4118520747393,12263.221240235745,13089907.69644232,Pending
PO1273,SUPPLIER1273,PROD1273,2026-08-09,1295.1301600199438,15748.814593147035,20396764.764146946,Delivered
PO1274,SUPPLIER1274,PROD1274,2025-04-07,666.542710443361,24850.267724870824,16563764.804578573,In Transit
PO1275,SUPPLIER1275,PROD1275,2026-06-10,1679.665840238536,2206.720598007332,3706553.2074236698,Partially Received
PO1276,SUPPLIER1276,PROD1276,2025-01-08,1144.7146915418143,23695.468757307328,27124551.209459756,Partially Received
PO1277,SUPPLIER1277,PROD1277,2025-12-07,2071.151060246237,7552.718899139838,15642821.755695269,Delivered
PO1278,SUPPLIER1278,PROD1278,2025-08-15,945.6618682994402,5919.1157536052015,5597482.062234944,In Transit
PO1279,SUPPLIER1279,PROD1279,2025-08-31,1032.8942191266297,14724.044957547741,15208380.918811664,In Transit
PO1280,SUPPLIER1280,PROD1280,2025-03-12,1054.295267668102,11998.38818232177,12649843.880266724,Pending
PO1281,SUPPLIER1281,PROD1281,2025-03-19,632.4220676613903,11249.646769038616,7114524.870135681,In Transit
PO1282,SUPPLIER1282,PROD1282,2025-01-24,674.1657793763354,11713.85720046496,7897081.669054558,Partially Received
PO1283,SUPPLIER1283,PROD1283,2026-01-16,1411.5211205536743,25360.60500215276,35797029.590557784,Delivered
PO1284,SUPPLIER1284,PROD1284,2025-05-12,765.1035567322685,13004.913394660633,9950105.49324997,In Transit
PO1285,SUPPLIER1285,PROD1285,2026-02-21,872.4713097369412,8338.099661963666,7274752.732790587,Pending
PO1286,SUPPLIER1286,PROD1286,2026-04-12,815.7546041035031,17244.72754901052,14067465.89461585,Partially Received
PO1287,SUPPLIER1287,PROD1287,2026-08-11,135.1176975237551,8456.378850564937,1142606.4396769132,In Transit
PO1288,SUPPLIER1288,PROD1288,2026-08-07,2112.509054232167,8052.723219574891,17011450.712577563,In Transit
PO1289,SUPPLIER1289,PROD1289,2025-01-11,1666.7340723590332,1810.7090438632588,3017970.458535541,Cancelled
PO1290,SUPPLIER1290,PROD1290,2026-04-06,1751.973908734437,13118.444867910432,22983173.131750252,Partially Received
PO1291,SUPPLIER1291,PROD1291,2025-12-18,1669.7537891382474,25202.75278511145,42082391.95965436,In Transit
PO1292,SUPPLIER1292,PROD1292,2025-05-09,1278.864589438801,23962.828839635305,30645213.265792463,In Transit
PO1293,SUPPLIER1293,PROD1293,2025-08-15,2419.357098216868,11766.193090149382,28466622.771643173,Delivered
PO1294,SUPPLIER1294,PROD1294,2026-05-19,1793.5285575560067,20177.027361606313,36188074.77962985,Delivered
PO1295,SUPPLIER1295,PROD1295,2025-05-10,1563.2803716483033,21047.267410558274,32902780.01975876,Delivered
PO1296,SUPPLIER1296,PROD1296,2026-03-12,792.0380006889729,14301.904640388773,11327651.957417868,Partially Received
PO1297,SUPPLIER1297,PROD1297,2026-06-05,616.9403973641286,6658.14904946586,4107681.1202870626,Delivered
PO1298,SUPPLIER1298,PROD1298,2026-06-12,895.9880706677216,25948.084254991503,23249173.94915332,In Transit
PO1299,SUPPLIER1299,PROD1299,2026-02-11,1710.8459968700902,19374.90898571084,33147485.477925733,Delivered
PO1300,SUPPLIER1300,PROD1300,2026-08-12,1550.798509637139,2660.014293155586,4125146.2014391706,Pending
PO1301,SUPPLIER1301,PROD1301,2026-08-06,1002.8441667541955,8408.726669549247,8432642.490387896,Delivered
PO1302,SUPPLIER1302,PROD1302,2026-01-01,652.2623779719638,17524.390782040853,11430500.80400393,Partially Received
PO1303,SUPPLIER1303,PROD1303,2025-04-23,41.85689444127911,24896.473345907183,1042089.0567997559,Delivered
PO1304,SUPPLIER1304,PROD1304,2025-06-15,2287.915370356985,10645.755663488693,24356588.011560705,Delivered
PO1305,SUPPLIER1305,PROD1305,2026-06-01,1479.5456370406735,5072.074073396801,7504365.066041354,Cancelled
PO1306,SUPPLIER1306,PROD1306,2026-02-12,373.15420090387556,13092.289073367736,4885442.667175079,In Transit
PO1307,SUPPLIER1307,PROD1307,2026-06-25,1636.584963182488,12186.734005694709,19944625.624024652,Partially Received
PO1308,SUPPLIER1308,PROD1308,2025-11-25,665.1892775501611,9670.034069089515,6432402.9763031,Delivered
PO1309,SUPPLIER1309,PROD1309,2025-10-22,1669.9267118051087,16661.27536060391,27823108.777412765,In Transit
PO1310,SUPPLIER1310,PROD1310,2025-04-11,439.93095469522007,1447.6752013355604,636877.133412148,Delivered
PO1311,SUPPLIER1311,PROD1311,2025-07-01,246.25585580524796,11552.661878215862,2844910.6376487105,Delivered
PO1312,SUPPLIER1312,PROD1312,2026-06-27,372.21256029932186,21640.293423832667,8054789.020913335,In Transit
PO1313,SUPPLIER1313,PROD1313,2025-11-02,680.1588382121708,11997.058345364901,8159905.26614702,In Transit
PO1314,SUPPLIER1314,PROD1314,2025-11-05,1604.6108323515687,12600.743743242843,20219289.90609372,In Transit
PO1315,SUPPLIER1315,PROD1315,2025-03-10,1210.0058123951326,5396.7495524975575,6530098.326562875,Pending
PO1316,SUPPLIER1316,PROD1316,2026-08-20,463.56872122320897,24740.04993968474,11468713.313537983,Partially Received
PO1317,SUPPLIER1317,PROD1317,2026-01-28,1761.6776721974113,13890.1069965499,24469891.360255003,Delivered
PO1318,SUPPLIER1318,PROD1318,2025-11-03,1631.2868153434692,21349.328439491892,34826877.99978048,Delivered
PO1319,SUPPLIER1319,PROD1319,2025-07-26,919.6226535060559,6332.817871996294,5823802.775615807,Delivered
PO1320,SUPPLIER1320,PROD1320,2025-05-15,1288.1458170763412,18662.30461530119,24039769.627204724,In Transit
PO1321,SUPPLIER1321,PROD1321,2026-02-09,1277.5734195046634,14143.727873131264,18069650.78341973,Delivered
PO1322,SUPPLIER1322,PROD1322,2025-12-29,1478.4484541114496,16612.431671710965,24560623.92407316,Delivered
PO1323,SUPPLIER1323,PROD1323,2026-04-27,1133.2987776222833,2426.6026904111804,2750065.8628179347,Delivered
PO1324,SUPPLIER1324,PROD1324,2026-04-02,1058.139314173189,8573.751818679564,9072223.869308725,Delivered
PO1325,SUPPLIER1325,PROD1325,2026-05-21,815.333098449597,17187.51886186417,14013553.008304603,Delivered
PO1326,SUPPLIER1326,PROD1326,2026-04-18,902.2765473842902,7731.327319783658,6975795.320792237,In Transit
PO1327,SUPPLIER1327,PROD1327,2025-01-15,53.333653762092645,8954.387015794697,477570.17675217235,In Transit
PO1328,SUPPLIER1328,PROD1328,2025-06-11,866.6528650539137,9368.710393461512,8119419.704353798,Partially Received
PO1329,SUPPLIER1329,PROD1329,2026-06-20,1077.4786607429219,8948.819657793796,9642162.220109591,In Transit
PO1330,SUPPLIER1330,PROD1330,2025-05-17,1781.7768614692413,8981.577496675469,16003166.963069182,Delivered
PO1331,SUPPLIER1331,PROD1331,2025-06-04,2307.823379449858,10045.920056999243,23184209.1756271,Cancelled
PO1332,SUPPLIER1332,PROD1332,2025-05-21,1948.7355172055525,10993.766013970435,21423942.2992715,Delivered
PO1333,SUPPLIER1333,PROD1333,2025-03-22,1498.9230781301912,12646.424148182297,18956017.01153339,Pending
PO1334,SUPPLIER1334,PROD1334,2025-11-11,1446.2351771281462,13500.019787712376,19524203.508915685,Partially Received
PO1335,SUPPLIER1335,PROD1335,2025-12-29,394.3645684968743,22814.364012986043,8997176.819511859,Delivered
PO1336,SUPPLIER1336,PROD1336,2025-03-10,1565.2255281478356,17065.025127524532,26710612.96808567,In Transit
PO1337,SUPPLIER1337,PROD1337,2025-01-29,1987.7383982025933,20175.214318730257,40103048.19330691,Delivered
PO1338,SUPPLIER1338,PROD1338,2025-11-16,370.21548588138285,6356.66063285581,2353334.2047757725,Partially Received
PO1339,SUPPLIER1339,PROD1339,2025-04-14,1778.811960438564,12826.393012533124,22815741.299979545,Delivered
PO1340,SUPPLIER1340,PROD1340,2026-06-16,166.17768083907205,20117.815124518896,3343131.860941758,Delivered
PO1341,SUPPLIER1341,PROD1341,2025-03-05,611.0141681180764,13358.685804749037,8162346.2941394895,Delivered
PO1342,SUPPLIER1342,PROD1342,2026-02-18,857.5707997834168,19362.000572685687,16604286.316525038,Partially Received
PO1343,SUPPLIER1343,PROD1343,2026-03-05,381.1113014626182,16997.983137775802,6478123.475877374,Partially Received
PO1344,SUPPLIER1344,PROD1344,2026-07-16,190.79566411386313,9017.465762843658,1720493.368845779,Pending
PO1345,SUPPLIER1345,PROD1345,2025-11-12,388.2562903258019,18022.264692455406,6997257.632762415,Partially Received
PO1346,SUPPLIER1346,PROD1346,2025-02-03,771.7192356289496,17108.739710549282,13203143.531999748,Partially Received
PO1347,SUPPLIER1347,PROD1347,2025-10-11,891.2843526354781,13588.743424701152,12111434.386414375,Pending
PO1348,SUPPLIER1348,PROD1348,2025-09-28,1604.3795501234226,9485.289580352463,15218004.629716272,Pending
PO1349,SUPPLIER1349,PROD1349,2025-09-30,988.1002071335668,23864.121784164916,23580143.677994017,Partially Received
PO1350,SUPPLIER1350,PROD1350,2026-07-07,1759.2362429359239,16146.096189900478,28404797.59920255,Delivered
PO1351,SUPPLIER1351,PROD1351,2026-02-22,1750.7727438417828,15909.69414110125,27854258.86509937,Delivered
PO1352,SUPPLIER1352,PROD1352,2025-03-01,619.9934342340616,5972.95722517024,3703194.2625664487,Delivered
PO1353,SUPPLIER1353,PROD1353,2025-11-16,1998.8472297168792,17888.6410661605,35756660.638494514,Delivered
PO1354,SUPPLIER1354,PROD1354,2026-01-02,26.962294902568228,13876.857103780461,374151.9135529276,Delivered
PO1355,SUPPLIER1355,PROD1355,2025-08-25,932.5599323650168,3139.740104792812,2927995.8197693154,Partially Received
PO1356,SUPPLIER1356,PROD1356,2025-08-31,355.51213165118634,24387.270810542872,8669970.63101085,Partially Received
PO1357,SUPPLIER1357,PROD1357,2026-05-19,1206.6354343461635,13567.629764287856,16371182.833679413,Delivered
PO1358,SUPPLIER1358,PROD1358,2025-01-24,1403.9431680989007,24152.037639670896,33908088.23988345,Partially Received
PO1359,SUPPLIER1359,PROD1359,2026-03-05,1956.7370017806672,8227.132402009538,16098334.389560722,Pending
PO1360,SUPPLIER1360,PROD1360,2025-10-14,1022.07574803915,22086.36334882707,22573936.341216896,Delivered
PO1361,SUPPLIER1361,PROD1361,2026-06-25,441.66523030798555,19965.425296756144,8818034.161888683,Delivered
PO1362,SUPPLIER1362,PROD1362,2026-01-01,689.9023728827834,20488.920688297898,14135355.000663873,In Transit
PO1363,SUPPLIER1363,PROD1363,2026-06-12,1289.9759233627,14244.947151676912,18375638.85523729,Delivered
PO1364,SUPPLIER1364,PROD1364,2026-02-13,2144.5304673479986,25638.353439433387,54982230.08350125,In Transit
PO1365,SUPPLIER1365,PROD1365,2026-02-15,1453.7223420273124,17971.120839129533,26125019.875115223,Partially Received
PO1366,SUPPLIER1366,PROD1366,2025-08-04,1579.5937562054874,11849.73125724588,18717761.50665859,Partially Received
PO1367,SUPPLIER1367,PROD1367,2025-10-25,1032.1310510739022,9750.737753637703,10064039.206408061,Pending
PO1368,SUPPLIER1368,PROD1368,2025-02-22,1267.3230563581521,18156.403485989948,23010028.75833659,Partially Received
PO1369,SUPPLIER1369,PROD1369,2026-07-21,1736.6081273158807,8962.8555745769,15564967.834768694,In Transit
PO1370,SUPPLIER1370,PROD1370,2026-03-12,435.6045875405658,3455.215838191355,1505107.8700589754,Partially Received
PO1371,SUPPLIER1371,PROD1371,2026-06-28,498.72310971762056,14903.55294241429,7432746.269282049,Delivered
PO1372,SUPPLIER1372,PROD1372,2026-02-01,860.5626053729079,3988.5652357909557,3432410.091012072,Cancelled
PO1373,SUPPLIER1373,PROD1373,2025-11-23,2121.664903726308,7946.559942889882,16859937.336186796,Delivered
PO1374,SUPPLIER1374,PROD1374,2025-05-08,1589.3562436181028,10452.135309171555,16612166.51277304,In Transit
PO1375,SUPPLIER1375,PROD1375,2026-03-19,1703.4298536500369,24231.491724075473,41276646.40126396,Delivered
PO1376,SUPPLIER1376,PROD1376,2026-06-24,1004.5956482430831,5904.839968429415,5931976.535856015,Partially Received
PO1377,SUPPLIER1377,PROD1377,2026-05-16,2230.3721058505766,6863.536846593473,15308241.13011971,In Transit
PO1378,SUPPLIER1378,PROD1378,2026-04-19,1559.0917635230953,13366.52566124385,20839640.06536538,Delivered
PO1379,SUPPLIER1379,PROD1379,2026-08-10,1384.9632934086892,4838.291474922482,6700856.095579825,Delivered
PO1380,SUPPLIER1380,PROD1380,2025-08-07,1998.777989217501,19433.419093319266,38843090.33896568,In Transit
PO1381,SUPPLIER1381,PROD1381,2026-06-09,2280.9472977596743,7456.920545604533,17008842.768105254,Pending
PO1382,SUPPLIER1382,PROD1382,2025-09-26,2302.412153752746,8290.455450342866,19088045.38901511,Delivered
PO1383,SUPPLIER1383,PROD1383,2025-03-16,1724.2735351514498,11296.389424650188,19478065.32768903,In Transit
PO1384,SUPPLIER1384,PROD1384,2025-09-04,1042.5017834035532,20796.178604389035,21680053.283054385,Partially Received
PO1385,SUPPLIER1385,PROD1385,2025-09-24,1822.5318338276327,18877.364136652002,34404597.07780436,Delivered
PO1386,SUPPLIER1386,PROD1386,2026-01-02,1358.3003010443695,10861.725203547601,14753484.613839922,Pending
PO1387,SUPPLIER1387,PROD1387,2025-10-29,1409.9344187534432,18820.24286462575,26535308.184134744,In Transit
PO1388,SUPPLIER1388,PROD1388,2025-12-09,1699.2568206282217,13968.257262531224,23735656.425645877,Delivered
PO1389,SUPPLIER1389,PROD1389,2025-01-17,733.9038600790535,8728.47534884303,6405861.751120763,Delivered
PO1390,SUPPLIER1390,PROD1390,2026-07-19,165.29066058376998,10334.010578523088,1708115.4350037482,Delivered
PO1391,SUPPLIER1391,PROD1391,2026-03-18,2365.34513804184,23869.001221297982,56458425.98871192,Delivered
PO1392,SUPPLIER1392,PROD1392,2026-05-23,839.6700613330765,13435.194215851014,11281130.351245416,Partially Received
PO1393,SUPPLIER1393,PROD1393,2026-07-14,1387.978668860351,15761.144383781548,21876132.20151691,In Transit
PO1394,SUPPLIER1394,PROD1394,2026-01-06,1614.996019253991,7620.734005230385,12307455.082240596,Pending
PO1395,SUPPLIER1395,PROD1395,2025-04-13,716.548778339406,23508.09978168493,16844700.179647192,Delivered
PO1396,SUPPLIER1396,PROD1396,2025-01-24,409.07114304142937,12790.990065275466,5232424.926633802,Partially Received
PO1397,SUPPLIER1397,PROD1397,2025-03-08,2165.461598975243,4943.283560338098,10704490.72275777,In Transit
PO1398,SUPPLIER1398,PROD1398,2026-01-20,70.79585984698244,15737.143216355576,1114124.5855369999,Delivered
PO1399,SUPPLIER1399,PROD1399,2025-11-02,1629.376145411824,15936.517320926767,25966581.163660422,In Transit
PO1400,SUPPLIER1400,PROD1400,2025-07-30,151.6195801748939,25405.896826786313,3852031.4108440103,Delivered
PO1401,SUPPLIER1401,PROD1401,2025-04-01,1983.9610227583714,13219.436400193366,26226846.560816877,In Transit
PO1402,SUPPLIER1402,PROD1402,2025-01-15,1096.5619076616194,962.4538755005855,1055390.257755241,Delivered
PO1403,SUPPLIER1403,PROD1403,2025-09-05,1484.0290509957183,2216.9443826171396,3290009.868245602,Pending
PO1404,SUPPLIER1404,PROD1404,2025-12-18,2249.735105488723,5985.36756385688,13465491.52766234,Delivered
PO1405,SUPPLIER1405,PROD1405,2025-07-19,567.4295197827171,8091.958514607509,4591616.134045407,Delivered
PO1406,SUPPLIER1406,PROD1406,2026-06-10,476.0171325976149,5404.942478833631,2572845.22062943,Delivered
PO1407,SUPPLIER1407,PROD1407,2026-06-18,1534.0027926041346,15611.513064818564,23948104.63820761,In Transit
PO1408,SUPPLIER1408,PROD1408,2025-11-02,1569.0997999191948,3625.725537501576,5689125.215455638,Delivered
PO1409,SUPPLIER1409,PROD1409,2026-05-07,1550.416136745237,14543.987718022714,22549233.250646953,Delivered
PO1410,SUPPLIER1410,PROD1410,2025-07-29,1140.1050432790646,14661.076302370175,16715167.032231417,Pending
PO1411,SUPPLIER1411,PROD1411,2026-04-15,875.60474744075,18264.107018384526,15992138.813063411,In Transit
PO1412,SUPPLIER1412,PROD1412,2025-08-28,869.9962659595587,11243.204287890509,9781545.747885242,Partially Received
PO1413,SUPPLIER1413,PROD1413,2026-08-13,1742.3659004718013,12203.020269391634,21262126.4001542,Partially Received
PO1414,SUPPLIER1414,PROD1414,2025-10-13,1117.2587291010166,16484.35992517096,18417295.020040236,Delivered
PO1415,SUPPLIER1415,PROD1415,2025-09-07,1342.834752565552,9265.87322226963,12442536.575730214,In Transit
PO1416,SUPPLIER1416,PROD1416,2026-01-16,1195.8306460975994,17993.9566554044,21517724.813084442,Delivered
PO1417,SUPPLIER1417,PROD1417,2025-04-20,83.26145203207068,9385.655744264555,781463.3255406119,Delivered
PO1418,SUPPLIER1418,PROD1418,2026-02-21,1877.9031966220616,1013.9571836511775,1904113.436416449,Pending
PO1419,SUPPLIER1419,PROD1419,2026-02-06,1690.0966556556923,20065.549858871895,33912718.71037194,Delivered
PO1420,SUPPLIER1420,PROD1420,2026-05-29,1167.0276353225606,16748.15497515637,19545559.696672518,In Transit
PO1421,SUPPLIER1421,PROD1421,2025-08-16,1504.590202657116,12528.84621133456,18850779.260171704,Delivered
PO1422,SUPPLIER1422,PROD1422,2025-10-11,678.00787406083,22960.364173069993,15567307.700645633,Delivered
PO1423,SUPPLIER1423,PROD1423,2026-08-25,772.2272301920889,12580.298463462539,9714849.037429469,Pending
PO1424,SUPPLIER1424,PROD1424,2025-07-09,1444.2416777103836,9935.830276775792,14349740.188376294,Pending
PO1425,SUPPLIER1425,PROD1425,2025-01-08,1344.6947030688973,16110.86263197772,21664191.64309107,Delivered
PO1426,SUPPLIER1426,PROD1426,2025-03-19,236.08418517997706,3954.2131786131613,933527.1963008152,Cancelled
PO1427,SUPPLIER1427,PROD1427,2026-02-12,1801.2385211401129,15859.17258521732,28566152.573902667,Partially Received
PO1428,SUPPLIER1428,PROD1428,2025-12-07,1324.1863919000461,2323.3466082608325,3076543.9623261215,Delivered
PO1429,SUPPLIER1429,PROD1429,2025-02-27,410.674585882417,23444.501017283692,9628060.746492883,Partially Received
PO1430,SUPPLIER1430,PROD1430,2025-03-14,1079.50591310225,24562.804952282935,26515693.188366655,Partially Received
PO1431,SUPPLIER1431,PROD1431,2025-11-12,1255.965630115339,18935.885841741423,23782821.793014895,In Transit
PO1432,SUPPLIER1432,PROD1432,2025-09-26,1318.5119802216448,10389.802948121842,13699079.659240812,Pending
PO1433,SUPPLIER1433,PROD1433,2025-08-20,1413.425222787914,20309.824232632436,28706417.840791874,Delivered
PO1434,SUPPLIER1434,PROD1434,2025-10-29,2331.0341520699203,23286.714264857343,54282126.24087625,Delivered
PO1435,SUPPLIER1435,PROD1435,2026-02-19,1366.1958433775676,8439.808551688562,11530431.362219362,Partially Received
PO1436,SUPPLIER1436,PROD1436,2025-06-27,1350.1490473268502,21383.04085839589,28870292.24391432,In Transit
PO1437,SUPPLIER1437,PROD1437,2026-01-01,1696.394379367633,8454.375613366115,14341955.271577064,Partially Received
PO1438,SUPPLIER1438,PROD1438,2026-08-30,2238.7232112829947,16749.37696331858,37497218.98230999,In Transit
PO1439,SUPPLIER1439,PROD1439,2025-12-05,1131.6274036627756,14379.668954246008,16272427.44422363,Delivered
PO1440,SUPPLIER1440,PROD1440,2026-05-16,672.1886154616531,27138.601185276842,18242258.756297216,Cancelled
PO1441,SUPPLIER1441,PROD1441,2026-08-09,380.96847642599903,1866.7370659726012,711167.9759115215,Partially Received
PO1442,SUPPLIER1442,PROD1442,2026-05-12,324.8317526879043,13926.590031100124,4523798.648768149,Delivered
PO1443,SUPPLIER1443,PROD1443,2026-05-28,1858.532718854625,26226.94486044442,48743635.1387321,Delivered
PO1444,SUPPLIER1444,PROD1444,2026-07-13,774.3770527602405,13275.569175298368,10280296.131682247,Delivered
PO1445,SUPPLIER1445,PROD1445,2026-04-03,1008.7003276022872,3952.9216646450636,3987313.378113654,Partially Received
PO1446,SUPPLIER1446,PROD1446,2025-09-26,1454.9157910831345,11461.732481990326,16675855.581218215,Delivered
PO1447,SUPPLIER1447,PROD1447,2025-04-21,951.5118198887059,23934.106355346375,22773585.09558547,Delivered
PO1448,SUPPLIER1448,PROD1448,2025-08-24,2257.4815797766105,20431.127879884727,46122894.84290013,Delivered
PO1449,SUPPLIER1449,PROD1449,2026-04-14,320.8049220057405,23349.550900644736,7490650.855550402,Delivered
PO1450,SUPPLIER1450,PROD1450,2025-07-20,871.1715540853618,4092.376209227753,3565161.7420949033,Cancelled
PO1451,SUPPLIER1451,PROD1451,2025-10-06,1824.902877075225,10149.665915088455,18522154.529797267,Delivered
PO1452,SUPPLIER1452,PROD1452,2025-10-26,2391.4381325636805,7739.007872581367,18507358.534701608,Partially Received
PO1453,SUPPLIER1453,PROD1453,2026-07-13,1721.7626538105617,4035.0343741418906,6947371.49223938,Partially Received
PO1454,SUPPLIER1454,PROD1454,2025-06-26,1116.0582969855113,14574.430317294318,16265913.879453503,Cancelled
PO1455,SUPPLIER1455,PROD1455,2025-03-22,1546.965090681815,2917.366461574422,4513064.072781561,Pending
PO1456,SUPPLIER1456,PROD1456,2025-04-16,2303.8398619229893,19246.297867234236,44340388.22097764,Partially Received
PO1457,SUPPLIER1457,PROD1457,2026-02-10,545.8675266910659,19729.642593315126,10769771.204911634,Partially Received
PO1458,SUPPLIER1458,PROD1458,2026-02-02,2265.183837842839,11370.6693471517,25756656.430623014,Delivered
PO1459,SUPPLIER1459,PROD1459,2025-01-26,1541.8723202359035,11803.760255545203,18199891.212725826,Cancelled
PO1460,SUPPLIER1460,PROD1460,2026-07-09,951.1573109706844,8213.051128233988,7811903.625995786,In Transit
PO1461,SUPPLIER1461,PROD1461,2026-07-06,309.74987232361605,18971.587004943533,5876446.652557633,Delivered
PO1462,SUPPLIER1462,PROD1462,2025-04-07,1454.6416001368605,17480.30785742901,25427582.99261547,Partially Received
PO1463,SUPPLIER1463,PROD1463,2025-11-04,1787.254926323629,21630.689652091995,38659556.64047896,Delivered
PO1464,SUPPLIER1464,PROD1464,2025-11-21,920.991055711528,23161.945417187344,21331944.56210816,In Transit
PO1465,SUPPLIER1465,PROD1465,2025-06-06,753.6544803084836,4885.446075370648,3681938.3230085867,Delivered
PO1466,SUPPLIER1466,PROD1466,2026-06-06,252.80043470472145,16363.41669999379,4136678.8550129286,Cancelled
PO1467,SUPPLIER1467,PROD1467,2026-06-16,471.45294495444665,16172.923852366264,7624772.5787220895,Delivered
PO1468,SUPPLIER1468,PROD1468,2026-03-25,2428.549995003548,5141.766613029384,12487037.282381918,In Transit
PO1469,SUPPLIER1469,PROD1469,2025-05-05,2235.316748486993,12838.027827892738,28697058.621230733,Delivered
PO1470,SUPPLIER1470,PROD1470,2025-02-23,982.9541212329125,24658.819352659997,24238488.107435044,Pending
PO1471,SUPPLIER1471,PROD1471,2025-06-09,1381.3267891229168,11765.206480421391,16251594.890968613,Delivered
PO1472,SUPPLIER1472,PROD1472,2025-06-09,1307.555079074201,16730.35655675288,21875862.69050459,Pending
PO1473,SUPPLIER1473,PROD1473,2025-05-19,1432.5758417582338,13683.405769765492,19602516.538741272,Partially Received
PO1474,SUPPLIER1474,PROD1474,2026-03-19,468.53221772195144,14532.879331721362,6809122.183176922,Delivered
PO1475,SUPPLIER1475,PROD1475,2025-07-10,2398.62537577964,1144.5504359001407,2745347.7194097256,Delivered
PO1476,SUPPLIER1476,PROD1476,2025-01-27,1180.249058231296,13004.80737161677,15348911.652830107,In Transit
PO1477,SUPPLIER1477,PROD1477,2025-07-06,1062.5695557319823,7727.316012656537,8210810.74256909,Partially Received
PO1478,SUPPLIER1478,PROD1478,2026-04-03,748.496454529123,7536.31017016456,5640901.442599945,In Transit
PO1479,SUPPLIER1479,PROD1479,2026-08-31,1549.0305301860465,24148.657518684377,37407007.759448916,Delivered
PO1480,SUPPLIER1480,PROD1480,2026-05-14,1553.5155022301262,5935.013385546695,9220135.300390095,Delivered
PO1481,SUPPLIER1481,PROD1481,2026-06-06,259.8011616373113,13936.644242115362,3620756.363427517,Partially Received
PO1482,SUPPLIER1482,PROD1482,2025-11-22,1844.1582856399662,21385.768319686413,39438741.8415264,In Transit
PO1483,SUPPLIER1483,PROD1483,2026-06-21,853.20978788278,18518.593485429363,15800245.21959062,Delivered
PO1484,SUPPLIER1484,PROD1484,2026-06-25,2443.0398777841715,11537.642986711315,28186921.912172616,Cancelled
PO1485,SUPPLIER1485,PROD1485,2026-05-26,2333.3321998766396,4802.885678533427,11206727.806048408,Delivered
PO1486,SUPPLIER1486,PROD1486,2026-04-16,1482.8712900940484,25778.700914158588,38226495.48152697,Pending
PO1487,SUPPLIER1487,PROD1487,2025-06-13,2459.7626349488087,2336.4629637555317,5747144.296187609,Partially Received
PO1488,SUPPLIER1488,PROD1488,2025-12-24,1295.1032253211067,18503.34295104696,23963739.135123484,Delivered
PO1489,SUPPLIER1489,PROD1489,2025-03-14,295.63634575453176,10443.407418570057,3087450.8064518194,In Transit
PO1490,SUPPLIER1490,PROD1490,2026-02-13,1986.8679195347722,17020.164522674946,33816818.87530671,Cancelled
PO1491,SUPPLIER1491,PROD1491,2025-03-14,793.1432029601227,2323.5939938265474,1842942.7826424914,Pending
PO1492,SUPPLIER1492,PROD1492,2025-09-14,2168.1094492727875,3056.843854303599,6627572.0454670815,Delivered
PO1493,SUPPLIER1493,PROD1493,2026-08-28,2270.7826460763645,3609.7667168854464,8196995.617087524,Pending
PO1494,SUPPLIER1494,PROD1494,2026-07-04,1022.1263469022924,3214.804113364393,3285935.98439961,Partially Received
PO1495,SUPPLIER1495,PROD1495,2026-07-17,1842.8011601924677,2929.718414078514,5398888.492501122,Pending
PO1496,SUPPLIER1496,PROD1496,2025-03-08,918.1144023745022,14877.900988691783,13659615.174819771,Partially Received
PO1497,SUPPLIER1497,PROD1497,2025-11-25,888.6348287020386,2921.8121512059106,2596424.040486399,Partially Received
PO1498,SUPPLIER1498,PROD1498,2026-04-16,651.2725094211366,15056.763589074179,9806056.20641714,In Transit
PO1499,SUPPLIER1499,PROD1499,2026-04-23,450.5488896160404,21093.23854635112,9503535.20546476,Partially Received
PO1500,SUPPLIER1500,PROD1500,2025-11-11,652.7768468521015,21765.632142929335,14208100.72000416,Delivered
PO1501,SUPPLIER1501,PROD1501,2026-06-17,1051.9304476114155,3972.854429217668,4179166.538021936,In Transit
PO1502,SUPPLIER1502,PROD1502,2025-02-25,1217.1518324307171,5212.017685695963,6343816.876806147,Partially Received
PO1503,SUPPLIER1503,PROD1503,2025-09-22,1411.4836984153596,17472.635441184215,24662340.093585983,Pending
PO1504,SUPPLIER1504,PROD1504,2025-09-29,1021.6667825482108,16388.50564486858,16743591.832966072,Pending
PO1505,SUPPLIER1505,PROD1505,2026-02-07,239.12004774490939,12766.655450407012,3052763.2608441324,In Transit
PO1506,SUPPLIER1506,PROD1506,2025-07-21,986.4279805902971,24940.140391982633,24601652.32250193,In Transit
PO1507,SUPPLIER1507,PROD1507,2026-02-05,416.35910324286465,4159.853022206528,1731992.6739480305,Delivered
PO1508,SUPPLIER1508,PROD1508,2026-02-28,1680.4948825567633,8938.46769065583,15021049.212046092,Partially Received
PO1509,SUPPLIER1509,PROD1509,2026-05-16,1101.2049400878827,7722.166894092705,8503688.331957988,In Transit
PO1510,SUPPLIER1510,PROD1510,2025-03-18,1014.9189843672299,5590.841452907089,5674251.12914267,Pending
PO1511,SUPPLIER1511,PROD1511,2025-07-25,892.8195910694299,22788.50434405651,20346023.12954446,Cancelled
PO1512,SUPPLIER1512,PROD1512,2025-01-28,1286.9033903123227,7962.627101265709,10247131.812411623,Delivered
PO1513,SUPPLIER1513,PROD1513,2026-04-01,795.0419232516397,21154.17294767676,16818454.34511874,Pending
PO1514,SUPPLIER1514,PROD1514,2025-06-12,1179.628038122327,26980.656770719375,31827139.21369558,Pending
PO1515,SUPPLIER1515,PROD1515,2026-07-27,1420.4369316589346,17981.62020184668,25541757.425767407,Partially Received
PO1516,SUPPLIER1516,PROD1516,2025-01-24,501.48621488350693,7543.826927834733,3783125.211776115,Delivered
PO1517,SUPPLIER1517,PROD1517,2025-01-21,710.099749321334,16890.755086325244,11994120.952647602,Delivered
PO1518,SUPPLIER1518,PROD1518,2025-08-30,1835.2314206488084,3927.454472555039,7207787.851200701,Delivered
PO1519,SUPPLIER1519,PROD1519,2025-02-04,1650.593244755374,14712.854296519798,24284937.912905656,Pending
PO1520,SUPPLIER1520,PROD1520,2025-09-08,1959.6379471507964,15866.43213920106,31092462.505871385,In Transit
PO1521,SUPPLIER1521,PROD1521,2025-10-25,785.3577420096882,19245.16114696667,15114336.302994326,Delivered
PO1522,SUPPLIER1522,PROD1522,2025-11-26,658.4869892177002,3725.980017121975,2453509.363359964,Partially Received
PO1523,SUPPLIER1523,PROD1523,2025-01-27,1065.9720811276804,12690.751549309645,13527986.840091938,Partially Received
PO1524,SUPPLIER1524,PROD1524,2026-08-09,1699.6267343109594,18111.056888546118,30782036.474399645,Delivered
PO1525,SUPPLIER1525,PROD1525,2025-08-16,211.56443202107351,2829.901499048857,598706.503321856,Delivered
PO1526,SUPPLIER1526,PROD1526,2026-05-09,1434.5857931152937,6747.044846697132,9679214.68258346,Pending
PO1527,SUPPLIER1527,PROD1527,2026-02-18,1657.0608762007828,10996.807804602708,18222379.97610657,Delivered
PO1528,SUPPLIER1528,PROD1528,2025-04-22,109.72132943971445,20195.10929611071,2215834.240149603,Delivered
PO1529,SUPPLIER1529,PROD1529,2025-03-18,363.0877672542732,18340.980635316588,6659385.708130961,Delivered
PO1530,SUPPLIER1530,PROD1530,2025-03-10,971.1122378215687,10830.925433782495,10518044.235679064,Delivered
PO1531,SUPPLIER1531,PROD1531,2025-04-17,396.91218448715654,6354.876861672425,2522328.0573132876,Pending
PO1532,SUPPLIER1532,PROD1532,2026-08-05,1026.7649264589986,10926.270256042695,11218711.075916821,Cancelled
PO1533,SUPPLIER1533,PROD1533,2025-11-12,1899.0177651430076,25891.28545608077,49168011.043486156,Pending
PO1534,SUPPLIER1534,PROD1534,2026-06-07,1605.9107005957746,1949.6659181889197,3130989.3606064725,Delivered
PO1535,SUPPLIER1535,PROD1535,2026-08-31,1927.5548251232633,17420.62864333928,33579216.79814916,Delivered
PO1536,SUPPLIER1536,PROD1536,2025-02-16,2319.8098404335656,7608.263963769306,17649725.611768123,In Transit
PO1537,SUPPLIER1537,PROD1537,2025-11-22,1315.8548128461457,14398.72702708296,18946634.25744499,Pending
PO1538,SUPPLIER1538,PROD1538,2026-05-28,1461.0269446518334,25815.517437946277,37717166.56696878,In Transit
PO1539,SUPPLIER1539,PROD1539,2026-04-24,1457.0895981885249,15710.703377486538,22891902.47156096,Delivered
PO1540,SUPPLIER1540,PROD1540,2026-03-15,467.7834391421149,17263.82531633673,8075731.579224705,In Transit
PO1541,SUPPLIER1541,PROD1541,2025-01-27,1054.0567129467272,17298.917707441156,18234040.33624136,Partially Received
PO1542,SUPPLIER1542,PROD1542,2025-08-29,1213.0772905768647,5653.842653180966,6858548.127068679,Pending
PO1543,SUPPLIER1543,PROD1543,2026-08-16,1390.8287201057424,20764.360864775983,28879669.445370145,Delivered
PO1544,SUPPLIER1544,PROD1544,2025-08-27,1039.3652962587269,9823.703716273581,10210416.723422647,Delivered
PO1545,SUPPLIER1545,PROD1545,2026-08-28,2142.0949307634746,23598.900144384705,50551084.3708799,Partially Received
PO1546,SUPPLIER1546,PROD1546,2025-01-02,1324.9342188238702,8008.095571644854,10610199.85048417,Delivered
PO1547,SUPPLIER1547,PROD1547,2025-01-06,1736.557109494606,11343.349812994618,19698374.763240114,Cancelled
PO1548,SUPPLIER1548,PROD1548,2026-06-01,1684.0291670729828,12826.77843327162,21600669.001212105,In Transit
PO1549,SUPPLIER1549,PROD1549,2026-08-25,2418.5754443427895,15132.106592616221,36598141.42607923,Partially Received
PO1550,SUPPLIER1550,PROD1550,2026-07-29,1572.4122032721148,25829.18148918704,40614120.17412792,In Transit
PO1551,SUPPLIER1551,PROD1551,2025-10-22,1336.4708562481592,11490.511038318526,15356733.126110485,Partially Received
PO1552,SUPPLIER1552,PROD1552,2025-12-05,1370.5129709354005,19739.82151994319,27053681.437031895,In Transit
PO1553,SUPPLIER1553,PROD1553,2026-01-01,1615.523014711539,12397.925514780749,20029134.003807705,In Transit
PO1554,SUPPLIER1554,PROD1554,2026-06-10,1462.2738114892172,4835.268910769664,7070487.099726473,Delivered
PO1555,SUPPLIER1555,PROD1555,2025-05-03,1230.8419833854896,9597.27316047094,11812726.731926378,Partially Received
PO1556,SUPPLIER1556,PROD1556,2026-03-04,381.9738639366785,19779.432010424374,7555226.071494624,Delivered
PO1557,SUPPLIER1557,PROD1557,2025-05-17,1592.0685043087115,13306.605488744533,21185027.4978916,Partially Received
PO1558,SUPPLIER1558,PROD1558,2025-08-17,721.1644919176492,2699.7087455868586,1946934.085836781,In Transit
PO1559,SUPPLIER1559,PROD1559,2026-08-05,1816.7844717677856,15717.138204736953,28554652.63099431,Delivered
PO1560,SUPPLIER1560,PROD1560,2026-03-20,2001.5113445139825,19743.516267574825,39516871.79014737,Delivered
PO1561,SUPPLIER1561,PROD1561,2025-10-08,560.91955618214,26416.243133924414,14817387.374680385,Delivered
PO1562,SUPPLIER1562,PROD1562,2025-05-10,209.34735793440566,14780.033986633249,3094161.0652823914,Delivered
PO1563,SUPPLIER1563,PROD1563,2025-04-06,1946.1419055520546,20022.433319670996,38966496.53453346,Delivered
PO1564,SUPPLIER1564,PROD1564,2025-10-30,922.5541754528708,7001.461554241395,6459227.591138146,In Transit
PO1565,SUPPLIER1565,PROD1565,2026-02-02,1697.0965625858848,6871.545453008605,11661676.167953571,Delivered
PO1566,SUPPLIER1566,PROD1566,2025-03-27,1024.175424935848,19077.063533241573,19538259.650685858,Delivered
PO1567,SUPPLIER1567,PROD1567,2026-04-22,939.8134489648342,6034.470657468848,5671276.681272889,In Transit
PO1568,SUPPLIER1568,PROD1568,2025-05-06,925.3956055651008,11772.1760482165,10893919.982958283,Delivered
PO1569,SUPPLIER1569,PROD1569,2026-05-25,1750.860469308845,16764.493381447734,29352288.749566603,In Transit
PO1570,SUPPLIER1570,PROD1570,2026-05-16,1130.8357988425423,19883.80334150428,22485316.635718007,Partially Received
PO1571,SUPPLIER1571,PROD1571,2025-05-28,2453.197965126178,16361.14562267597,40137129.14868177,Delivered
PO1572,SUPPLIER1572,PROD1572,2025-09-12,1295.0274784211315,9645.199061073568,12490797.818931969,Partially Received
PO1573,SUPPLIER1573,PROD1573,2025-07-25,633.4281919246858,15110.136591080138,9571186.500622928,In Transit
PO1574,SUPPLIER1574,PROD1574,2026-08-10,669.6835471736897,7165.6506644319625,4798718.354764303,Delivered
PO1575,SUPPLIER1575,PROD1575,2025-04-19,1332.1461722406912,4669.514835649611,6220476.314531749,Delivered
PO1576,SUPPLIER1576,PROD1576,2025-12-12,1622.826730949544,5413.825958876075,8785701.48277264,Partially Received
PO1577,SUPPLIER1577,PROD1577,2026-05-10,68.20580369352075,13264.468365508732,904713.7254368046,In Transit
PO1578,SUPPLIER1578,PROD1578,2026-02-28,1231.4601264540438,21694.0337139141,26715337.50063495,Delivered
PO1579,SUPPLIER1579,PROD1579,2026-03-12,2080.245103082888,22246.832395391713,46278864.14961936,Delivered
PO1580,SUPPLIER1580,PROD1580,2025-08-03,1277.2168982706119,9099.661474522543,11622241.403802264,In Transit
PO1581,SUPPLIER1581,PROD1581,2025-09-08,1493.4947567889553,9112.983499692671,13610193.07549527,Partially Received
PO1582,SUPPLIER1582,PROD1582,2025-03-01,1996.7215492743371,22924.708889271475,45774260.25004931,Delivered
PO1583,SUPPLIER1583,PROD1583,2025-09-20,2158.2732885471896,15312.189627840855,33047889.862938248,Partially Received
PO1584,SUPPLIER1584,PROD1584,2025-12-06,1992.6751200717986,23419.040044956804,46666538.43355056,Partially Received
PO1585,SUPPLIER1585,PROD1585,2026-05-05,2448.24292485528,5454.46869635101,13353864.394685963,Pending
PO1586,SUPPLIER1586,PROD1586,2025-03-08,226.6310867822213,9280.929879418933,2103347.2249223026,In Transit
PO1587,SUPPLIER1587,PROD1587,2025-07-24,514.6229629128056,20627.51118839867,10615390.92529077,Delivered
PO1588,SUPPLIER1588,PROD1588,2026-08-14,117.27417983387448,14818.474781901132,1737824.4764364073,Delivered
PO1589,SUPPLIER1589,PROD1589,2026-06-18,1082.7796640748404,16559.01087714773,17929760.23496965,Delivered
PO1590,SUPPLIER1590,PROD1590,2025-10-22,457.7744369542923,13865.85146117572,6347432.345531566,In Transit
PO1591,SUPPLIER1591,PROD1591,2025-08-27,1177.771605078201,1068.8089484695358,1258812.8307609095,Delivered
PO1592,SUPPLIER1592,PROD1592,2025-04-25,2071.8675210950905,3211.7483775366763,6654317.149348092,Delivered
PO1593,SUPPLIER1593,PROD1593,2026-03-10,140.56888607188932,15051.35974767111,2115752.873597401,Delivered
PO1594,SUPPLIER1594,PROD1594,2026-07-27,1933.0911704551668,5142.674145401721,9941257.983004138,Partially Received
PO1595,SUPPLIER1595,PROD1595,2026-07-17,2185.985076562418,3807.4720616279756,8323077.106147097,Delivered
PO1596,SUPPLIER1596,PROD1596,2025-08-31,2367.774401571941,14825.770711311372,35104080.37381809,Delivered
PO1597,SUPPLIER1597,PROD1597,2026-01-01,752.3897245090103,5139.186780158349,3866671.325723688,Partially Received
PO1598,SUPPLIER1598,PROD1598,2025-12-18,966.3471907105218,21163.753637835718,20451533.872812133,In Transit
PO1599,SUPPLIER1599,PROD1599,2025-06-07,638.987678894777,23308.708313628744,14893977.423361022,In Transit
PO1600,SUPPLIER1600,PROD1600,2026-01-01,1170.4632565730642,17863.357334684326,20908403.399282947,Pending
PO1601,SUPPLIER1601,PROD1601,2025-06-30,1097.7942302825682,18923.79877652137,20774437.111893483,Delivered
PO1602,SUPPLIER1602,PROD1602,2026-03-17,631.7678234086918,3021.6476820711405,1908979.7792100033,Delivered
PO1603,SUPPLIER1603,PROD1603,2025-02-20,827.6227372078048,26449.13019733511,21889901.53068409,Delivered
PO1604,SUPPLIER1604,PROD1604,2026-01-26,456.69437487258796,11993.875184905113,5477535.329870086,In Transit
PO1605,SUPPLIER1605,PROD1605,2025-04-02,618.2833105496019,9445.50199252005,5839996.241738157,In Transit
PO1606,SUPPLIER1606,PROD1606,2025-04-30,962.8682254002476,4753.848263275375,4577329.441082009,Pending
PO1607,SUPPLIER1607,PROD1607,2025-01-14,1251.23455586895,21946.821301319775,27460621.203692064,Partially Received
PO1608,SUPPLIER1608,PROD1608,2025-09-13,701.2481445909856,6196.379805796386,4345199.841995767,In Transit
PO1609,SUPPLIER1609,PROD1609,2025-03-25,751.85434081069,24742.51336610404,18602766.076871842,Delivered
PO1610,SUPPLIER1610,PROD1610,2025-11-27,907.9406690869996,15161.385944506212,13765638.8987412,In Transit
PO1611,SUPPLIER1611,PROD1611,2026-01-15,2073.1496140789254,4850.167996352021,10055123.909855148,In Transit
PO1612,SUPPLIER1612,PROD1612,2026-04-06,2487.639917257401,14073.277462221531,35009246.78166122,Delivered
PO1613,SUPPLIER1613,PROD1613,2026-08-02,1199.3746976910777,15540.502851233694,18638885.909165744,Delivered
PO1614,SUPPLIER1614,PROD1614,2026-02-18,1066.227545457848,7653.307735714127,8160167.521684035,Partially Received
PO1615,SUPPLIER1615,PROD1615,2025-03-07,1785.769003862868,23298.705445187374,41606106.01414663,In Transit
PO1616,SUPPLIER1616,PROD1616,2025-08-09,1590.9968912517268,9493.63256157385,15104339.892150162,In Transit
PO1617,SUPPLIER1617,PROD1617,2025-09-04,1344.1080994336805,13551.908022019381,18215229.33517652,Delivered
PO1618,SUPPLIER1618,PROD1618,2025-02-10,540.6085818798449,13969.081677880908,7551805.436042922,Delivered
PO1619,SUPPLIER1619,PROD1619,2026-01-16,1844.638715618732,24693.501853644626,45550589.543435805,Delivered
PO1620,SUPPLIER1620,PROD1620,2025-02-15,865.5137595870498,14028.95612575866,12142254.55948715,Pending
PO1621,SUPPLIER1621,PROD1621,2026-07-20,603.6139094588214,20592.268815775427,12429779.88451718,Partially Received
PO1622,SUPPLIER1622,PROD1622,2026-01-20,1463.2154006174646,8535.41155922551,12489145.644067092,Delivered
PO1623,SUPPLIER1623,PROD1623,2026-01-14,1222.8937579767362,12401.383637043855,15165574.640015764,Delivered
PO1624,SUPPLIER1624,PROD1624,2025-08-04,1060.7293611250113,18215.78634404434,19322019.411107857,Delivered
PO1625,SUPPLIER1625,PROD1625,2026-04-16,538.7008553512516,19240.466812815546,10364855.929421104,Pending
PO1626,SUPPLIER1626,PROD1626,2025-02-11,675.7050292039819,25840.603033544987,17460625.42743002,Delivered
PO1627,SUPPLIER1627,PROD1627,2025-02-23,1030.4501196250621,21974.796645432245,22643931.83202207,Delivered
PO1628,SUPPLIER1628,PROD1628,2025-01-28,1997.75778472095,20660.837185486726,41275348.32615819,Pending
PO1629,SUPPLIER1629,PROD1629,2026-02-03,1735.8271251937435,5774.82625327674,10024100.053718721,Delivered
PO1630,SUPPLIER1630,PROD1630,2026-03-11,761.7980088225623,10330.083931595052,7869437.370059057,Delivered
PO1631,SUPPLIER1631,PROD1631,2025-01-30,2469.9843556645365,18041.91314584702,44563243.216500476,Delivered
PO1632,SUPPLIER1632,PROD1632,2025-07-12,1370.2991071733734,5757.337966209857,7889275.0747927325,In Transit
PO1633,SUPPLIER1633,PROD1633,2025-10-09,1340.9705837247916,19068.118352544625,25569785.797745176,Delivered
PO1634,SUPPLIER1634,PROD1634,2025-02-27,2425.012825491129,3488.001554909147,8458448.505987683,Delivered
PO1635,SUPPLIER1635,PROD1635,2026-07-30,1865.304848179323,13425.115729253792,25041933.457145587,Partially Received
PO1636,SUPPLIER1636,PROD1636,2025-03-29,1759.9187566856485,15837.39933536664,27872536.147432573,In Transit
PO1637,SUPPLIER1637,PROD1637,2026-03-10,526.0036394177538,11667.910384572357,6137363.326685263,In Transit
PO1638,SUPPLIER1638,PROD1638,2025-12-06,712.6423840440086,7064.565034842272,5034508.468663942,Delivered
PO1639,SUPPLIER1639,PROD1639,2025-06-03,718.8337470295444,9285.449670001315,6674694.579141292,Delivered
PO1640,SUPPLIER1640,PROD1640,2025-07-20,1294.5660245670922,15393.032164705917,19927296.45549672,Partially Received
PO1641,SUPPLIER1641,PROD1641,2025-05-16,382.79647732780603,8278.777636796583,3169086.915945951,Delivered
PO1642,SUPPLIER1642,PROD1642,2025-02-16,681.6258527980647,12589.013979019042,8580997.389335612,In Transit
PO1643,SUPPLIER1643,PROD1643,2025-09-03,2074.206907133725,18294.614610392706,37946815.988226116,Partially Received
PO1644,SUPPLIER1644,PROD1644,2025-09-30,1074.4287601215062,19585.468551383263,21043190.692061473,Delivered
PO1645,SUPPLIER1645,PROD1645,2026-04-30,2139.8182709202442,8526.903694794908,18246024.320499483,In Transit
PO1646,SUPPLIER1646,PROD1646,2025-06-26,948.7215154283534,10507.375186064593,9968572.909697479,Partially Received
PO1647,SUPPLIER1647,PROD1647,2025-12-28,1389.8641469005372,14104.457522723373,19603279.822314784,Partially Received
PO1648,SUPPLIER1648,PROD1648,2026-03-29,1547.8066516136641,12076.369981821712,18691885.78521123,Pending
PO1649,SUPPLIER1649,PROD1649,2026-06-20,1340.4198127818713,4168.828853169562,5587980.790885207,Pending
PO1650,SUPPLIER1650,PROD1650,2025-04-17,1855.0059620760976,3472.0839793986406,6440736.482613381,Pending
PO1651,SUPPLIER1651,PROD1651,2026-08-19,914.1430435169702,12208.048763561857,11159902.852126021,In Transit
PO1652,SUPPLIER1652,PROD1652,2025-09-17,1158.294950686135,9782.245778273782,11330725.891345283,Delivered
PO1653,SUPPLIER1653,PROD1653,2026-04-08,2319.060567701727,7105.636293336174,16478400.936306184,Pending
PO1654,SUPPLIER1654,PROD1654,2025-12-02,774.815441985149,4313.172811157908,3341912.898035642,Cancelled
PO1655,SUPPLIER1655,PROD1655,2026-06-22,1928.3079405576839,4278.277288044342,8249836.066443497,In Transit
PO1656,SUPPLIER1656,PROD1656,2025-12-11,1991.228574318706,11329.020242133169,22558668.82517059,Delivered
PO1657,SUPPLIER1657,PROD1657,2025-09-13,561.0109329669698,11255.973775544278,6314724.349269841,Partially Received
PO1658,SUPPLIER1658,PROD1658,2025-05-10,459.0888212478904,9940.786223970255,4563703.829839772,In Transit
PO1659,SUPPLIER1659,PROD1659,2025-09-12,2150.6563145993186,16670.03512128467,35851516.29818329,In Transit
PO1660,SUPPLIER1660,PROD1660,2026-04-07,890.4092212697828,18178.525700459682,16186326.912779039,In Transit
PO1661,SUPPLIER1661,PROD1661,2025-09-03,968.8778761225857,19062.860526636032,18469583.819868192,Delivered
PO1662,SUPPLIER1662,PROD1662,2026-06-08,1688.1189576934444,12927.373150473912,21822943.68849224,Delivered
PO1663,SUPPLIER1663,PROD1663,2025-04-20,2092.464147554341,14464.388031742244,30266213.372734744,In Transit
PO1664,SUPPLIER1664,PROD1664,2026-08-03,1604.0109884419585,10125.919575032705,16242086.266431985,Delivered
PO1665,SUPPLIER1665,PROD1665,2026-04-03,1454.2458478422907,18979.35423996829,27600647.09820186,Delivered
PO1666,SUPPLIER1666,PROD1666,2025-06-20,1569.791470980446,6503.48567141608,10209116.338632502,Cancelled
PO1667,SUPPLIER1667,PROD1667,2026-02-26,541.4812921573888,12133.856468480255,6570256.279404979,In Transit
PO1668,SUPPLIER1668,PROD1668,2025-02-22,706.8697621809027,8100.944538590852,5726312.739434399,Delivered
PO1669,SUPPLIER1669,PROD1669,2025-04-21,1715.633739621464,6809.904339179978,11683301.64789178,In Transit
PO1670,SUPPLIER1670,PROD1670,2025-07-24,1109.9607926525987,14890.657343324392,16528045.82791458,In Transit
PO1671,SUPPLIER1671,PROD1671,2025-10-26,93.96782458602647,11346.545449624758,1066210.192467716,Delivered
PO1672,SUPPLIER1672,PROD1672,2025-07-11,602.8635116855506,20465.662347601217,12338001.07184562,Delivered
PO1673,SUPPLIER1673,PROD1673,2026-04-20,508.211900196423,10157.771470517622,5162300.340792775,In Transit
PO1674,SUPPLIER1674,PROD1674,2026-03-11,183.2492724132686,18702.757853258583,3427266.768731181,Cancelled
PO1675,SUPPLIER1675,PROD1675,2025-06-27,945.9586257296363,8320.42019909911,7870773.257032901,Delivered
PO1676,SUPPLIER1676,PROD1676,2025-03-30,851.202080355984,15798.635084307905,13447831.050547926,Partially Received
PO1677,SUPPLIER1677,PROD1677,2025-09-02,245.43607519413266,14256.507519177638,3499061.2514826003,Partially Received
PO1678,SUPPLIER1678,PROD1678,2026-07-13,1447.5943007277388,20505.092391337937,29683054.881596517,Partially Received
PO1679,SUPPLIER1679,PROD1679,2026-02-05,1324.5735096030912,8004.276761583463,10602252.961925073,Delivered
PO1680,SUPPLIER1680,PROD1680,2025-12-07,2406.604451285723,11242.282007583231,27055725.922059197,Pending
PO1681,SUPPLIER1681,PROD1681,2025-03-05,1059.245225384266,19913.67801705364,21093468.359403685,Delivered
PO1682,SUPPLIER1682,PROD1682,2026-07-23,671.1829377353245,19664.6410299293,13198571.535978543,Delivered
PO1683,SUPPLIER1683,PROD1683,2025-12-09,961.0468735838293,13514.50501778503,12988072.795375276,Pending
PO1684,SUPPLIER1684,PROD1684,2026-06-08,1485.0557784021992,14636.088904781484,21735408.401254058,Partially Received
PO1685,SUPPLIER1685,PROD1685,2025-03-29,330.42172475749476,13894.286689352864,4590974.172171075,Delivered
PO1686,SUPPLIER1686,PROD1686,2025-04-19,334.87427426966207,19304.959220664045,6464734.208825293,Delivered
PO1687,SUPPLIER1687,PROD1687,2026-03-15,842.606823648764,13930.41056600022,11737858.999140628,Pending
PO1688,SUPPLIER1688,PROD1688,2025-05-19,145.78844488834835,12218.288973033677,1781285.3485750346,Pending
PO1689,SUPPLIER1689,PROD1689,2026-05-04,1974.5783495592461,12734.706885908854,25145676.50489867,Cancelled
PO1690,SUPPLIER1690,PROD1690,2025-08-30,1199.955414213194,26143.124075512158,31370583.278858114,In Transit
PO1691,SUPPLIER1691,PROD1691,2025-02-06,743.0568565173969,2269.7123675656535,1686525.337041993,Delivered
PO1692,SUPPLIER1692,PROD1692,2026-07-04,1122.5355007335297,24851.18223100167,27896334.289497655,Delivered
PO1693,SUPPLIER1693,PROD1693,2026-03-11,724.3521269361329,4687.109144539431,3395117.4780289354,Cancelled
PO1694,SUPPLIER1694,PROD1694,2025-02-05,950.4920153155516,20981.85022830349,19943081.108549252,Cancelled
PO1695,SUPPLIER1695,PROD1695,2026-05-05,183.27603798574623,7964.265535795348,1459659.0328669976,Pending
PO1696,SUPPLIER1696,PROD1696,2025-02-09,2246.1913904652743,14455.594495990299,32470031.900950614,In Transit
PO1697,SUPPLIER1697,PROD1697,2025-09-19,783.7295703607208,10712.835518500351,8395965.97825935,Partially Received
PO1698,SUPPLIER1698,PROD1698,2025-11-25,1065.6405685669934,6905.2552979077345,7358520.181762641,Delivered
PO1699,SUPPLIER1699,PROD1699,2025-06-16,1123.0924577408964,6725.901677474094,7553809.445477998,Delivered
PO1700,SUPPLIER1700,PROD1700,2025-03-09,2459.809714609631,4948.303461779889,12171884.92612264,Delivered
PO1701,SUPPLIER1701,PROD1701,2026-01-30,1699.4642723530653,16464.926001202093,27981553.48597998,Partially Received
PO1702,SUPPLIER1702,PROD1702,2025-11-15,53.49270211186945,9065.737282213895,484950.7838619368,In Transit
PO1703,SUPPLIER1703,PROD1703,2026-02-23,203.64645015646002,21863.381790308165,4452400.090011647,Delivered
PO1704,SUPPLIER1704,PROD1704,2025-12-16,610.2495840100278,15967.033708039262,9743875.67820505,Delivered
PO1705,SUPPLIER1705,PROD1705,2025-01-13,827.4508424215693,12830.689638476244,10616764.950206868,Pending
PO1706,SUPPLIER1706,PROD1706,2025-01-13,971.6767256517775,4237.270618332589,4117257.2401218927,Delivered
PO1707,SUPPLIER1707,PROD1707,2025-04-07,1051.2702121722043,4126.398855868043,4337960.200715539,In Transit
PO1708,SUPPLIER1708,PROD1708,2026-05-14,874.0512484243726,12201.714113780523,10664923.454067154,Delivered
PO1709,SUPPLIER1709,PROD1709,2025-09-05,1426.7462836897319,4790.396982833422,6834681.092656089,Delivered
PO1710,SUPPLIER1710,PROD1710,2025-02-15,76.94176910706675,8445.668332525798,649824.6627960654,Delivered
PO1711,SUPPLIER1711,PROD1711,2026-04-07,1927.8660502904795,24158.135194083716,46573648.6790016,Delivered
PO1712,SUPPLIER1712,PROD1712,2025-05-07,922.348885575664,10907.340084912308,10060372.971913636,Delivered
PO1713,SUPPLIER1713,PROD1713,2026-08-31,207.56243198643296,4424.330244743037,918324.7455099949,Delivered
PO1714,SUPPLIER1714,PROD1714,2025-02-09,2409.8740582614532,16312.25518651639,39310480.60572669,Partially Received
PO1715,SUPPLIER1715,PROD1715,2025-11-24,13.599247853073315,5663.341485732859,77017.18454107363,Partially Received
PO1716,SUPPLIER1716,PROD1716,2026-08-10,2148.0199253795763,17539.501338342565,37675198.35598157,Delivered
PO1717,SUPPLIER1717,PROD1717,2025-04-23,1458.3986544911281,18202.467974174815,26546454.8019544,Partially Received
PO1718,SUPPLIER1718,PROD1718,2025-04-26,1733.7849037772357,24165.762730271283,41898234.610006906,Partially Received
PO1719,SUPPLIER1719,PROD1719,2025-11-21,1185.8689139415092,2803.4141513338695,3324481.6949705533,In Transit
PO1720,SUPPLIER1720,PROD1720,2025-03-01,1353.0277571391803,26837.050710916345,36311274.53162158,Partially Received
PO1721,SUPPLIER1721,PROD1721,2026-02-02,469.6796966420352,1846.5796887959816,867300.9880590404,Delivered
PO1722,SUPPLIER1722,PROD1722,2026-05-02,1945.6930971116155,12316.714321050387,23964546.033563517,Delivered
PO1723,SUPPLIER1723,PROD1723,2026-02-25,1195.0895252521038,16822.102749721784,20103918.78890712,Pending
PO1724,SUPPLIER1724,PROD1724,2026-03-11,1588.2538447014354,21973.946735920763,34900205.386590704,In Transit
PO1725,SUPPLIER1725,PROD1725,2025-01-23,2475.637882336041,15830.162288274849,39189749.444380604,Partially Received
PO1726,SUPPLIER1726,PROD1726,2026-05-28,489.84705398417674,5044.789627757714,2471175.3371270476,Partially Received
PO1727,SUPPLIER1727,PROD1727,2026-07-05,1349.3597983405234,18209.879931443742,24571679.912098072,Delivered
PO1728,SUPPLIER1728,PROD1728,2025-01-24,2376.8125878893397,6048.954772764977,14377231.847481098,Partially Received
PO1729,SUPPLIER1729,PROD1729,2026-05-06,2149.4097358266704,1156.2216988814712,2485194.176349887,In Transit
PO1730,SUPPLIER1730,PROD1730,2025-10-23,1693.9252376340503,6664.2543178834785,11288748.579074517,Delivered
PO1731,SUPPLIER1731,PROD1731,2025-04-21,1240.2338405275937,10385.490396319801,12880436.639990147,Partially Received
PO1732,SUPPLIER1732,PROD1732,2026-01-18,918.0621642931704,7233.679410224615,6640967.375153755,Partially Received
PO1733,SUPPLIER1733,PROD1733,2026-08-16,1611.7811857071315,14737.655824464473,23753876.379298963,Delivered
PO1734,SUPPLIER1734,PROD1734,2025-07-23,374.9597944726436,23481.102141446994,8804469.232948115,Partially Received
PO1735,SUPPLIER1735,PROD1735,2026-07-13,1381.8475859432062,2144.615216813731,2963531.36013112,In Transit
PO1736,SUPPLIER1736,PROD1736,2025-01-13,1899.291564246431,20825.21988436527,39553164.44995199,Pending
PO1737,SUPPLIER1737,PROD1737,2026-05-20,912.0307900195963,5018.277740165492,4576823.811900889,Pending
PO1738,SUPPLIER1738,PROD1738,2025-09-18,854.8806623434834,7635.03908450849,6527047.269583002,In Transit
PO1739,SUPPLIER1739,PROD1739,2026-03-31,616.171730311348,15925.38838066445,9812774.114394251,In Transit
PO1740,SUPPLIER1740,PROD1740,2026-08-13,1918.9713645683298,20813.12816564818,39939796.956969425,In Transit
PO1741,SUPPLIER1741,PROD1741,2025-04-23,2179.3498879297576,2502.4932184674085,5453808.315211926,Pending
PO1742,SUPPLIER1742,PROD1742,2025-07-26,1532.6498679170747,8962.276385730025,13736031.71882544,Delivered
PO1743,SUPPLIER1743,PROD1743,2026-04-18,1115.0835152335887,18842.467800599195,21010925.230767857,In Transit
PO1744,SUPPLIER1744,PROD1744,2026-05-16,1829.2194573577005,16022.27625086932,29308259.46925035,In Transit
PO1745,SUPPLIER1745,PROD1745,2026-03-21,331.194085590282,14566.376936425348,4824297.889822766,In Transit
PO1746,SUPPLIER1746,PROD1746,2025-05-25,1389.1359382105675,20108.28751642017,27933144.844930172,Pending
PO1747,SUPPLIER1747,PROD1747,2025-12-29,1605.3425671859068,12851.736780488827,20631440.115987476,Partially Received
PO1748,SUPPLIER1748,PROD1748,2026-03-28,795.349284612822,16120.70965406159,12821594.890808897,Partially Received
PO1749,SUPPLIER1749,PROD1749,2025-02-16,1746.6632668261127,23004.511446308723,40181135.114548296,In Transit
PO1750,SUPPLIER1750,PROD1750,2025-06-15,711.795921551241,4576.299356282348,3257391.2175993444,In Transit
PO1751,SUPPLIER1751,PROD1751,2026-03-16,1845.9156871175564,24057.573406040723,44408252.14419271,Delivered
PO1752,SUPPLIER1752,PROD1752,2026-07-21,800.3081237208006,4784.150418211752,3828794.4447971312,Delivered
PO1753,SUPPLIER1753,PROD1753,2025-03-21,1772.7078717981597,12937.856585412555,22935040.213156495,Delivered
PO1754,SUPPLIER1754,PROD1754,2025-10-11,1381.0407225223746,10150.763235423286,14018617.392802533,Partially Received
PO1755,SUPPLIER1755,PROD1755,2026-01-26,1893.6645662925941,3092.605135620653,5856356.762859333,Delivered
PO1756,SUPPLIER1756,PROD1756,2025-06-18,1747.9452264329789,17919.00254605056,31321434.962809473,Delivered
PO1757,SUPPLIER1757,PROD1757,2026-03-04,2414.0062796901193,4597.654250537316,11098766.23264105,Partially Received
PO1758,SUPPLIER1758,PROD1758,2026-01-23,1065.7493910911285,10841.519407511943,11554342.707058506,Partially Received
PO1759,SUPPLIER1759,PROD1759,2026-05-14,1555.0271127407586,6188.36634504868,9623077.450123131,Delivered
PO1760,SUPPLIER1760,PROD1760,2025-04-26,1018.1996233880958,7124.148057782824,7253804.869395506,In Transit
PO1761,SUPPLIER1761,PROD1761,2025-06-11,789.9959412455604,8847.111473581472,6989182.155876392,Delivered
PO1762,SUPPLIER1762,PROD1762,2025-07-29,1667.8696581949243,9037.94817829097,15074119.5389096,Partially Received
PO1763,SUPPLIER1763,PROD1763,2026-04-24,1484.3131849343877,16203.743880269909,24051430.68678452,Partially Received
PO1764,SUPPLIER1764,PROD1764,2026-03-11,661.3980555049302,15394.203418783572,10181696.207230803,Pending
PO1765,SUPPLIER1765,PROD1765,2025-08-21,138.9062360531413,2652.9016968434066,368504.58932750934,Delivered
PO1766,SUPPLIER1766,PROD1766,2025-02-17,2070.342264922102,16276.8525087811,33698655.68883286,In Transit
PO1767,SUPPLIER1767,PROD1767,2025-04-20,1477.152822900543,17656.52727676142,26081389.109488565,In Transit
PO1768,SUPPLIER1768,PROD1768,2025-11-02,516.3740010108311,4927.206031510382,2544281.0922957147,Pending
PO1769,SUPPLIER1769,PROD1769,2025-03-30,1518.1886022618676,13425.371824385114,20382246.484909095,In Transit
PO1770,SUPPLIER1770,PROD1770,2026-08-24,537.0399449761487,10762.458884145943,5779870.3269498,Pending
PO1771,SUPPLIER1771,PROD1771,2025-12-08,250.92031787997675,16679.939988043814,4185335.8440188896,Delivered
PO1772,SUPPLIER1772,PROD1772,2025-01-06,311.38684681793995,10118.34562705525,3150719.739822826,Pending
PO1773,SUPPLIER1773,PROD1773,2025-03-14,142.18870729045202,8854.331228097624,1258985.9112446816,In Transit
PO1774,SUPPLIER1774,PROD1774,2025-05-16,541.5231575357712,2262.666491274246,1225286.3028052142,Partially Received
PO1775,SUPPLIER1775,PROD1775,2025-06-02,1774.7746635521346,11943.457869931899,21196946.42275748,In Transit
PO1776,SUPPLIER1776,PROD1776,2026-04-01,1776.6303461416,18695.868907046133,33215648.04774335,In Transit
PO1777,SUPPLIER1777,PROD1777,2026-03-05,880.595715636615,8572.286587223205,7548718.841917974,Partially Received
PO1778,SUPPLIER1778,PROD1778,2025-08-16,2113.0563518794393,21219.0125752705,44836969.302785024,In Transit
PO1779,SUPPLIER1779,PROD1779,2025-04-07,1491.0271415932325,1167.0501590055808,1740103.4626780185,Cancelled
PO1780,SUPPLIER1780,PROD1780,2026-01-29,1777.9362703684192,3560.9996019399778,6331230.35105659,Partially Received
PO1781,SUPPLIER1781,PROD1781,2026-06-14,668.1291098682252,16786.02039531075,11215228.864948845,Delivered
PO1782,SUPPLIER1782,PROD1782,2025-04-04,1538.1367110260198,9076.761844199389,13961300.609803319,In Transit
PO1783,SUPPLIER1783,PROD1783,2026-01-23,496.7510231663133,3681.2688886648343,1828674.0869945735,Pending
PO1784,SUPPLIER1784,PROD1784,2025-06-28,1064.5428970759106,5144.924123740737,5476992.431922705,Delivered
PO1785,SUPPLIER1785,PROD1785,2026-07-18,1662.9235530189662,12691.373858265348,21104784.509078637,Delivered
PO1786,SUPPLIER1786,PROD1786,2025-10-10,63.057211782242206,24490.813410596602,1544322.4079513676,Delivered
PO1787,SUPPLIER1787,PROD1787,2025-06-09,299.71384956803803,16727.097313246068,5013342.727852165,Delivered
PO1788,SUPPLIER1788,PROD1788,2026-04-17,1079.5054676734767,9760.034481043644,10536010.586968277,Pending
PO1789,SUPPLIER1789,PROD1789,2025-11-22,2345.6807847743803,13005.359690683152,30506422.32551475,Delivered
PO1790,SUPPLIER1790,PROD1790,2025-04-01,430.6582589359635,9226.700476626453,3973554.7629875727,Partially Received
PO1791,SUPPLIER1791,PROD1791,2026-06-24,671.6356755015887,7275.449306544435,4886451.309578537,In Transit
PO1792,SUPPLIER1792,PROD1792,2025-11-12,1903.5328196026294,3107.63452500885,5915484.309684574,Partially Received
PO1793,SUPPLIER1793,PROD1793,2026-08-26,1374.0762186111056,24039.36595902525,33031921.074785948,Delivered
PO1794,SUPPLIER1794,PROD1794,2026-01-14,669.5031633592496,19329.889513720525,12941422.176820679,Delivered
PO1795,SUPPLIER1795,PROD1795,2025-03-23,1339.9287673434792,1046.721338214815,1402532.032466294,In Transit
PO1796,SUPPLIER1796,PROD1796,2026-03-05,814.8876269997272,5778.178908076481,4708566.498782319,Delivered
PO1797,SUPPLIER1797,PROD1797,2025-12-02,1534.9448899719962,24716.001425796807,37937700.08906738,Pending
PO1798,SUPPLIER1798,PROD1798,2026-04-14,1301.2487045883904,11201.931626266554,14576499.017567076,Partially Received
PO1799,SUPPLIER1799,PROD1799,2026-08-25,1365.2084162340022,20132.71951601596,27485358.12494354,In Transit
PO1800,SUPPLIER1800,PROD1800,2026-05-12,752.5191263568532,24557.556717555988,18480031.126554105,In Transit
PO1801,SUPPLIER1801,PROD1801,2025-03-23,883.5577991469894,9352.343685611355,8263336.203725012,In Transit
PO1802,SUPPLIER1802,PROD1802,2025-07-12,323.12055106476555,11848.476787115149,3828486.34873073,Delivered
PO1803,SUPPLIER1803,PROD1803,2025-05-03,897.7401733956825,8123.690334156595,7292963.169198572,Pending
PO1804,SUPPLIER1804,PROD1804,2025-08-04,1302.9673731916182,7232.176847715319,9423290.469724867,Partially Received
PO1805,SUPPLIER1805,PROD1805,2026-04-23,685.3909276516291,16315.449431417665,11182461.020852597,In Transit
PO1806,SUPPLIER1806,PROD1806,2026-05-13,190.53991738928,11352.062499067813,2163021.0507703247,Delivered
PO1807,SUPPLIER1807,PROD1807,2026-01-30,1228.4792343937254,10524.671092512614,12929339.885975668,Delivered
PO1808,SUPPLIER1808,PROD1808,2026-02-07,1392.374167600724,4034.8125349039005,5617968.744711786,Delivered
PO1809,SUPPLIER1809,PROD1809,2025-05-24,1731.565448281438,7881.427310767385,13647207.214466495,Delivered
PO1810,SUPPLIER1810,PROD1810,2026-08-22,2072.7108522807375,21915.30284416177,45424086.03611302,Pending
PO1811,SUPPLIER1811,PROD1811,2026-03-05,707.9318595945061,21921.36594052381,15518833.355126692,Partially Received
PO1812,SUPPLIER1812,PROD1812,2025-11-12,444.1418823358024,13268.079992826564,5892910.02299599,Cancelled
PO1813,SUPPLIER1813,PROD1813,2025-01-31,2064.1663206806666,15387.679052602825,31762728.85382614,Delivered
PO1814,SUPPLIER1814,PROD1814,2025-08-24,1827.7680052950184,24087.428099823985,44026230.41070246,In Transit
PO1815,SUPPLIER1815,PROD1815,2025-09-03,2085.7431290397417,10204.463833542655,21283890.326346137,Pending
PO1816,SUPPLIER1816,PROD1816,2026-05-03,1343.6593550081654,6627.900592974616,8905640.63581451,Delivered
PO1817,SUPPLIER1817,PROD1817,2025-08-26,140.27114534605752,17807.404346145777,2497865.0032742308,Delivered
PO1818,SUPPLIER1818,PROD1818,2026-01-16,1628.334388543968,10290.747883597582,16756778.662698003,Delivered
PO1819,SUPPLIER1819,PROD1819,2025-02-15,1511.0249116340358,1808.3127338026086,2732405.5888007884,Partially Received
PO1820,SUPPLIER1820,PROD1820,2026-04-21,704.9447060444561,13944.532931385313,9830124.668242658,Delivered
PO1821,SUPPLIER1821,PROD1821,2025-02-01,153.45197289665919,14693.658329213582,2254770.859687253,Partially Received
PO1822,SUPPLIER1822,PROD1822,2026-05-24,160.95370800420133,11500.630974671007,1851069.1997612705,Delivered
PO1823,SUPPLIER1823,PROD1823,2026-03-15,807.998938470366,9320.196134825372,7530708.583274509,Pending
PO1824,SUPPLIER1824,PROD1824,2025-03-23,1483.9017518332892,20705.165518094036,30724431.384297952,Delivered
PO1825,SUPPLIER1825,PROD1825,2025-01-26,123.38023137549357,16179.84553422453,1996273.085632369,Partially Received
PO1826,SUPPLIER1826,PROD1826,2025-01-17,1174.8157989854735,3882.895409923012,4561686.873385731,Pending
PO1827,SUPPLIER1827,PROD1827,2025-08-29,642.747067279177,20149.78930822569,12951217.98415538,Partially Received
PO1828,SUPPLIER1828,PROD1828,2026-08-18,2409.680109664129,7429.827124537084,17903506.64024004,Partially Received
PO1829,SUPPLIER1829,PROD1829,2026-08-15,880.9087396974086,2159.64646265354,1902451.4436080963,Delivered
PO1830,SUPPLIER1830,PROD1830,2026-04-28,603.7600124964318,22962.713430625703,13863968.147826558,Delivered
PO1831,SUPPLIER1831,PROD1831,2026-03-11,2081.9458255551012,9124.822203379315,18997385.495258067,In Transit
PO1832,SUPPLIER1832,PROD1832,2025-10-31,231.81141153211723,11424.70131698528,2648376.1386231966,Pending
PO1833,SUPPLIER1833,PROD1833,2025-09-09,1024.8214707876145,18214.50688423018,18666617.734767903,Partially Received
PO1834,SUPPLIER1834,PROD1834,2025-11-06,1068.856545294194,17587.533922518513,18798550.74866758,In Transit
PO1835,SUPPLIER1835,PROD1835,2026-06-06,1309.1292210690365,6339.375936727054,8299062.2821112815,Pending
PO1836,SUPPLIER1836,PROD1836,2025-11-21,70.67455667947088,7437.411836609676,525635.7843950382,Delivered
PO1837,SUPPLIER1837,PROD1837,2025-07-19,1202.5456245790042,3878.575093818533,4664163.508672577,Delivered
PO1838,SUPPLIER1838,PROD1838,2025-05-18,757.099320590416,16359.415152070529,12385702.096889155,Pending
PO1839,SUPPLIER1839,PROD1839,2025-01-04,2216.632155733705,8553.836377372058,18960708.76896761,Delivered
PO1840,SUPPLIER1840,PROD1840,2025-11-20,768.5307535317517,4815.790158076069,3701082.8390369946,Delivered
PO1841,SUPPLIER1841,PROD1841,2025-01-13,106.14222117346041,15427.899695677324,1637551.541740545,Partially Received
PO1842,SUPPLIER1842,PROD1842,2025-10-13,1470.1182140569072,2100.536050709683,3088036.3074314683,Cancelled
PO1843,SUPPLIER1843,PROD1843,2025-11-03,1398.128607271287,13128.749945146574,18355680.876020763,Partially Received
PO1844,SUPPLIER1844,PROD1844,2025-11-03,1713.1774033029367,10683.958961124883,18303517.07001507,Delivered
PO1845,SUPPLIER1845,PROD1845,2026-08-24,1747.1512339195563,17228.140070223442,30100166.181829836,Pending
PO1846,SUPPLIER1846,PROD1846,2025-09-15,647.217241273273,5671.080082281456,3670420.8058940102,Delivered
PO1847,SUPPLIER1847,PROD1847,2025-03-19,1189.2346545183982,9319.283831408158,11082815.287603576,Partially Received
PO1848,SUPPLIER1848,PROD1848,2026-06-17,767.0880962251466,14133.356284901587,10841529.36585687,Pending
PO1849,SUPPLIER1849,PROD1849,2026-01-23,141.3847004123426,13333.611440575552,1885168.6589403583,Pending
PO1850,SUPPLIER1850,PROD1850,2025-03-16,1274.5648469882613,21721.940849491446,27686022.215120126,In Transit
PO1851,SUPPLIER1851,PROD1851,2026-07-06,2382.358331515207,24081.110866138788,57369835.10408712,In Transit
PO1852,SUPPLIER1852,PROD1852,2025-03-01,1681.9200988703672,17937.71241121404,30169799.032177333,Partially Received
PO1853,SUPPLIER1853,PROD1853,2026-02-10,523.535828631867,20995.710475423686,10992006.681465711,In Transit
PO1854,SUPPLIER1854,PROD1854,2025-03-30,470.228337271243,6273.021745755622,2949752.585173016,In Transit
PO1855,SUPPLIER1855,PROD1855,2025-02-17,835.4242159578417,2700.1150157804045,2255741.47005434,Delivered
PO1856,SUPPLIER1856,PROD1856,2025-03-21,1696.8753064523853,10379.342652495521,17612450.24422765,Delivered
PO1857,SUPPLIER1857,PROD1857,2026-02-02,1971.926452275298,6307.155634560935,12437247.0344079,Delivered
PO1858,SUPPLIER1858,PROD1858,2025-08-11,969.1082848209733,9383.732236854943,9093852.653277768,Partially Received
PO1859,SUPPLIER1859,PROD1859,2025-09-24,1096.5723395186399,3472.864763525545,3808247.438571055,Delivered
PO1860,SUPPLIER1860,PROD1860,2026-08-31,1916.1015430466705,14238.737174123795,27282866.270374592,Delivered
PO1861,SUPPLIER1861,PROD1861,2026-06-15,1203.4871927329066,22064.248942209204,26554041.019219358,Cancelled
PO1862,SUPPLIER1862,PROD1862,2026-08-02,780.7298586903727,25695.92734173971,20061577.72243453,Partially Received
PO1863,SUPPLIER1863,PROD1863,2025-11-04,1746.1753472836722,6828.640213242049,11924003.195833184,Delivered
PO1864,SUPPLIER1864,PROD1864,2025-06-12,1272.73742966225,15870.555139896795,20199049.556065258,Cancelled
PO1865,SUPPLIER1865,PROD1865,2026-01-04,1572.0114470289677,14226.801551201981,22364694.893098988,Delivered
PO1866,SUPPLIER1866,PROD1866,2025-10-15,1010.1081379624203,10257.51181669248,10361196.161286764,In Transit
PO1867,SUPPLIER1867,PROD1867,2026-08-11,1225.7000701737072,14720.745394324225,18043218.66283248,Pending
PO1868,SUPPLIER1868,PROD1868,2025-07-02,813.8701851651376,12737.491564482769,10366664.61812497,Cancelled
PO1869,SUPPLIER1869,PROD1869,2025-01-09,615.866418944979,4713.984482552855,2903184.742232027,Delivered
PO1870,SUPPLIER1870,PROD1870,2026-03-02,1646.4931136871978,17281.354479632,28453631.145901494,Delivered
PO1871,SUPPLIER1871,PROD1871,2026-04-16,288.72933457200025,7355.10453674619,2123634.4386022277,In Transit
PO1872,SUPPLIER1872,PROD1872,2025-10-05,1800.1328495713035,16589.105607172824,29862593.948479302,Delivered
PO1873,SUPPLIER1873,PROD1873,2025-07-23,1064.677321991666,7764.112473522862,8266274.475952411,Delivered
PO1874,SUPPLIER1874,PROD1874,2025-04-12,1675.5882422352515,17921.83900755975,30029622.720300205,Pending
PO1875,SUPPLIER1875,PROD1875,2025-03-01,1522.5805908868692,10179.668404583968,15499365.534483852,Partially Received
PO1876,SUPPLIER1876,PROD1876,2026-06-18,525.0920360569202,13926.771809138689,7312836.964960752,In Transit
PO1877,SUPPLIER1877,PROD1877,2026-08-02,1151.587127354374,22620.84080673867,26049869.082972784,Delivered
PO1878,SUPPLIER1878,PROD1878,2025-11-11,1692.5648173800075,16241.962598599494,27490574.459591463,Partially Received
PO1879,SUPPLIER1879,PROD1879,2025-12-07,2247.8462084958796,23681.61667856517,53232632.261965506,In Transit
PO1880,SUPPLIER1880,PROD1880,2025-08-15,2407.9367400216747,6759.68886776688,16276903.175811388,Pending
PO1881,SUPPLIER1881,PROD1881,2025-08-24,223.76943736889868,16677.884755002822,3732000.888130314,Partially Received
PO1882,SUPPLIER1882,PROD1882,2025-01-23,1567.7667031574615,11261.867546201496,17655980.95430433,Delivered
PO1883,SUPPLIER1883,PROD1883,2025-07-31,257.4187756796532,14813.208375181724,3813197.9638268645,In Transit
PO1884,SUPPLIER1884,PROD1884,2026-08-11,530.5872449020734,3949.165095834637,2095376.6278623329,Pending
PO1885,SUPPLIER1885,PROD1885,2025-11-29,743.3570451527219,21547.43870840057,16017440.368886027,Pending
PO1886,SUPPLIER1886,PROD1886,2026-01-17,1104.8487355283319,6989.689546294063,7722549.656958595,Delivered
PO1887,SUPPLIER1887,PROD1887,2025-07-11,2024.8181250315993,13315.442708887733,26961349.73977574,Delivered
PO1888,SUPPLIER1888,PROD1888,2026-03-18,298.9869597833081,19463.320578850366,5819279.047158368,In Transit
PO1889,SUPPLIER1889,PROD1889,2025-04-08,1623.1420945797995,1151.2507086611788,1868643.4866427842,Pending
PO1890,SUPPLIER1890,PROD1890,2025-09-22,568.6911449650128,7167.906631908366,4076325.029502277,Delivered
PO1891,SUPPLIER1891,PROD1891,2025-12-30,1383.2086192296297,11818.440829520006,16347369.221247448,Delivered
PO1892,SUPPLIER1892,PROD1892,2026-05-14,2403.553932251416,18254.132811879204,43874792.69983186,Delivered
PO1893,SUPPLIER1893,PROD1893,2025-04-15,1064.5982232942001,2571.5171869129285,2737632.628358003,In Transit
PO1894,SUPPLIER1894,PROD1894,2026-05-26,132.9211237003105,9874.203936019394,1312490.2828217265,Pending
PO1895,SUPPLIER1895,PROD1895,2025-12-29,1280.1892252266755,17736.36189930371,22705899.398209542,Delivered
PO1896,SUPPLIER1896,PROD1896,2025-09-19,1493.0334434741517,5129.988231265615,7659243.993908374,In Transit
PO1897,SUPPLIER1897,PROD1897,2025-09-30,1172.194527399302,7332.049496324962,8594588.294212928,Delivered
PO1898,SUPPLIER1898,PROD1898,2025-03-30,1344.6764735481388,7965.606899309127,10711164.195033722,In Transit
PO1899,SUPPLIER1899,PROD1899,2025-05-03,1013.5116140342261,16327.353461893405,16547962.360070894,Delivered
PO1900,SUPPLIER1900,PROD1900,2025-05-01,745.7660985828905,15179.57043614748,11320409.022329893,In Transit
PO1901,SUPPLIER1901,PROD1901,2025-07-30,2145.592751056592,1329.7210368980002,2853039.8176958044,Cancelled
PO1902,SUPPLIER1902,PROD1902,2026-04-03,1087.5098080084651,7059.9285344354175,7677741.5250373455,Delivered
PO1903,SUPPLIER1903,PROD1903,2026-08-18,643.6294974914341,6420.717626697038,4132563.259605408,Delivered
PO1904,SUPPLIER1904,PROD1904,2025-03-16,878.5158381470617,17900.631627786817,15725988.397846937,Delivered
PO1905,SUPPLIER1905,PROD1905,2026-05-27,1465.7024213621146,13502.943932989576,19791297.618099697,Partially Received
PO1906,SUPPLIER1906,PROD1906,2026-05-04,1859.8816130199643,11005.82805949322,20469537.243910633,In Transit
PO1907,SUPPLIER1907,PROD1907,2026-04-13,1242.960469649176,4226.304679255996,5253129.649008543,In Transit
PO1908,SUPPLIER1908,PROD1908,2026-02-05,1764.0268862423723,11370.313949832655,20057539.512521505,Delivered
PO1909,SUPPLIER1909,PROD1909,2025-01-04,548.4758513093008,6077.009389240893,3333092.8981785127,Partially Received
PO1910,SUPPLIER1910,PROD1910,2025-06-09,884.5925086922159,5522.010324260144,4884728.965761598,Delivered
PO1911,SUPPLIER1911,PROD1911,2025-02-27,915.2036686639236,4978.337393414485,4556192.646299731,In Transit
PO1912,SUPPLIER1912,PROD1912,2026-05-06,917.127069368133,9158.927970026501,8399900.767704228,Delivered
PO1913,SUPPLIER1913,PROD1913,2025-07-10,80.99389861026778,7197.1267955431285,582923.3579634615,Partially Received
PO1914,SUPPLIER1914,PROD1914,2026-08-05,1677.4850229972049,4433.603590476267,7437303.62093057,Pending
PO1915,SUPPLIER1915,PROD1915,2025-12-14,2241.4621534640683,8935.462398254898,20028500.789389633,Delivered
PO1916,SUPPLIER1916,PROD1916,2026-05-29,613.8376786381115,10852.862525464061,6661895.939209411,Pending
PO1917,SUPPLIER1917,PROD1917,2025-09-13,1407.853132107492,6178.9289245273285,8699024.439465376,Delivered
PO1918,SUPPLIER1918,PROD1918,2026-06-08,1082.690292539887,14669.259436565037,15882264.790718097,Partially Received
PO1919,SUPPLIER1919,PROD1919,2025-12-14,905.6849338886705,19073.837649669782,17274887.39074441,Partially Received
PO1920,SUPPLIER1920,PROD1920,2026-03-20,175.27029725987197,5890.192603406087,1032375.808516884,In Transit
PO1921,SUPPLIER1921,PROD1921,2025-07-23,996.9906322866019,6831.496961468994,6810938.475078972,Partially Received
PO1922,SUPPLIER1922,PROD1922,2026-02-23,507.03300538975293,13489.0621706537,6839399.73227577,In Transit
PO1923,SUPPLIER1923,PROD1923,2026-05-29,1209.6827420593725,4779.840933890998,5782091.087516894,Delivered
PO1924,SUPPLIER1924,PROD1924,2025-12-16,329.4001878857726,12375.763033209334,4076578.6683689537,Delivered
PO1925,SUPPLIER1925,PROD1925,2026-03-11,2102.1193101665217,15432.179965650588,32440283.50375903,Pending
PO1926,SUPPLIER1926,PROD1926,2026-08-14,2218.6817565530814,17593.64083550833,39034689.95308965,Delivered
PO1927,SUPPLIER1927,PROD1927,2026-01-23,138.52132319271135,17704.100630086028,2452395.4452164313,Delivered
PO1928,SUPPLIER1928,PROD1928,2025-10-21,1765.7805546954457,6395.079180633908,11292306.462901039,In Transit
PO1929,SUPPLIER1929,PROD1929,2025-09-16,712.1908715413394,1469.6462354997382,1046668.6333180071,Delivered
PO1930,SUPPLIER1930,PROD1930,2026-02-24,1854.9034547506085,26391.15013146417,48953035.55369486,Pending
PO1931,SUPPLIER1931,PROD1931,2025-06-26,863.2897462382319,13126.909024318778,11332325.960496515,Partially Received
PO1932,SUPPLIER1932,PROD1932,2026-08-30,1429.9883904739243,7643.62436083035,10930294.09713107,Delivered
PO1933,SUPPLIER1933,PROD1933,2025-03-15,695.8796616318151,6493.944016749097,4519003.5650313115,Partially Received
PO1934,SUPPLIER1934,PROD1934,2025-10-20,1957.704888839663,7707.973697242271,15089937.790138725,Delivered
PO1935,SUPPLIER1935,PROD1935,2025-12-24,1669.317374599194,10761.230999853446,17963909.880130813,Delivered
PO1936,SUPPLIER1936,PROD1936,2026-06-24,541.0020096740537,3020.009845225905,1633831.3955026425,Pending
PO1937,SUPPLIER1937,PROD1937,2026-06-11,736.2962548374426,4952.053280429906,3646178.2841360117,Delivered
PO1938,SUPPLIER1938,PROD1938,2026-03-05,860.4793504132284,6770.837051288135,5826165.467646233,In Transit
PO1939,SUPPLIER1939,PROD1939,2025-10-29,1167.8253529443746,10515.977019234519,12280824.574042484,Cancelled
PO1940,SUPPLIER1940,PROD1940,2025-01-05,488.7105967333738,14694.484180248224,7181350.132418231,Delivered
PO1941,SUPPLIER1941,PROD1941,2026-01-14,120.45623539900278,1935.8892620260528,233189.932653012,Pending
PO1942,SUPPLIER1942,PROD1942,2026-06-15,211.28758387479178,7560.196284171941,1597375.6065018682,Delivered
PO1943,SUPPLIER1943,PROD1943,2026-02-26,1009.2485867821032,6043.246410005351,6099137.89887392,Delivered
PO1944,SUPPLIER1944,PROD1944,2025-09-15,1126.488396210329,17113.89597967578,19278605.23505537,Delivered
PO1945,SUPPLIER1945,PROD1945,2025-01-05,1871.7127402539306,8218.914174200385,15383446.370904474,Partially Received
PO1946,SUPPLIER1946,PROD1946,2025-11-16,867.1185664932757,13226.151352928313,11468641.401374297,In Transit
PO1947,SUPPLIER1947,PROD1947,2026-06-29,2366.7577745504327,13640.354791354312,32283415.750064064,In Transit
PO1948,SUPPLIER1948,PROD1948,2026-05-11,2408.691947542045,19549.46715777518,47088644.121670745,Partially Received
PO1949,SUPPLIER1949,PROD1949,2025-12-19,1478.2022760931316,7511.168097797403,11103025.778282238,Delivered
PO1950,SUPPLIER1950,PROD1950,2025-02-09,708.853221136973,15679.666473583362,11114582.086152969,Pending
PO1951,SUPPLIER1951,PROD1951,2026-02-05,939.7426555440803,14415.671428129026,13547021.349320896,Pending
PO1952,SUPPLIER1952,PROD1952,2026-08-24,540.3843363856948,13363.438815571466,7221393.016183423,Partially Received
PO1953,SUPPLIER1953,PROD1953,2026-03-30,2416.5479903012083,17304.38351663319,41816873.21052129,In Transit
PO1954,SUPPLIER1954,PROD1954,2025-02-10,2247.826477949977,12515.43238135038,28132520.289791916,Delivered
PO1955,SUPPLIER1955,PROD1955,2026-05-26,1001.050203585379,11590.717194502471,11602889.807257252,Partially Received
PO1956,SUPPLIER1956,PROD1956,2025-05-06,1362.1330847074782,9867.073447773555,13440267.192451045,Pending
PO1957,SUPPLIER1957,PROD1957,2025-12-29,275.24339367573276,9632.03434126702,2651153.820091536,Delivered
PO1958,SUPPLIER1958,PROD1958,2025-07-02,1048.5854398826755,8381.303681144598,8788513.007283296,Partially Received
PO1959,SUPPLIER1959,PROD1959,2026-02-09,701.5247365877734,17419.93228471342,12220513.407410432,Pending
PO1960,SUPPLIER1960,PROD1960,2025-10-06,2086.0521887750688,25606.69150488711,53416894.86105771,Pending
PO1961,SUPPLIER1961,PROD1961,2025-04-21,773.64395649451,18885.457942177556,14610620.402596911,Pending
PO1962,SUPPLIER1962,PROD1962,2026-04-06,1775.2607132865123,22805.414208133563,40485555.893925555,Partially Received
PO1963,SUPPLIER1963,PROD1963,2025-09-16,2184.454545197818,15441.183580371164,33730563.655375704,Delivered
PO1964,SUPPLIER1964,PROD1964,2026-07-26,1143.1418464818153,14494.962987369616,16569798.754067272,Cancelled
PO1965,SUPPLIER1965,PROD1965,2025-11-30,2463.2477591858715,5729.191092601023,14112417.120797126,Delivered
PO1966,SUPPLIER1966,PROD1966,2025-02-23,1496.4384206246775,8284.038585317783,12396553.61700683,In Transit
PO1967,SUPPLIER1967,PROD1967,2026-02-18,1850.6013059569939,12049.147093152862,22298167.346256603,Partially Received
PO1968,SUPPLIER1968,PROD1968,2025-05-14,2393.9203938320984,1391.7426001681263,3331720.9935073894,Pending
PO1969,SUPPLIER1969,PROD1969,2025-02-09,670.3928883720247,12956.215399057131,8685754.663744016,Delivered
PO1970,SUPPLIER1970,PROD1970,2026-08-09,1154.332208983885,7697.979113604907,8886025.234919362,Partially Received
PO1971,SUPPLIER1971,PROD1971,2026-02-27,1102.907464642291,15569.562473678325,17171786.673434317,Delivered
PO1972,SUPPLIER1972,PROD1972,2026-08-28,1322.1856173492881,1905.4172645991496,2519315.3023020183,In Transit
PO1973,SUPPLIER1973,PROD1973,2026-01-04,1782.865518891714,3031.1545434261643,5404140.917906465,Partially Received
PO1974,SUPPLIER1974,PROD1974,2025-05-12,1686.9498931081712,23135.04578761649,39027663.018472284,Delivered
PO1975,SUPPLIER1975,PROD1975,2025-10-29,1447.5488579198159,4986.7561083642095,7218573.109387277,Delivered
PO1976,SUPPLIER1976,PROD1976,2025-01-18,805.638057706021,6998.455260709989,5638221.90318088,Delivered
PO1977,SUPPLIER1977,PROD1977,2025-09-05,2248.210344126705,21362.333689545318,48027019.575522184,In Transit
PO1978,SUPPLIER1978,PROD1978,2026-02-11,877.1140048314963,6478.159559813493,5682084.475445456,Delivered
PO1979,SUPPLIER1979,PROD1979,2026-01-14,182.94069416072392,1939.6069679594193,354833.0451174732,Delivered
PO1980,SUPPLIER1980,PROD1980,2026-05-27,236.9543360356251,8969.228171146386,2125297.506046016,In Transit
PO1981,SUPPLIER1981,PROD1981,2026-03-17,1357.5141962230605,9188.143350288885,12473035.034949673,Partially Received
PO1982,SUPPLIER1982,PROD1982,2025-03-03,714.480175186861,14291.098546982013,10210706.593460403,In Transit
PO1983,SUPPLIER1983,PROD1983,2025-12-03,2247.194390320075,17650.80697957217,39664794.42911701,In Transit
PO1984,SUPPLIER1984,PROD1984,2025-10-30,403.6163387239448,15438.868677785142,6231379.64976743,Delivered
PO1985,SUPPLIER1985,PROD1985,2026-05-05,1505.6408245504977,13314.149204939562,20046326.587113556,Partially Received
PO1986,SUPPLIER1986,PROD1986,2025-01-18,548.5252901867327,19758.5675742884,10838074.012360713,In Transit
PO1987,SUPPLIER1987,PROD1987,2026-07-03,2095.274785706071,15126.335686917808,31693829.764924802,In Transit
PO1988,SUPPLIER1988,PROD1988,2025-07-10,1692.6397497900525,17396.09704766624,29445325.354085255,Delivered
PO1989,SUPPLIER1989,PROD1989,2025-09-15,1794.9980539128887,19530.62885063187,35057440.77857912,Delivered
PO1990,SUPPLIER1990,PROD1990,2025-09-13,369.6429994760827,4202.564388962707,1553448.506227546,Pending
PO1991,SUPPLIER1991,PROD1991,2025-05-11,2411.635788527509,13842.411936804101,33382856.026337158,In Transit
PO1992,SUPPLIER1992,PROD1992,2026-03-10,2201.8318866679433,10640.189978342807,23427909.574519888,Partially Received
PO1993,SUPPLIER1993,PROD1993,2026-04-20,2195.1309198934878,12934.452673604228,28392816.995727632,In Transit
PO1994,SUPPLIER1994,PROD1994,2026-03-01,2352.1907007006794,11225.648808180344,26404866.735933468,Delivered
PO1995,SUPPLIER1995,PROD1995,2025-10-21,2277.4856176881553,23982.57634298812,54619972.69626364,Pending
PO1996,SUPPLIER1996,PROD1996,2026-01-07,1328.6451801938426,14962.142826328263,19879378.951572925,Partially Received
PO1997,SUPPLIER1997,PROD1997,2025-07-02,2146.5638155765623,4863.251907356986,10439280.570366206,Delivered
PO1998,SUPPLIER1998,PROD1998,2025-04-20,753.8833407606477,4891.773408887965,3687826.479736561,Pending
PO1999,SUPPLIER1999,PROD1999,2026-05-04,1196.4249029922414,1442.2816008795116,1725581.6244197644,Delivered
PO2000,SUPPLIER2000,PROD2000,2025-11-23,151.8687178072635,2046.3041338787227,310769.5850558645,Delivered
