po_id,supplier_id,product_id,po_date,quantity,unit_cost,total_value,order_status
PO00404,SUP0037,PROD0050,2025-04-21,959,13228.932662856985,12686546.42367985,Delivered
PO01095,SUP0092,PROD0165,2025-05-18,2183,10690.170730560701,23336642.704814013,In Transit
PO01542,SUP0025,PROD0030,2025-07-05,1849,4951.6309831832905,9155565.687905904,In Transit
PO01880,SUP0078,PROD0135,2026-05-12,2087,16102.084708117352,33605050.78584091,In Transit
PO00679,SUP0072,PROD0024,2026-01-25,623,7027.946624998449,4378410.747374034,Cancelled
PO01388,SUP0095,PROD0142,2025-01-01,2263,8153.211593894653,18450717.8369836,Delivered
PO01433,SUP0099,PROD0023,2026-08-26,1293,16961.79121099673,21931596.03581877,Delivered
PO00443,SUP0031,PROD0079,2025-04-15,1239,6860.0901527931255,8499651.699310683,In Transit
PO01311,SUP0097,PROD0166,2025-01-30,2035,11848.821926840552,24112352.621120524,Delivered
PO01529,SUP0097,PROD0063,2025-04-10,853,19067.033667686403,16264179.718536502,Partially Received
PO02000,SUP0022,PROD0143,2025-05-08,1240,3951.01166521209,4899254.464862992,Delivered
PO00081,SUP0083,PROD0035,2026-07-01,1820,14902.447795792688,27122454.98834269,In Transit
PO00405,SUP0023,PROD0021,2026-06-17,1625,5672.259115622746,9217421.062886963,Partially Received
PO00291,SUP0016,PROD0041,2025-11-22,791,7076.9009758136235,5597828.671868576,Delivered
PO00909,SUP0033,PROD0033,2025-05-24,1217,19473.305825009284,23699013.1890363,Delivered
PO00898,SUP0065,PROD0136,2026-07-11,2093,22624.32559857758,47352713.47782288,Delivered
PO01337,SUP0050,PROD0131,2026-08-26,1241,4248.482343047842,5272366.587722371,In Transit
PO00753,SUP0046,PROD0129,2026-02-13,1146,16929.58263679556,19401301.701767713,In Transit
PO00640,SUP0007,PROD0017,2026-04-17,667,21501.80959835437,14341707.002102366,Partially Received
PO01669,SUP0040,PROD0097,2026-07-13,2094,14665.727041440252,30710032.424775887,In Transit
PO01312,SUP0083,PROD0043,2025-06-22,529,10147.13926074931,5367836.668936386,Delivered
PO00702,SUP0083,PROD0076,2025-02-10,596,9492.109277790883,5657297.129563366,Pending
PO01829,SUP0033,PROD0151,2025-02-23,1516,18963.20321488214,28748216.073761325,Delivered
PO00998,SUP0046,PROD0181,2025-07-15,2224,17132.953877021373,38103689.42249554,Pending
PO00377,SUP0020,PROD0006,2025-12-04,1500,8207.833040342772,12311749.560514158,Delivered
PO00967,SUP0056,PROD0079,2026-04-19,761,8687.038720408935,6610836.466231199,Pending
PO00735,SUP0080,PROD0148,2025-09-18,1491,23553.86280641034,35118809.44435782,Delivered
PO01688,SUP0033,PROD0178,2025-03-27,1518,19278.049930278357,29264079.794162545,In Transit
PO01067,SUP0059,PROD0140,2025-09-23,1998,9976.456536441694,19932960.159810506,In Transit
PO00936,SUP0065,PROD0158,2025-01-26,812,19829.0679732097,16101203.194246277,Delivered
PO00926,SUP0082,PROD0168,2026-02-06,827,15961.907789776062,13200497.742144803,In Transit
PO00829,SUP0069,PROD0069,2025-09-29,827,15129.793660034447,12512339.356848488,Delivered
PO00208,SUP0094,PROD0056,2025-11-25,2155,3281.138381913428,7070853.213023437,Delivered
PO00725,SUP0029,PROD0099,2026-07-07,1999,17453.23004211204,34889006.85418197,Pending
PO00795,SUP0005,PROD0043,2025-11-12,798,1964.3794630967416,1567574.8115511998,In Transit
PO01176,SUP0044,PROD0032,2026-03-02,1753,20792.756522034695,36449702.18312682,Cancelled
PO00288,SUP0008,PROD0189,2026-05-30,797,10465.322253487533,8340861.836029564,Partially Received
PO00448,SUP0005,PROD0030,2025-09-24,2019,15943.677496103182,32190284.864632327,Cancelled
PO01123,SUP0017,PROD0157,2025-02-22,1688,713.3392472180805,1204116.6493041199,Delivered
PO00538,SUP0041,PROD0103,2025-05-24,580,25842.982096286043,14988929.615845906,Delivered
PO01280,SUP0089,PROD0176,2026-07-16,1599,20189.868899654346,32283600.3705473,Delivered
PO01382,SUP0028,PROD0117,2025-08-26,1960,6291.488560169764,12331317.577932738,Partially Received
PO00603,SUP0034,PROD0063,2025-12-06,838,20647.03099420152,17302211.973140873,Partially Received
PO00175,SUP0060,PROD0032,2025-06-14,1408,14021.009216454018,19741580.976767257,Pending
PO00979,SUP0014,PROD0200,2026-05-20,1801,5989.732990020691,10787509.115027266,Delivered
PO00186,SUP0045,PROD0185,2026-02-12,1527,23483.59635416137,35859451.632804416,Delivered
PO01453,SUP0072,PROD0059,2026-02-17,2224,10955.99586610119,24366134.806209046,Delivered
PO01241,SUP0017,PROD0166,2026-07-03,1411,13857.078643699602,19552337.96626014,In Transit
PO00897,SUP0003,PROD0079,2025-08-01,761,13127.994737349398,9990403.99512289,In Transit
PO01892,SUP0037,PROD0089,2025-06-15,2034,17812.60302946486,36230834.56193152,Pending
PO00204,SUP0043,PROD0178,2026-04-15,1045,11297.435004884197,11805819.580103986,Delivered
PO01761,SUP0032,PROD0097,2025-10-27,557,4026.205107608729,2242596.244938062,Pending
PO01601,SUP0057,PROD0073,2025-08-12,616,3104.2207958024997,1912200.0102143397,Delivered
PO00840,SUP0078,PROD0011,2026-08-20,521,20014.63822031549,10427626.512784371,Delivered
PO00306,SUP0097,PROD0189,2026-03-19,1239,898.0842356078239,1112726.3679180937,Delivered
PO00312,SUP0063,PROD0062,2025-06-22,2271,6258.833854318845,14213811.683158096,Delivered
PO01844,SUP0080,PROD0097,2026-07-07,2175,13742.700609823385,29890373.826365862,Delivered
PO00468,SUP0006,PROD0166,2026-03-18,1147,12595.844689628484,14447433.859003872,Delivered
PO01007,SUP0075,PROD0058,2025-12-04,2332,23275.129834307223,54277602.773604445,Delivered
PO00924,SUP0031,PROD0036,2025-01-21,1564,23225.757466869745,36325084.67818428,Delivered
PO00431,SUP0033,PROD0166,2025-06-12,1298,16800.83855708317,21807488.447093956,Delivered
PO00857,SUP0016,PROD0103,2026-05-05,1730,2719.1344346314413,4704102.571912394,Delivered
PO01877,SUP0046,PROD0163,2025-04-14,1564,17835.065389476524,27894042.269141283,Delivered
PO01844,SUP0007,PROD0044,2025-12-05,2264,948.4122748886592,2147205.3903479245,In Transit
PO01989,SUP0051,PROD0019,2026-06-25,1770,20222.44385200848,35793725.61805501,Partially Received
PO00104,SUP0094,PROD0179,2026-05-14,1737,12343.548740226717,21440744.16177381,Delivered
PO01063,SUP0043,PROD0053,2026-07-21,1541,21597.960123901306,33282456.550931912,Delivered
PO00344,SUP0049,PROD0083,2026-05-15,722,20217.625926733752,14597125.91910177,Delivered
PO01244,SUP0092,PROD0026,2025-07-04,1917,19640.294302087652,37650444.17710203,Delivered
PO01980,SUP0043,PROD0183,2025-10-30,2488,8101.6815110076195,20156983.599386957,Partially Received
PO01794,SUP0078,PROD0040,2025-01-06,2383,5391.168342441853,12847154.160038937,In Transit
PO01850,SUP0065,PROD0098,2026-03-02,1772,20778.184587262927,36818943.08862991,Pending
PO01085,SUP0016,PROD0009,2025-10-06,1027,5583.121332558317,5733865.608537391,In Transit
PO00470,SUP0099,PROD0055,2025-04-11,531,21158.9522515987,11235403.64559891,Delivered
PO01799,SUP0006,PROD0193,2025-04-03,1629,12331.159803622053,20087459.320100326,Pending
PO00383,SUP0053,PROD0102,2026-04-17,1552,3664.652574405825,5687540.79547784,Pending
PO00308,SUP0027,PROD0078,2026-07-05,1051,9136.0684735395,9602007.965690015,Delivered
PO00025,SUP0069,PROD0130,2026-05-06,1917,14862.755026534496,28491901.38586663,In Transit
PO00364,SUP0069,PROD0113,2026-04-18,760,851.8700253133339,647421.2192381338,Delivered
PO00380,SUP0086,PROD0060,2025-03-31,957,21755.95276389461,20820446.79504714,Delivered
PO00155,SUP0022,PROD0169,2025-11-21,1539,8554.802310039739,13165840.755151158,In Transit
PO01736,SUP0067,PROD0047,2025-12-26,1001,5169.101766028089,5174270.867794117,Delivered
PO01560,SUP0002,PROD0134,2026-05-06,1727,13041.221194859036,22522189.003521554,Delivered
PO00509,SUP0035,PROD0130,2025-12-04,1420,15037.69084534701,21353521.000392754,Delivered
PO01567,SUP0080,PROD0068,2025-05-20,2177,4667.164864718139,10160417.910491388,In Transit
PO00845,SUP0014,PROD0012,2025-05-24,1494,11795.67474847946,17622738.074228313,Partially Received
PO01130,SUP0092,PROD0173,2026-06-23,1541,15643.939070630067,24107310.107840933,Delivered
PO00764,SUP0035,PROD0150,2025-11-30,2137,5924.972354096427,12661665.920704065,In Transit
PO00376,SUP0094,PROD0136,2025-06-18,752,971.6179119385766,730656.6697778096,Delivered
PO01502,SUP0069,PROD0079,2026-03-04,1559,14065.754944432994,21928511.95837104,Pending
PO00713,SUP0010,PROD0018,2026-02-13,2001,5777.827517662331,11561432.862842325,Partially Received
PO01038,SUP0052,PROD0142,2025-03-28,608,1879.278170262733,1142601.1275197417,Delivered
PO01528,SUP0012,PROD0127,2026-03-03,609,20268.69362298783,12343634.416399589,In Transit
PO00109,SUP0081,PROD0068,2025-11-09,663,2286.153892949849,1515720.0310257499,Delivered
PO00144,SUP0064,PROD0124,2025-09-24,2024,19328.78196243264,39121454.691963665,Pending
PO00753,SUP0031,PROD0111,2026-03-30,1778,13090.654353054284,23275183.439730518,In Transit
PO00750,SUP0044,PROD0121,2025-07-04,1324,7384.937747731016,9777657.577995865,Partially Received
PO00188,SUP0088,PROD0098,2025-11-27,2135,24189.097316541982,51643722.77081713,In Transit
PO01185,SUP0068,PROD0022,2025-05-16,2450,11645.624415584613,28531779.8181823,Delivered
PO01584,SUP0099,PROD0189,2026-08-09,630,4718.080871277343,2972390.948904726,Delivered
PO01302,SUP0086,PROD0042,2026-01-25,559,16507.741682012984,9227827.600245258,Pending
PO00793,SUP0054,PROD0025,2025-01-26,1501,9280.769680112639,13930435.28984907,Delivered
PO01870,SUP0075,PROD0144,2026-03-21,1750,18382.24090140387,32168921.577456776,Pending
PO01453,SUP0018,PROD0092,2025-09-23,1242,21007.422509090957,26091218.75629097,Delivered
PO01056,SUP0067,PROD0082,2026-08-16,575,6169.22488357867,3547304.3080577357,Pending
PO00414,SUP0036,PROD0033,2026-05-31,1166,2988.617986722701,3484728.5725186695,Partially Received
PO01563,SUP0046,PROD0119,2025-05-10,1786,23625.978030934293,42195996.763248645,Delivered
PO01831,SUP0091,PROD0130,2025-07-26,1214,7936.565398636321,9634990.393944494,Delivered
PO01899,SUP0066,PROD0013,2026-06-27,2396,23553.727116342503,56434730.17075664,In Transit
PO01261,SUP0003,PROD0097,2025-08-14,1384,5399.828616787748,7473362.8056342425,In Transit
PO01932,SUP0069,PROD0115,2026-02-03,812,6069.236681038917,4928220.1850036,Delivered
PO01823,SUP0012,PROD0040,2026-03-12,1599,17752.573107086508,28386364.398231328,Pending
PO01276,SUP0085,PROD0060,2025-01-21,1297,13824.15982511016,17929935.293167878,In Transit
PO00357,SUP0005,PROD0152,2026-07-04,1907,26412.016605396933,50367715.666491956,Delivered
PO00591,SUP0084,PROD0189,2025-06-22,2198,25077.162267771997,55119602.66456285,Partially Received
PO00596,SUP0009,PROD0185,2025-10-24,1478,11343.676931099302,16765954.504164768,Delivered
PO00022,SUP0012,PROD0025,2025-12-07,698,17748.604629387173,12388526.031312248,In Transit
PO00472,SUP0033,PROD0174,2026-06-01,1733,23821.039315005484,41281861.13290451,Delivered
PO00059,SUP0038,PROD0054,2026-03-11,1879,1852.9554121111357,3481703.219356824,Delivered
PO01996,SUP0038,PROD0039,2025-09-18,1439,20074.05260985633,28886561.70558326,Pending
PO00898,SUP0061,PROD0151,2025-01-04,1947,13404.461861845788,26098487.24501375,Delivered
PO00521,SUP0071,PROD0143,2026-04-20,1156,6760.502353797101,7815140.720989449,Delivered
PO01707,SUP0023,PROD0086,2025-08-27,507,21703.835862391257,11003844.782232367,In Transit
PO00227,SUP0001,PROD0200,2026-01-22,2076,6726.356096149412,13963915.25560618,In Transit
PO01949,SUP0052,PROD0178,2026-01-25,1397,8724.660570754097,12188350.817343473,Cancelled
PO00194,SUP0092,PROD0188,2026-04-05,1544,10590.452921897358,16351659.311409522,Cancelled
PO00037,SUP0021,PROD0052,2026-08-26,1160,26698.371793446564,30970111.280398015,Delivered
PO01090,SUP0012,PROD0161,2026-05-19,1223,15517.714848527043,18978165.259748574,Cancelled
PO01686,SUP0018,PROD0086,2025-04-19,1347,16714.33013178037,22514202.68750816,Pending
PO01285,SUP0020,PROD0156,2026-01-17,544,9151.089144787104,4978192.494764185,Delivered
PO00864,SUP0023,PROD0099,2025-06-07,1777,17396.7386704376,30914004.617367614,Partially Received
PO00453,SUP0063,PROD0153,2026-03-30,1950,3146.0010834686605,6134702.112763888,Partially Received
PO00961,SUP0024,PROD0017,2025-08-31,820,8704.60610329218,7137777.004699588,Delivered
PO00326,SUP0053,PROD0037,2025-07-17,2068,15073.704679987848,31172421.27821487,Pending
PO01335,SUP0048,PROD0038,2025-02-24,1452,2898.698901104883,4208910.80440429,Delivered
PO01212,SUP0017,PROD0076,2025-10-17,1748,10809.88298935562,18895675.46539362,Delivered
PO00900,SUP0099,PROD0081,2025-10-06,1552,26257.944764474054,40752330.27446373,In Transit
PO01673,SUP0004,PROD0048,2025-08-07,2338,25883.520186864593,60515670.196889415,Delivered
PO01382,SUP0094,PROD0122,2026-07-26,576,12311.699005886745,7091538.627390765,Delivered
PO01414,SUP0012,PROD0081,2026-04-09,2057,22044.396663280426,45345323.93636784,Delivered
PO01057,SUP0017,PROD0038,2025-03-14,1761,7072.337313743667,12454386.009502599,Delivered
PO01593,SUP0049,PROD0056,2025-12-23,2244,5953.3669898686585,13359355.525265269,Partially Received
PO00266,SUP0095,PROD0188,2026-01-30,2034,2898.909030398808,5896380.967831176,Delivered
PO01617,SUP0041,PROD0074,2025-04-12,1571,20226.821737829014,31776336.950129382,Delivered
PO00706,SUP0020,PROD0175,2025-06-15,2355,18237.789789768955,42949994.95490589,Delivered
PO00159,SUP0047,PROD0117,2026-03-10,1839,23991.308605176877,44120016.52492028,In Transit
PO01687,SUP0043,PROD0122,2025-10-22,1245,15265.159558992758,19005123.650945984,Delivered
PO00577,SUP0090,PROD0106,2025-06-15,981,5759.774610746018,5650338.893141843,Delivered
PO00233,SUP0084,PROD0176,2025-10-03,2191,1859.6521727800052,4074497.9105609916,Pending
PO00495,SUP0011,PROD0003,2026-03-24,1102,19808.589796923396,21829065.95620958,Delivered
PO00426,SUP0031,PROD0196,2025-12-07,1553,23226.74608527303,36071136.67042901,Delivered
PO01467,SUP0006,PROD0016,2025-08-27,1149,9990.145257538854,11478676.900912143,Delivered
PO00432,SUP0034,PROD0162,2026-04-18,1139,3382.1440550293487,3852262.078678428,In Transit
PO00433,SUP0074,PROD0146,2026-02-09,1983,12061.427695281775,23917811.11974376,Cancelled
PO00065,SUP0055,PROD0112,2026-06-20,2093,20699.266762658266,43323565.33424375,Delivered
PO01194,SUP0025,PROD0040,2025-03-25,2056,17821.116998942445,36640216.54982567,Delivered
PO01378,SUP0034,PROD0028,2025-01-09,1166,1718.5176628634492,2003791.5948987817,Delivered
PO01138,SUP0012,PROD0054,2026-08-22,693,20157.10808120265,13968875.900273435,Delivered
PO00946,SUP0011,PROD0113,2025-11-28,2122,3093.407144714612,6564209.961084407,Pending
PO01721,SUP0082,PROD0037,2025-06-24,2205,2651.7808825003845,5847176.845913348,Delivered
PO01293,SUP0063,PROD0093,2026-02-19,1880,21909.674213376173,41190187.52114721,Pending
PO00169,SUP0068,PROD0077,2026-03-31,1010,6927.565810864863,6996841.468973512,In Transit
PO01169,SUP0100,PROD0125,2025-03-10,1246,19736.00614948772,24591063.6622617,Delivered
PO01308,SUP0055,PROD0124,2026-07-09,1191,6237.29972268758,7428623.9697209075,Delivered
PO00875,SUP0084,PROD0017,2025-07-23,2290,18829.17606294231,43118813.184137896,Pending
PO01762,SUP0072,PROD0075,2026-04-03,2282,15450.306669796562,35257599.82047576,In Transit
PO00431,SUP0006,PROD0094,2025-07-14,2305,6870.331257622291,15836113.54881938,Pending
PO00001,SUP0092,PROD0002,2026-04-25,1466,10319.133786007595,15127850.130287133,Delivered
PO00516,SUP0002,PROD0082,2026-07-19,618,12674.235635379271,7832677.622664389,Delivered
PO01643,SUP0042,PROD0013,2025-06-03,1770,800.234194280084,1416414.5238757487,Pending
PO01287,SUP0045,PROD0063,2026-06-12,2217,23525.87676741948,52156868.79336899,Delivered
PO01839,SUP0041,PROD0165,2025-06-02,618,20009.04790936233,12365591.60798592,Delivered
PO00463,SUP0084,PROD0076,2025-02-26,1866,10066.248080645395,18783618.918484308,Delivered
PO00437,SUP0015,PROD0031,2025-06-11,704,11739.73631250322,8264774.364002267,In Transit
PO01473,SUP0010,PROD0007,2026-08-14,2270,4265.02378602876,9681603.994285285,Delivered
PO00161,SUP0077,PROD0122,2025-11-18,1153,6996.160976166195,8066573.605519623,Pending
PO00486,SUP0038,PROD0098,2026-03-28,1889,4377.537031453572,8269167.452415798,Pending
PO01772,SUP0004,PROD0084,2026-06-07,2255,21980.394282387715,49565789.1067843,Pending
PO01154,SUP0048,PROD0074,2026-07-05,1585,16506.074869644908,26162128.66838718,Delivered
PO00094,SUP0096,PROD0064,2026-07-30,2334,19476.081840567003,45457175.015883386,In Transit
PO01409,SUP0099,PROD0038,2026-01-02,2478,21617.604933972023,53568425.02638267,Delivered
PO01014,SUP0074,PROD0173,2025-05-21,822,22516.018966782794,18508167.590695456,Delivered
PO01710,SUP0054,PROD0071,2026-03-27,2251,1077.1628663386869,2424693.612128384,Cancelled
PO01365,SUP0045,PROD0093,2025-10-20,795,9830.776559966263,7815467.36517318,Delivered
PO00009,SUP0099,PROD0170,2026-02-23,1670,2859.6524382736025,4775619.571916916,In Transit
PO00412,SUP0022,PROD0114,2025-08-25,1197,17597.355470085884,21064034.497692805,Delivered
PO01405,SUP0046,PROD0060,2025-01-27,785,10641.882968972619,8353878.130643506,Delivered
PO01019,SUP0038,PROD0188,2025-02-03,2195,25902.06725246899,56855037.61916944,Delivered
PO01495,SUP0029,PROD0183,2025-07-12,2185,26326.55489784472,57523522.45179071,In Transit
PO01026,SUP0044,PROD0126,2025-06-12,2052,6536.486820622693,13412870.955917766,Cancelled
PO00655,SUP0088,PROD0072,2025-12-03,1801,18151.687894193463,32691189.897442427,Pending
PO00208,SUP0012,PROD0009,2026-05-26,1308,22042.154774655686,28831138.445249636,Cancelled
PO00406,SUP0091,PROD0164,2025-09-16,1787,8886.019290548822,15879316.472210744,Delivered
PO01103,SUP0022,PROD0038,2025-03-29,761,21572.18468228957,16416432.543222364,Delivered
PO01878,SUP0086,PROD0130,2026-03-27,639,10646.230298777844,6802941.160919042,Delivered
PO00480,SUP0047,PROD0017,2025-07-08,2134,7084.281137331065,15117855.947064493,Delivered
PO01333,SUP0012,PROD0048,2026-05-02,1561,23421.273294826777,36560607.613224596,Delivered
PO00306,SUP0025,PROD0089,2025-10-20,1645,6533.891272947372,10748251.143998427,Pending
PO01428,SUP0094,PROD0070,2025-12-09,2166,16354.807901434262,35424513.914506614,Delivered
PO00023,SUP0093,PROD0167,2026-04-07,709,9228.465211824267,6542981.835183405,In Transit
PO01312,SUP0064,PROD0139,2025-04-19,1557,6012.407068125726,9361317.805071756,Delivered
PO00327,SUP0078,PROD0001,2025-01-20,835,26649.48474015713,22252319.758031204,Delivered
PO01118,SUP0079,PROD0143,2026-01-24,1600,4929.635546300653,7887416.874081044,Delivered
PO00751,SUP0082,PROD0139,2026-04-06,727,11714.661241923166,8516558.722878141,Delivered
PO00943,SUP0020,PROD0053,2026-08-29,1169,15051.137913578148,17594780.220972855,Pending
PO00618,SUP0018,PROD0099,2026-04-25,840,828.0339358106696,695548.5060809625,Partially Received
PO01907,SUP0022,PROD0005,2026-05-11,2200,11388.388554641706,25054454.820211753,Delivered
PO00582,SUP0016,PROD0185,2025-07-29,1687,2963.295258578823,4999079.101222474,Delivered
PO01085,SUP0049,PROD0191,2025-02-01,1138,4143.11629555062,4714866.344336606,Cancelled
PO01709,SUP0073,PROD0197,2025-11-15,2289,21745.56519340706,49775598.72770876,Delivered
PO01329,SUP0045,PROD0179,2025-09-06,2417,7404.062983420336,17895620.230926953,Delivered
PO01105,SUP0072,PROD0182,2026-04-05,1477,11279.83412214811,16660314.998412758,Delivered
PO00166,SUP0095,PROD0169,2026-05-27,1159,9989.602699795416,11577949.529062888,Partially Received
PO01092,SUP0027,PROD0089,2025-02-01,1082,11133.644376744283,12046603.215637315,Partially Received
PO00863,SUP0028,PROD0032,2025-09-22,616,6527.142405193044,4020719.7215989153,Delivered
PO01516,SUP0072,PROD0058,2026-05-28,1207,14029.22517579918,16933274.78718961,Pending
PO01696,SUP0067,PROD0189,2026-05-05,997,19027.777914692408,18970694.58094833,Pending
PO00400,SUP0012,PROD0006,2025-09-28,1319,7580.897398835987,9999203.669064667,In Transit
PO00164,SUP0023,PROD0115,2025-08-29,1839,6108.187764401337,11232957.298734058,In Transit
PO00782,SUP0012,PROD0111,2025-08-26,637,6477.172790488949,4125959.067541461,Cancelled
PO01069,SUP0023,PROD0101,2025-05-23,2093,16660.729031026025,34870905.86193747,Delivered
PO00754,SUP0057,PROD0197,2025-01-13,1086,1855.4757839211952,2015046.701338418,Delivered
PO01258,SUP0046,PROD0197,2026-08-29,1855,20861.754592024845,38698554.76820609,Pending
PO01012,SUP0056,PROD0187,2025-08-27,1001,17319.477407334227,17336796.88474156,Pending
PO01874,SUP0010,PROD0155,2025-12-25,1195,19238.535386836054,22990049.787269086,Delivered
PO00819,SUP0093,PROD0180,2025-11-11,1664,12447.462926068809,20712578.308978498,Delivered
PO00165,SUP0074,PROD0042,2026-02-12,1594,20586.00113713213,32814085.812588617,In Transit
PO00604,SUP0003,PROD0028,2025-04-03,860,26432.36877284859,22731837.144649785,Delivered
PO01212,SUP0041,PROD0051,2025-10-27,1282,11496.005479958629,14737879.025306962,Partially Received
PO00680,SUP0011,PROD0040,2025-10-01,1250,21670.13709179147,27087671.364739336,In Transit
PO01493,SUP0047,PROD0018,2026-08-13,1471,928.1448305235274,1365301.0457001089,In Transit
PO00701,SUP0081,PROD0087,2026-08-02,1384,11208.037004243952,15511923.213873629,Delivered
PO00704,SUP0025,PROD0082,2025-12-03,616,6355.623619038514,3915064.1493277247,Partially Received
PO01981,SUP0020,PROD0054,2025-02-16,1427,9050.367636906543,12914874.617865637,Delivered
PO00928,SUP0002,PROD0013,2026-05-04,2426,20275.20146955748,49187638.76514645,Partially Received
PO01359,SUP0053,PROD0058,2025-08-06,2109,20751.06136238685,43763988.41327386,In Transit
PO01828,SUP0004,PROD0122,2025-07-04,2203,11732.652172193875,25847032.735343106,Delivered
PO01259,SUP0033,PROD0006,2026-01-31,1191,18562.589109194345,22108043.629050463,Delivered
PO00804,SUP0043,PROD0179,2026-05-31,1154,13570.058597197643,15659847.62116608,In Transit
PO00845,SUP0002,PROD0144,2025-01-18,1335,9677.159114556613,12919007.417933078,In Transit
PO01959,SUP0093,PROD0090,2026-01-04,1393,23911.50597427505,33308727.822165143,In Transit
PO00558,SUP0092,PROD0103,2025-11-03,1850,3727.5794686323593,6896022.016969864,Delivered
PO00938,SUP0078,PROD0161,2026-05-20,1938,27497.233480601637,53289638.485405974,Delivered
PO00320,SUP0034,PROD0172,2025-07-05,1390,18281.782390729182,25411677.523113564,Partially Received
PO00358,SUP0070,PROD0048,2025-10-18,2101,7523.452149186669,15806772.965441192,Delivered
PO01207,SUP0032,PROD0127,2025-08-03,2161,15808.725421535653,34162655.63593855,Delivered
PO01503,SUP0082,PROD0032,2025-05-16,1073,8799.51218787886,9441876.577594016,Delivered
PO00659,SUP0078,PROD0038,2025-04-24,604,20880.465211117495,12611800.987514967,Delivered
PO00120,SUP0004,PROD0126,2026-02-13,1482,21941.257528908445,32516943.657842316,Pending
PO01009,SUP0096,PROD0042,2026-05-16,1324,1309.9848839001331,1734419.9862837764,In Transit
PO01281,SUP0049,PROD0199,2026-04-06,1938,17499.16476240962,33913381.30954984,In Transit
PO01743,SUP0033,PROD0081,2025-05-24,2283,3054.5650513768933,6973572.012293448,In Transit
PO01566,SUP0018,PROD0153,2025-09-22,799,10652.730954297338,8511532.032483574,In Transit
PO00732,SUP0023,PROD0001,2026-07-13,1434,7854.223508732624,11262956.511522584,Pending
PO01495,SUP0006,PROD0094,2025-06-28,1868,19198.78687574703,35863333.88389546,In Transit
PO01914,SUP0014,PROD0049,2025-12-03,693,5450.6576426712645,3777305.7463711863,Delivered
PO00845,SUP0077,PROD0006,2025-06-09,1643,3044.1399929270974,5001522.008379221,Delivered
PO01297,SUP0076,PROD0047,2026-02-28,1939,14765.473517317263,28630253.150078174,Delivered
PO01476,SUP0014,PROD0180,2025-11-28,1368,7044.8074587672745,9637296.60359363,Delivered
PO01824,SUP0087,PROD0152,2025-12-14,2311,7689.35577818368,17770101.203382485,Pending
PO00409,SUP0057,PROD0091,2026-06-25,1439,14207.589636918992,20444721.48752643,Delivered
PO01510,SUP0045,PROD0189,2026-04-27,852,17911.064425707194,15260226.890702529,In Transit
PO01263,SUP0083,PROD0099,2026-03-06,1070,13759.794523570015,14722980.140219916,Delivered
PO01811,SUP0099,PROD0031,2026-06-24,1575,7325.4626795224995,11537603.720247937,Pending
PO00628,SUP0061,PROD0166,2025-06-06,2330,11377.521500925095,26509625.09715547,Delivered
PO01697,SUP0058,PROD0124,2025-03-18,2244,17815.327442674385,39977594.78136132,Partially Received
PO01368,SUP0011,PROD0068,2025-04-20,2205,19552.676760856546,43113652.257688686,Delivered
PO00391,SUP0095,PROD0132,2026-05-02,1526,6866.858681554236,10478826.348051764,In Transit
PO00253,SUP0045,PROD0060,2025-09-23,853,12025.438789727557,10257699.287637606,Delivered
PO01406,SUP0091,PROD0044,2025-09-05,1431,1642.2653973246126,2350081.783571521,Delivered
PO01589,SUP0063,PROD0118,2025-11-02,780,6616.843429788254,5161137.875234839,Partially Received
PO01115,SUP0008,PROD0091,2026-02-04,698,7671.477569540603,5354691.343539341,Delivered
PO00954,SUP0049,PROD0150,2026-01-12,1899,10187.505632867924,19346073.196816187,Delivered
PO00552,SUP0057,PROD0132,2025-03-31,1480,6320.955152473048,9355013.62566011,Partially Received
PO01968,SUP0034,PROD0058,2026-05-24,1105,6334.571953579646,6999702.008705509,Delivered
PO01557,SUP0092,PROD0061,2026-01-17,1330,22953.197391880596,30527752.53120119,Delivered
PO01538,SUP0062,PROD0061,2026-08-15,1194,15741.404992168471,18795237.560649153,Delivered
PO01169,SUP0091,PROD0164,2026-08-01,1200,7367.8752379129655,8841450.285495559,Delivered
PO01168,SUP0090,PROD0179,2025-11-21,2353,22998.55037882408,54115589.04137306,Delivered
PO01041,SUP0041,PROD0122,2025-05-03,1285,1948.6490632707837,2504014.046302957,Delivered
PO00548,SUP0088,PROD0121,2026-03-24,1911,12096.930103797005,23117233.428356078,Partially Received
PO00564,SUP0045,PROD0064,2025-02-13,1889,6465.65740393884,12213626.836040469,Delivered
PO01474,SUP0061,PROD0123,2026-07-11,1236,4444.016317798245,5492804.168798631,In Transit
PO00670,SUP0061,PROD0116,2025-01-31,1015,3164.767648013406,3212239.162733607,Delivered
PO01458,SUP0022,PROD0022,2026-05-30,1297,21670.71142547516,28106912.718841285,In Transit
PO00879,SUP0038,PROD0043,2026-07-21,1928,20538.899217424183,39598997.69119383,In Transit
PO01334,SUP0073,PROD0149,2025-05-24,1413,8101.9538439814205,11448060.781545747,Partially Received
PO00020,SUP0081,PROD0002,2026-07-05,698,8803.915978403413,6145133.352925582,Partially Received
PO01575,SUP0082,PROD0119,2025-04-17,2191,7751.041586059583,16982532.11505655,Delivered
PO01052,SUP0079,PROD0126,2025-03-30,589,19256.58418196841,11342128.083179394,Delivered
PO01139,SUP0097,PROD0070,2026-07-09,1974,20949.5266713715,41354365.649287336,Pending
PO01033,SUP0011,PROD0021,2025-08-15,1868,15445.546463729626,28852280.79424694,Delivered
PO00564,SUP0042,PROD0177,2026-05-14,933,10849.698863147985,10122769.03931707,Cancelled
PO00831,SUP0053,PROD0156,2026-05-25,1326,10997.305658742622,14582427.303492716,Delivered
PO01790,SUP0011,PROD0166,2025-02-28,1199,25021.374782346094,30000628.36403297,Delivered
PO00271,SUP0033,PROD0174,2025-12-06,1076,17848.18920992897,19204651.58988357,In Transit
PO00650,SUP0018,PROD0010,2025-05-16,854,6703.4790898927695,5724771.142768425,Delivered
PO00385,SUP0001,PROD0177,2025-04-04,1381,1015.4193912153175,1402294.1792683536,Delivered
PO00855,SUP0056,PROD0179,2025-07-22,1282,1852.181820049704,2374497.0933037205,Delivered
PO00267,SUP0018,PROD0045,2025-09-20,1186,4953.240062334076,5874542.713928214,Partially Received
PO01522,SUP0019,PROD0182,2026-05-20,2285,15681.936690061319,35833225.336790115,In Transit
PO00207,SUP0086,PROD0013,2025-04-03,2272,7580.293939775331,17222427.831169553,Delivered
PO00536,SUP0093,PROD0185,2025-02-02,1480,12537.316537801942,18555228.475946873,Pending
PO00400,SUP0016,PROD0056,2026-06-11,2120,15559.304512378194,32985725.56624177,Partially Received
PO01461,SUP0074,PROD0053,2025-12-22,1631,18535.302170244588,30231077.839668922,In Transit
PO01897,SUP0008,PROD0101,2025-11-12,2282,3598.8887319366377,8212664.086279407,Partially Received
PO01907,SUP0093,PROD0093,2025-05-01,851,17439.9922386319,14841433.395075748,Partially Received
PO00651,SUP0084,PROD0093,2025-11-25,2089,5537.705825705316,11568267.469898405,Pending
PO01116,SUP0015,PROD0171,2025-10-20,1193,12069.16676941771,14398515.955915328,In Transit
PO00399,SUP0042,PROD0049,2025-11-22,1567,15050.985495221787,23584894.27101254,Pending
PO00890,SUP0045,PROD0096,2025-05-23,600,10490.241559761731,6294144.935857039,In Transit
PO00136,SUP0060,PROD0108,2025-12-04,585,4697.54714983637,2748065.082654277,Delivered
PO01395,SUP0069,PROD0009,2026-03-20,635,13334.804308651837,8467600.735993916,In Transit
PO00834,SUP0075,PROD0159,2026-06-29,1046,9902.471191007324,10357984.86579366,Delivered
PO01784,SUP0003,PROD0079,2026-01-25,2079,27032.231967934975,56200010.26133681,Delivered
PO00548,SUP0066,PROD0115,2025-02-27,1481,17576.133366179332,26030253.51531159,Delivered
PO01848,SUP0052,PROD0114,2026-05-30,1187,20934.359769206854,24849085.046048537,Delivered
PO01214,SUP0006,PROD0114,2025-02-28,828,25736.493580062175,21309816.684291482,Partially Received
PO00616,SUP0025,PROD0177,2025-08-28,1986,20046.527260203213,39812403.138763584,In Transit
PO00364,SUP0051,PROD0014,2026-07-07,1808,15775.628741868288,28522336.765297864,Partially Received
PO01312,SUP0036,PROD0095,2025-03-02,2110,12660.966462056484,26714639.23493918,Delivered
PO00467,SUP0049,PROD0140,2025-03-18,1925,21431.246015617126,41255148.58006296,In Transit
PO01146,SUP0006,PROD0143,2026-03-29,606,7666.240173406602,4645741.5450844,Delivered
PO00632,SUP0029,PROD0064,2025-11-06,1292,848.7107253666512,1096534.2571737133,Delivered
PO00070,SUP0035,PROD0197,2025-10-16,2397,8730.212140305133,20926318.500311404,Delivered
PO00286,SUP0057,PROD0056,2025-02-23,1788,21802.45635989411,38982791.971490666,Delivered
PO00239,SUP0016,PROD0166,2025-01-17,966,17771.2338355759,17167011.885166317,In Transit
PO00927,SUP0096,PROD0050,2025-03-07,971,20191.27373893616,19605726.800507013,Delivered
PO01490,SUP0066,PROD0072,2026-05-26,1649,5671.143215950562,9351715.163102478,Delivered
PO00593,SUP0031,PROD0053,2026-02-15,1195,20017.42484041485,23920822.684295744,Partially Received
PO00292,SUP0025,PROD0068,2025-06-26,1285,26412.64850722584,33940253.3317852,Delivered
PO01282,SUP0004,PROD0057,2025-09-07,2394,10607.821930446415,25395125.70148872,Pending
PO00603,SUP0022,PROD0195,2025-02-27,569,2970.2314235967065,1690061.6800265259,In Transit
PO01151,SUP0096,PROD0038,2026-02-15,2067,13545.67178595011,27998903.581558876,Delivered
PO01868,SUP0044,PROD0143,2026-08-26,1911,11266.996193442144,21531229.72566794,Delivered
PO00583,SUP0079,PROD0188,2025-01-13,1034,22168.085588935788,22921800.498959605,Delivered
PO01025,SUP0070,PROD0014,2025-03-25,1477,9787.414773760476,14456011.620844223,Cancelled
PO01614,SUP0097,PROD0018,2025-05-21,1541,7486.929782892742,11537358.795437716,In Transit
PO01384,SUP0077,PROD0109,2025-08-08,1103,1275.0346486193464,1406363.2174271392,Delivered
PO01546,SUP0019,PROD0150,2026-05-16,1137,16143.004305206854,18354595.895020194,Delivered
PO01438,SUP0064,PROD0007,2025-07-31,1297,20011.53191643182,25954956.895612072,Pending
PO01396,SUP0017,PROD0153,2025-06-11,2221,3159.2554159816423,7016706.278895227,Delivered
PO01341,SUP0069,PROD0061,2026-06-04,572,5442.224567071118,3112952.4523646794,In Transit
PO00765,SUP0006,PROD0193,2025-06-22,1541,15543.106610477498,23951927.286745824,Delivered
PO01658,SUP0097,PROD0071,2026-03-03,2094,12067.4840266132,25269311.55172804,Pending
PO00473,SUP0095,PROD0193,2026-03-31,1688,1873.5819288883856,3162606.295963595,Pending
PO00312,SUP0040,PROD0032,2025-12-13,1777,12112.149840875196,21523290.267235223,Delivered
PO00691,SUP0053,PROD0013,2026-04-19,693,14764.840431901172,10232034.419307511,Delivered
PO00508,SUP0088,PROD0051,2026-05-31,739,9978.690652314812,7374252.392060646,In Transit
PO01327,SUP0022,PROD0120,2025-12-23,1414,27295.38123248097,38595669.06272809,Delivered
PO00463,SUP0075,PROD0015,2026-08-29,1488,10828.623545085298,16112991.835086923,Delivered
PO01313,SUP0092,PROD0048,2025-05-04,2241,2043.0626180464178,4578503.327042023,In Transit
PO01027,SUP0088,PROD0110,2026-05-21,873,14388.861898866362,12561476.437710334,Delivered
PO00305,SUP0045,PROD0074,2026-08-14,2363,21699.328675414265,51275513.66000391,Pending
PO00517,SUP0079,PROD0077,2025-08-04,1981,23738.571194671422,47026109.536644086,Delivered
PO01044,SUP0003,PROD0055,2026-07-01,2072,19503.992094188863,40412271.619159326,Delivered
PO01467,SUP0031,PROD0186,2026-06-30,1335,4582.142196220786,6117159.831954749,In Transit
PO00797,SUP0008,PROD0108,2025-09-29,2120,26212.984647519977,55571527.45274235,Pending
PO00466,SUP0006,PROD0114,2026-03-22,2419,26073.671845315504,63072212.193818204,Delivered
PO00191,SUP0091,PROD0191,2026-07-07,1990,1811.1748177014786,3604237.887225942,Delivered
PO01947,SUP0079,PROD0179,2025-03-22,1434,20227.22780095741,29005844.66657293,Cancelled
PO00193,SUP0082,PROD0018,2025-05-10,2205,19566.789113210893,43144769.99463002,Delivered
PO01328,SUP0024,PROD0182,2025-12-16,775,5399.477256674523,4184594.8739227555,Delivered
PO01870,SUP0017,PROD0030,2026-06-06,1297,6977.971333852034,9050428.820006087,Delivered
PO00199,SUP0003,PROD0183,2025-02-03,2470,4258.118360805355,10517552.351189228,Delivered
PO00488,SUP0069,PROD0087,2026-01-18,2194,10407.014829754391,22832990.536481135,Delivered
PO01721,SUP0075,PROD0142,2025-06-16,1866,10748.852491740392,20057358.749587573,Delivered
PO01562,SUP0073,PROD0181,2025-11-28,2089,1857.7197403066202,3880776.5375005296,Pending
PO01989,SUP0055,PROD0193,2025-01-09,1244,18184.228573262448,22621180.345138486,Delivered
PO00628,SUP0090,PROD0090,2026-05-19,1124,15641.809858104238,17581394.280509163,Delivered
PO01890,SUP0056,PROD0005,2025-07-04,2414,17775.960963189576,42911169.76513964,Delivered
PO01431,SUP0086,PROD0146,2026-06-01,1161,2378.600450163744,2761555.122640107,Delivered
PO01766,SUP0004,PROD0006,2026-03-30,1105,6153.571955676404,6799697.011022427,In Transit
PO00342,SUP0069,PROD0137,2025-06-19,1454,9014.10442667202,13106507.836381117,Delivered
PO00412,SUP0049,PROD0163,2026-07-28,1198,7621.63374576395,9130717.227425212,Delivered
PO01702,SUP0017,PROD0038,2026-03-04,1330,20462.471586764626,27215087.210396953,Partially Received
PO00687,SUP0066,PROD0026,2025-08-04,2030,13964.660924266747,28348261.676261496,Delivered
PO01823,SUP0094,PROD0158,2026-03-26,1409,16137.032753458989,22737079.149623714,Delivered
PO00262,SUP0025,PROD0062,2025-11-08,2015,10639.555443788795,21438704.21923442,Pending
PO01149,SUP0095,PROD0042,2025-03-09,735,7473.639559545675,5493125.076266071,Delivered
PO00297,SUP0037,PROD0068,2025-01-31,2424,3168.3430999554494,7680063.674292009,Delivered
PO01858,SUP0089,PROD0189,2026-08-26,1335,1741.6617771674821,2325118.4725185884,Pending
PO00468,SUP0015,PROD0190,2025-09-03,1140,13379.935067436227,15253125.976877298,Pending
PO00596,SUP0007,PROD0134,2025-02-16,1824,2852.3001947663574,5202595.555253836,Delivered
PO00764,SUP0092,PROD0097,2025-03-05,2179,11288.388088305566,24597397.64441783,In Transit
PO00811,SUP0076,PROD0103,2026-07-31,1308,4403.980627564712,5760406.660854644,In Transit
PO01635,SUP0027,PROD0119,2026-03-16,1489,22854.78160807139,34030769.8144183,In Transit
PO01130,SUP0046,PROD0198,2025-11-13,1088,11233.807012504212,12222382.029604582,In Transit
PO00856,SUP0043,PROD0063,2026-08-09,2211,27098.879896270188,59915623.45065338,Pending
PO01439,SUP0078,PROD0083,2026-05-30,2015,15290.571159353269,30810500.886096835,Partially Received
PO00257,SUP0030,PROD0104,2025-05-21,628,844.4875819446198,530338.2014612212,Delivered
PO00215,SUP0038,PROD0165,2026-01-26,1418,17753.2332548593,25174084.755390488,Delivered
PO00652,SUP0062,PROD0098,2026-02-16,927,14158.260986774103,13124707.934739593,Delivered
PO01206,SUP0097,PROD0103,2026-05-17,2353,1954.401774179122,4598707.374643474,In Transit
PO01101,SUP0080,PROD0077,2025-08-30,1192,20901.278352085,24914323.795685317,Delivered
PO00540,SUP0028,PROD0181,2025-10-08,698,6847.128676587579,4779295.816258131,Partially Received
PO01391,SUP0084,PROD0125,2025-10-02,1457,25428.655217517546,37049550.65192306,Partially Received
PO00057,SUP0005,PROD0083,2025-05-23,1855,5036.7077800089655,9343092.931916632,In Transit
PO00939,SUP0075,PROD0046,2026-03-28,2329,23876.48184006433,55608326.20550983,Delivered
PO00032,SUP0085,PROD0056,2025-05-22,1318,8312.059426278327,10955294.323834835,Delivered
PO00939,SUP0025,PROD0036,2025-02-13,2256,12117.046243454684,27336056.32523377,Delivered
PO01535,SUP0078,PROD0156,2025-09-05,1214,9001.505816612791,10927828.061367929,Pending
PO00201,SUP0029,PROD0090,2025-02-22,966,17502.24849757924,16907172.048661545,Delivered
PO01471,SUP0058,PROD0094,2026-04-17,759,20649.64188329467,15673078.189420654,Delivered
PO01169,SUP0032,PROD0108,2026-02-28,2294,15795.868404349541,36235722.11957785,In Transit
PO01010,SUP0022,PROD0128,2026-03-18,1149,18716.737676514043,21505531.590314634,Delivered
PO01199,SUP0007,PROD0039,2026-05-29,827,10681.545844498532,8833638.413400287,Delivered
PO00672,SUP0068,PROD0185,2025-09-04,2256,22173.030556071946,50022356.93449831,Delivered
PO01421,SUP0095,PROD0031,2025-05-26,1176,10051.533572813283,11820603.481628422,Delivered
PO01557,SUP0060,PROD0084,2025-06-18,560,14603.66605635406,8178052.991558274,Delivered
PO01308,SUP0053,PROD0090,2026-03-06,2414,25193.510201647136,60817133.62677619,Pending
PO00297,SUP0068,PROD0175,2026-05-15,2051,6839.631279730851,14028083.754727975,Pending
PO00006,SUP0059,PROD0010,2025-02-03,968,6236.976720846157,6037393.46577908,Partially Received
PO00388,SUP0090,PROD0077,2026-01-20,2472,6984.607948848171,17265950.84955268,Delivered
PO00099,SUP0085,PROD0038,2026-08-01,875,9901.33464978215,8663667.81855938,Delivered
PO01274,SUP0075,PROD0159,2026-05-31,1288,7232.0037717784235,9314820.858050609,Cancelled
PO01865,SUP0048,PROD0166,2026-08-16,1427,20351.020791054594,29040906.668834906,Delivered
PO01311,SUP0085,PROD0111,2025-11-04,1840,22995.082787835338,42310952.32961702,Delivered
PO00207,SUP0074,PROD0035,2025-08-03,1264,3552.1604343869153,4489930.789065061,Delivered
PO00294,SUP0004,PROD0064,2025-11-04,1692,14537.47311424276,24597404.509298753,Partially Received
PO01272,SUP0038,PROD0045,2025-04-02,1500,23294.27866409658,34941417.99614487,Delivered
PO00432,SUP0052,PROD0137,2025-09-27,2030,17829.489015545783,36193862.70155794,Partially Received
PO01857,SUP0057,PROD0023,2026-06-14,2204,21078.734152142057,46457530.07132109,Delivered
PO01842,SUP0002,PROD0009,2025-04-27,1165,10890.517342287107,12687452.70376448,Pending
PO01898,SUP0091,PROD0042,2025-12-09,1993,18975.611920142812,37818394.55684462,Delivered
PO00586,SUP0011,PROD0002,2026-05-18,2377,21561.395139673146,51251436.24700307,Delivered
PO01434,SUP0028,PROD0113,2025-09-17,1753,9731.057583438587,17058543.943767842,Delivered
PO01327,SUP0013,PROD0083,2026-01-17,555,22994.972597584198,12762209.79165923,Delivered
PO00532,SUP0068,PROD0159,2026-01-16,1344,24928.61088460001,33504053.02890241,Delivered
PO00414,SUP0051,PROD0059,2025-12-22,1911,13745.518655004185,26267686.149713,In Transit
PO00742,SUP0069,PROD0021,2025-07-04,1037,7103.243446945129,7366063.454482099,In Transit
PO01907,SUP0050,PROD0030,2026-02-11,1822,18261.804577886396,33273007.940909013,Delivered
PO00587,SUP0052,PROD0113,2026-03-18,616,2727.193667571157,1679951.2992238328,Pending
PO01061,SUP0091,PROD0086,2025-10-31,1156,15974.543338563359,18466572.09937924,Cancelled
PO00385,SUP0067,PROD0185,2025-08-31,1409,13857.925863526068,19525817.54170823,Delivered
PO00555,SUP0080,PROD0102,2026-06-24,1766,10140.960038521682,17908935.42802929,Delivered
PO00131,SUP0062,PROD0131,2026-02-05,2346,20837.72054268387,48885292.39313636,Cancelled
PO01286,SUP0052,PROD0141,2025-11-21,799,7364.600903645654,5884316.122012878,Partially Received
PO01314,SUP0032,PROD0173,2025-04-25,511,3757.472431134038,1920068.4123094934,Partially Received
PO01678,SUP0054,PROD0168,2025-06-06,2490,16245.323590278582,40450855.739793666,In Transit
PO00321,SUP0032,PROD0019,2026-03-22,1140,10748.869105764717,12253710.780571777,Partially Received
PO00270,SUP0069,PROD0035,2025-12-15,1273,14851.817997129161,18906364.310345422,Delivered
PO01032,SUP0062,PROD0119,2026-05-05,2184,20584.212263788002,44955919.584112994,Partially Received
PO00314,SUP0063,PROD0058,2025-02-14,2196,6690.740900662144,14692867.017854068,Delivered
PO00543,SUP0070,PROD0077,2025-10-22,1515,17633.86434612278,26715304.484376013,Partially Received
PO01869,SUP0025,PROD0135,2025-07-04,2352,1801.2723126764704,4236592.479415058,Pending
PO00577,SUP0016,PROD0153,2025-08-07,2195,2643.358564610278,5802172.04931956,Delivered
PO01003,SUP0095,PROD0011,2025-07-23,1848,15203.909554913103,28096824.857479416,Delivered
PO01994,SUP0050,PROD0003,2025-06-04,618,15228.32160329577,9411102.750836786,Pending
PO01134,SUP0067,PROD0099,2026-06-30,2211,20388.08744796826,45078061.347457826,Cancelled
PO01860,SUP0018,PROD0118,2025-04-06,584,15040.608476436531,8783715.350238934,Delivered
PO00445,SUP0091,PROD0193,2026-08-21,1692,24253.686277019817,41037237.18071753,Delivered
PO01071,SUP0022,PROD0164,2025-02-01,1770,13902.106220001479,24606728.009402618,Partially Received
PO00855,SUP0041,PROD0014,2026-05-15,508,11134.476764335517,5656314.196282443,Delivered
PO01594,SUP0017,PROD0189,2026-06-08,1943,22951.945308663973,44595629.7347341,Partially Received
PO00085,SUP0022,PROD0038,2025-07-08,507,10296.258373705614,5220202.995468746,Partially Received
PO01236,SUP0016,PROD0183,2026-06-17,2325,21450.90033212579,49873343.27219246,Delivered
PO01422,SUP0034,PROD0161,2026-05-22,1862,16491.09353892003,30706416.1694691,Delivered
PO01944,SUP0088,PROD0142,2026-02-28,2189,2075.1675815889566,4542541.836098226,Cancelled
PO00292,SUP0002,PROD0090,2025-03-28,1726,4934.315728609271,8516628.947579602,Delivered
PO01865,SUP0096,PROD0194,2025-02-11,662,19410.77495893609,12849933.022815691,Delivered
PO01262,SUP0073,PROD0145,2025-09-30,1286,18787.138418818104,24160260.006600082,Delivered
PO00077,SUP0015,PROD0042,2025-03-02,2403,15000.663230994054,36046593.74407871,Delivered
PO00155,SUP0046,PROD0045,2026-07-05,2366,3932.7440156479374,9304872.34102302,Delivered
PO01571,SUP0061,PROD0127,2026-06-18,630,18176.415531172075,11451141.784638407,Pending
PO01135,SUP0086,PROD0166,2026-01-17,1249,11140.343745886175,13914289.338611834,In Transit
PO01131,SUP0082,PROD0053,2025-03-25,1290,15090.70659472796,19467011.507199068,Delivered
PO01760,SUP0027,PROD0156,2025-07-18,2176,10149.736231945843,22085826.040714152,In Transit
PO00483,SUP0093,PROD0032,2025-12-23,835,18658.310574285457,15579689.329528356,Delivered
PO00321,SUP0017,PROD0032,2026-02-20,2214,5318.196368816861,11774486.76056053,Partially Received
PO01228,SUP0050,PROD0102,2025-05-10,2311,16885.59275018596,39022604.84567975,Partially Received
PO01765,SUP0012,PROD0168,2025-02-12,1858,14031.603252646339,26070718.843416896,In Transit
PO01363,SUP0039,PROD0114,2025-08-12,1264,19058.09454157646,24089431.500552647,Delivered
PO00305,SUP0047,PROD0044,2025-10-01,1693,1336.244772412816,2262262.3996948977,Delivered
PO00344,SUP0053,PROD0088,2026-03-31,2049,19115.78509886452,39168243.6675734,Delivered
PO01804,SUP0055,PROD0050,2026-07-14,1486,21003.22285973343,31210789.169563875,Pending
PO00236,SUP0037,PROD0076,2026-05-10,1952,20262.184286026895,39551783.7263245,Delivered
PO01550,SUP0083,PROD0176,2026-04-01,1716,15762.921351344616,27049173.03890736,Delivered
PO00726,SUP0062,PROD0187,2025-04-08,741,1038.6012377518564,769603.5171741255,Delivered
PO00794,SUP0002,PROD0024,2025-12-24,2217,19931.756806342062,44188704.839660354,In Transit
PO01600,SUP0042,PROD0198,2026-05-31,731,1947.3114346938216,1423484.6587611837,In Transit
PO00360,SUP0047,PROD0035,2025-05-12,2135,26252.773454974347,56049671.32637023,Delivered
PO01301,SUP0067,PROD0131,2025-01-29,1286,2086.642809617573,2683422.653168199,Partially Received
PO00628,SUP0029,PROD0076,2025-11-30,1809,5730.06850654487,10365693.92833967,In Transit
PO00209,SUP0074,PROD0048,2026-07-05,1466,10276.945244543822,15066001.728501244,Delivered
PO01375,SUP0078,PROD0144,2025-10-24,2195,23342.731080262638,51237294.72117649,Pending
PO00638,SUP0057,PROD0030,2026-07-29,1044,17436.232298661558,18203426.519802667,Delivered
PO01734,SUP0099,PROD0151,2025-08-07,1578,9274.935384997694,14635848.037526362,Partially Received
PO01839,SUP0003,PROD0051,2026-01-29,1752,15834.246689785947,27741600.200504977,Delivered
PO01699,SUP0041,PROD0053,2025-04-29,903,8789.424950131968,7936850.729969167,In Transit
PO00474,SUP0027,PROD0053,2026-05-13,1050,9984.818184385786,10484059.093605075,Delivered
PO01786,SUP0093,PROD0081,2026-07-14,1869,9532.455150970065,17816158.677163053,In Transit
PO00906,SUP0019,PROD0113,2025-05-23,933,12116.278116126296,11304487.482345834,Delivered
PO01416,SUP0079,PROD0140,2026-05-23,1444,2148.152746495554,3101932.5659395796,In Transit
PO01655,SUP0014,PROD0097,2025-10-26,2111,12087.954231905924,25517671.383553404,In Transit
PO00239,SUP0094,PROD0020,2025-12-24,853,7701.049320196017,6568995.070127202,Delivered
PO01250,SUP0064,PROD0058,2026-07-09,1333,6168.478982239685,8222582.4833255,Pending
PO01181,SUP0026,PROD0039,2026-05-29,792,10844.229460459885,8588629.732684229,Delivered
PO00541,SUP0096,PROD0173,2026-07-11,1494,20788.044521502285,31057338.515124414,Delivered
PO01581,SUP0013,PROD0200,2025-04-10,2354,23012.15243230883,54170606.82565499,Delivered
PO00701,SUP0085,PROD0114,2025-07-01,1949,10348.275952547807,20168789.831515677,In Transit
PO00485,SUP0005,PROD0177,2026-02-13,826,11716.720868033339,9678011.436995538,Partially Received
PO01451,SUP0032,PROD0145,2025-07-14,537,13748.842926955227,7383128.651774957,In Transit
PO01572,SUP0003,PROD0101,2026-03-16,888,5118.121116963561,4544891.551863642,In Transit
PO00296,SUP0031,PROD0118,2025-05-21,699,4702.693671212245,3287182.8761773594,In Transit
PO01779,SUP0094,PROD0027,2026-08-17,1832,8897.012440142496,16299326.790341053,Pending
PO01531,SUP0085,PROD0125,2025-10-21,1695,6024.029183922319,10210729.46674833,Delivered
PO01404,SUP0027,PROD0069,2026-08-18,1023,22620.935927061895,23141217.453384317,Pending
PO00627,SUP0048,PROD0025,2025-07-18,2365,17513.22571675461,41418778.82012465,Delivered
PO00572,SUP0006,PROD0106,2025-07-30,2384,22104.744939771183,52697711.9364145,Delivered
PO00306,SUP0071,PROD0109,2025-11-12,2301,23976.858321385556,55170750.99750817,Delivered
PO01869,SUP0097,PROD0029,2025-05-07,2311,19294.31762965163,44589168.04212491,Delivered
PO01008,SUP0031,PROD0071,2026-08-02,1543,20788.075817940633,32076000.987082396,Delivered
PO01677,SUP0005,PROD0042,2026-08-26,677,8465.5404135376,5731170.859964955,Delivered
PO00568,SUP0032,PROD0026,2026-02-21,2006,19080.425435702047,38275333.42401831,Pending
PO01268,SUP0045,PROD0037,2026-08-26,1886,12508.396738514948,23590836.248839192,In Transit
PO01114,SUP0022,PROD0140,2025-07-04,1520,7509.001917319505,11413682.914325647,Delivered
PO00359,SUP0086,PROD0094,2025-08-04,522,8705.046390074816,4544034.215619054,Delivered
PO00410,SUP0098,PROD0161,2025-07-14,2369,13739.228168895492,32548231.53211342,Delivered
PO01898,SUP0004,PROD0023,2025-12-19,567,6614.014201200704,3750146.052080799,Delivered
PO00196,SUP0030,PROD0083,2025-09-04,920,20834.086225878727,19167359.32780843,Delivered
PO00122,SUP0031,PROD0065,2025-05-03,2356,9860.247689163709,23230743.5556697,Pending
PO01195,SUP0079,PROD0098,2025-06-19,1336,21539.576695243068,28776874.464844737,Delivered
PO01103,SUP0027,PROD0135,2025-03-20,611,20695.11098704542,12644712.813084751,Delivered
PO00948,SUP0095,PROD0174,2026-07-11,1166,20888.85758036066,24356407.93870053,Pending
PO01485,SUP0003,PROD0123,2026-02-17,1536,11282.811113960815,17330397.871043812,In Transit
PO01985,SUP0029,PROD0128,2025-10-17,1892,15808.73381240904,29910124.373077903,Partially Received
PO00647,SUP0019,PROD0155,2025-01-31,1789,15437.15937061694,27617078.114033706,Delivered
PO00647,SUP0039,PROD0066,2025-10-28,1374,16206.544342965155,22267791.927234124,Pending
PO01527,SUP0076,PROD0082,2025-02-23,1089,7375.683354473046,8032119.173021147,Delivered
PO00697,SUP0093,PROD0031,2026-02-28,2019,9376.503991082767,18931161.557996105,In Transit
PO01354,SUP0058,PROD0157,2025-08-07,1389,11555.959476477874,16051227.712827766,Delivered
PO00892,SUP0059,PROD0059,2026-05-17,2370,17353.143106798274,41126949.16311191,Delivered
PO01216,SUP0023,PROD0100,2025-08-28,2000,2684.9892400895233,5369978.480179046,Delivered
PO01659,SUP0081,PROD0186,2025-04-02,764,14923.238204945272,11401353.988578187,Delivered
PO01029,SUP0013,PROD0086,2025-03-10,938,19162.19117830293,17974135.32524815,In Transit
PO00951,SUP0076,PROD0153,2025-07-14,688,16911.459874616274,11635084.393735996,Delivered
PO00534,SUP0021,PROD0197,2026-03-16,2206,17774.479420013762,39210501.60055036,Delivered
PO01032,SUP0036,PROD0010,2025-05-02,1697,5170.526747615657,8774383.89070377,Delivered
PO00525,SUP0023,PROD0119,2025-11-14,1202,7529.222905591143,9050125.932520553,Pending
PO01688,SUP0024,PROD0027,2025-03-28,2420,3146.7614045592522,7615162.59903339,Pending
PO00778,SUP0050,PROD0104,2026-03-22,1923,12920.621445542507,24846355.03977824,In Transit
PO00259,SUP0063,PROD0092,2025-12-23,2400,13443.581369949086,32264595.287877806,Delivered
PO00480,SUP0081,PROD0136,2025-01-11,2332,10365.531599982787,24172419.69115986,Delivered
PO01070,SUP0076,PROD0166,2025-09-04,2441,7557.6054542667525,18448114.91386514,Delivered
PO01833,SUP0008,PROD0168,2026-08-18,2137,3262.696096007395,6972381.557167804,Delivered
PO00602,SUP0005,PROD0067,2025-01-21,791,16395.159648687208,12968571.282111581,Delivered
PO00529,SUP0022,PROD0103,2025-03-18,1005,9235.10803399054,9281283.574160492,Partially Received
PO00814,SUP0040,PROD0099,2026-02-21,1259,12521.661142907267,15764771.37892025,Delivered
PO01936,SUP0026,PROD0116,2026-05-29,2372,19734.252923380416,46809647.93425835,Delivered
PO01691,SUP0077,PROD0086,2026-07-11,673,12538.032907406512,8438096.146684583,In Transit
PO00300,SUP0021,PROD0057,2025-12-06,1993,10836.77139761889,21597685.395454448,Delivered
PO01228,SUP0062,PROD0060,2025-05-10,1688,6936.739204565851,11709215.777307156,Delivered
PO01537,SUP0049,PROD0032,2026-02-03,837,2859.6734536761264,2393546.680726918,Pending
PO00978,SUP0089,PROD0012,2025-10-23,995,23580.7433934381,23462839.67647091,Pending
PO01464,SUP0098,PROD0039,2025-12-26,1123,5535.783149148166,6216684.47649339,Partially Received
PO01168,SUP0036,PROD0141,2026-05-16,2302,15342.41574745584,35318241.05064334,Delivered
PO00403,SUP0073,PROD0085,2026-05-07,2124,801.4829732067509,1702349.835091139,In Transit
PO00113,SUP0032,PROD0060,2026-08-17,690,12838.734255394891,8858726.636222474,Partially Received
PO00739,SUP0003,PROD0166,2026-03-31,1134,22366.66122160841,25363793.82530394,Delivered
PO00791,SUP0056,PROD0117,2026-01-04,1288,14599.508527900338,18804166.983935636,Partially Received
PO01658,SUP0027,PROD0091,2025-09-17,1619,8704.558824553384,14092680.736951929,In Transit
PO01689,SUP0093,PROD0161,2025-06-03,772,22895.028587949022,17674962.069896646,Delivered
PO00069,SUP0081,PROD0154,2025-04-19,1577,14641.808020409313,23090131.248185486,Delivered
PO00140,SUP0079,PROD0135,2026-07-30,1503,13703.909216130212,20596975.55184371,In Transit
PO01340,SUP0078,PROD0101,2026-08-13,2041,15049.952984931133,30716954.04224444,Partially Received
PO01000,SUP0071,PROD0189,2026-01-25,2000,17709.69924270343,35419398.48540686,Delivered
PO00299,SUP0052,PROD0173,2025-08-06,681,7984.341819154685,5437336.778844341,Delivered
PO01612,SUP0066,PROD0135,2026-05-20,1923,12485.833948514426,24010258.68299324,Delivered
PO00433,SUP0063,PROD0111,2026-06-16,813,6777.173558379096,5509842.102962205,Delivered
PO00157,SUP0094,PROD0028,2026-05-17,1596,6168.403238710646,9844771.568982191,Pending
PO01500,SUP0079,PROD0188,2025-08-06,550,23962.623238823664,13179442.781353015,Delivered
PO00789,SUP0044,PROD0161,2025-08-08,600,9126.307701125532,5475784.620675319,In Transit
PO01823,SUP0045,PROD0064,2025-05-08,1317,7571.163097441157,9971221.799330004,Pending
PO00069,SUP0040,PROD0176,2026-05-20,689,5580.835740318434,3845195.8250794006,Delivered
PO01256,SUP0068,PROD0145,2025-06-13,1470,12962.245425015515,19054500.774772808,Delivered
PO00437,SUP0004,PROD0032,2025-05-23,1542,5975.393648912292,9214057.006622754,Pending
PO00949,SUP0065,PROD0076,2026-02-16,686,17427.242018501438,11955088.024691986,Delivered
PO00848,SUP0043,PROD0147,2025-03-09,1206,8839.988137812146,10661025.694201449,Delivered
PO00780,SUP0042,PROD0041,2025-05-29,1761,11390.301666349658,20058321.23444175,Delivered
PO00381,SUP0062,PROD0174,2025-03-21,2327,1791.366374439134,4168509.553319865,In Transit
PO01606,SUP0031,PROD0161,2025-06-07,576,15808.456229825611,9105670.788379552,Delivered
PO00760,SUP0061,PROD0051,2025-07-04,1577,5591.769429479629,8818220.390289376,In Transit
PO01680,SUP0094,PROD0040,2026-07-07,1058,20898.314609599976,22110416.856956776,In Transit
PO01089,SUP0068,PROD0031,2026-01-12,1582,13448.60689817569,21275696.112913944,Pending
PO01409,SUP0038,PROD0016,2026-05-08,1452,6695.550013713327,9721938.61991175,Pending
PO01574,SUP0024,PROD0056,2025-08-07,2167,13153.863348922632,28504421.877115343,Delivered
PO00966,SUP0083,PROD0089,2025-01-17,873,20193.089869359766,17628567.455951076,Delivered
PO00851,SUP0025,PROD0107,2025-09-29,1104,4262.343926931902,4705627.6953328205,Partially Received
PO01171,SUP0096,PROD0060,2025-08-12,1254,21358.5749359601,26783652.969693966,Partially Received
PO00851,SUP0040,PROD0013,2025-05-13,641,20822.49901686479,13347221.86981033,Cancelled
PO01516,SUP0053,PROD0134,2025-05-09,1479,7946.905744596779,11753473.596258637,In Transit
PO01211,SUP0022,PROD0105,2026-03-02,2249,21673.792361401716,48744359.02079246,Delivered
PO01974,SUP0100,PROD0069,2026-02-10,2359,3167.659502749488,7472508.766986042,Pending
PO00464,SUP0001,PROD0169,2025-01-13,1500,11895.664615088848,17843496.92263327,In Transit
PO00354,SUP0061,PROD0143,2025-08-06,1418,13127.806992582782,18615230.315482385,Delivered
PO01379,SUP0046,PROD0005,2026-02-20,1486,20397.201961462775,30310242.114733685,In Transit
PO00899,SUP0012,PROD0008,2026-02-12,1477,6829.846539035729,10087683.33815577,Partially Received
PO00778,SUP0042,PROD0053,2025-02-25,1150,16914.122399525484,19451240.759454306,Delivered
PO00409,SUP0011,PROD0060,2025-02-09,524,10153.53019028617,5320449.819709953,Delivered
PO01783,SUP0057,PROD0014,2025-08-13,1245,1744.9958841021928,2172519.87570723,In Transit
PO00887,SUP0078,PROD0021,2025-11-02,1829,17689.93354687954,32354888.45724268,Pending
PO01216,SUP0002,PROD0172,2025-08-14,1056,18266.300477903274,19289213.304665856,In Transit
PO00226,SUP0096,PROD0192,2025-05-18,677,16842.657438706618,11402479.08600438,In Transit
PO00216,SUP0038,PROD0158,2026-02-20,1102,22256.17451145371,24526304.31162199,Delivered
PO00135,SUP0032,PROD0037,2026-06-20,1322,6129.128919874023,8102708.432073459,Delivered
PO00735,SUP0021,PROD0064,2025-10-07,1475,7781.399942405184,11477564.915047647,Partially Received
PO00946,SUP0031,PROD0065,2026-07-29,2447,10179.874582093546,24910153.102382906,Delivered
PO00490,SUP0044,PROD0030,2026-02-13,1914,19005.875342701245,36377245.405930184,Delivered
PO00700,SUP0010,PROD0028,2025-05-21,1564,18801.0791907234,29404887.8542914,Delivered
PO00013,SUP0060,PROD0104,2025-10-05,825,22999.02091594841,18974192.25565744,Delivered
PO00703,SUP0002,PROD0174,2026-03-10,650,14612.505389298754,9498128.50304419,Delivered
PO00239,SUP0068,PROD0166,2025-02-21,1614,16405.89134373767,26479108.6287926,Pending
PO00257,SUP0088,PROD0056,2025-11-02,1824,18659.830253203807,34035530.381843746,Delivered
PO00010,SUP0035,PROD0054,2025-11-08,2483,20584.57866807443,51111508.83282881,In Transit
PO01393,SUP0071,PROD0103,2025-02-08,1092,7345.388836395762,8021164.609344172,Delivered
PO01244,SUP0079,PROD0004,2025-12-16,985,11759.885555648674,11583487.272313945,Delivered
PO00193,SUP0005,PROD0045,2025-02-25,1137,4419.944028332938,5025476.36021455,Delivered
PO01980,SUP0098,PROD0199,2025-04-02,2105,23418.36772404761,49295664.059120215,Delivered
PO01952,SUP0092,PROD0018,2025-11-21,2180,13997.219514253267,30513938.541072123,Cancelled
PO01923,SUP0090,PROD0186,2026-06-25,1327,6996.660215274504,9284568.105669266,Delivered
PO01558,SUP0080,PROD0056,2025-11-07,2053,939.5301563008755,1928855.4108856975,Cancelled
PO01249,SUP0093,PROD0099,2025-06-19,2268,18176.451985568045,41224193.103268325,Delivered
PO01956,SUP0036,PROD0126,2025-05-25,2168,893.4426780557321,1936983.7260248272,Pending
PO00147,SUP0061,PROD0170,2026-08-31,1459,17822.036891095406,26002351.8241082,In Transit
PO01662,SUP0099,PROD0176,2025-01-28,542,11109.981274218782,6021609.85062658,Delivered
PO00291,SUP0090,PROD0157,2026-04-23,1988,4379.310826960806,8706069.923998082,Delivered
PO00767,SUP0099,PROD0039,2025-07-04,711,4975.1721247677715,3537347.3807098856,Cancelled
PO00563,SUP0012,PROD0027,2025-07-04,1489,7941.992569254886,11825626.935620526,Pending
PO00487,SUP0094,PROD0138,2025-08-30,1494,9008.342690984951,13458463.980331518,Delivered
PO00052,SUP0001,PROD0073,2025-03-03,1578,9669.20004795774,15257997.675677314,Partially Received
PO01133,SUP0051,PROD0044,2025-03-11,676,6916.8710329728865,4675804.818289671,Delivered
PO01104,SUP0048,PROD0101,2025-08-27,1824,5980.286056044031,10908041.766224314,Delivered
PO00610,SUP0084,PROD0152,2026-03-23,2255,20014.242695625842,45132117.27863628,Partially Received
PO01883,SUP0005,PROD0099,2025-09-20,1407,11925.438663909157,16779092.200120185,Delivered
PO01183,SUP0082,PROD0058,2026-05-03,1283,2400.3578211535164,3079659.0845399615,Delivered
PO00701,SUP0049,PROD0081,2025-05-16,1943,8570.096546218432,16651697.589302413,Delivered
PO00005,SUP0018,PROD0184,2026-01-13,789,16848.494070743163,13293461.821816355,Delivered
PO01563,SUP0018,PROD0114,2025-11-17,1111,3842.2845895161267,4268778.178952416,Delivered
PO01655,SUP0014,PROD0038,2025-03-31,1514,11697.460931269094,17709955.849941406,Pending
PO00118,SUP0061,PROD0026,2025-06-05,2367,22516.60943182099,53296814.52512029,Cancelled
PO01251,SUP0022,PROD0180,2025-04-29,1289,957.6624054715398,1234426.8406528148,Delivered
PO01323,SUP0080,PROD0178,2025-10-21,1683,20057.716370107548,33757136.650891006,Partially Received
PO01106,SUP0061,PROD0008,2026-01-25,863,19644.097553242445,16952856.18844823,Partially Received
PO00487,SUP0099,PROD0019,2025-01-12,1841,20269.195294839647,37315588.53779979,Delivered
PO01734,SUP0088,PROD0127,2026-08-01,509,13333.080833190965,6786538.144094201,In Transit
PO00984,SUP0047,PROD0029,2026-05-24,1077,13733.299128974311,14790763.161905333,Delivered
PO01564,SUP0019,PROD0032,2026-06-25,1883,22515.339117395528,42396383.55805578,Pending
PO01446,SUP0063,PROD0010,2025-09-15,606,23275.937208387182,14105217.948282633,Delivered
PO01988,SUP0074,PROD0145,2026-02-03,620,6985.135017351408,4330783.710757873,Pending
PO00856,SUP0011,PROD0184,2025-03-21,1194,23116.27004319679,27600826.431576967,Delivered
PO00564,SUP0097,PROD0060,2025-03-23,898,17348.59271891743,15579036.26158785,Delivered
PO01251,SUP0013,PROD0120,2025-04-22,2078,7966.6815411610505,16554764.242532663,Partially Received
PO00973,SUP0027,PROD0054,2026-03-11,1349,21971.48008469075,29639526.63424782,Delivered
PO01458,SUP0006,PROD0036,2026-03-06,1056,14817.366380970747,15647138.898305109,Pending
PO00714,SUP0075,PROD0018,2026-03-02,886,19917.7964525236,17647167.656935908,Pending
PO00262,SUP0099,PROD0031,2025-09-13,1421,25398.943384648057,36091898.54958489,Delivered
PO00703,SUP0093,PROD0198,2025-03-19,2244,5039.115076807217,11307774.232355393,Partially Received
PO01381,SUP0051,PROD0084,2025-04-02,1703,3621.4150078556013,6167269.758378089,Delivered
PO00985,SUP0009,PROD0022,2026-05-27,1477,14533.58607083824,21466106.626628082,Delivered
PO01522,SUP0017,PROD0012,2025-03-31,2418,15964.703805572914,38602653.80187531,Delivered
PO00781,SUP0070,PROD0075,2025-07-01,1142,13824.360053758825,15787419.181392578,Pending
PO01072,SUP0060,PROD0103,2025-10-11,1962,15808.393358830272,31016067.770024993,Delivered
PO00116,SUP0043,PROD0003,2025-02-05,1344,11623.262467880093,15621664.756830845,Delivered
PO00350,SUP0007,PROD0171,2026-06-28,2177,12301.783162695885,26780981.945188943,Delivered
PO00764,SUP0056,PROD0193,2026-03-28,1303,3659.8472900779584,4768781.01897158,Delivered
PO00071,SUP0099,PROD0119,2025-10-15,1911,11430.128818168625,21842976.17152024,Pending
PO00336,SUP0069,PROD0117,2026-04-20,1494,13021.517171047086,19454146.653544348,Delivered
PO00824,SUP0058,PROD0170,2025-01-06,666,24655.90131223811,16420830.273950582,In Transit
PO01436,SUP0084,PROD0155,2025-11-30,1314,24301.93411280781,31932741.42422946,In Transit
PO00727,SUP0064,PROD0034,2025-10-10,1699,22722.24072659641,38605086.9944873,Partially Received
PO01491,SUP0072,PROD0151,2025-12-07,2187,6166.651298666263,13486466.390183117,Pending
PO01717,SUP0050,PROD0009,2025-12-10,985,15596.77303485268,15362821.43932989,Delivered
PO00683,SUP0032,PROD0099,2025-06-30,1481,6962.851528631694,10311983.11390354,Delivered
PO00831,SUP0007,PROD0077,2026-02-18,1954,16515.896907671537,32272062.557590183,Cancelled
PO00196,SUP0098,PROD0059,2025-07-12,1256,13228.27760408405,16614716.670729568,Delivered
PO00106,SUP0047,PROD0036,2025-01-09,1541,1962.549116443675,3024288.188439703,Partially Received
PO00210,SUP0099,PROD0065,2025-10-01,2150,7627.516625366369,16399160.744537694,Partially Received
PO01088,SUP0065,PROD0130,2025-06-18,709,2904.502883659246,2059292.5445144053,In Transit
PO01895,SUP0078,PROD0146,2025-02-10,735,3263.7208735010854,2398834.8420232977,Delivered
PO01077,SUP0056,PROD0025,2026-03-31,1549,1749.1097579617788,2709371.015082795,Partially Received
PO01258,SUP0034,PROD0186,2025-02-25,529,8693.41115357601,4598814.500241709,Partially Received
PO01082,SUP0031,PROD0168,2026-07-04,786,15417.56313356285,12118204.622980399,Partially Received
PO00771,SUP0059,PROD0177,2025-01-20,761,3041.9125706497503,2314895.46626446,Partially Received
PO01863,SUP0084,PROD0048,2025-12-05,2273,3469.782863787511,7886816.4493890125,Delivered
PO01868,SUP0018,PROD0013,2025-01-08,2482,10046.945390761814,24936518.459870823,Delivered
PO00397,SUP0055,PROD0070,2026-01-25,959,14059.99685625494,13483536.985148488,Delivered
PO01241,SUP0014,PROD0004,2026-07-19,2166,7344.080413480905,15907278.17559964,Delivered
PO01277,SUP0033,PROD0197,2025-07-29,1206,9377.601601034547,11309387.530847663,Partially Received
PO00249,SUP0093,PROD0151,2025-03-09,1203,4734.2627948948275,5695318.142258477,Delivered
PO01309,SUP0013,PROD0142,2025-04-15,677,10669.572681731901,7223300.705532497,In Transit
PO01599,SUP0022,PROD0199,2025-12-15,1003,16100.08849352203,16148388.759002596,In Transit
PO01030,SUP0017,PROD0189,2025-02-10,2203,22013.929845353152,48496687.44931299,Pending
PO00233,SUP0031,PROD0004,2026-07-06,2404,21654.06116014813,52056363.0289961,In Transit
PO01862,SUP0051,PROD0158,2026-02-02,2425,18563.730469749815,45017046.3891433,Delivered
PO00417,SUP0024,PROD0049,2025-07-01,1307,933.4117030004699,1219969.0958216141,Partially Received
PO00597,SUP0059,PROD0032,2026-04-28,1944,16660.738705180982,32388476.04287183,Delivered
PO01652,SUP0077,PROD0007,2025-03-11,2289,18514.207206113566,42379020.294793956,Delivered
PO01402,SUP0050,PROD0005,2026-01-24,1714,2014.9533460081548,3453630.0350579773,Cancelled
PO00015,SUP0002,PROD0123,2025-11-04,1610,10378.99035747826,16710174.47554,Partially Received
PO00368,SUP0003,PROD0112,2026-05-13,2290,8475.640869829718,19409217.591910053,Pending
PO01501,SUP0047,PROD0055,2025-01-30,2278,11697.340680909421,26646542.07111166,Delivered
PO00808,SUP0090,PROD0030,2026-08-01,1237,6476.715558120121,8011697.14539459,In Transit
PO00053,SUP0013,PROD0103,2025-04-21,2003,3545.939739673493,7102517.298566006,In Transit
PO00303,SUP0006,PROD0138,2025-09-24,1531,6255.413881587567,9577038.652710564,Delivered
PO01021,SUP0087,PROD0061,2026-04-16,2284,8649.324186270715,19755056.44144231,Delivered
PO00497,SUP0038,PROD0167,2026-06-01,2452,17827.528848898928,43713100.73750017,Delivered
PO00795,SUP0008,PROD0073,2025-10-20,1986,8714.011632620777,17306027.102384865,Delivered
PO01317,SUP0011,PROD0118,2025-09-28,2405,17802.136537633494,42814138.37300856,Delivered
PO01630,SUP0025,PROD0002,2025-06-13,1882,6840.470833123197,12873766.107937856,Delivered
PO01774,SUP0100,PROD0111,2026-03-03,2022,4087.7380527123905,8265406.3425844535,Partially Received
PO00069,SUP0044,PROD0097,2026-06-19,1761,17686.68519793808,31146252.63356896,Partially Received
PO00046,SUP0096,PROD0076,2025-11-20,1863,18712.433756829152,34861264.08897271,Delivered
PO00412,SUP0008,PROD0079,2025-01-15,1280,1909.7915816214272,2444533.2244754266,Pending
PO01656,SUP0097,PROD0005,2025-03-30,1848,9143.578543868138,16897333.14906832,Pending
PO00307,SUP0047,PROD0103,2026-05-31,856,9420.99039643719,8064367.779350234,Delivered
PO00571,SUP0009,PROD0041,2025-10-13,2370,8495.49930877393,20134333.36179421,Delivered
PO00934,SUP0098,PROD0004,2025-05-26,1879,15026.389661398358,28234586.173767515,In Transit
PO00457,SUP0079,PROD0022,2026-01-16,1738,10777.875019800931,18731946.78441402,Cancelled
PO01985,SUP0062,PROD0199,2026-06-25,1643,19839.38513168918,32596109.771365326,In Transit
PO00327,SUP0009,PROD0087,2025-04-21,1656,14510.158118724998,24028821.844608597,Delivered
PO01700,SUP0035,PROD0155,2026-02-28,1486,14666.036603224395,21793730.39239145,Delivered
PO00941,SUP0041,PROD0169,2026-01-10,1715,2148.3054647294134,3684343.872010944,Delivered
PO00259,SUP0006,PROD0196,2026-03-04,711,10014.814953116313,7120533.431665698,Partially Received
PO00237,SUP0011,PROD0105,2026-06-14,641,2865.9007189590375,1837042.360852743,Delivered
PO01001,SUP0089,PROD0127,2026-02-02,1727,3165.9267965133604,5467555.5775785735,Delivered
PO00927,SUP0004,PROD0082,2026-02-28,1916,19356.817048945293,37087661.465779185,Delivered
PO01858,SUP0043,PROD0179,2026-08-15,827,1810.896902878067,1497611.7386801615,Pending
PO00328,SUP0010,PROD0074,2026-03-10,1481,8943.733852541796,13245669.8356144,Delivered
PO01193,SUP0054,PROD0018,2026-03-27,596,4469.541675768469,2663846.8387580076,In Transit
PO00370,SUP0014,PROD0052,2025-12-18,1247,12136.053562700463,15133658.792687478,Delivered
PO00190,SUP0100,PROD0020,2025-07-05,605,20020.547077423817,12112430.98184141,Delivered
PO00153,SUP0017,PROD0191,2025-08-01,1283,10461.15558673578,13421662.617782006,Delivered
PO01957,SUP0025,PROD0110,2026-08-09,1496,18968.27952864793,28376546.174857304,Delivered
PO00367,SUP0041,PROD0053,2025-04-29,2311,3578.8819052455024,8270796.083022356,In Transit
PO00709,SUP0067,PROD0191,2025-11-19,1088,23528.753992271642,25599284.34359155,Pending
PO00750,SUP0079,PROD0118,2025-11-19,1583,15698.346008756109,24850481.73186092,Partially Received
PO01001,SUP0070,PROD0130,2025-01-09,1531,17746.608546769294,27170057.68510379,Partially Received
PO01670,SUP0015,PROD0157,2025-10-05,610,24097.052388859553,14699201.957204327,Delivered
PO00020,SUP0073,PROD0061,2025-03-31,1183,2033.157682750944,2405225.538694367,In Transit
PO00819,SUP0052,PROD0023,2026-01-25,1778,7645.837487253907,13594299.052337447,Pending
PO01656,SUP0049,PROD0032,2026-08-26,529,22887.035253624388,12107241.649167301,Delivered
PO01068,SUP0069,PROD0089,2025-01-24,1427,5303.295353995055,7567802.470150944,In Transit
PO00519,SUP0079,PROD0018,2025-01-07,742,23823.34169959316,17676919.541098125,Delivered
PO00841,SUP0070,PROD0022,2025-10-08,2480,10952.922533348486,27163247.882704247,Delivered
PO00784,SUP0027,PROD0076,2025-06-03,1295,2878.557904935047,3727732.486890886,Partially Received
PO01784,SUP0064,PROD0115,2026-06-19,1373,15296.27995631853,21001792.380025342,Delivered
PO01454,SUP0034,PROD0149,2026-05-18,1889,11715.967463277933,22131462.538132016,Delivered
PO00703,SUP0019,PROD0076,2025-07-22,1056,8748.618786762196,9238541.438820878,Pending
PO00988,SUP0025,PROD0063,2025-04-19,961,16932.27493688178,16271916.21434339,Delivered
PO01658,SUP0094,PROD0200,2026-02-12,2133,7363.527048188481,15706403.19378603,Delivered
PO00376,SUP0072,PROD0012,2026-04-10,639,9425.933022865875,6023171.2016112935,Pending
PO01873,SUP0043,PROD0118,2025-01-21,1449,17383.676074835636,25188946.632436834,Partially Received
PO01224,SUP0064,PROD0052,2026-08-15,2231,3291.1774239738384,7342616.832885633,Pending
PO01109,SUP0026,PROD0166,2026-05-17,1298,17773.455378749633,23069945.081617024,Delivered
PO01336,SUP0043,PROD0044,2025-07-24,1051,17142.489654547022,18016756.62692892,Cancelled
PO01311,SUP0087,PROD0155,2025-03-05,1137,3261.2755342411338,3708070.282432169,Delivered
PO00429,SUP0041,PROD0072,2025-11-30,2230,19311.38685190542,43064392.67974909,Partially Received
PO01165,SUP0009,PROD0019,2026-06-05,1938,18664.813622701928,36172408.80079634,In Transit
PO00710,SUP0099,PROD0077,2026-08-25,1371,869.3631768309409,1191896.9154352199,Cancelled
PO00360,SUP0013,PROD0151,2025-03-30,1657,8689.100817048104,14397840.053848708,Partially Received
PO01470,SUP0096,PROD0053,2026-07-11,529,5176.166161847983,2738191.899617583,Pending
PO00915,SUP0024,PROD0102,2025-01-29,787,3024.387301110782,2380192.8059741855,In Transit
PO01103,SUP0049,PROD0078,2025-07-29,1123,21984.64508562539,24688756.431157313,In Transit
PO01346,SUP0010,PROD0093,2026-08-27,2026,9680.021834817426,19611724.237340104,In Transit
PO01306,SUP0060,PROD0037,2025-01-09,2067,3753.0996272017105,7757656.929425935,Delivered
PO00414,SUP0047,PROD0057,2026-08-10,1418,11561.014663558477,16393518.79292592,Delivered
PO00221,SUP0033,PROD0182,2025-03-09,853,23583.705028808974,20116900.389574055,Delivered
PO01339,SUP0007,PROD0091,2026-07-19,2490,1964.1068011259758,4890625.93480368,Partially Received
PO00472,SUP0067,PROD0117,2025-07-23,2166,15560.842634378017,33704785.146062784,Delivered
PO00230,SUP0032,PROD0009,2025-09-25,1727,9062.685619663478,15651258.065158827,Delivered
PO00263,SUP0087,PROD0166,2026-08-04,1237,22854.139576324676,28270570.655913625,Delivered
PO01984,SUP0045,PROD0170,2025-09-12,1070,20249.064412018546,21666498.920859843,Delivered
PO00315,SUP0091,PROD0161,2026-03-15,1541,4718.322885752883,7270935.566945192,Delivered
PO01842,SUP0043,PROD0052,2025-01-08,1027,8027.465188286822,8244206.748370566,Delivered
PO01927,SUP0064,PROD0066,2025-04-05,913,19291.939890640253,17613541.120154552,Pending
PO00458,SUP0005,PROD0058,2025-12-31,944,17774.83584694075,16779445.039512068,Delivered
PO01761,SUP0011,PROD0031,2026-03-16,2327,12826.308785512261,29846820.54388703,Pending
PO00278,SUP0086,PROD0089,2025-12-11,2215,12306.711171814623,27259365.24556939,Delivered
PO01524,SUP0008,PROD0078,2025-07-11,2394,14898.36225117577,35666679.22931479,Delivered
PO00027,SUP0070,PROD0185,2026-04-24,1461,13274.463665265639,19393991.414953098,Delivered
PO00495,SUP0094,PROD0055,2025-08-16,2354,3984.1420249063262,9378670.326629492,Pending
PO01409,SUP0090,PROD0065,2025-11-12,2370,21131.70931547002,50082151.07766394,Delivered
PO00033,SUP0040,PROD0098,2026-03-02,1427,917.2361483190912,1308895.983651343,In Transit
PO01394,SUP0014,PROD0154,2026-03-03,1763,22771.120086019513,40145484.7116524,Pending
PO00094,SUP0095,PROD0163,2025-04-26,1138,3073.468804182909,3497607.4991601505,Partially Received
PO01795,SUP0037,PROD0050,2025-03-29,2001,21794.23424278116,43610262.7198051,Delivered
PO00723,SUP0057,PROD0145,2025-10-02,1311,1988.4168848449497,2606814.536031729,Delivered
PO00678,SUP0039,PROD0170,2026-03-29,899,1001.2688139662038,900140.6637556172,In Transit
PO00397,SUP0060,PROD0058,2026-05-01,1368,14860.685705488588,20329418.04510839,Delivered
PO00855,SUP0034,PROD0013,2025-05-16,2157,15087.991017121492,32544796.623931058,Partially Received
PO01564,SUP0060,PROD0183,2025-02-05,2250,2353.273489561634,5294865.351513676,Partially Received
PO00603,SUP0032,PROD0050,2025-04-07,1535,10579.883620471302,16240121.357423449,Partially Received
PO01786,SUP0085,PROD0071,2025-04-22,2414,4173.669736575298,10075238.74409277,Delivered
PO00444,SUP0069,PROD0159,2026-01-21,544,6417.448287952542,3491091.868646183,Partially Received
PO01240,SUP0038,PROD0109,2025-08-12,1701,14935.1041857955,25404612.220038146,Delivered
PO01896,SUP0057,PROD0070,2025-01-10,1751,18416.15350485779,32246684.78700599,Delivered
PO01954,SUP0006,PROD0143,2025-12-12,1682,12341.077009802555,20757691.5304879,Delivered
PO00621,SUP0095,PROD0177,2025-07-08,1549,11817.181100769885,18304813.525092553,Delivered
PO01129,SUP0061,PROD0040,2026-08-22,1880,3106.0281538051113,5839332.929153609,Delivered
PO00008,SUP0028,PROD0173,2026-03-29,1236,20583.774696152053,25441545.52444394,Delivered
PO00481,SUP0032,PROD0098,2025-11-08,635,1991.6653738569435,1264707.5123991591,In Transit
PO01947,SUP0020,PROD0056,2025-09-01,2101,22173.84870355977,46587256.12617907,In Transit
PO01307,SUP0077,PROD0102,2025-10-12,2457,17829.03574960789,43805940.83678659,Pending
PO01808,SUP0068,PROD0016,2025-02-21,2152,943.7430652261218,2030935.076366614,Pending
PO01935,SUP0037,PROD0018,2026-06-19,1530,12793.610587971287,19574224.19959607,In Transit
PO01136,SUP0011,PROD0181,2026-07-11,1169,18948.969356787667,22151345.178084783,Delivered
PO01535,SUP0008,PROD0086,2026-08-13,563,2972.373659953022,1673446.3705535515,Delivered
PO01048,SUP0024,PROD0128,2026-02-25,1318,12091.907968995974,15937134.703136694,Delivered
PO01310,SUP0030,PROD0167,2025-05-26,1624,23263.13994097573,37779339.264144585,Partially Received
PO00389,SUP0094,PROD0027,2025-02-05,1772,9664.25136323078,17125053.415644944,Delivered
PO00023,SUP0032,PROD0023,2026-02-18,1647,3628.3954986349854,5975967.386251821,Cancelled
PO00514,SUP0055,PROD0113,2025-05-20,1195,12124.501554006174,14488779.357037378,Delivered
PO00870,SUP0097,PROD0024,2025-08-12,2047,5303.480810641566,10856225.219383284,Pending
PO00457,SUP0073,PROD0097,2026-05-03,1539,20336.95595144339,31298575.209271375,Delivered
PO01029,SUP0031,PROD0034,2026-01-18,1750,10481.281762911802,18342243.08509565,Partially Received
PO01316,SUP0061,PROD0144,2026-02-28,1454,1781.4873718600782,2590282.6386845536,Pending
PO01312,SUP0041,PROD0122,2026-01-12,1343,22196.762826762824,29810252.476342473,Delivered
PO01788,SUP0073,PROD0037,2026-01-19,859,21617.798069018885,18569688.54128722,Delivered
PO01933,SUP0007,PROD0022,2025-01-26,1202,19720.59027864418,23704149.514930304,In Transit
PO01241,SUP0049,PROD0129,2025-06-13,933,12603.196807319453,11758782.621229049,Delivered
PO00412,SUP0052,PROD0017,2025-01-27,1186,6334.577453877374,7512808.860298566,Cancelled
PO01887,SUP0043,PROD0087,2026-08-10,2196,11273.219736053159,24755990.540372737,In Transit
PO00350,SUP0083,PROD0060,2025-08-25,2329,16072.995422229907,37434006.33837345,Delivered
PO00303,SUP0070,PROD0072,2025-06-02,1950,18981.86493310212,37014636.61954913,Delivered
PO00636,SUP0028,PROD0093,2026-06-02,2368,13299.940198143277,31494258.38920328,Delivered
PO01148,SUP0033,PROD0043,2025-05-22,2112,18111.67090446015,38251848.95021983,Pending
PO01363,SUP0094,PROD0086,2025-05-08,2076,10807.582989738181,22436542.286696464,Delivered
PO00027,SUP0094,PROD0188,2025-05-18,1853,16196.048229327786,30011277.368944388,Delivered
PO00351,SUP0025,PROD0008,2026-06-27,2419,6345.092607838323,15348779.018360903,Cancelled
PO00665,SUP0074,PROD0058,2025-06-21,1402,2857.3010909769096,4005936.129549627,Delivered
PO01521,SUP0036,PROD0095,2025-06-20,1693,6851.791026691537,11600082.208188772,Pending
PO00082,SUP0056,PROD0124,2025-09-23,1600,22961.60966056013,36738575.45689621,Delivered
PO00394,SUP0061,PROD0056,2026-03-06,1383,979.9960019409192,1355334.4706842913,Partially Received
PO00045,SUP0009,PROD0015,2026-08-28,1581,6340.909951101606,10024978.632691639,Partially Received
PO01557,SUP0081,PROD0160,2025-02-08,934,19495.06120080203,18208387.161549095,Delivered
PO01968,SUP0017,PROD0026,2026-03-16,1088,7969.79335845795,8671135.174002249,Delivered
PO01320,SUP0031,PROD0148,2026-06-06,971,6793.85933897899,6596837.4181486,Cancelled
PO01181,SUP0088,PROD0089,2026-08-31,1602,9975.774433263918,15981190.642088797,Delivered
PO01817,SUP0010,PROD0189,2026-01-06,1482,6345.261154713652,9403677.031285632,Pending
PO00510,SUP0025,PROD0047,2025-05-11,850,16665.362042648245,14165557.736251008,Partially Received
PO00133,SUP0047,PROD0185,2025-06-13,2338,9607.93373401079,22463349.070117228,Delivered
PO01020,SUP0038,PROD0079,2025-08-03,2074,1742.493549577788,3613931.621824332,Delivered
PO00903,SUP0043,PROD0101,2026-04-19,1690,11132.72295824619,18814301.79943606,In Transit
PO00913,SUP0023,PROD0084,2026-02-25,2224,3068.191230855503,6823657.297422638,Delivered
PO00638,SUP0010,PROD0123,2025-08-16,502,16248.574003459784,8156784.149736811,Pending
PO00973,SUP0061,PROD0086,2026-05-21,1034,17772.17229250111,18376426.150446147,In Transit
PO00227,SUP0051,PROD0185,2026-08-26,1647,16697.95194153716,27501526.847711705,Delivered
PO01734,SUP0008,PROD0091,2025-03-15,1374,5592.051928503673,7683479.349764046,Delivered
PO01403,SUP0057,PROD0019,2025-12-31,550,16551.78373014476,9103481.051579619,Delivered
PO00083,SUP0079,PROD0183,2026-02-21,1035,22697.759185337454,23492180.756824266,Delivered
PO00232,SUP0068,PROD0008,2026-05-20,1409,3165.765715483752,4460563.893116606,Delivered
PO00124,SUP0023,PROD0086,2026-05-16,1488,6748.27792141605,10041437.547067082,Delivered
PO00119,SUP0044,PROD0018,2025-02-25,1060,24285.603596338835,25742739.812119164,Delivered
PO00315,SUP0032,PROD0070,2026-02-11,1435,5924.71266499092,8501962.67426197,In Transit
PO01696,SUP0031,PROD0058,2025-06-27,1496,21887.713176308956,32744018.9117582,Pending
PO01657,SUP0091,PROD0189,2026-07-07,1384,25094.102943917875,34730238.47438234,Delivered
PO01567,SUP0092,PROD0035,2026-01-31,507,19440.505548043715,9856336.312858164,Delivered
PO01779,SUP0054,PROD0129,2026-08-26,677,10900.39377208547,7379566.583701863,Delivered
PO01465,SUP0003,PROD0061,2025-10-28,1715,4888.28999550323,8383417.34228804,In Transit
PO01473,SUP0038,PROD0068,2025-05-26,1145,11305.08462492919,12944321.895543922,Partially Received
PO01609,SUP0029,PROD0042,2025-05-12,2279,11131.833554807246,25369448.671405714,Delivered
PO01113,SUP0080,PROD0179,2025-10-31,2334,10202.131574233015,23811775.094259858,Delivered
PO00427,SUP0044,PROD0198,2026-07-09,1463,1781.685709470242,2606606.192954964,Partially Received
PO00170,SUP0003,PROD0149,2026-06-30,1228,26412.32808078671,32434338.883206077,In Transit
PO00839,SUP0057,PROD0032,2025-04-11,1109,20907.35962693504,23186261.826270957,Pending
PO00048,SUP0078,PROD0157,2025-10-30,1802,10308.742799245814,18576354.524240956,Pending
PO00601,SUP0094,PROD0184,2026-04-09,1431,3721.324817269223,5325215.813512258,Delivered
PO00758,SUP0026,PROD0095,2025-05-12,1368,6991.24085098708,9564017.484150326,Pending
PO00482,SUP0002,PROD0073,2026-01-12,877,22999.513432859254,20170573.280617565,Delivered
PO00807,SUP0020,PROD0050,2025-09-26,1828,4463.348157094021,8159000.431167871,In Transit
PO00603,SUP0061,PROD0053,2025-10-25,2372,15069.725845392424,35745389.70527083,Delivered
PO01348,SUP0089,PROD0015,2025-10-14,507,12518.88665145334,6347075.532286843,Delivered
PO01269,SUP0031,PROD0137,2026-04-16,1627,19656.7328771137,31981504.39106399,Delivered
PO00055,SUP0040,PROD0065,2026-04-28,2014,15643.707124514414,31506426.14877203,In Transit
PO01023,SUP0085,PROD0153,2026-07-11,2032,15072.162445138245,30626634.088520914,Delivered
PO00073,SUP0071,PROD0174,2026-06-25,1183,15318.917389236929,18122279.271467287,In Transit
PO00412,SUP0051,PROD0137,2025-07-31,2279,3738.252026717499,8519476.368889181,Delivered
PO01486,SUP0096,PROD0126,2026-02-16,2270,7427.023083594245,16859342.399758935,In Transit
PO01729,SUP0075,PROD0083,2025-02-14,879,20785.37280661169,18270342.697011676,Delivered
PO00520,SUP0020,PROD0184,2025-01-25,677,12812.100693137918,8673792.16925437,In Transit
PO00902,SUP0075,PROD0061,2026-07-27,1957,10955.910214329551,21440716.28944293,Partially Received
PO00444,SUP0028,PROD0031,2025-01-13,999,15485.305206345787,15469819.901139442,Pending
PO00049,SUP0082,PROD0026,2025-05-24,2030,1146.3473005593492,2327085.0201354786,Delivered
PO01319,SUP0079,PROD0161,2025-05-09,2253,797.8835314112642,1797631.5962695784,Delivered
PO00863,SUP0002,PROD0063,2026-02-28,1463,5992.692978049091,8767309.82688582,Partially Received
PO00497,SUP0060,PROD0157,2025-01-07,1198,17815.251452704717,21342671.24034025,Delivered
PO01695,SUP0062,PROD0106,2026-05-30,1378,11045.045628673499,15220072.87631208,Delivered
PO00992,SUP0089,PROD0165,2026-06-12,615,8056.323699717534,4954639.075326283,Delivered
PO01990,SUP0081,PROD0002,2025-07-06,1129,3146.4931530622985,3552390.769807335,Delivered
PO01587,SUP0088,PROD0146,2025-11-22,1494,11926.203093391492,17817747.42152689,In Transit
PO01739,SUP0035,PROD0186,2026-04-24,735,5050.154211819589,3711863.345687398,Cancelled
PO01547,SUP0068,PROD0038,2025-06-13,797,16689.80368396338,13301773.536118813,Cancelled
PO00212,SUP0061,PROD0041,2025-10-20,1408,13721.060692790426,19319253.45544892,In Transit
PO00131,SUP0044,PROD0079,2025-10-16,1578,14660.254926661464,23133882.27427179,Partially Received
PO01831,SUP0020,PROD0026,2025-01-09,1802,11009.159846884306,19838506.044085518,Pending
PO00277,SUP0032,PROD0077,2026-01-24,2024,22192.786141615474,44918199.15062972,Partially Received
PO00783,SUP0076,PROD0159,2026-03-19,703,1952.440959308387,1372565.994393796,Partially Received
PO01220,SUP0096,PROD0132,2026-01-24,1556,11391.082189413213,17724523.88672696,Partially Received
PO00451,SUP0076,PROD0175,2025-05-29,1556,5590.771232939957,8699240.038454574,Delivered
PO00722,SUP0075,PROD0177,2025-01-18,935,20977.927640317455,19614362.34369682,In Transit
PO00151,SUP0099,PROD0114,2026-04-25,2179,15991.180375305012,34844782.03778962,Cancelled
PO00978,SUP0029,PROD0196,2025-05-10,1026,13378.469386439934,13726309.590487372,Partially Received
PO00349,SUP0015,PROD0185,2025-10-05,1169,14436.845054447533,16876671.868649166,Pending
PO01214,SUP0014,PROD0162,2026-04-22,1867,22923.374370241312,42797939.94924053,Delivered
PO00233,SUP0028,PROD0037,2025-01-27,2032,11702.514047412857,23779508.544342924,Delivered
PO00396,SUP0004,PROD0128,2025-04-14,1709,19744.326642140863,33743054.23141874,In Transit
PO01608,SUP0098,PROD0062,2025-07-24,2157,2019.4351055903792,4355921.522758448,Delivered
PO00471,SUP0083,PROD0056,2025-10-03,1571,9387.38710192019,14747585.13711662,Pending
PO01475,SUP0032,PROD0186,2025-05-25,645,23238.444799209843,14988796.895490348,In Transit
PO00547,SUP0015,PROD0145,2026-05-04,966,25111.38389013429,24257596.837869722,Delivered
PO00471,SUP0091,PROD0198,2026-03-27,2161,14541.339768444375,31423835.239608295,In Transit
PO00599,SUP0085,PROD0082,2025-06-09,1851,20455.940889622918,37863946.58669202,In Transit
PO01762,SUP0045,PROD0193,2025-03-19,1750,11542.774077266338,20199854.63521609,Pending
PO00795,SUP0034,PROD0156,2026-01-14,2273,10604.955014455953,24105062.74785838,Partially Received
PO00488,SUP0002,PROD0055,2025-11-29,2214,13830.354382188572,30620404.602165498,Delivered
PO01074,SUP0088,PROD0003,2025-04-12,1110,10775.04287546095,11960297.591761654,Pending
PO00772,SUP0068,PROD0137,2025-05-01,2349,22333.342596718412,52461021.75969155,Delivered
PO01581,SUP0008,PROD0059,2025-01-10,1992,18535.294235168465,36922306.116455585,Delivered
PO01981,SUP0043,PROD0078,2026-07-03,589,5193.611562324873,3059037.2102093506,Delivered
PO01054,SUP0061,PROD0074,2026-02-19,1088,11556.401485172875,12573364.815868089,Pending
PO00904,SUP0027,PROD0053,2025-08-27,2484,2468.039768455587,6130610.784843678,Partially Received
PO00687,SUP0028,PROD0094,2026-06-24,1169,5589.178804827039,6533750.022842809,Delivered
PO00967,SUP0061,PROD0157,2026-05-24,1682,14841.208171253511,24962912.144048404,Partially Received
PO00356,SUP0044,PROD0072,2026-03-10,514,12677.737405306614,6516357.0263276,Cancelled
PO01939,SUP0043,PROD0101,2025-07-03,2252,2531.1906333935876,5700241.306402359,Delivered
PO01922,SUP0077,PROD0012,2025-07-30,1307,11373.010410513378,14864524.606540985,Delivered
PO01361,SUP0014,PROD0097,2025-01-31,2298,15976.866166723981,36714838.45113171,Delivered
PO01658,SUP0099,PROD0109,2025-06-02,1744,2125.8056611507454,3707405.0730469,Delivered
PO00998,SUP0001,PROD0165,2026-03-12,545,17356.478387945317,9459280.721430197,Cancelled
PO00662,SUP0075,PROD0058,2026-06-25,895,7549.528544697151,6756828.04750395,Delivered
PO00603,SUP0097,PROD0127,2025-11-15,1257,24392.131667144728,30660909.50560092,In Transit
PO00654,SUP0079,PROD0031,2025-11-08,841,933.4682487037237,785046.7971598316,Cancelled
PO00237,SUP0050,PROD0191,2026-04-25,1010,2029.984378400985,2050284.2221849947,Delivered
PO01558,SUP0002,PROD0042,2025-03-21,2040,6594.531603981062,13452844.472121367,Delivered
PO00210,SUP0087,PROD0023,2026-05-09,2339,18151.79115627116,42457039.514518246,Delivered
PO00797,SUP0057,PROD0179,2025-02-22,2053,6380.598758300488,13099369.250790901,In Transit
PO01670,SUP0090,PROD0056,2025-03-10,2015,8312.082311454646,16748845.85758111,Delivered
PO00809,SUP0096,PROD0016,2026-01-03,792,1892.2085258382167,1498629.1524638676,Delivered
PO00590,SUP0016,PROD0069,2026-01-12,886,6181.721272569299,5477005.047496399,Delivered
PO01897,SUP0035,PROD0038,2026-08-23,719,21298.598058126438,15313692.003792908,In Transit
PO00254,SUP0018,PROD0141,2025-05-29,1475,10766.39034299122,15880425.75591205,Partially Received
PO01770,SUP0068,PROD0047,2026-07-18,1788,5695.96715002995,10184389.264253551,In Transit
PO00125,SUP0035,PROD0197,2025-03-07,1785,9493.857603202516,16946535.82171649,Pending
PO00828,SUP0014,PROD0172,2026-06-08,834,2964.306885604328,2472231.9425940095,Cancelled
PO01264,SUP0061,PROD0101,2026-03-03,2108,2860.2003023464868,6029302.237346394,Pending
PO00741,SUP0055,PROD0189,2025-10-30,1400,6762.356128516665,9467298.579923332,In Transit
PO00409,SUP0031,PROD0152,2025-07-04,755,4372.192147266133,3301005.0711859306,Delivered
PO01139,SUP0051,PROD0165,2025-02-21,884,9272.571712159835,8196953.393549294,Delivered
PO01593,SUP0039,PROD0062,2025-08-27,568,22943.293204799713,13031790.540326238,Partially Received
PO01168,SUP0091,PROD0149,2025-05-07,560,3031.8834955890507,1697854.7575298683,Delivered
PO00964,SUP0017,PROD0103,2026-08-25,2036,20583.938272231386,41908898.3222631,Delivered
PO00110,SUP0082,PROD0122,2026-04-27,2089,5311.034819929063,11094751.738831813,Pending
PO01128,SUP0083,PROD0081,2025-03-18,2040,8862.886340583997,18080288.13479135,Pending
PO00532,SUP0087,PROD0105,2026-08-19,1384,8591.211148071501,11890236.228930958,Delivered
PO01356,SUP0057,PROD0098,2025-04-02,840,11521.366504790049,9677947.86402364,In Transit
PO00154,SUP0088,PROD0045,2026-07-26,854,1725.427419154372,1473515.0159578337,Delivered
PO00418,SUP0005,PROD0074,2026-08-12,533,14607.866584470823,7785992.889522948,In Transit
PO00295,SUP0034,PROD0069,2025-04-27,1276,14963.941437601441,19093989.27437944,Pending
PO01458,SUP0018,PROD0160,2025-07-17,1306,934.6815921052815,1220694.1592894976,Delivered
PO00103,SUP0008,PROD0092,2025-08-12,2166,15808.7123555815,34241670.962189525,Delivered
PO00254,SUP0057,PROD0025,2025-08-28,1237,3574.709382315871,4421915.505924732,Pending
PO00893,SUP0040,PROD0141,2025-11-14,1112,18183.742134188247,20220321.253217332,Delivered
PO01186,SUP0091,PROD0041,2025-03-18,1105,8019.522643238079,8861572.520778077,Delivered
PO00908,SUP0060,PROD0064,2025-11-15,2209,14750.313171054775,32583441.794859998,Delivered
PO01295,SUP0057,PROD0102,2025-10-08,1154,11432.839233343999,13193496.475278975,Delivered
PO01900,SUP0089,PROD0103,2026-04-19,1472,20339.232989232514,29939350.96015026,Pending
PO00700,SUP0016,PROD0164,2025-04-19,1430,929.5434433882458,1329247.1240451916,Delivered
PO00327,SUP0064,PROD0056,2025-06-15,2430,2051.964516175155,4986273.774305627,Cancelled
PO00297,SUP0089,PROD0063,2026-03-04,2134,928.0265095608713,1980408.5714028995,Partially Received
PO01746,SUP0061,PROD0023,2026-05-23,2450,11753.035486170924,28794936.941118762,Pending
PO00695,SUP0088,PROD0106,2026-08-22,1743,8507.336294623836,14828287.161529345,Delivered
PO00298,SUP0015,PROD0082,2026-04-10,1534,20086.275747926098,30812346.997318633,Partially Received
PO01046,SUP0068,PROD0002,2025-03-05,1480,2488.3358579367373,3682737.0697463714,Delivered
PO01984,SUP0071,PROD0105,2025-05-07,799,11083.369029115114,8855611.854262976,Delivered
PO00377,SUP0098,PROD0155,2026-08-22,1033,20447.66253124638,21122435.39477751,In Transit
PO01556,SUP0004,PROD0175,2026-05-10,2282,2352.9576469817066,5369449.350412254,Delivered
PO01647,SUP0034,PROD0049,2025-03-20,2298,8942.248594936478,20549287.271164026,In Transit
PO00803,SUP0064,PROD0112,2026-01-06,1561,2844.1231528500407,4439676.241598913,Cancelled
PO01240,SUP0025,PROD0155,2025-04-02,1369,15332.571147372322,20990289.90075271,In Transit
PO00865,SUP0041,PROD0025,2026-03-04,2141,5615.215104367355,12022175.538450507,Delivered
PO00525,SUP0051,PROD0141,2026-07-19,1046,24606.617841273517,25738522.2619721,Delivered
PO00853,SUP0034,PROD0116,2025-02-17,919,17453.954622482575,16040184.298061486,Delivered
PO00191,SUP0017,PROD0012,2026-01-19,2446,11925.319817604144,29169332.273859736,Delivered
PO01659,SUP0092,PROD0181,2025-02-06,1550,5213.025267364552,8080189.164415055,Pending
PO00615,SUP0056,PROD0037,2025-12-10,1076,6470.473122257246,6962229.079548797,In Transit
PO00465,SUP0068,PROD0156,2025-03-06,1540,9306.318548706391,14331730.565007843,Delivered
PO00255,SUP0095,PROD0182,2025-10-16,1086,12125.933987947854,13168764.310911369,Delivered
PO01328,SUP0069,PROD0119,2025-01-06,693,20319.63375655814,14081506.193294792,In Transit
PO00269,SUP0069,PROD0029,2025-09-29,1427,7401.0360116282045,10561278.388593448,Delivered
PO01638,SUP0093,PROD0086,2025-01-11,1805,16768.545773511505,30267225.121188268,Delivered
PO00738,SUP0086,PROD0080,2025-02-02,988,7754.163730451177,7661113.765685763,Delivered
PO00738,SUP0074,PROD0177,2026-08-30,2141,18065.99633100151,38679298.14467423,Delivered
PO01502,SUP0059,PROD0086,2026-07-31,2257,916.7492169035371,2069102.9825512832,Delivered
PO01021,SUP0035,PROD0181,2026-03-18,857,9385.432866825922,8043315.966869815,Pending
PO00402,SUP0029,PROD0187,2025-03-31,2418,12232.194683264153,29577446.744132724,Delivered
PO01701,SUP0031,PROD0022,2025-11-12,1715,18508.715722665114,31742447.46437067,Partially Received
PO00681,SUP0039,PROD0186,2025-03-06,2076,20389.88713089553,42329405.683739126,Delivered
PO00206,SUP0032,PROD0074,2025-04-16,1239,20748.32201037165,25707170.97085047,Delivered
PO00833,SUP0006,PROD0183,2026-01-16,1261,14373.928535846486,18125523.88370242,Delivered
PO01148,SUP0063,PROD0169,2025-06-07,1154,14625.479666707493,16877803.53538045,Partially Received
PO01220,SUP0092,PROD0011,2025-01-13,675,8598.424839903533,5803936.766934885,In Transit
PO01672,SUP0072,PROD0123,2025-04-01,1197,21029.362091108113,25172146.423056412,Pending
PO01083,SUP0057,PROD0130,2026-05-17,1228,6465.14690784678,7939200.402835846,Partially Received
PO00448,SUP0085,PROD0154,2026-08-27,1571,6686.998465557892,10505274.589391448,Delivered
PO00202,SUP0016,PROD0054,2025-07-14,1476,6569.830181577556,9697069.348008472,In Transit
PO01472,SUP0055,PROD0199,2025-05-06,572,15035.75788168782,8600453.508325433,Partially Received
PO01212,SUP0065,PROD0046,2025-11-30,1132,17183.146238142876,19451321.541577734,Partially Received
PO01194,SUP0011,PROD0059,2025-02-25,1559,20342.82768465892,31714468.360383257,In Transit
PO01572,SUP0037,PROD0111,2025-06-11,627,23827.80752246936,14940035.316588288,Partially Received
PO01820,SUP0087,PROD0053,2025-08-31,1075,18238.20166864582,19606066.793794256,Delivered
PO01145,SUP0079,PROD0130,2026-01-16,623,8901.922977267688,5545898.01483777,Partially Received
PO00916,SUP0046,PROD0116,2025-06-03,567,20691.354794458177,11731998.168457786,Delivered
PO01496,SUP0009,PROD0050,2025-03-07,2058,23013.75982228132,47362317.71425496,Pending
PO01806,SUP0024,PROD0161,2025-07-12,1431,6612.856765118783,9462998.03088498,Delivered
PO00527,SUP0003,PROD0027,2026-02-09,985,2029.4769250612537,1999034.771185335,Delivered
PO01803,SUP0046,PROD0042,2025-03-30,1151,3374.2682664686445,3883782.77470541,Delivered
PO00218,SUP0055,PROD0184,2026-04-17,2210,17576.10798276726,38843198.64191564,Pending
PO00330,SUP0067,PROD0179,2026-01-16,1076,10890.862312949044,11718567.848733172,Pending
PO00194,SUP0057,PROD0170,2025-01-13,1577,950.5428465245578,1499006.0689692276,Cancelled
PO01608,SUP0005,PROD0196,2026-07-31,1355,11995.003822390221,16253230.17933875,In Transit
PO01969,SUP0024,PROD0123,2025-04-21,1169,17386.780932067428,20325146.909586824,In Transit
PO00594,SUP0034,PROD0175,2026-04-13,2040,10614.3527485776,21653279.607098304,In Transit
PO00558,SUP0022,PROD0177,2025-01-21,657,7294.176492236159,4792273.955399157,Delivered
PO00310,SUP0036,PROD0032,2026-04-10,1594,18117.33731916499,28879035.686748996,Partially Received
PO00122,SUP0011,PROD0007,2025-11-16,1048,11109.11542545945,11642352.965881502,Delivered
PO01936,SUP0073,PROD0172,2025-10-02,912,12534.363365445692,11431339.389286472,In Transit
PO01855,SUP0045,PROD0126,2026-01-26,2115,6845.685161614084,14478624.116813788,Partially Received
PO00237,SUP0047,PROD0200,2025-07-23,1289,9670.490396649579,12465262.121281307,Delivered
PO01060,SUP0049,PROD0126,2025-03-14,1911,6826.601585399186,13045635.629697844,Partially Received
PO01986,SUP0027,PROD0102,2025-01-31,1207,14212.223200170796,17154153.402606152,Delivered
PO01706,SUP0032,PROD0194,2025-08-27,1911,7647.0216903097835,14613458.450181996,Delivered
PO01431,SUP0053,PROD0039,2025-11-08,514,18886.2262660793,9707520.30076476,Cancelled
PO01589,SUP0049,PROD0119,2025-11-28,1189,15429.680370708062,18345889.960771885,Partially Received
PO00753,SUP0029,PROD0050,2025-07-31,2053,20517.026963788576,42121456.356657945,Delivered
PO01479,SUP0006,PROD0061,2025-11-18,2404,1100.987595983894,2646774.180745281,Cancelled
PO00845,SUP0015,PROD0141,2025-07-04,2138,13861.729471205059,29636377.609436415,In Transit
PO00287,SUP0072,PROD0164,2025-11-03,1915,21622.114518297203,41406349.30253915,Cancelled
PO00774,SUP0005,PROD0160,2026-01-16,1786,25408.689172870996,45379918.8627476,Partially Received
PO01743,SUP0042,PROD0132,2025-10-01,1860,12718.456526550266,23656329.139383495,In Transit
PO00126,SUP0077,PROD0024,2025-12-09,1703,24750.72403962429,42150483.039480165,Delivered
PO01362,SUP0096,PROD0031,2025-09-08,628,19255.134632885372,12092224.549452014,Delivered
PO01082,SUP0059,PROD0052,2025-06-03,1259,23965.305234748164,30172319.290547937,Pending
PO01659,SUP0003,PROD0044,2025-03-01,2195,18177.11933036268,39898776.93014608,Cancelled
PO00823,SUP0076,PROD0006,2026-02-05,611,11901.884215747421,7272051.255821674,Cancelled
PO01971,SUP0032,PROD0107,2026-08-02,1850,3818.9504184055377,7065058.274050245,Cancelled
PO01716,SUP0029,PROD0200,2025-06-05,622,18584.73632930988,11559705.996830745,Delivered
PO00562,SUP0016,PROD0077,2025-07-19,1107,19502.136148290676,21588864.71615778,Delivered
PO00743,SUP0024,PROD0099,2025-08-11,827,26848.07928619259,22203361.569681272,Delivered
PO01279,SUP0095,PROD0191,2026-06-25,1385,5787.337319394391,8015462.187361231,Partially Received
PO01932,SUP0080,PROD0081,2025-09-27,1763,24842.264438666283,43796912.20536866,Delivered
PO00945,SUP0058,PROD0173,2025-04-02,2394,10211.469577869768,24446258.169420224,Delivered
PO01568,SUP0047,PROD0122,2025-05-25,933,23028.424602936288,21485520.154539555,Delivered
PO01317,SUP0068,PROD0188,2025-01-09,1295,16581.163344086675,21472606.530592244,In Transit
PO01037,SUP0079,PROD0022,2025-05-21,1327,7615.381169533,10105610.81197029,Delivered
PO00085,SUP0009,PROD0117,2025-02-02,695,20351.13263746071,14144037.183035193,Pending
PO01315,SUP0012,PROD0024,2025-01-12,1723,6128.413138948893,10559255.838408943,Delivered
PO01286,SUP0045,PROD0151,2025-12-13,1411,25222.76227723551,35589317.573179305,Pending
PO00250,SUP0054,PROD0057,2025-07-29,2222,13286.571426264161,29522761.70915897,Partially Received
PO01592,SUP0052,PROD0048,2025-08-27,708,3721.0815310699036,2634525.723997492,Delivered
PO00934,SUP0095,PROD0036,2026-01-18,700,3211.5163958430803,2248061.477090156,In Transit
PO01648,SUP0055,PROD0037,2025-09-03,2085,11371.886505080884,23710383.36309364,Partially Received
PO00687,SUP0005,PROD0075,2025-08-11,2163,6116.65024695007,13230314.484153003,Delivered
PO01244,SUP0012,PROD0169,2026-07-21,1344,13127.588959520248,17643479.561595213,In Transit
PO00446,SUP0045,PROD0138,2025-08-29,1170,1243.9695519380257,1455444.3757674901,In Transit
PO00400,SUP0047,PROD0085,2025-05-26,1486,17477.740024231374,25971921.676007822,Delivered
PO01310,SUP0025,PROD0030,2025-12-04,1345,23196.50754173091,31199302.643628072,In Transit
PO00023,SUP0010,PROD0129,2025-06-02,938,24246.45529612147,22743175.06776194,Delivered
PO01939,SUP0038,PROD0150,2026-07-15,2124,2686.557542184077,5706248.21959898,Delivered
PO00791,SUP0090,PROD0128,2025-04-08,1290,8140.24385042899,10500914.567053398,Pending
PO00598,SUP0065,PROD0006,2026-06-30,1218,3552.220459095972,4326604.519178893,Delivered
PO01840,SUP0078,PROD0042,2025-02-09,1335,17476.27835184575,23330831.599714078,Delivered
PO00974,SUP0003,PROD0045,2025-02-01,1520,21154.739909121028,32155204.661863964,Delivered
PO01229,SUP0015,PROD0018,2025-03-30,1768,3599.261061380209,6363493.55652021,Delivered
PO01743,SUP0035,PROD0171,2025-06-20,2087,12687.101623053264,26477981.087312162,Pending
PO00260,SUP0042,PROD0183,2025-08-19,511,7667.008773764491,3917841.4833936547,In Transit
PO00164,SUP0021,PROD0179,2026-03-21,2101,17756.712920920516,37306853.846854,Delivered
PO01988,SUP0015,PROD0048,2025-12-25,2195,1181.7113097071108,2593856.3248071084,Delivered
PO00018,SUP0013,PROD0160,2025-02-19,1238,15966.916872459298,19767043.08810461,Partially Received
PO01417,SUP0094,PROD0116,2026-02-15,2270,9000.997631165934,20432264.62274667,Delivered
PO01223,SUP0064,PROD0074,2025-04-02,1369,5448.47481327868,7458962.019378513,Delivered
PO01106,SUP0024,PROD0041,2026-07-31,913,10179.776435533551,9294135.885642132,Delivered
PO01985,SUP0037,PROD0150,2026-01-17,1477,9183.994177575492,13564759.400279002,Pending
PO00094,SUP0100,PROD0049,2026-01-14,1818,24182.756104604658,43964250.598171264,Delivered
PO01230,SUP0033,PROD0055,2026-05-16,2047,11736.948532028075,24025533.64506147,Delivered
PO00612,SUP0027,PROD0008,2025-12-22,1305,5914.376006102933,7718260.687964328,Delivered
PO01786,SUP0083,PROD0177,2026-07-11,2270,1810.325058933562,4109437.883779186,Delivered
PO00914,SUP0019,PROD0098,2025-01-07,1603,17740.08976647115,28437363.89565325,Partially Received
PO00329,SUP0054,PROD0032,2026-07-07,1476,14659.65314248115,21637648.038302176,Delivered
PO01709,SUP0063,PROD0172,2026-01-01,1808,19329.873203025065,34948410.751069315,Delivered
PO01886,SUP0077,PROD0056,2026-01-24,1527,17121.30807564455,26144237.431509227,In Transit
PO00200,SUP0020,PROD0141,2025-03-11,561,6913.502090817366,3878474.672948542,In Transit
PO01504,SUP0080,PROD0143,2025-05-16,1911,11109.047464852205,21229389.705332562,Delivered
PO00431,SUP0042,PROD0038,2025-07-19,1064,3242.9592851366733,3450508.6793854204,Delivered
PO00014,SUP0094,PROD0102,2025-05-20,1393,9932.669339178794,13836208.38947606,Delivered
PO00522,SUP0005,PROD0028,2026-08-05,1300,20018.44135550194,26023973.76215252,Delivered
PO01710,SUP0083,PROD0169,2026-03-04,501,15193.854452371534,7612121.080638139,Delivered
PO00262,SUP0071,PROD0074,2026-04-19,1151,12665.092354882314,14577521.300469544,Delivered
PO01479,SUP0066,PROD0183,2026-02-04,1785,23744.43066118459,42383808.73021449,Delivered
PO00813,SUP0072,PROD0059,2025-10-18,1395,18185.065078396972,25368165.784363776,Delivered
PO00297,SUP0027,PROD0085,2025-01-09,1027,2480.102836509943,2547065.6130957115,In Transit
PO00461,SUP0022,PROD0103,2025-07-10,2081,7502.922565865865,15613581.859566865,In Transit
PO01590,SUP0024,PROD0173,2025-04-13,761,24329.193250441316,18514516.06358584,Cancelled
PO01247,SUP0025,PROD0096,2026-02-01,2087,944.9318318136321,1972072.7329950503,In Transit
PO01522,SUP0014,PROD0196,2025-10-10,974,22345.81488324415,21764823.6962798,Pending
PO00196,SUP0097,PROD0048,2026-06-29,2341,18891.10347008246,44224073.223463036,Delivered
PO00917,SUP0096,PROD0132,2025-04-19,749,10031.088049400241,7513284.9490007805,Pending
PO01595,SUP0002,PROD0089,2025-10-25,517,14849.537019131614,7677210.638891045,Delivered
PO00532,SUP0009,PROD0058,2025-03-27,2112,10851.35204240183,22918055.513552666,Partially Received
PO00339,SUP0093,PROD0002,2026-07-26,1308,1159.7830608776044,1516996.2436279065,Cancelled
PO00764,SUP0076,PROD0096,2025-08-28,1295,6119.538984599653,7924802.985056551,Delivered
PO00371,SUP0098,PROD0044,2026-05-26,1183,2369.8885443230424,2803578.1479341593,In Transit
PO01908,SUP0059,PROD0102,2026-04-10,1295,20098.988598629614,26028190.23522535,Pending
PO00967,SUP0036,PROD0130,2025-10-09,2034,15607.93572191673,31746541.25837863,Delivered
PO01217,SUP0031,PROD0200,2026-01-04,1939,6565.036809966698,12729606.374525426,Delivered
PO00243,SUP0047,PROD0040,2026-02-18,673,19062.615460965913,12829140.20523006,Pending
PO01221,SUP0035,PROD0130,2025-10-08,1960,14912.901354517024,29229286.654853366,Delivered
PO01111,SUP0094,PROD0007,2025-04-05,1474,20767.15657341508,30610788.789213825,In Transit
PO00825,SUP0098,PROD0141,2025-10-07,2478,893.9664281275084,2215248.8088999656,Delivered
PO01565,SUP0074,PROD0002,2026-05-08,2288,6843.154067445837,15657136.506316077,Pending
PO00609,SUP0023,PROD0026,2025-11-02,2241,2077.198007962212,4655000.735843318,Pending
PO01158,SUP0095,PROD0094,2025-12-07,2010,22402.9957495444,45030021.456584245,Partially Received
PO01854,SUP0092,PROD0106,2026-02-23,555,16089.049150674331,8929422.278624253,Pending
PO01251,SUP0025,PROD0017,2025-12-10,1732,11758.946249878307,20366494.904789228,In Transit
PO01423,SUP0042,PROD0006,2025-11-18,927,4686.392408473238,4344285.762654692,Partially Received
PO01752,SUP0059,PROD0138,2025-06-19,2305,18132.323489124403,41795005.64243175,In Transit
PO01851,SUP0012,PROD0085,2025-12-25,1702,12081.899909572963,20563393.646093182,In Transit
PO00417,SUP0073,PROD0078,2025-06-27,1824,18786.969591025678,34267432.53403084,Partially Received
PO00392,SUP0031,PROD0127,2025-12-27,875,3181.328076153055,2783662.066633923,Pending
PO01101,SUP0033,PROD0053,2026-06-24,1159,22358.45550709831,25913449.932726942,Pending
PO01992,SUP0043,PROD0069,2026-04-05,1392,8748.903736703278,12178474.001490964,In Transit
PO00981,SUP0076,PROD0157,2026-01-31,2273,8737.267804933761,19859809.720614437,In Transit
PO00662,SUP0044,PROD0119,2026-08-14,2487,6127.32139883023,15238648.31889078,In Transit
PO01075,SUP0008,PROD0103,2025-02-22,1292,7255.4669979679375,9374063.361374576,Pending
PO00129,SUP0025,PROD0058,2026-05-25,2412,3445.768815137909,8311194.382112636,In Transit
PO00355,SUP0028,PROD0044,2026-06-01,1165,4988.9082568573185,5812078.119238776,Delivered
PO00056,SUP0097,PROD0173,2025-02-22,1073,26540.988068352504,28478480.197342236,Delivered
PO01445,SUP0027,PROD0008,2026-08-20,536,24818.899077182334,13302929.90536973,Delivered
PO00651,SUP0089,PROD0119,2026-07-14,676,891.732926656419,602811.4584197393,Delivered
PO00338,SUP0048,PROD0007,2025-06-03,1702,5992.770907800391,10199696.085076265,Delivered
PO01025,SUP0041,PROD0046,2026-03-09,1483,13722.964365711703,20351156.154350456,Delivered
PO00647,SUP0015,PROD0012,2026-04-18,787,9168.899396220653,7215923.824825654,Partially Received
PO00787,SUP0096,PROD0013,2026-08-20,1024,1355.515950942909,1388048.3337655389,In Transit
PO00008,SUP0032,PROD0041,2026-03-20,2419,849.3892797547247,2054672.667726679,Delivered
PO01377,SUP0061,PROD0091,2025-05-26,1914,13154.131175656383,25177007.070206318,Delivered
PO00439,SUP0068,PROD0073,2025-01-05,979,3074.1751805753215,3009617.5017832397,Delivered
PO00381,SUP0075,PROD0173,2026-04-27,1003,1256.275685510264,1260044.5125667949,Delivered
PO00663,SUP0021,PROD0016,2025-04-15,1281,9016.348379703079,11549942.274399644,Delivered
PO00321,SUP0035,PROD0097,2025-05-15,887,8324.775283078268,7384075.676090424,Delivered
PO00694,SUP0096,PROD0118,2025-11-24,1481,21934.910435835525,32485602.355472412,Pending
PO00487,SUP0004,PROD0059,2025-01-15,1381,10142.307679924492,14006526.905975724,Delivered
PO00123,SUP0012,PROD0148,2025-01-10,2306,6781.728258098563,15638665.363175286,Delivered
PO01742,SUP0026,PROD0038,2026-05-28,1979,12821.384795581747,25373520.51045628,Partially Received
PO00612,SUP0056,PROD0052,2026-08-26,2286,11711.924330611246,26773459.01977731,Delivered
PO00191,SUP0094,PROD0177,2025-04-01,1477,1695.451564751542,2504181.9611380277,Delivered
PO01044,SUP0061,PROD0057,2026-03-26,1776,4379.260375872214,7777566.427549053,In Transit
PO01547,SUP0016,PROD0025,2026-01-10,1879,13856.43891262645,26036248.7168251,In Transit
PO00124,SUP0088,PROD0149,2026-07-11,660,21434.081689263687,14146493.914914032,Partially Received
PO00930,SUP0023,PROD0008,2026-05-16,2047,1877.3920811462779,3843021.590106431,Delivered
PO01888,SUP0010,PROD0002,2026-01-04,1980,9260.962540225893,18336705.82964727,Delivered
PO00318,SUP0004,PROD0174,2025-12-10,764,19580.87212511032,14959786.303584285,Partially Received
PO00403,SUP0066,PROD0156,2025-04-07,2480,21738.49023282742,53911455.777412,In Transit
PO01201,SUP0012,PROD0133,2026-06-25,2319,5116.925743585938,11866150.799375791,Cancelled
PO01960,SUP0081,PROD0082,2025-04-19,1594,17251.666897626314,27499157.034816343,Pending
PO00772,SUP0025,PROD0029,2025-11-24,630,23271.160566856444,14660831.15711956,Delivered
PO00305,SUP0037,PROD0006,2026-08-15,838,17043.788285459654,14282694.58321519,Delivered
PO01283,SUP0075,PROD0078,2025-07-03,998,15515.317222764923,15484286.588319393,Delivered
PO00506,SUP0068,PROD0055,2026-08-11,1389,20202.099854668246,28060716.698134195,Delivered
PO01227,SUP0023,PROD0130,2026-03-10,1239,8415.033439417159,10426226.43143786,Delivered
PO01050,SUP0090,PROD0198,2026-01-06,1245,11040.100319440793,13744924.897703787,In Transit
PO00475,SUP0078,PROD0037,2025-11-11,1202,11755.969894451617,14130675.813130843,Partially Received
PO01364,SUP0090,PROD0183,2026-07-31,732,19300.01335863729,14127609.778522497,Delivered
PO01496,SUP0067,PROD0080,2025-07-05,1910,17464.446576815695,33357092.961717978,Delivered
PO01697,SUP0031,PROD0025,2026-02-18,617,18011.8792816006,11113329.51674757,Delivered
PO01985,SUP0090,PROD0114,2025-11-08,765,3502.303959749812,2679262.529208606,In Transit
PO00919,SUP0074,PROD0008,2025-08-28,2488,11742.380824476308,29215043.491297055,Delivered
PO01342,SUP0083,PROD0003,2026-04-19,784,1563.256868082881,1225593.3845769789,Delivered
PO00037,SUP0030,PROD0090,2026-01-02,1941,17232.298527836774,33447891.44253118,In Transit
PO01811,SUP0092,PROD0037,2026-05-30,1282,15478.975038381044,19844045.999204498,Delivered
PO01232,SUP0016,PROD0018,2025-10-14,518,6384.231375243813,3307031.8523762953,In Transit
PO00843,SUP0064,PROD0087,2026-05-20,1911,13955.927116715164,26669776.72004268,Delivered
PO00869,SUP0034,PROD0169,2025-11-30,2414,21731.23375110945,52459198.27517821,Delivered
PO01516,SUP0022,PROD0119,2025-07-14,640,20377.456234706657,13041571.99021226,Partially Received
PO01667,SUP0028,PROD0069,2025-06-04,1688,24236.296847470872,40910869.07853083,Delivered
PO01616,SUP0030,PROD0039,2026-01-23,522,9152.08196759092,4777386.787082461,Delivered
PO00743,SUP0037,PROD0119,2025-10-20,1341,20016.318754519783,26841883.44981103,Delivered
PO01892,SUP0040,PROD0196,2025-11-22,859,4341.331492169092,3729203.75177325,Delivered
PO01269,SUP0088,PROD0100,2025-07-04,1914,9026.694515688854,17277093.303028468,Delivered
PO01088,SUP0077,PROD0015,2026-06-25,764,20855.193741844207,15933368.018768974,In Transit
PO01260,SUP0022,PROD0167,2026-02-12,1191,17447.925325085984,20780479.06217741,In Transit
PO01107,SUP0048,PROD0006,2025-03-03,2121,11660.738584987594,24732426.538758688,Delivered
PO01751,SUP0008,PROD0105,2026-05-15,1943,10850.920579953237,21083338.68684914,Delivered
PO00885,SUP0098,PROD0156,2025-10-19,1516,23252.781331761315,35251216.49895015,Delivered
PO00338,SUP0088,PROD0200,2025-03-31,1190,10155.841445866818,12085451.320581513,Partially Received
PO01154,SUP0016,PROD0057,2026-04-23,1177,23585.929319495706,27760638.809046447,Partially Received
PO01242,SUP0092,PROD0123,2025-06-15,994,18274.993600671452,18165343.639067423,Cancelled
PO01047,SUP0095,PROD0091,2026-02-15,2085,5590.7643351460965,11656743.63877961,Delivered
PO01782,SUP0055,PROD0011,2025-02-05,1223,11940.074698017877,14602711.355675865,In Transit
PO00575,SUP0016,PROD0193,2025-05-19,1736,18689.91924022327,32445699.801027596,Delivered
PO01732,SUP0034,PROD0043,2026-08-23,580,3515.627944771119,2039064.207967249,In Transit
PO01879,SUP0011,PROD0190,2025-06-27,971,1572.0172837749683,1526428.7825454941,Delivered
PO00852,SUP0049,PROD0173,2026-03-29,1853,23442.16472399097,43438331.233555265,Delivered
PO00386,SUP0015,PROD0128,2026-03-03,980,7379.319897841355,7231733.499884528,Partially Received
PO00913,SUP0008,PROD0050,2025-11-01,2326,18780.681444306127,43683865.03945605,Delivered
PO01040,SUP0025,PROD0195,2025-05-23,544,1300.9580164307572,707721.1609383319,Delivered
PO01312,SUP0005,PROD0186,2025-09-11,2052,18787.02824633386,38550981.96147708,In Transit
PO01244,SUP0014,PROD0055,2026-07-14,826,7855.635990902916,6488755.328485808,Pending
PO01325,SUP0073,PROD0138,2026-03-28,778,17594.533200681977,13688546.830130579,Delivered
PO00755,SUP0044,PROD0053,2025-11-15,2203,17620.693760163733,38818388.353640705,Pending
PO00704,SUP0054,PROD0075,2026-03-31,1737,13955.601158751111,24240879.21275068,Delivered
PO01903,SUP0052,PROD0108,2026-07-31,1986,6254.7409019251545,12421915.431223357,Pending
PO00791,SUP0097,PROD0036,2025-12-22,895,3676.8749858341307,3290803.1123215468,Delivered
PO01213,SUP0069,PROD0117,2025-06-21,2422,2164.6401561879784,5242758.458287284,Delivered
PO00739,SUP0031,PROD0166,2026-08-14,662,13021.445029545443,8620196.609559083,Delivered
PO00869,SUP0044,PROD0167,2026-07-28,1148,8013.608238241531,9199622.257501278,Partially Received
PO01686,SUP0067,PROD0171,2026-03-22,1115,7609.1406340132025,8484191.806924721,Delivered
PO00322,SUP0047,PROD0064,2025-09-15,2371,6306.487535951904,14952681.947741963,Delivered
PO01189,SUP0043,PROD0085,2026-07-10,603,9786.99950169207,5901560.699520318,Delivered
PO00800,SUP0074,PROD0057,2025-04-05,1493,21930.895823234863,32742827.46408965,Pending
PO01443,SUP0031,PROD0158,2026-05-31,2399,22424.652383096476,53796741.067048445,Partially Received
PO00022,SUP0100,PROD0074,2025-08-22,2422,15571.449167736544,37714049.88425791,Delivered
PO01122,SUP0073,PROD0076,2026-05-07,669,9901.616934189427,6624181.7289727265,Pending
PO00299,SUP0001,PROD0087,2025-10-11,1146,3068.3970209305658,3516382.9859864283,Delivered
PO01257,SUP0045,PROD0013,2025-06-29,500,23360.507884583058,11680253.942291528,Delivered
PO00880,SUP0050,PROD0018,2026-04-18,927,10628.818747002995,9852914.978471776,Delivered
PO00525,SUP0018,PROD0046,2026-02-11,565,14578.997802997888,8237133.758693807,Delivered
PO01276,SUP0005,PROD0108,2025-01-13,634,4158.40343800748,2636427.779696742,Pending
PO00498,SUP0062,PROD0015,2025-12-28,2135,20607.922888540004,43997915.36703291,Delivered
PO01273,SUP0025,PROD0155,2025-01-15,2089,17127.35180925169,35779037.929526776,Cancelled
PO00097,SUP0013,PROD0165,2025-06-18,1429,2963.612981061068,4235002.949936266,Pending
PO00784,SUP0011,PROD0131,2026-08-25,1835,24655.54692313347,45242928.60394991,Delivered
PO01212,SUP0046,PROD0053,2025-01-14,567,16037.828160848474,9093448.567201085,In Transit
PO00634,SUP0044,PROD0134,2025-09-14,1271,20229.299578165508,25711439.76384836,Delivered
PO01544,SUP0063,PROD0012,2026-06-23,1023,893.2427175570105,913787.3000608217,Delivered
PO00230,SUP0097,PROD0056,2026-01-29,1550,5871.785957253251,9101268.233742539,Delivered
PO01188,SUP0077,PROD0078,2025-01-12,1705,9861.206767081097,16813357.53787327,Delivered
PO00045,SUP0080,PROD0028,2025-10-21,2472,24705.839289442687,61072834.72350232,Delivered
PO00072,SUP0077,PROD0098,2026-04-18,708,8348.139982337614,5910483.10749503,Delivered
PO00617,SUP0001,PROD0091,2026-04-23,1238,6643.106528786779,8224165.882638032,Delivered
PO01219,SUP0074,PROD0153,2025-05-07,642,17876.570657426146,11476758.362067586,Delivered
PO01926,SUP0034,PROD0116,2026-08-18,2033,10060.485088344702,20452966.18460478,Pending
PO00182,SUP0058,PROD0135,2025-07-04,660,5864.237725515431,3870396.8988401843,In Transit
PO01407,SUP0050,PROD0027,2025-05-23,1702,10147.714657953667,17271410.347837143,Delivered
PO01339,SUP0097,PROD0160,2026-05-20,1614,1789.291554513246,2887916.568984379,In Transit
PO01033,SUP0001,PROD0185,2026-04-01,1825,7977.613336838553,14559144.339730358,Delivered
PO01934,SUP0044,PROD0120,2025-12-06,1594,10845.077605105358,17287053.70253794,Pending
PO01677,SUP0087,PROD0030,2025-07-26,1649,8644.01497689359,14253980.696897529,Delivered
PO01613,SUP0006,PROD0137,2026-06-21,1742,21013.246807512965,36605075.938687585,Pending
PO01821,SUP0094,PROD0134,2026-01-21,2401,6984.104145791567,16768834.054045552,Delivered
PO00609,SUP0016,PROD0155,2026-01-05,2482,2644.253650347874,6563037.560163423,Pending
PO01693,SUP0076,PROD0037,2025-05-14,1942,19329.826213240547,37538522.50611314,Pending
PO00191,SUP0088,PROD0041,2025-02-14,1772,1152.042455720614,2041419.231536928,In Transit
PO01356,SUP0020,PROD0170,2025-06-13,2094,10584.727621946053,22164419.640355036,Delivered
PO00685,SUP0087,PROD0027,2026-03-16,992,25420.109135388895,25216748.262305785,Delivered
PO01318,SUP0085,PROD0167,2025-12-26,1119,22923.512680146625,25651410.68908407,Partially Received
PO00019,SUP0073,PROD0171,2025-05-19,1066,17893.53672023816,19074510.14377388,Pending
PO00463,SUP0062,PROD0196,2026-08-12,2131,9897.95162388846,21092534.910506308,Delivered
PO00085,SUP0079,PROD0195,2025-08-03,747,18059.500833105256,13490447.122329626,Partially Received
PO00855,SUP0007,PROD0014,2025-09-28,1873,16211.398388940088,30363949.182484783,Delivered
PO01681,SUP0005,PROD0181,2026-06-24,2256,10797.607817004679,24359403.235162556,Delivered
PO01476,SUP0008,PROD0085,2025-05-28,1670,13975.424707365712,23338959.26130074,Partially Received
PO01578,SUP0001,PROD0173,2025-05-09,1911,17772.65470736818,33963543.14578059,Delivered
PO01615,SUP0061,PROD0075,2026-02-02,888,24389.422287390906,21657806.991203126,In Transit
PO01013,SUP0075,PROD0129,2026-01-21,1411,1913.319239715147,2699693.4472380723,Partially Received
PO00227,SUP0064,PROD0184,2025-04-11,1866,10774.81450534549,20105803.866974685,Delivered
PO01197,SUP0016,PROD0137,2025-02-27,1833,3170.3041322472923,5811167.474409287,In Transit
PO01492,SUP0071,PROD0107,2026-05-21,1346,20388.491058069532,27442908.96416159,Delivered
PO00238,SUP0011,PROD0010,2025-03-05,1224,24924.352563108157,30507407.537244383,Pending
PO01523,SUP0051,PROD0179,2025-03-05,2189,8022.2071476178035,17560611.446135372,Delivered
PO00417,SUP0064,PROD0102,2025-08-21,611,15643.568620666421,9558220.427227184,Delivered
PO01754,SUP0093,PROD0176,2025-02-15,1474,5968.659278565819,8797803.776606016,Delivered
PO00975,SUP0053,PROD0106,2025-09-28,1089,4469.157241778531,4866912.23629682,Delivered
PO00538,SUP0023,PROD0127,2025-09-04,920,19240.31783894709,17701092.411831323,Delivered
PO00724,SUP0023,PROD0015,2025-08-21,535,11811.803796216253,6319315.030975695,Partially Received
PO00372,SUP0071,PROD0097,2026-06-29,1351,19993.20026010244,27010813.551398396,Delivered
PO00634,SUP0053,PROD0038,2026-05-16,1044,14766.218630899391,15415932.250658965,Delivered
PO01724,SUP0033,PROD0003,2026-08-02,824,11940.988271410457,9839374.335642217,Delivered
PO00905,SUP0049,PROD0193,2025-06-13,2422,3093.5952621953375,7492687.725037107,Delivered
PO01663,SUP0086,PROD0069,2025-01-26,1582,15430.809394885451,24411540.462708782,Pending
PO00893,SUP0032,PROD0138,2026-05-29,1172,3131.809303662203,3670480.503892102,In Transit
PO00881,SUP0088,PROD0017,2026-08-20,1393,14861.874556706194,20702591.25749173,Delivered
PO00315,SUP0021,PROD0110,2025-01-14,1190,13461.23792528366,16018873.131087555,Partially Received
PO01223,SUP0018,PROD0071,2025-04-10,2407,17452.051268805393,42007087.40401458,Delivered
PO00271,SUP0062,PROD0144,2025-04-21,1700,14065.733235768126,23911746.500805814,Partially Received
PO01821,SUP0026,PROD0091,2026-08-11,1567,20836.409589659772,32650653.826996863,Cancelled
PO00851,SUP0052,PROD0150,2026-05-18,729,4085.2404361694785,2978140.27796755,Pending
PO01050,SUP0017,PROD0170,2026-06-28,598,8703.844620520504,5204899.083071262,Partially Received
PO00554,SUP0093,PROD0067,2026-03-31,1023,23324.60587808772,23861071.813283738,Pending
PO00344,SUP0064,PROD0164,2025-08-19,875,12823.889001011705,11220902.87588524,In Transit
PO00544,SUP0028,PROD0126,2025-04-03,1982,15521.850248660352,30764307.19284482,In Transit
PO01562,SUP0079,PROD0107,2025-02-13,1487,25052.65642259989,37253300.100406036,Delivered
PO01390,SUP0085,PROD0028,2026-05-15,2490,23589.62321755813,58738161.811719745,In Transit
PO00705,SUP0032,PROD0040,2025-03-04,1573,8122.939561558914,12777383.93033217,Delivered
PO01982,SUP0082,PROD0178,2025-07-31,1392,11966.007046681741,16656681.808980985,Delivered
PO01800,SUP0090,PROD0068,2025-03-19,1239,11926.060194577924,14776388.581082048,Delivered
PO01392,SUP0076,PROD0130,2025-01-06,2493,14865.211690941056,37058972.745516054,Pending
PO01839,SUP0005,PROD0172,2025-06-24,2328,7057.3985464169655,16429623.816058695,Pending
PO01774,SUP0056,PROD0058,2025-10-19,2214,6866.925454579914,15203372.95643993,Pending
PO00959,SUP0074,PROD0042,2026-07-22,1030,26372.4919211586,27163666.678793356,Pending
PO00342,SUP0077,PROD0121,2025-03-14,837,24186.242926367562,20243885.32936965,Delivered
PO01509,SUP0055,PROD0056,2025-02-15,1854,24998.101367737996,46346479.93578625,Delivered
PO00778,SUP0066,PROD0076,2025-05-01,1204,8840.095033604899,10643474.420460299,Delivered
PO00690,SUP0079,PROD0105,2026-07-10,1585,24526.143181635034,38873936.94289153,Pending
PO00782,SUP0026,PROD0150,2025-12-14,1191,2808.3013383404173,3344686.893963437,In Transit
PO01119,SUP0097,PROD0030,2026-02-09,1778,17195.487044161735,30573575.964519564,Pending
PO00668,SUP0075,PROD0102,2026-01-14,2370,3205.7804487648364,7597699.6635726625,In Transit
PO01380,SUP0072,PROD0026,2026-05-18,2178,6907.1398700707705,15043750.637014138,Pending
PO01296,SUP0056,PROD0004,2025-09-06,1396,19762.92719585373,27589046.365411803,Delivered
PO01018,SUP0024,PROD0112,2025-11-02,2316,17798.508365743135,41221345.3750611,Delivered
PO01874,SUP0032,PROD0130,2025-10-12,1472,18184.051802109585,26766924.25270531,Delivered
PO00899,SUP0069,PROD0048,2025-02-16,1525,24604.880088790487,37522442.135405496,Delivered
PO00913,SUP0071,PROD0095,2025-12-18,2034,7978.683660838888,16228642.566146297,Delivered
PO01350,SUP0071,PROD0095,2025-08-29,676,15003.073442495192,10142077.64712675,Delivered
PO00028,SUP0098,PROD0095,2026-01-13,692,11128.776702629526,7701113.478219632,In Transit
PO02000,SUP0040,PROD0172,2025-07-18,1306,21691.784470645045,28329470.51866243,Pending
PO01257,SUP0065,PROD0196,2026-05-31,1585,2580.3653501569165,4089879.0799987125,Delivered
PO01125,SUP0073,PROD0177,2026-01-16,1183,8706.385646216066,10299654.219473606,Delivered
PO00663,SUP0059,PROD0181,2026-02-10,977,2684.6047447922338,2622858.8356620125,In Transit
PO01907,SUP0035,PROD0080,2025-10-01,1609,16915.3656272058,27216823.29417413,Delivered
PO01511,SUP0087,PROD0063,2026-08-21,1247,7362.0851791228115,9180520.218366146,Delivered
PO01015,SUP0028,PROD0168,2025-02-26,639,6032.557869266572,3854804.4784613396,Pending
PO00860,SUP0028,PROD0174,2025-11-22,1392,9381.350254203895,13058839.553851822,In Transit
PO01992,SUP0072,PROD0105,2026-01-31,1947,8346.87458351089,16251364.814095702,Partially Received
PO01335,SUP0083,PROD0022,2025-04-21,1187,24272.348427688037,28811277.5836657,Pending
PO01028,SUP0065,PROD0179,2025-05-23,531,3146.8451901974686,1670974.795994856,In Transit
PO00796,SUP0036,PROD0138,2025-12-03,1045,3387.6337250965735,3540077.2427259195,Delivered
PO01411,SUP0008,PROD0185,2025-03-28,1982,16225.279480985348,32158503.93131296,In Transit
PO01697,SUP0065,PROD0109,2025-04-03,1516,17835.549014052613,27038692.30530376,In Transit
PO01108,SUP0016,PROD0022,2025-11-21,2224,2512.115560345728,5586945.006208899,Delivered
PO01165,SUP0093,PROD0052,2025-09-02,894,8960.037305564178,8010273.351174375,Pending
PO01526,SUP0023,PROD0170,2025-10-03,2414,14612.31945581181,35274139.16632971,Delivered
PO01704,SUP0045,PROD0042,2025-01-11,1413,20791.522240847302,29378420.926317237,In Transit
PO00655,SUP0069,PROD0126,2025-08-03,814,14391.511858735596,11714690.653010774,In Transit
PO01386,SUP0073,PROD0114,2026-03-28,1011,15113.87836969642,15280131.03176308,Partially Received
PO01786,SUP0026,PROD0065,2025-05-26,1705,11735.732547036709,20009423.99269759,Delivered
PO01539,SUP0003,PROD0141,2026-06-27,2427,17097.6705780857,41496046.49301399,Delivered
PO00686,SUP0038,PROD0177,2025-01-07,1176,18891.101054354054,22215934.839920368,Delivered
PO01413,SUP0032,PROD0117,2025-03-05,1640,3391.3633919415583,5561835.962784155,Partially Received
PO00414,SUP0074,PROD0177,2026-06-25,1153,8306.482997990865,9577374.896683468,Delivered
PO01583,SUP0001,PROD0040,2026-04-27,1220,7992.601833861065,9750974.237310499,Pending
PO00046,SUP0003,PROD0018,2026-08-21,1195,19667.952381860032,23503203.096322738,Delivered
PO00892,SUP0049,PROD0089,2025-06-11,661,18010.824797187794,11905155.19094113,Cancelled
PO01811,SUP0056,PROD0170,2025-04-17,972,18256.674008349768,17745487.136115976,In Transit
PO01259,SUP0023,PROD0153,2025-11-09,1688,21226.86716071043,35830951.76727921,In Transit
PO00780,SUP0013,PROD0140,2025-04-23,887,20863.825646686546,18506213.348610967,Pending
PO01504,SUP0026,PROD0038,2025-10-02,2410,24621.43805374683,59337665.70952986,Delivered
PO01860,SUP0025,PROD0025,2026-07-26,1484,2155.566511655904,3198860.7032973613,Delivered
PO01752,SUP0073,PROD0176,2025-12-31,826,24284.32899674714,20058855.75131314,Delivered
PO00968,SUP0020,PROD0114,2025-12-30,675,17467.940284497232,11790859.692035632,Delivered
PO01682,SUP0097,PROD0175,2025-01-24,1029,26661.375647461773,27434555.541238163,Delivered
PO00845,SUP0021,PROD0200,2026-06-11,792,4029.899695818333,3191680.55908812,Delivered
PO00454,SUP0067,PROD0015,2025-08-28,1151,14550.651396955767,16747799.757896088,Delivered
PO01602,SUP0002,PROD0163,2025-10-06,1328,11901.964695523886,15805809.11565572,Delivered
PO00591,SUP0057,PROD0127,2026-02-06,1849,13174.964756621453,24360509.834993068,In Transit
PO00863,SUP0050,PROD0045,2025-04-06,1390,13756.518768769149,19121561.088589117,Pending
PO00341,SUP0051,PROD0133,2025-06-19,2123,6174.760715392936,13109016.998779202,Delivered
PO01638,SUP0049,PROD0012,2026-01-19,921,8078.606572736981,7440396.65349076,Delivered
PO00523,SUP0089,PROD0155,2025-11-14,1188,21930.22021614998,26053101.61678618,Delivered
PO01888,SUP0081,PROD0077,2026-06-29,972,11932.72164753187,11598605.441400977,In Transit
PO01818,SUP0017,PROD0176,2025-11-20,2478,7343.38495568819,18196907.920195334,Delivered
PO00535,SUP0054,PROD0024,2026-08-01,631,9243.746992021752,5832804.351965725,Delivered
PO01404,SUP0046,PROD0089,2025-04-10,2353,6507.290615117408,15311654.817371262,In Transit
PO01955,SUP0069,PROD0077,2025-02-25,1451,13226.951915699805,19192307.229680415,In Transit
PO00118,SUP0061,PROD0179,2026-04-23,716,9309.971435309963,6665939.547681933,Delivered
PO01997,SUP0031,PROD0127,2025-08-26,1585,6107.678750453282,9680670.819468452,Delivered
PO01677,SUP0062,PROD0177,2025-05-29,1391,4390.937203225275,6107793.649686358,Cancelled
PO00443,SUP0070,PROD0122,2025-03-29,2067,11729.727294859906,24245346.318475425,Pending
PO01452,SUP0032,PROD0027,2025-10-25,1986,21807.813243362307,43310317.10131754,Delivered
PO00002,SUP0074,PROD0098,2025-04-11,2258,5923.982514288614,13376352.51726369,Cancelled
PO01116,SUP0042,PROD0194,2025-09-02,513,3330.2467454885013,1708416.5804356013,Delivered
PO00726,SUP0099,PROD0179,2026-06-11,1868,18013.50547255722,33649228.22273689,Delivered
PO00763,SUP0005,PROD0007,2025-05-20,1852,22459.73660915888,41595432.20016225,Partially Received
PO00490,SUP0064,PROD0079,2026-04-10,1321,6961.937832934189,9196719.877306063,Pending
PO00550,SUP0053,PROD0116,2025-02-19,1090,12359.353020582377,13471694.792434791,In Transit
PO00910,SUP0059,PROD0048,2026-03-16,2221,9048.319491111555,20096317.589758765,In Transit
PO00497,SUP0058,PROD0057,2025-10-20,2135,3265.531007802979,6971908.70165936,Cancelled
PO01155,SUP0005,PROD0173,2025-06-11,1236,10841.635794013086,13400261.841400174,Delivered
PO01355,SUP0084,PROD0053,2025-01-06,694,15075.576429538432,10462450.042099671,Cancelled
PO00079,SUP0070,PROD0194,2025-11-01,616,17749.581472963233,10933742.187345352,Delivered
PO01666,SUP0046,PROD0039,2025-03-31,1748,24966.620830738415,43641653.21213075,Delivered
PO01958,SUP0097,PROD0013,2025-02-16,739,19425.86972254071,14355717.724957583,In Transit
PO01920,SUP0017,PROD0128,2025-05-20,2290,2007.1403991129419,4596351.513968637,Delivered
PO01268,SUP0045,PROD0147,2026-04-28,2032,24022.887868732578,48814508.1492646,Partially Received
PO01789,SUP0046,PROD0005,2025-01-15,988,10178.79386837026,10056648.341949817,Pending
PO00897,SUP0070,PROD0048,2025-05-18,2023,17205.544055505805,34806815.624288246,Delivered
PO01575,SUP0092,PROD0023,2026-08-23,1427,11889.018511278768,16965629.4155948,Partially Received
PO01911,SUP0047,PROD0076,2025-12-27,1477,7574.374462961454,11187351.081794068,Delivered
PO01593,SUP0047,PROD0078,2026-06-30,1674,2067.7011830317883,3461331.7803952135,In Transit
PO00832,SUP0089,PROD0185,2026-08-31,549,19814.611903468598,10878221.93500426,In Transit
PO00756,SUP0021,PROD0166,2025-11-04,1600,11860.961921731581,18977539.07477053,Delivered
PO00584,SUP0073,PROD0025,2026-02-19,1308,23693.15651888025,30990648.726695366,Delivered
PO00735,SUP0069,PROD0135,2025-05-02,590,22237.209754202584,13119953.754979525,In Transit
PO01642,SUP0088,PROD0191,2025-09-12,634,21698.3730466574,13756768.511580793,Delivered
PO00500,SUP0001,PROD0027,2025-06-07,537,14057.88573696736,7549084.640751473,Delivered
PO01424,SUP0094,PROD0049,2025-04-02,920,2024.737295811283,1862758.3121463803,Delivered
PO01116,SUP0076,PROD0095,2025-11-08,1577,3939.0599148988877,6211897.485795545,Delivered
PO00741,SUP0028,PROD0026,2025-07-23,1014,13108.814101471378,13292337.498891978,Cancelled
PO01044,SUP0059,PROD0182,2026-03-05,2085,9226.348177021568,19236935.949089967,Pending
PO01460,SUP0077,PROD0144,2026-01-25,2405,3799.8787820522207,9138708.47083559,In Transit
PO01463,SUP0054,PROD0156,2025-06-04,814,19227.260484798204,15650990.034625737,Delivered
PO01507,SUP0042,PROD0022,2026-07-11,1560,17502.526821559484,27303941.841632795,Partially Received
PO00783,SUP0031,PROD0056,2026-08-11,2080,10282.830261891142,21388286.944733575,Partially Received
PO00478,SUP0023,PROD0120,2025-01-26,798,5080.512691386864,4054249.127726718,Pending
PO00955,SUP0052,PROD0015,2025-05-11,2012,3473.0215550450125,6987719.368750565,Delivered
PO01167,SUP0097,PROD0117,2025-01-18,827,2148.6996297941437,1776974.593839757,Delivered
PO01824,SUP0088,PROD0129,2025-07-12,1346,6658.189908363384,8961923.616657116,Delivered
PO00610,SUP0008,PROD0011,2025-05-01,1349,6587.849690975939,8887009.233126542,Delivered
PO01691,SUP0070,PROD0130,2026-03-18,576,22388.24202325404,12895627.405394327,Delivered
PO01657,SUP0028,PROD0093,2026-03-31,557,24153.278629083994,13453376.196399786,In Transit
PO01447,SUP0068,PROD0143,2025-08-07,1142,16660.69929868739,19026518.599100996,Delivered
PO01726,SUP0031,PROD0179,2025-04-25,2306,19841.630479889685,45754799.88662562,Delivered
PO01630,SUP0020,PROD0008,2026-02-07,770,5114.182963573805,3937920.88195183,Delivered
PO00553,SUP0038,PROD0077,2025-01-09,1345,21216.72093376074,28536489.655908193,Cancelled
PO01874,SUP0003,PROD0063,2026-07-04,2271,1091.2668896372927,2478267.1063662916,Cancelled
PO00095,SUP0025,PROD0152,2025-03-22,1169,6536.279504053386,7640910.740238408,Partially Received
PO00607,SUP0028,PROD0133,2025-03-05,2184,9253.872306873136,20210457.11821093,In Transit
PO01673,SUP0041,PROD0053,2025-01-17,1350,899.7161207322256,1214616.7629885045,Pending
PO01902,SUP0030,PROD0171,2025-02-23,2140,5520.4601534546,11813784.728392843,In Transit
PO01664,SUP0061,PROD0097,2025-05-24,1245,22612.332392611872,28152353.82880178,Pending
PO00794,SUP0045,PROD0105,2026-07-03,1279,12106.494070143284,15484205.91571326,Pending
PO00114,SUP0024,PROD0098,2026-03-10,1737,2808.9775681274755,4879194.035837425,Delivered
PO01036,SUP0064,PROD0003,2025-08-29,1661,7104.061461680509,11799846.087851325,Partially Received
PO00753,SUP0085,PROD0133,2025-04-27,1193,20827.790858718367,24847554.494451012,In Transit
PO00246,SUP0070,PROD0131,2026-01-23,1485,869.3251221285589,1290947.80636091,Delivered
PO00212,SUP0063,PROD0074,2025-11-02,1228,5659.013979011007,6949269.166225516,Delivered
PO00307,SUP0060,PROD0116,2026-04-01,1015,6514.410198269874,6612126.3512439225,In Transit
PO01508,SUP0070,PROD0079,2025-05-20,711,4564.976859047449,3245698.546782736,Pending
PO00764,SUP0073,PROD0163,2026-06-16,1255,9104.400376438887,11426022.472430803,Delivered
PO00874,SUP0098,PROD0064,2025-03-10,2311,23229.10886968369,53682470.597839005,Pending
PO01197,SUP0004,PROD0048,2025-03-31,2398,9257.04627408901,22198396.96526545,Delivered
PO01921,SUP0077,PROD0169,2026-03-15,864,15974.70066930689,13802141.378281154,Delivered
PO01488,SUP0041,PROD0078,2025-02-24,1507,16307.382072629469,24575224.78345261,Delivered
PO01439,SUP0009,PROD0037,2025-07-06,2213,2199.925230424494,4868434.534929406,Delivered
PO01381,SUP0083,PROD0098,2025-05-28,2198,1953.4052469120318,4293584.732712646,Delivered
PO01134,SUP0036,PROD0107,2025-07-23,922,6107.692793811232,5631292.755893956,Delivered
PO00923,SUP0048,PROD0106,2025-08-07,1645,15008.56865158878,24689095.431863543,Delivered
PO00790,SUP0082,PROD0128,2025-07-30,1105,14665.798031733662,16205706.825065697,Partially Received
PO00542,SUP0085,PROD0070,2026-02-13,1417,2041.5056996376827,2892813.5763865965,Delivered
PO00711,SUP0075,PROD0189,2025-07-12,1786,12113.53565229249,21634774.674994387,Partially Received
PO01159,SUP0084,PROD0133,2026-06-08,1571,18443.182522786166,28974239.743297067,Delivered
PO01000,SUP0027,PROD0106,2026-02-15,1297,25935.635431076706,33638519.15410649,Delivered
PO00216,SUP0089,PROD0102,2025-07-05,1418,6310.904255656404,8948862.23452078,Delivered
PO00753,SUP0062,PROD0144,2025-06-04,2000,10034.55387420612,20069107.74841224,Pending
PO01414,SUP0083,PROD0148,2025-12-15,1305,9141.435479171412,11929573.300318694,Delivered
PO00666,SUP0022,PROD0191,2025-12-02,2244,21585.55516322494,48437985.786276765,Delivered
PO00016,SUP0023,PROD0050,2025-11-21,1293,3991.3925489699786,5160870.565818182,Delivered
PO00169,SUP0049,PROD0119,2025-09-12,2023,7972.397699560024,16128160.54620993,In Transit
PO00994,SUP0065,PROD0045,2025-12-02,2325,17767.49916239776,41309435.55257479,Delivered
PO00377,SUP0006,PROD0125,2026-04-19,592,20410.054235017462,12082752.107130338,In Transit
PO00990,SUP0071,PROD0054,2025-09-23,1930,20372.70625381983,39319323.069872275,In Transit
PO01867,SUP0095,PROD0142,2025-07-19,1602,4094.638076963489,6559610.19929551,Delivered
PO01312,SUP0073,PROD0055,2025-05-18,2290,20113.26787954745,46059383.44416366,Delivered
PO00762,SUP0038,PROD0094,2026-08-13,1574,16245.49736101201,25570412.846232906,Pending
PO01587,SUP0023,PROD0183,2025-12-10,1041,9925.387515002481,10332328.403117584,Delivered
PO00522,SUP0003,PROD0121,2026-01-06,611,6935.849695613785,4237804.164020022,Delivered
PO01850,SUP0034,PROD0035,2025-11-16,709,23639.153305364558,16760159.693503471,Delivered
PO01059,SUP0065,PROD0032,2025-01-13,522,4247.145103231257,2217009.743886716,Pending
PO00185,SUP0036,PROD0071,2025-07-04,2419,6912.917969715326,16722348.568741374,In Transit
PO00484,SUP0069,PROD0122,2025-01-05,2160,14646.776591030397,31637037.436625656,Pending
PO01813,SUP0079,PROD0035,2026-07-26,670,2391.0926231336957,1602032.0574995761,In Transit
PO01983,SUP0036,PROD0068,2025-04-17,840,10201.938224703827,8569628.108751215,Partially Received
PO01727,SUP0074,PROD0155,2026-01-17,672,19027.428825115745,12786432.170477781,Partially Received
PO00642,SUP0069,PROD0019,2025-05-25,1585,1870.028113299542,2963994.559579774,Delivered
PO01538,SUP0045,PROD0197,2025-06-03,517,8447.052372322976,4367126.076490979,Delivered
PO00445,SUP0048,PROD0027,2025-12-18,641,11133.393645419808,7136505.3267140975,Partially Received
PO00770,SUP0059,PROD0030,2026-08-01,1384,22225.085951751113,30759518.95722354,Pending
PO01938,SUP0004,PROD0006,2025-07-18,1493,14200.861379208101,21201886.039157696,Delivered
PO00879,SUP0055,PROD0012,2025-06-28,1025,2816.776197659006,2887195.602600481,Cancelled
PO00992,SUP0037,PROD0042,2025-12-08,1200,21983.03755762968,26379645.069155615,Delivered
PO00807,SUP0087,PROD0194,2026-05-18,2030,9786.401043427313,19866394.118157446,Delivered
PO00127,SUP0002,PROD0118,2025-11-12,1933,11048.402291420918,21356561.629316635,Delivered
PO01718,SUP0099,PROD0099,2025-03-27,1686,21016.088466495643,35433125.15451165,Delivered
PO00047,SUP0005,PROD0152,2026-01-06,1531,22044.805337559403,33750596.97180345,Delivered
PO01368,SUP0006,PROD0040,2025-01-10,1693,21350.83091528673,36146956.73958043,Delivered
PO00547,SUP0033,PROD0065,2025-07-28,1384,7647.349292222653,10583931.420436151,Partially Received
PO00564,SUP0043,PROD0169,2025-03-10,1291,17508.25613556626,22603158.67101604,Partially Received
PO00801,SUP0025,PROD0188,2026-04-11,852,2118.948985469998,1805344.5356204384,Cancelled
PO01094,SUP0074,PROD0103,2026-05-01,1284,5227.744597947148,6712424.063764137,Pending
PO01282,SUP0072,PROD0191,2025-12-26,677,8725.718353478305,5907311.325304813,Partially Received
PO01881,SUP0025,PROD0170,2025-03-31,1120,7726.879049735621,8654104.535703896,Delivered
PO00665,SUP0067,PROD0077,2026-01-13,759,16892.473669508767,12821387.515157154,Delivered
PO01170,SUP0041,PROD0060,2025-11-15,1371,10655.117140715609,14608165.5999211,Partially Received
PO01804,SUP0081,PROD0061,2026-04-10,1692,23633.559787881273,39987983.16109511,Delivered
PO01731,SUP0068,PROD0112,2025-04-29,1486,6907.040951733625,10263862.854276167,In Transit
PO01916,SUP0032,PROD0148,2026-03-12,2102,2731.9704394251507,5742601.863671667,Delivered
PO01695,SUP0077,PROD0148,2026-07-04,853,5432.886990659302,4634252.603032384,Delivered
PO01140,SUP0035,PROD0126,2025-01-10,609,7935.601506080497,4832781.317203023,Pending
PO01445,SUP0056,PROD0170,2025-07-10,1560,17418.46682742,27172808.250775203,In Transit
PO00963,SUP0077,PROD0119,2025-08-28,1454,7564.676080551675,10999039.021122135,Delivered
PO01195,SUP0067,PROD0066,2025-05-01,2405,7546.2420177421245,18148712.05266981,In Transit
PO00503,SUP0012,PROD0010,2026-01-14,1832,3114.817991002807,5706346.559517142,Delivered
PO01586,SUP0043,PROD0159,2025-03-11,1396,10567.450219811548,14752160.50685692,In Transit
PO01288,SUP0083,PROD0150,2026-05-06,933,19742.2731699868,18419540.867597684,Delivered
PO01585,SUP0093,PROD0025,2025-05-12,1183,5957.144127881378,7047301.50328367,Cancelled
PO01138,SUP0019,PROD0043,2025-03-21,1608,21172.5514575682,34045462.74376966,Partially Received
PO01675,SUP0099,PROD0063,2025-05-04,2078,10314.11831973228,21432737.86840368,Partially Received
PO00732,SUP0082,PROD0125,2026-01-18,1923,17841.994659045773,34310155.72934502,Pending
PO01828,SUP0076,PROD0114,2025-06-19,799,4375.9895180003205,3496415.624882256,In Transit
PO01297,SUP0076,PROD0022,2025-01-26,972,11557.4870562363,11233877.418661684,In Transit
PO01607,SUP0070,PROD0184,2025-08-08,672,10761.577069718765,7231779.79085101,In Transit
PO00546,SUP0009,PROD0071,2025-03-31,675,2368.647476683227,1598837.0467611782,Delivered
PO00893,SUP0005,PROD0070,2026-05-11,560,20535.199055275276,11499711.470954154,Delivered
PO01820,SUP0002,PROD0143,2025-12-02,1297,9149.11511868053,11866402.308928646,Delivered
PO00808,SUP0075,PROD0053,2026-07-03,763,2018.9913194031208,1540490.376704581,Delivered
PO01561,SUP0067,PROD0118,2026-01-19,1279,13263.085150856476,16963485.90794543,In Transit
PO01488,SUP0060,PROD0167,2025-01-01,2263,944.702167127173,2137861.0042087925,Delivered
PO01479,SUP0100,PROD0098,2026-03-10,1076,6084.972661312314,6547430.58357205,In Transit
PO01895,SUP0073,PROD0113,2025-08-12,2093,1857.34311697514,3887419.143828968,Partially Received
PO01696,SUP0030,PROD0102,2025-01-06,626,3526.319687392879,2207476.124307942,Delivered
PO00205,SUP0099,PROD0183,2026-05-10,928,1576.3128526782132,1462818.3272853817,Delivered
PO00734,SUP0061,PROD0146,2026-08-19,1873,24203.798456580753,45333714.50917575,Delivered
PO01106,SUP0056,PROD0095,2026-03-09,1595,10138.651798494582,16171149.618598858,Delivered
PO01510,SUP0009,PROD0195,2025-03-19,1169,4769.204967662033,5575200.607196916,Delivered
PO01556,SUP0096,PROD0138,2025-09-06,1327,10305.11875361256,13674892.586043866,In Transit
PO01676,SUP0098,PROD0123,2025-10-10,869,11722.540889720443,10186888.033167066,Delivered
PO00531,SUP0071,PROD0061,2026-08-02,517,6508.021539123117,3364647.135726651,Partially Received
PO01233,SUP0028,PROD0083,2026-02-25,912,17427.027307168777,15893448.904137924,Pending
PO01115,SUP0021,PROD0179,2025-01-15,1849,12683.083846612406,23451022.03238634,Delivered
PO00455,SUP0036,PROD0151,2026-02-23,1311,16917.40894537272,22178723.12738364,Delivered
PO00980,SUP0078,PROD0122,2025-04-15,2297,19651.149532213003,45138690.47549327,Delivered
PO01635,SUP0048,PROD0127,2026-04-12,1063,20486.460143969533,21777107.133039612,Delivered
PO00922,SUP0001,PROD0002,2025-01-07,2455,11409.814604861049,28011094.854933877,Delivered
PO00975,SUP0016,PROD0136,2025-05-20,1206,15081.636206393181,18188453.264910176,Delivered
PO01676,SUP0067,PROD0175,2025-06-07,2087,987.7954471110642,2061529.098120791,Delivered
PO01143,SUP0025,PROD0016,2026-04-30,1317,20015.109759876002,26359899.553756695,In Transit
PO00638,SUP0001,PROD0026,2025-06-04,2047,6270.332249281882,12835370.114280012,Cancelled
PO01842,SUP0053,PROD0112,2025-10-21,600,18388.74908979069,11033249.453874415,Delivered
PO00312,SUP0005,PROD0027,2026-05-06,798,4010.2484922610256,3200178.2968242983,Delivered
PO00654,SUP0011,PROD0183,2026-03-19,2306,13951.990959736797,32173291.153153054,Delivered
PO00875,SUP0054,PROD0171,2026-06-25,2346,1116.4848101686653,2619273.364655689,Delivered
PO01476,SUP0088,PROD0176,2026-03-15,1462,14024.279412321903,20503496.50081462,In Transit
PO01672,SUP0001,PROD0051,2025-12-17,810,3669.322295901695,2972151.059680373,Cancelled
PO01585,SUP0017,PROD0076,2025-04-18,1438,10946.37499141322,15740887.23765221,Delivered
PO01442,SUP0023,PROD0167,2026-04-05,2250,8757.704184395941,19704834.414890867,Partially Received
PO01790,SUP0073,PROD0122,2026-05-23,2305,22366.238033705293,51554178.6676907,Partially Received
PO01801,SUP0018,PROD0167,2025-09-04,1201,15773.138289634406,18943539.08585092,Delivered
PO01556,SUP0016,PROD0083,2026-02-19,1526,6633.468837035859,10122673.44531672,Partially Received
PO00381,SUP0078,PROD0068,2025-07-11,832,2285.8042473553583,1901789.1337996582,Pending
PO00628,SUP0047,PROD0127,2025-07-18,1237,4741.659931732706,5865433.335553357,Pending
PO01197,SUP0017,PROD0019,2026-02-28,1635,17508.453815737663,28626321.98873108,Delivered
PO01078,SUP0063,PROD0174,2025-03-04,1620,3392.1278494673184,5495247.116137056,Pending
PO01832,SUP0067,PROD0035,2025-03-01,2023,17078.411765584897,34549627.001778245,Delivered
PO01749,SUP0067,PROD0038,2025-04-11,1866,13955.938382798584,26041781.02230216,Cancelled
PO00228,SUP0035,PROD0135,2025-10-01,2306,5308.490629615731,12241379.391893877,Pending
PO01516,SUP0001,PROD0037,2025-10-09,1829,3993.2008876531477,7303564.423517607,In Transit
PO01932,SUP0051,PROD0149,2025-12-29,1744,4166.302625430977,7266031.778751624,Delivered
PO00098,SUP0047,PROD0151,2026-02-09,1112,8866.1050133907,9859108.774890458,Pending
PO01588,SUP0022,PROD0176,2025-02-08,1602,24890.782834572085,39875034.10098448,In Transit
PO01041,SUP0026,PROD0070,2025-11-21,2197,2859.4485411463343,6282208.444898496,Delivered
PO00174,SUP0094,PROD0026,2025-08-29,1306,20754.31044581109,27105129.442229282,In Transit
PO00536,SUP0087,PROD0089,2025-06-01,560,5986.987074173935,3352712.761537404,In Transit
PO01756,SUP0042,PROD0056,2025-06-01,791,13724.548736703013,10856118.050732084,Delivered
PO01325,SUP0022,PROD0139,2026-07-28,1497,2963.9817857085,4437080.733205625,Delivered
PO01470,SUP0036,PROD0097,2026-06-13,899,20423.00273598944,18360279.459654506,Delivered
PO00028,SUP0087,PROD0036,2026-03-29,813,20305.809689993497,16508623.277964713,Delivered
PO00856,SUP0042,PROD0143,2025-05-30,1235,5580.956580682305,6892481.377142646,In Transit
PO01704,SUP0005,PROD0042,2026-05-27,1688,10292.687602311245,17374056.67270138,Cancelled
PO01908,SUP0020,PROD0042,2025-12-30,643,21731.04304013057,13973060.674803957,In Transit
PO01947,SUP0096,PROD0044,2025-03-18,2122,884.6359868814523,1877197.5641624418,In Transit
PO00029,SUP0002,PROD0002,2025-04-07,882,21466.91478652243,18933818.841712784,Delivered
PO00652,SUP0011,PROD0034,2025-03-31,614,16664.684633435016,10232116.3649291,In Transit
PO01550,SUP0032,PROD0179,2026-05-03,2451,19082.28364838348,46770677.22218791,Delivered
PO01842,SUP0064,PROD0010,2025-02-16,1411,13379.944808609984,18879102.124948688,Partially Received
PO00437,SUP0095,PROD0055,2026-07-11,626,1943.537805240131,1216654.6660803221,In Transit
PO01592,SUP0034,PROD0073,2025-09-29,616,2437.222696444594,1501329.18100987,Delivered
PO00404,SUP0071,PROD0039,2025-02-15,1197,2005.7395416245488,2400870.2313245847,In Transit
PO00395,SUP0053,PROD0075,2025-10-21,1737,23623.7190369378,41034399.96716096,Cancelled
PO00892,SUP0090,PROD0159,2026-05-01,606,6661.340863044475,4036772.5630049515,Delivered
PO01890,SUP0069,PROD0051,2025-10-01,988,1313.7285990704652,1297963.8558816195,Cancelled
PO01171,SUP0053,PROD0127,2026-06-20,2185,16160.593488883962,35310896.77321146,Cancelled
PO01271,SUP0035,PROD0158,2025-05-01,2024,21776.391484755928,44075416.365145996,In Transit
PO00020,SUP0061,PROD0098,2025-08-04,2102,1728.5698135451246,3633453.7480718517,Delivered
PO00134,SUP0002,PROD0039,2025-06-23,2377,12976.490403227097,30845117.68847081,Delivered
PO01640,SUP0040,PROD0126,2026-01-15,2213,6866.397245536132,15195337.10437146,Delivered
PO00658,SUP0077,PROD0133,2026-08-05,1640,6419.064772642936,10527266.227134416,Partially Received
PO01220,SUP0019,PROD0031,2025-03-05,2087,1756.4671490588091,3665746.9400857347,Delivered
PO01168,SUP0033,PROD0101,2025-11-12,1761,6845.79298418223,12055441.445144907,Delivered
PO00822,SUP0068,PROD0050,2026-06-29,617,933.3270163809493,575862.7691070457,Delivered
PO00009,SUP0051,PROD0150,2025-12-30,1603,8013.989016194439,12846424.392959684,Delivered
PO00900,SUP0099,PROD0149,2025-10-18,1251,6597.894536973366,8253966.065753681,In Transit
PO01478,SUP0041,PROD0094,2025-01-14,1382,15341.385520015054,21201794.788660806,Partially Received
PO01417,SUP0088,PROD0051,2026-01-17,2089,11329.55293015388,23667436.07109146,Delivered
PO01817,SUP0070,PROD0193,2026-04-28,1672,8953.15137315252,14969669.095911013,Delivered
PO01901,SUP0067,PROD0188,2026-07-14,1278,10147.622230114726,12968661.21008662,Partially Received
PO00005,SUP0075,PROD0068,2025-08-14,1166,14083.594517078305,16421471.206913304,Partially Received
PO00828,SUP0067,PROD0042,2025-08-19,1746,18133.054498541675,31660313.154453766,In Transit
PO01684,SUP0098,PROD0119,2025-05-20,884,6907.28875549632,6106043.259858747,Pending
PO01082,SUP0062,PROD0197,2025-11-02,1571,18150.28653800099,28514100.151199553,Delivered
PO01223,SUP0046,PROD0007,2026-06-09,1705,25082.591630208633,42765818.72950572,Delivered
PO00406,SUP0089,PROD0052,2025-11-02,812,5952.484462193745,4833417.3833013205,Cancelled
PO00155,SUP0092,PROD0074,2026-05-01,1524,26089.195390636174,39759933.77532953,Delivered
PO01385,SUP0048,PROD0051,2025-01-14,2493,21669.960570203435,54023211.701517165,In Transit
PO01690,SUP0085,PROD0031,2026-04-23,2356,20352.315198149976,47950054.60684134,Partially Received
PO01263,SUP0022,PROD0091,2026-03-27,545,16939.311118185793,9231924.559411258,Pending
PO01077,SUP0037,PROD0055,2025-05-21,2421,13162.912939529126,31867412.226600014,In Transit
PO01829,SUP0064,PROD0155,2026-01-13,2449,10147.806574776108,24851978.30162669,Delivered
PO01603,SUP0030,PROD0078,2026-03-24,778,956.6657546196907,744285.9570941194,Partially Received
PO01765,SUP0005,PROD0183,2025-05-01,1265,10212.259517470951,12918508.289600754,Delivered
PO01992,SUP0036,PROD0002,2025-02-11,1096,8102.950261359653,8880833.48645018,In Transit
PO00808,SUP0087,PROD0078,2025-08-07,2047,4886.68408108115,10003042.313973114,Delivered
PO01434,SUP0018,PROD0092,2025-08-26,1238,18818.334723338823,23297098.38749346,Delivered
PO01377,SUP0043,PROD0036,2025-12-01,1598,22541.429459740146,36021204.276664756,In Transit
PO00349,SUP0009,PROD0040,2026-01-26,2015,10503.989304892544,21165538.44935848,Delivered
PO01274,SUP0077,PROD0166,2026-05-02,793,9676.299422131562,7673305.441750329,Delivered
PO00857,SUP0041,PROD0062,2025-06-19,1014,16227.574195621613,16454760.234360317,Delivered
PO00902,SUP0017,PROD0046,2025-05-13,790,5791.848706205599,4575560.477902424,Pending
PO00361,SUP0014,PROD0083,2026-05-16,961,23866.816918910932,22936011.059073407,In Transit
PO01396,SUP0036,PROD0180,2026-02-20,978,9996.926630143775,9776994.244280612,Delivered
PO00314,SUP0092,PROD0199,2025-08-27,1073,23991.381137043354,25742751.96004752,Delivered
PO00201,SUP0063,PROD0196,2025-11-03,823,7532.5110129696695,6199256.563674038,In Transit
PO00679,SUP0061,PROD0151,2025-08-24,2333,12359.226138131007,28834074.58025964,Delivered
PO01767,SUP0012,PROD0032,2025-11-29,2157,21811.978982465174,47048438.66517738,Delivered
PO00832,SUP0035,PROD0106,2025-07-18,2251,17442.58457608548,39263257.88076841,Delivered
PO01197,SUP0052,PROD0045,2026-05-06,2229,11939.878723748667,26613989.675235778,Pending
PO01750,SUP0095,PROD0081,2025-08-28,1869,1991.3404186717007,3721815.2424974088,Delivered
PO00852,SUP0081,PROD0060,2026-06-05,833,11794.912064096185,9825161.749392122,Cancelled
PO01768,SUP0013,PROD0058,2025-09-07,1850,10773.125420281578,19930282.02752092,Delivered
PO00273,SUP0031,PROD0040,2025-05-06,2024,995.0145634495706,2013909.4764219308,Delivered
PO00730,SUP0095,PROD0132,2025-11-17,1277,24279.681923057356,31005153.815744244,Delivered
PO00190,SUP0086,PROD0078,2025-06-11,1864,7071.877146803144,13181979.00164106,Pending
PO01122,SUP0094,PROD0116,2026-07-11,637,8291.192995043068,5281489.937842434,Delivered
PO01915,SUP0098,PROD0165,2026-04-20,600,20382.323690589208,12229394.214353524,Cancelled
PO01314,SUP0038,PROD0103,2026-03-03,1758,8676.839964312521,15253884.657261413,Pending
PO01253,SUP0094,PROD0098,2025-04-02,1715,19370.29225386193,33220051.21537321,In Transit
PO00557,SUP0072,PROD0006,2025-01-21,1056,20446.181176263897,21591167.322134674,In Transit
PO01863,SUP0060,PROD0089,2025-06-07,1880,1964.8616191706162,3693939.8440407584,Delivered
PO00944,SUP0060,PROD0050,2026-06-21,1387,5218.019588363319,7237393.169059923,Delivered
PO00535,SUP0029,PROD0166,2025-05-03,1371,23427.708406190774,32119388.22488755,Partially Received
PO01976,SUP0031,PROD0162,2025-05-16,856,5919.036238491959,5066695.020149117,Pending
PO00847,SUP0065,PROD0195,2025-06-03,2497,15765.869724581482,39367376.70227996,Delivered
PO00070,SUP0099,PROD0090,2025-07-30,2426,22426.033079451954,54405556.25075044,Delivered
PO00357,SUP0014,PROD0150,2026-07-19,1063,23722.058535705113,25216548.223454535,Pending
PO01619,SUP0089,PROD0095,2026-01-04,1931,1773.843229807387,3425291.276758064,Delivered
PO01910,SUP0078,PROD0191,2026-03-20,1785,11133.401401092791,19873121.50095063,Delivered
PO01232,SUP0061,PROD0087,2026-08-03,1165,15334.754987724058,17864989.560698528,Delivered
PO01440,SUP0100,PROD0164,2026-01-17,2332,4960.085796003541,11566920.076280257,Delivered
PO01243,SUP0035,PROD0060,2025-03-28,721,10350.106251866182,7462426.607595517,Partially Received
PO01157,SUP0049,PROD0133,2026-08-25,1554,12714.179852396723,19757835.490624506,Delivered
PO01380,SUP0089,PROD0168,2025-11-15,1945,3045.2222589024095,5922957.293565187,Partially Received
PO01727,SUP0086,PROD0186,2026-08-20,1747,21560.23454311218,37665729.74681698,Delivered
PO00920,SUP0035,PROD0200,2025-02-09,1404,17230.376346326124,24191448.390241876,Delivered
PO01272,SUP0091,PROD0021,2025-12-13,885,4046.853473566629,3581465.3241064665,Delivered
PO00629,SUP0016,PROD0069,2026-05-31,1305,14315.359847634205,18681544.60116264,Pending
PO01933,SUP0099,PROD0090,2025-01-26,780,20427.66586462281,15933579.374405792,Delivered
PO00390,SUP0014,PROD0130,2026-06-30,2044,3544.5454776625666,7245050.956342286,Pending
PO00466,SUP0064,PROD0113,2026-01-20,2138,1868.6582827464988,3995191.4085120144,Delivered
PO00069,SUP0100,PROD0018,2026-03-09,1307,21310.366033782153,27852648.406153273,Pending
PO00129,SUP0041,PROD0018,2025-03-11,2178,2704.940123864889,5891359.589777728,Delivered
PO00247,SUP0012,PROD0037,2026-05-24,2152,23177.340059404374,49877635.80783822,Cancelled
PO00859,SUP0067,PROD0029,2026-02-26,798,5455.007363090025,4353095.87574584,Partially Received
PO01659,SUP0090,PROD0093,2026-07-03,735,13277.45123655364,9758926.658866925,Pending
PO00684,SUP0082,PROD0176,2025-01-09,1543,6708.883841574629,10351807.767549653,Pending
PO00856,SUP0075,PROD0085,2026-03-05,2256,1961.8517675901226,4425937.587683316,In Transit
PO01201,SUP0011,PROD0098,2025-11-06,2227,23573.57505414433,52498351.64557942,Partially Received
PO00773,SUP0089,PROD0071,2026-05-14,1903,7667.446623870799,14591150.925226131,Delivered
PO00684,SUP0098,PROD0025,2026-04-02,2160,8748.180211828703,18896069.257549997,Pending
PO00777,SUP0031,PROD0020,2025-10-29,971,8591.63233798688,8342475.0001852615,Delivered
PO00023,SUP0091,PROD0106,2025-12-13,1239,13902.677571455568,17225417.51103345,Pending
PO01773,SUP0098,PROD0049,2025-12-06,2015,21187.810359491916,42693437.87437621,Cancelled
PO01955,SUP0045,PROD0120,2026-05-09,1804,6938.400010680565,12516873.61926774,Delivered
PO01725,SUP0014,PROD0192,2026-05-03,1707,14905.861795775854,25444306.085389383,Delivered
PO00012,SUP0016,PROD0126,2025-12-14,1896,16859.91233764715,31966393.792178996,Delivered
PO01147,SUP0068,PROD0116,2025-04-03,2256,10361.360385386331,23375229.029431563,In Transit
PO00189,SUP0048,PROD0169,2026-08-04,2196,7104.636794579252,15601782.400896037,Delivered
PO01866,SUP0043,PROD0120,2025-10-10,1609,6409.41915916483,10312755.42709621,Delivered
PO01553,SUP0032,PROD0159,2026-05-24,740,15974.636197924381,11821230.786464043,In Transit
PO00291,SUP0061,PROD0194,2025-10-11,2327,6941.769545399485,16153497.732144602,Delivered
PO01929,SUP0087,PROD0116,2026-08-16,1706,6967.766103475084,11887008.972528493,Delivered
PO00253,SUP0045,PROD0090,2025-09-07,1373,13263.090534803274,18210223.304284897,Delivered
PO00910,SUP0045,PROD0061,2025-01-08,1619,17424.490586827586,28210250.26007386,Pending
PO00301,SUP0089,PROD0086,2026-02-09,1242,15024.901458854974,18660927.61189788,Delivered
PO01936,SUP0002,PROD0097,2025-07-12,1552,23852.024345394395,37018341.784052104,Delivered
PO01145,SUP0059,PROD0030,2025-06-01,529,6165.271482366765,3261428.6141720186,In Transit
PO00519,SUP0079,PROD0110,2025-01-30,1292,975.9272471093899,1260898.0032653317,Pending
PO01553,SUP0006,PROD0044,2025-05-26,1379,19281.12743825344,26588674.737351492,Delivered
PO01751,SUP0030,PROD0148,2026-08-30,832,11428.191757312446,9508255.542083956,In Transit
PO01812,SUP0035,PROD0178,2025-03-18,1457,23317.54246128219,33973659.36608815,In Transit
PO01278,SUP0042,PROD0098,2026-08-18,768,11441.14650147619,8786800.513133714,Pending
PO00685,SUP0023,PROD0172,2025-04-02,501,18985.835819530246,9511903.745584654,Delivered
PO00868,SUP0088,PROD0180,2025-11-12,1693,1730.610843213715,2929924.1575608198,Delivered
PO00568,SUP0037,PROD0037,2026-03-24,2371,19731.9075254095,46784352.74274593,In Transit
PO01811,SUP0028,PROD0015,2025-02-21,2411,12487.97528281609,30108508.406869594,Delivered
PO00983,SUP0020,PROD0039,2025-10-27,693,17835.046914542978,12359687.511778284,Partially Received
PO00847,SUP0064,PROD0031,2026-03-26,966,26031.771945004042,25146691.698873904,Partially Received
PO01416,SUP0043,PROD0128,2025-10-10,1820,6098.27427910271,11098859.187966933,Partially Received
PO00098,SUP0089,PROD0003,2026-06-27,2224,10281.620372032568,22866323.707400434,Partially Received
PO01283,SUP0031,PROD0042,2026-07-06,2057,22405.651702771855,46088425.5526017,Cancelled
PO01070,SUP0066,PROD0177,2025-03-12,2257,16787.24983689427,37888822.88187037,Partially Received
PO00815,SUP0067,PROD0180,2025-09-19,1399,6726.353732529705,9410168.871809056,Delivered
PO00104,SUP0001,PROD0087,2025-07-16,2305,12189.443686398032,28096667.697147463,Delivered
PO01362,SUP0017,PROD0044,2025-01-20,1541,13263.437422942048,20438957.068753697,Delivered
PO00843,SUP0087,PROD0132,2025-10-07,2326,1014.8669637970602,2360580.557791962,In Transit
PO00891,SUP0074,PROD0134,2026-02-22,2088,7691.65540919907,16060176.49440766,Delivered
PO01476,SUP0035,PROD0107,2025-11-22,1618,26520.842535116215,42910723.22181804,Delivered
PO01315,SUP0012,PROD0106,2026-07-29,1177,14318.462606379602,16852830.487708792,Delivered
PO00389,SUP0020,PROD0094,2025-10-11,664,3748.9535388314257,2489305.1497840667,Delivered
PO01429,SUP0085,PROD0168,2025-10-09,772,7513.8829719459845,5800717.6543423,In Transit
PO00252,SUP0060,PROD0085,2025-03-27,2441,5078.631024646182,12396938.33116133,Delivered
PO01797,SUP0017,PROD0014,2025-12-01,1550,2968.683024683957,4601458.688260133,Delivered
PO01477,SUP0002,PROD0023,2025-07-10,1702,998.5463133214785,1699525.8252731564,Pending
PO01859,SUP0074,PROD0024,2025-05-13,918,15808.373689140457,14512087.04663094,Pending
PO01265,SUP0092,PROD0115,2025-01-30,1702,14896.82829881704,25354401.7645866,Partially Received
PO01395,SUP0057,PROD0128,2025-02-08,1032,10447.77960206648,10782108.549332606,Delivered
PO00697,SUP0082,PROD0199,2025-11-15,2226,13856.709907084854,30845036.253170885,In Transit
PO00003,SUP0057,PROD0133,2026-07-26,2020,1115.13623964584,2252575.204084597,Delivered
PO00188,SUP0084,PROD0157,2025-10-29,1879,22623.961860800307,42510424.336443774,Delivered
PO00169,SUP0061,PROD0118,2025-01-11,2256,2582.866008141808,5826945.714367919,Pending
PO01716,SUP0031,PROD0120,2025-05-02,1533,3147.122555291653,4824538.877262104,In Transit
PO00418,SUP0017,PROD0119,2025-05-23,1466,20992.568050234906,30775104.76164437,Delivered
PO01846,SUP0021,PROD0189,2025-01-06,606,18535.195934674062,11232328.736412482,Delivered
PO01133,SUP0078,PROD0148,2025-08-30,1577,23874.304505668995,37649778.20544001,Partially Received
PO00811,SUP0062,PROD0170,2025-11-18,2277,2964.8630848724188,6750993.244254498,Pending
PO01885,SUP0036,PROD0158,2025-10-21,1889,10012.549709805293,18913706.4018222,Delivered
PO00431,SUP0042,PROD0156,2025-03-22,928,9580.718494774264,8890906.763150517,Delivered
PO00218,SUP0013,PROD0004,2025-11-01,826,19503.894753195284,16110217.066139305,Partially Received
PO00250,SUP0013,PROD0169,2025-05-26,2189,4109.415646976555,8995510.85123168,Delivered
PO00798,SUP0007,PROD0141,2025-05-10,1573,4986.495664615788,7843757.6804406345,Pending
PO01400,SUP0025,PROD0071,2025-04-04,1552,1916.3061320094635,2974107.1168786874,Delivered
PO00678,SUP0008,PROD0117,2025-08-06,1889,4120.647377670562,7783902.896419691,In Transit
PO01380,SUP0044,PROD0008,2025-07-08,2087,2372.9269789204736,4952298.605007028,In Transit
PO01611,SUP0088,PROD0198,2026-01-24,824,13867.951838897383,11427192.315251444,In Transit
PO01756,SUP0059,PROD0164,2025-01-05,918,5993.835409585754,5502340.905999722,Delivered
PO00090,SUP0058,PROD0199,2026-07-12,1081,10356.829519992636,11195732.71111204,Delivered
PO01548,SUP0029,PROD0183,2026-06-16,1384,9546.738593764316,13212686.213769812,Delivered
PO00295,SUP0094,PROD0093,2026-07-11,1372,1876.616059316264,2574717.233381914,Cancelled
PO01397,SUP0021,PROD0172,2025-01-21,1879,8588.887782414322,16138520.143156512,Delivered
PO00744,SUP0074,PROD0196,2026-01-23,2265,15518.907839502679,35150326.25647357,Pending
PO00428,SUP0080,PROD0042,2025-09-12,1293,9988.436862204153,12915048.86282997,In Transit
PO01290,SUP0074,PROD0147,2026-08-14,1868,24305.107313485132,45401940.46159023,Delivered
PO00252,SUP0017,PROD0054,2025-01-04,2204,24397.30435737087,53771658.8036454,Delivered
PO00340,SUP0068,PROD0070,2026-05-31,1015,18159.041560317175,18431427.183721934,Pending
PO01229,SUP0063,PROD0005,2025-11-04,560,1939.863208546931,1086323.3967862814,Partially Received
PO00674,SUP0047,PROD0176,2026-02-15,1369,13170.329831805057,18030181.53974112,Cancelled
PO01408,SUP0075,PROD0060,2025-12-11,2241,10297.94307081882,23077690.421704974,Delivered
PO01371,SUP0047,PROD0020,2026-05-28,1928,19251.16774572353,37116251.41375497,Partially Received
PO01244,SUP0097,PROD0098,2025-11-02,2263,22222.53323644855,50289592.71408307,Delivered
PO01462,SUP0095,PROD0115,2026-01-01,2132,1014.6809090922814,2163299.698184744,In Transit
PO01588,SUP0005,PROD0176,2025-03-07,1913,789.9659616914249,1511204.8847156959,Delivered
PO01823,SUP0028,PROD0029,2026-07-30,1781,5917.035492874634,10538240.212809723,Delivered
PO00162,SUP0008,PROD0167,2026-02-15,710,15561.539013810363,11048692.699805358,In Transit
PO01144,SUP0010,PROD0006,2026-07-11,1245,20113.11027590168,25040822.293497592,Delivered
PO00434,SUP0028,PROD0073,2026-05-09,1452,22654.182837678745,32893873.48030954,Delivered
PO00528,SUP0071,PROD0101,2026-03-27,1703,4252.652173201576,7242266.650962285,Partially Received
PO00534,SUP0067,PROD0063,2025-04-06,854,3146.100449648587,2686769.7839998933,Delivered
PO01145,SUP0001,PROD0114,2025-09-28,1046,2197.6446471458735,2298736.3009145837,Delivered
PO01333,SUP0031,PROD0095,2026-04-07,1995,5915.683349242531,11801788.28173885,Pending
PO01221,SUP0036,PROD0095,2026-04-23,2450,12541.918956377414,30727701.443124667,Pending
PO01315,SUP0067,PROD0057,2025-12-18,1884,20476.825684087285,38578339.58882044,Delivered
PO00505,SUP0040,PROD0069,2025-05-05,2319,17376.411051227675,40295897.22779698,Delivered
PO01329,SUP0012,PROD0089,2025-02-02,2293,4625.874708738513,10607130.70713741,In Transit
PO00262,SUP0031,PROD0157,2025-09-04,1963,18977.11977433082,37252086.1170114,In Transit
PO00401,SUP0093,PROD0151,2026-04-23,1420,15328.616279817134,21766635.11734033,Pending
PO00602,SUP0058,PROD0172,2025-07-04,1619,7546.430852393787,12217671.550025541,Delivered
PO01873,SUP0065,PROD0153,2025-05-28,1469,16248.107403436505,23868469.775648225,Delivered
PO00653,SUP0085,PROD0103,2025-12-14,2355,20110.567803773833,47360387.17788737,Delivered
PO00040,SUP0046,PROD0183,2025-02-07,638,2437.907875849523,1555385.2247919957,Partially Received
PO00284,SUP0076,PROD0055,2026-03-26,1800,20947.452124521587,37705413.82413886,In Transit
PO00065,SUP0025,PROD0126,2025-07-30,2209,6996.607022868047,15455504.913515517,Delivered
PO00806,SUP0008,PROD0192,2026-01-14,1746,21309.73078319131,37206789.94745202,Pending
PO01678,SUP0068,PROD0048,2025-04-22,1427,8156.613587665715,11639487.589598976,Delivered
PO00096,SUP0009,PROD0037,2025-10-11,1961,8341.436989189206,16357557.935800033,Pending
PO00940,SUP0045,PROD0058,2025-01-29,1692,15770.109775540284,26683025.74021416,Pending
PO01575,SUP0053,PROD0190,2025-05-02,503,1381.5766728418405,694933.0664394457,Delivered
PO01350,SUP0006,PROD0109,2026-03-30,1382,19551.956258619455,27020803.549412087,Delivered
PO01706,SUP0048,PROD0095,2025-01-05,606,18654.55119897882,11304658.026581166,Delivered
PO01002,SUP0096,PROD0068,2025-06-04,1687,7039.732234073392,11876028.278881812,Delivered
PO01354,SUP0035,PROD0176,2025-07-04,1279,12541.577492820792,16040677.613317793,Delivered
PO01632,SUP0023,PROD0129,2026-08-24,1200,10329.421968920766,12395306.36270492,Cancelled
PO00623,SUP0068,PROD0184,2026-01-06,884,7673.578422668059,6783443.325638564,Delivered
PO01532,SUP0018,PROD0149,2025-05-23,2372,8906.547340911398,21126330.292641837,Delivered
PO01411,SUP0027,PROD0167,2025-07-17,1611,17244.234855946026,27780462.35292905,Pending
PO01768,SUP0032,PROD0074,2025-12-30,1169,17834.9589341709,20849066.994045783,Partially Received
PO01785,SUP0021,PROD0189,2026-05-20,822,12334.933676326096,10139315.481940052,Cancelled
PO00558,SUP0014,PROD0137,2026-01-31,2132,19994.114997340814,42627453.174330615,Delivered
PO01283,SUP0090,PROD0046,2026-01-02,1535,11798.654631680309,18110934.859629273,Delivered
PO01999,SUP0093,PROD0199,2025-09-08,1161,5200.022432610661,6037226.044260977,Delivered
PO00488,SUP0053,PROD0113,2025-07-07,1040,21684.732193242628,22552121.48097233,Pending
PO00946,SUP0052,PROD0039,2025-10-26,711,17420.39966339866,12385904.160676448,In Transit
PO01821,SUP0054,PROD0116,2025-06-16,784,24179.886432830957,18957030.96333947,Delivered
PO00207,SUP0011,PROD0177,2025-01-04,1172,20758.447738408267,24328900.74941449,Delivered
PO01857,SUP0096,PROD0017,2025-05-07,1837,2992.427130124441,5497088.638038599,Delivered
PO00977,SUP0009,PROD0103,2025-09-01,2134,7656.3491235033,16338649.029556042,Pending
PO01787,SUP0045,PROD0016,2026-03-10,1693,806.0146174586393,1364582.7473574765,Delivered
PO01243,SUP0042,PROD0079,2026-05-14,868,17812.7313440567,15461450.806641217,Delivered
PO01343,SUP0042,PROD0010,2025-07-21,2013,9064.49723115559,18246832.9263162,Delivered
PO01546,SUP0071,PROD0173,2025-02-19,1712,18538.222961077,31737437.709363826,Delivered
PO00135,SUP0043,PROD0174,2025-05-04,826,24248.767556629384,20029482.001775872,Delivered
PO01256,SUP0016,PROD0107,2025-02-05,1640,17619.394728165003,28895807.354190607,Pending
PO01848,SUP0083,PROD0046,2025-11-19,1906,1802.4492745854675,3435468.317359901,Pending
PO01913,SUP0039,PROD0015,2025-01-15,1468,25209.441856817855,37007460.645808615,In Transit
PO01292,SUP0084,PROD0055,2025-10-10,2353,7377.731522303628,17359802.271980435,Partially Received
PO01267,SUP0023,PROD0135,2025-04-19,1786,11469.701535603446,20484886.942587756,Partially Received
PO01105,SUP0073,PROD0173,2025-08-26,609,11959.376871771892,7283260.514909082,In Transit
PO01216,SUP0046,PROD0118,2025-04-20,1205,17510.383051403835,21100011.57694162,In Transit
PO00085,SUP0056,PROD0128,2025-03-31,2452,10298.351871647277,25251558.789279122,Pending
PO00178,SUP0069,PROD0181,2025-01-16,967,15808.475084166339,15286795.406388849,Delivered
PO01239,SUP0043,PROD0079,2025-12-13,1541,1769.9821491436476,2727542.491830361,Delivered
PO00629,SUP0073,PROD0038,2025-11-24,1708,14051.877103052288,24000606.092013307,Delivered
PO00603,SUP0093,PROD0154,2026-08-06,1271,23359.31563871658,29689690.176808774,Pending
PO01603,SUP0038,PROD0002,2025-02-09,962,1715.2153314043444,1650037.1488109792,Cancelled
PO01929,SUP0088,PROD0046,2026-03-03,2335,19717.434645214245,46040209.896575265,Delivered
PO01891,SUP0005,PROD0106,2026-05-11,2416,17331.62102566773,41873196.398013234,Pending
PO01768,SUP0018,PROD0082,2025-12-07,579,21543.791126901848,12473855.06247617,Partially Received
PO00436,SUP0008,PROD0027,2026-05-28,1792,1552.1982253660963,2781539.2198560443,Partially Received
PO00308,SUP0078,PROD0045,2025-12-02,1174,21979.98219136281,25804499.09265994,Delivered
PO00193,SUP0052,PROD0004,2025-11-15,1151,6927.640830441334,7973714.595837976,Cancelled
PO01166,SUP0093,PROD0004,2026-04-14,807,8105.220972025342,6540913.324424451,Cancelled
PO00566,SUP0070,PROD0114,2026-01-22,739,8967.00316818354,6626615.341287636,In Transit
PO01826,SUP0014,PROD0157,2026-08-22,738,8101.677726290398,5979038.162002314,Pending
PO01227,SUP0047,PROD0085,2026-04-10,630,20753.256131354694,13074551.362753456,Delivered
PO00720,SUP0067,PROD0149,2025-09-17,775,1857.357365729397,1439451.9584402828,Delivered
PO01970,SUP0082,PROD0168,2025-04-26,2199,5949.00652532078,13081865.349180397,Delivered
PO01907,SUP0042,PROD0186,2025-02-22,2376,4811.983797237083,11433273.50223531,Delivered
PO01955,SUP0033,PROD0047,2025-09-15,2366,12604.06796016948,29821224.79376099,Delivered
PO01761,SUP0088,PROD0168,2026-06-01,564,6414.032243681638,3617514.185436444,In Transit
PO01109,SUP0053,PROD0012,2026-01-21,2099,24224.443403843743,50847106.704668015,In Transit
PO01006,SUP0038,PROD0183,2025-11-28,2094,11108.917914371346,23262074.1126936,Delivered
PO00076,SUP0082,PROD0196,2025-01-26,565,14809.26226069106,8367233.17729045,In Transit
PO00044,SUP0033,PROD0059,2025-02-24,2463,11921.216957681421,29361957.36676934,Delivered
PO00847,SUP0022,PROD0197,2025-11-13,2166,11717.663985995336,25380460.193665896,Partially Received
PO01626,SUP0090,PROD0186,2025-04-17,698,12576.86681519916,8778653.037009014,Delivered
PO01228,SUP0076,PROD0151,2025-04-29,2073,17463.733618817652,36202319.79180899,Partially Received
PO01348,SUP0010,PROD0146,2025-04-04,1572,15970.653490904095,25105867.287701238,In Transit
PO00064,SUP0008,PROD0200,2026-04-20,1693,17810.57401017169,30153301.799220674,Delivered
PO00606,SUP0071,PROD0121,2025-01-26,662,22160.43846907046,14670210.266524645,Delivered
PO01034,SUP0016,PROD0010,2025-03-08,1772,6203.336057520138,10992311.493925683,Delivered
PO01860,SUP0098,PROD0173,2026-04-27,935,8874.971152018596,8298098.027137387,Pending
PO01997,SUP0067,PROD0015,2026-02-15,2257,6594.889185474543,14884664.891616045,In Transit
PO01459,SUP0089,PROD0039,2026-01-15,1030,14068.617783846576,14490676.317361973,Delivered
PO01332,SUP0008,PROD0015,2026-08-26,974,1177.4036357043055,1146791.1411759935,Partially Received
PO00289,SUP0031,PROD0025,2025-04-07,526,20486.005794135282,10775639.04771516,Partially Received
PO00539,SUP0086,PROD0136,2025-11-12,507,17566.515394301805,8906223.304911016,Pending
PO01960,SUP0046,PROD0173,2025-03-10,2429,9652.970652552895,23447065.71505098,Partially Received
PO00646,SUP0029,PROD0161,2026-07-07,1785,10871.009610416602,19404752.154593635,Pending
PO00460,SUP0037,PROD0029,2025-11-28,2020,6003.705954748831,12127486.028592639,Delivered
PO00970,SUP0039,PROD0056,2026-06-16,542,20076.392238495686,10881404.593264662,Delivered
PO00448,SUP0025,PROD0068,2025-03-11,1549,20351.644482578966,31524697.30351482,Pending
PO00150,SUP0093,PROD0019,2025-09-06,526,9418.455088667128,4954107.376638909,Delivered
PO00208,SUP0052,PROD0167,2025-02-23,1181,12414.086749767435,14661036.45147534,Delivered
PO00554,SUP0095,PROD0040,2025-02-09,1956,6836.908523449689,13372993.07186759,Delivered
PO01555,SUP0023,PROD0027,2025-02-11,568,21593.681546867087,12265211.118620506,In Transit
PO00647,SUP0026,PROD0120,2026-04-06,760,18247.087838648724,13867786.75737303,Delivered
PO00942,SUP0087,PROD0123,2025-04-03,1559,23876.46027193651,37223401.56394902,Delivered
PO01314,SUP0080,PROD0019,2026-03-04,2392,10152.384450569583,24284503.605762444,In Transit
PO00615,SUP0018,PROD0158,2025-12-23,1938,18267.898385287048,35403187.070686296,Delivered
PO00573,SUP0078,PROD0153,2026-05-05,2159,1355.3228629413356,2926142.0610903436,Delivered
PO01289,SUP0093,PROD0138,2025-10-18,1710,19355.75017071248,33098332.79191834,Delivered
PO00902,SUP0032,PROD0128,2025-12-24,556,20787.855804127565,11558047.827094926,Partially Received
PO01854,SUP0014,PROD0077,2026-03-05,1960,20754.42745404461,40678677.809927434,Cancelled
PO01965,SUP0067,PROD0091,2025-04-29,764,19813.275166100386,15137342.226900695,Delivered
PO01549,SUP0097,PROD0179,2025-01-19,893,18432.10774933679,16459872.220157752,Delivered
PO01831,SUP0087,PROD0095,2025-08-31,2337,15643.941705884175,36559891.76665132,Delivered
PO00274,SUP0047,PROD0139,2026-02-09,2019,3421.568709796886,6908147.225079914,In Transit
PO01309,SUP0064,PROD0170,2025-02-01,1434,20176.035441602864,28932434.823258508,Delivered
PO00397,SUP0077,PROD0114,2025-06-28,970,19784.11285828236,19190589.47253389,Delivered
PO00554,SUP0043,PROD0049,2026-06-16,1826,12792.169419807664,23358501.360568795,Delivered
PO01046,SUP0079,PROD0065,2025-07-15,1584,920.9555344403883,1458793.566553575,In Transit
PO01484,SUP0011,PROD0160,2026-08-03,618,1867.573697979461,1154160.545351307,Partially Received
PO01443,SUP0051,PROD0056,2026-01-12,544,1017.7615257190477,553662.2699911619,Delivered
PO01739,SUP0041,PROD0200,2026-08-24,1413,13892.48304472265,19630078.542193104,Pending
PO01853,SUP0042,PROD0200,2026-04-10,2491,15946.181739984397,39721938.71430113,Delivered
PO01776,SUP0075,PROD0063,2026-08-09,1803,2468.6882071010145,4451044.837403129,Partially Received
PO00460,SUP0019,PROD0017,2025-04-27,537,3986.8420960702238,2140934.2055897103,In Transit
PO01063,SUP0009,PROD0092,2025-04-23,1731,20000.6826453094,34621181.65903057,In Transit
PO01473,SUP0081,PROD0185,2026-06-29,2370,19640.21823151712,46547317.208695576,Delivered
PO00024,SUP0044,PROD0095,2026-01-17,1475,19546.16407986303,28830592.017797966,Delivered
PO00655,SUP0062,PROD0103,2026-01-02,2197,17475.079850180176,38392750.43084585,Pending
PO00578,SUP0027,PROD0069,2026-07-07,1827,13263.231342625724,24231923.662977196,Delivered
PO01635,SUP0054,PROD0046,2026-05-27,1565,6652.5554906844545,10411249.342921171,Delivered
PO00091,SUP0014,PROD0192,2026-02-12,790,20387.824533044044,16106381.381104795,Delivered
PO01424,SUP0044,PROD0099,2026-01-11,1692,18675.445814957315,31598854.318907775,Delivered
PO00289,SUP0086,PROD0141,2025-01-21,1499,16890.57096093379,25318965.870439753,Delivered
PO01222,SUP0024,PROD0094,2025-05-29,1459,18891.10995081476,27562129.418238733,Delivered
PO01046,SUP0086,PROD0167,2025-04-08,603,14427.847772737741,8699992.206960859,Delivered
PO01498,SUP0044,PROD0114,2025-02-24,1946,4884.4016906059305,9505045.68991914,Delivered
PO01973,SUP0073,PROD0063,2026-01-17,613,6237.635917857494,3823670.8176466436,Partially Received
PO00373,SUP0014,PROD0167,2026-05-18,544,4076.2116325980774,2217459.1281333542,In Transit
PO01524,SUP0085,PROD0117,2026-05-23,625,8499.06594971368,5311916.21857105,Delivered
PO01104,SUP0023,PROD0048,2025-08-28,978,14910.180962004979,14582156.98084087,In Transit
PO01426,SUP0024,PROD0085,2025-07-14,2265,17091.853477689452,38713048.12696661,Delivered
PO00092,SUP0098,PROD0133,2026-07-14,1575,13191.731809138248,20776977.59939274,Cancelled
PO01677,SUP0033,PROD0060,2025-08-15,822,5749.150548803738,4725801.7511166725,In Transit
PO01630,SUP0078,PROD0159,2026-03-12,1918,1838.5123508665267,3526266.688961998,Delivered
PO00326,SUP0049,PROD0018,2025-04-15,625,1578.4093540100828,986505.8462563017,Delivered
PO01476,SUP0096,PROD0116,2025-12-22,1927,6128.812186248903,11810221.082901636,Delivered
PO01116,SUP0082,PROD0171,2025-01-28,547,8256.109838479339,4516092.081648198,Delivered
PO00635,SUP0044,PROD0139,2026-03-11,1730,5829.107749144669,10084356.406020276,Delivered
PO01762,SUP0030,PROD0019,2026-05-27,1550,9373.812184816728,14529408.88646593,Cancelled
PO01305,SUP0033,PROD0099,2026-01-18,852,19826.596468181837,16892260.190890923,Cancelled
PO01443,SUP0018,PROD0136,2025-07-24,1088,1960.2562275404896,2132758.7755640526,Pending
PO00291,SUP0029,PROD0145,2026-05-21,1224,3073.7278496787712,3762242.888006816,Delivered
PO01846,SUP0073,PROD0001,2025-01-31,1271,19831.50512792257,25205843.017589588,Partially Received
PO00572,SUP0014,PROD0052,2026-03-02,762,20258.22946052215,15436770.84891788,Cancelled
PO01303,SUP0024,PROD0038,2026-01-16,1491,9193.580918663067,13707629.149726633,Delivered
PO01197,SUP0042,PROD0157,2026-04-14,2224,16078.782907455448,35759213.18618092,In Transit
PO00219,SUP0034,PROD0146,2025-11-12,1277,13754.764429504192,17564834.176476855,Pending
PO00873,SUP0001,PROD0113,2026-07-12,1340,6172.51052693386,8271164.106091373,In Transit
PO01224,SUP0087,PROD0018,2025-03-01,2232,10441.275110072831,23304926.04568256,Delivered
PO01987,SUP0063,PROD0166,2025-09-03,2290,17148.533135539066,39270140.88038446,Pending
PO00665,SUP0047,PROD0116,2025-11-07,2299,20015.100495973682,46014716.04024349,Delivered
PO00700,SUP0035,PROD0057,2025-02-07,706,11742.65968271532,8290317.735997017,Delivered
PO00504,SUP0007,PROD0125,2025-05-13,1448,20191.335153248172,29237053.301903352,Delivered
PO01293,SUP0039,PROD0034,2025-08-20,1078,12421.170045204852,13390021.30873083,In Transit
PO00947,SUP0017,PROD0153,2026-03-31,2433,2062.4647991137376,5017976.856243724,Delivered
PO01581,SUP0088,PROD0157,2025-05-18,2485,1014.8793786956394,2521975.256058664,Partially Received
PO01025,SUP0042,PROD0199,2026-08-31,2366,16206.130038931,38343703.672110744,In Transit
PO00031,SUP0011,PROD0027,2025-07-31,559,7876.526033214678,4402978.052567005,Delivered
PO00111,SUP0018,PROD0158,2025-05-24,614,11464.74995164875,7039356.470312333,Delivered
PO00228,SUP0089,PROD0109,2026-01-18,764,5927.658355113051,4528730.983306371,Delivered
PO00920,SUP0055,PROD0050,2026-06-14,796,12822.209794947148,10206478.99677793,Partially Received
PO00391,SUP0042,PROD0037,2025-04-06,1673,6592.124866457071,11028624.90158268,Delivered
PO00922,SUP0053,PROD0028,2025-02-12,1337,13744.1356405331,18375909.351392757,Delivered
PO01906,SUP0083,PROD0044,2025-02-09,2227,4920.456054444493,10957855.633247886,Delivered
PO00177,SUP0061,PROD0144,2025-03-05,806,9111.353136928434,7343750.628364318,In Transit
PO01154,SUP0008,PROD0029,2025-10-18,1059,12235.736253582474,12957644.69254384,Pending
PO01441,SUP0079,PROD0199,2025-11-22,1698,12688.654834868337,21545335.909606438,Partially Received
PO01273,SUP0053,PROD0164,2025-09-30,1560,20994.14450134552,32750865.42209901,Delivered
PO01729,SUP0013,PROD0113,2025-11-14,2337,12607.317835845377,29463301.782370646,Delivered
PO01576,SUP0042,PROD0148,2026-02-13,2288,8491.2841304721,19428058.090520166,Delivered
PO01871,SUP0061,PROD0006,2025-01-27,646,19326.955950698975,12485213.544151539,Partially Received
PO01442,SUP0025,PROD0127,2025-08-16,1108,3234.779887860551,3584136.1157494904,In Transit
PO00788,SUP0020,PROD0057,2025-11-03,930,15978.345155796176,14859860.994890444,Delivered
PO01841,SUP0087,PROD0086,2025-09-01,888,2528.5235928718057,2245328.9504701635,Delivered
PO00451,SUP0064,PROD0130,2025-07-05,1160,15006.358146199856,17407375.449591834,Delivered
PO01168,SUP0009,PROD0195,2025-03-20,936,14719.909716372582,13777835.494524736,Pending
PO01532,SUP0072,PROD0126,2026-08-16,1326,25744.397404097585,34137070.957833394,Delivered
PO01745,SUP0002,PROD0107,2025-01-31,677,17950.202142458806,12152286.850444611,Partially Received
PO01834,SUP0099,PROD0033,2026-03-18,1687,8643.971866003641,14582380.537948143,Delivered
PO00170,SUP0014,PROD0090,2025-12-09,1942,17604.419001165206,34187781.70026283,Pending
PO00409,SUP0040,PROD0179,2025-01-27,2144,7920.647504208584,16981868.249023203,Delivered
PO01559,SUP0075,PROD0028,2026-05-19,1824,12535.631476411565,22864991.812974695,Delivered
PO00363,SUP0099,PROD0158,2025-06-19,2130,7324.384132482582,15600938.2021879,Cancelled
PO01943,SUP0054,PROD0159,2026-03-16,971,20759.328517701157,20157307.990687825,In Transit
PO01314,SUP0090,PROD0109,2026-04-09,822,11723.530134061157,9636741.77019827,In Transit
PO01178,SUP0055,PROD0026,2025-08-29,2338,8063.000679727997,18851295.589204054,Delivered
PO00034,SUP0031,PROD0023,2026-02-19,1820,4055.897955399189,7381734.278826524,Delivered
PO00399,SUP0017,PROD0107,2026-06-12,1827,10379.61856984394,18963563.12710488,Delivered
PO00054,SUP0097,PROD0049,2025-08-10,1816,9564.91786110294,17369890.83576294,Partially Received
PO00667,SUP0088,PROD0187,2025-05-12,1239,5692.607983721366,7053141.291830772,Delivered
PO00690,SUP0023,PROD0044,2025-04-06,2308,19114.982781492785,44117380.259685345,Pending
PO01061,SUP0027,PROD0122,2025-02-17,2418,3418.5243236343317,8265991.814547814,Partially Received
PO01380,SUP0096,PROD0181,2025-06-02,2288,9622.259929652533,22015730.719044995,Delivered
PO00359,SUP0075,PROD0039,2025-03-31,2194,6827.444987335432,14979414.302213939,Delivered
PO01204,SUP0048,PROD0121,2025-11-06,2331,18708.558936870813,43609650.88184587,Delivered
PO00092,SUP0027,PROD0094,2026-05-11,1267,15318.495696125428,19408534.046990916,Delivered
PO01063,SUP0072,PROD0054,2026-06-19,1382,10757.57033720967,14866962.206023764,Pending
PO01484,SUP0079,PROD0191,2025-04-02,1560,16760.065309536607,26145701.882877108,Pending
PO00069,SUP0077,PROD0181,2025-08-15,1889,14362.039886479235,27129893.345559277,Delivered
PO00668,SUP0022,PROD0006,2026-07-01,1661,19316.775356191476,32085163.86663404,Pending
PO00451,SUP0096,PROD0033,2026-03-04,1692,16544.482963403152,27993265.174078133,Delivered
PO01446,SUP0063,PROD0002,2025-08-16,792,19546.12356335392,15480529.862176307,Delivered
PO01225,SUP0010,PROD0091,2025-04-20,2087,26411.997019462535,55121837.77961831,Pending
PO00328,SUP0017,PROD0072,2025-01-18,1402,1873.6252377213586,2626822.5832853448,In Transit
PO01484,SUP0090,PROD0177,2025-03-10,606,11391.254330092082,6903100.124035802,Delivered
PO00225,SUP0023,PROD0150,2025-08-16,2350,3257.5084080317147,7655144.758874529,Delivered
PO01899,SUP0075,PROD0097,2026-04-08,1493,997.8175957945492,1489741.670521262,Delivered
PO00984,SUP0091,PROD0004,2026-07-18,1056,21667.68866973684,22881079.235242102,Delivered
PO01491,SUP0020,PROD0032,2025-11-29,644,8839.875166140528,5692879.606994499,Delivered
PO00275,SUP0027,PROD0163,2026-01-06,1754,9979.707974203933,17504407.7867537,Delivered
PO01348,SUP0051,PROD0009,2025-08-03,1443,10937.320577712624,15782553.593639316,Delivered
PO00549,SUP0032,PROD0094,2025-01-26,1056,14918.177295039348,15753595.223561551,In Transit
PO01493,SUP0023,PROD0181,2025-05-09,516,11562.997886417175,5966506.909391263,Delivered
PO01010,SUP0062,PROD0167,2026-07-28,2196,6933.783417439751,15226588.384697694,In Transit
PO00698,SUP0043,PROD0167,2026-01-09,853,14082.337167483267,12012233.603863226,Delivered
PO01574,SUP0047,PROD0168,2025-10-02,654,2175.0578922919126,1422487.861558911,Delivered
PO01015,SUP0061,PROD0173,2025-11-19,1034,19082.007649691164,19730795.909780663,Delivered
PO01547,SUP0048,PROD0049,2025-04-02,1705,26130.99863895717,44553352.679421976,Pending
PO01090,SUP0055,PROD0046,2025-01-01,783,17817.204183173584,13950870.875424916,Delivered
PO01878,SUP0085,PROD0105,2026-02-01,2140,7555.65958428193,16169111.51036333,Delivered
PO01637,SUP0021,PROD0185,2025-12-30,1034,7375.400680110168,7626164.303233913,Delivered
PO00717,SUP0016,PROD0099,2025-01-11,564,20395.174899794365,11502878.643484022,Delivered
PO00930,SUP0035,PROD0175,2025-02-09,2057,15575.093487962058,32037967.304737955,Partially Received
PO01915,SUP0017,PROD0182,2025-09-23,1524,7341.025427618513,11187722.751690615,Cancelled
PO01791,SUP0011,PROD0076,2025-06-13,1755,16931.29805457307,29714428.08577574,Delivered
PO01605,SUP0053,PROD0187,2025-03-11,951,18787.032267296676,17866467.68619914,Delivered
PO00552,SUP0012,PROD0138,2025-06-11,2155,18788.59146279502,40489414.602323264,Delivered
PO01775,SUP0018,PROD0132,2025-10-03,977,7078.534333451115,6915728.04378174,Delivered
PO00066,SUP0041,PROD0158,2026-07-29,2290,18249.87999096907,41792225.17931917,In Transit
PO00846,SUP0023,PROD0037,2025-05-24,2034,6912.798447257644,14060632.041722046,Partially Received
PO00756,SUP0007,PROD0064,2025-12-01,1191,1007.5945631009854,1200045.1246532735,Delivered
PO01122,SUP0098,PROD0019,2026-01-29,606,15557.579474381604,9427893.161475252,Delivered
PO00451,SUP0067,PROD0058,2026-04-25,1534,19813.191047832024,30393435.067374326,Delivered
PO00410,SUP0097,PROD0138,2025-04-29,1824,18926.64831520949,34522206.52694211,In Transit
PO01608,SUP0007,PROD0051,2025-02-21,1770,3284.5080711637797,5813579.28595989,Delivered
PO00384,SUP0037,PROD0130,2025-10-21,1955,3020.170034627369,5904432.417696507,Delivered
PO00640,SUP0070,PROD0014,2026-07-13,1622,16452.490262630155,26685939.205986112,Delivered
PO00555,SUP0012,PROD0060,2026-04-23,2034,6907.647363213206,14050154.73677566,Delivered
PO01418,SUP0097,PROD0103,2025-12-02,1486,8574.800684393995,12742153.817009477,Partially Received
PO00913,SUP0087,PROD0063,2026-06-24,677,5965.519689581742,4038656.829846839,Delivered
PO00599,SUP0088,PROD0114,2025-03-03,1425,8688.372151327318,12380930.315641427,Pending
PO01663,SUP0059,PROD0185,2026-03-20,2213,7324.305344777177,16208687.727991894,Delivered
PO00172,SUP0065,PROD0161,2026-01-17,2161,19358.80322809413,41834373.77591141,In Transit
PO01533,SUP0005,PROD0090,2025-11-18,2152,9065.358109517718,19508650.651682127,Delivered
PO01837,SUP0032,PROD0155,2026-03-31,1241,6477.520338516525,8038602.740099007,In Transit
PO00012,SUP0043,PROD0113,2026-02-12,1426,15808.395570081027,22542772.082935546,Delivered
PO01114,SUP0044,PROD0026,2025-06-18,757,21762.960681794724,16474561.236118605,Delivered
PO01245,SUP0083,PROD0167,2025-11-17,2406,8865.17710822911,21329616.12239924,Delivered
PO01155,SUP0077,PROD0007,2025-05-04,928,15771.011630058894,14635498.792694654,In Transit
PO00225,SUP0018,PROD0116,2026-02-11,1495,11233.566331568925,16794181.665695544,Delivered
PO00832,SUP0079,PROD0180,2025-02-19,2022,24626.536353988333,49794856.50776441,Partially Received
