po_id,supplier_id,product_id,po_date,quantity,unit_cost,total_value,order_status
PO0001,SUPPLIER0001,PROD0167,2025-01-13,1428.6894103861905,15051.808327068104,32744678.288286444,Cancelled
PO0002,SUPPLIER0002,PROD0167,2025-05-25,1563.6140352941848,17524.250302591456,10696322.366121424,Pending
PO0003,SUPPLIER0003,PROD0167,2025-01-20,58.247657528353216,9987.276316044123,11057941.284740742,Cancelled
PO0004,SUPPLIER0004,PROD0167,2026-01-29,2418.9765182351057,18948.308692603143,19206880.455748472,Pending
PO0005,SUPPLIER0005,PROD0167,2025-12-26,2432.2402389320782,16501.143170733823,457210.9122359809,Pending
PO0006,SUPPLIER0006,PROD0167,2025-03-02,1190.5964997244555,15629.163864045157,2372901.232214321,Cancelled
PO0007,SUPPLIER0007,PROD0167,2025-12-26,1838.4134761189387,20109.334208681354,2711565.9465102577,Pending
PO0008,SUPPLIER0008,PROD0167,2026-03-16,552.8467826303896,10953.251502642415,1242215.0667130249,Pending
PO0009,SUPPLIER0009,PROD0167,2025-04-06,184.54715253853124,2329.0928313058116,1345380.742954981,Pending
PO0010,SUPPLIER0010,PROD0167,2025-01-28,266.9042851781283,2694.174137443103,60314522.60033188,Cancelled
PO0011,SUPPLIER0011,PROD0167,2026-05-23,932.0496156875948,18337.21392879752,307647.66178461775,Pending
PO0012,SUPPLIER0012,PROD0167,2025-01-12,1297.862103137171,9464.994923184497,2358717.969890056,Cancelled
PO0013,SUPPLIER0013,PROD0167,2025-03-07,1442.1756026290072,17823.917973610878,42672341.48212093,Cancelled
PO0014,SUPPLIER0014,PROD0167,2025-09-03,642.3155390621537,1658.1218975661204,4251480.671273986,Cancelled
PO0015,SUPPLIER0015,PROD0167,2025-04-29,2243.0473091634476,18273.80556611803,37058827.69576285,Pending
PO0016,SUPPLIER0016,PROD0167,2025-03-02,581.6420051150591,11395.717935487513,10946575.754383212,Pending
PO0017,SUPPLIER0017,PROD0167,2025-12-26,2398.2633003805045,17767.98415783349,1588132.9534413756,Pending
PO0018,SUPPLIER0018,PROD0167,2025-07-31,2422.6788385622294,18794.120236511593,3035707.1995595815,Pending
PO0019,SUPPLIER0019,PROD0167,2025-05-16,1152.5220022295127,22072.377150704167,4910259.079718003,Pending
PO0020,SUPPLIER0020,PROD0114,2025-01-26,1591.952066388705,12090.212576763972,6988455.188101105,Pending
PO0021,SUPPLIER0021,PROD0114,2026-02-23,2165.3686838260537,12779.300057516122,11307366.115211999,Pending
PO0022,SUPPLIER0022,PROD0114,2026-02-21,41.83467196083762,3355.650217432697,31261959.872828722,Cancelled
PO0023,SUPPLIER0023,PROD0114,2026-05-23,1476.54550294552,779.566777012996,28263183.875474885,Pending
PO0024,SUPPLIER0024,PROD0114,2025-03-07,1838.2290660531396,11712.850643599682,45800544.64368017,Cancelled
PO0025,SUPPLIER0025,PROD0114,2025-12-18,1619.584618073804,17765.605581500095,17547922.498065,Cancelled
PO0026,SUPPLIER0026,PROD0114,2025-12-26,476.8392137997153,8837.091106342867,17884755.06026527,Pending
PO0027,SUPPLIER0027,PROD0114,2025-05-14,1311.407813803253,1719.5551765467346,13352661.38072651,Cancelled
PO0028,SUPPLIER0028,PROD0114,2026-04-14,1309.2148215940883,8425.06749379057,2416237.0861006025,Cancelled
PO0029,SUPPLIER0029,PROD0114,2026-03-15,357.5238102770135,10112.28835198376,36562122.974204436,Pending
PO0030,SUPPLIER0030,PROD0114,2025-05-16,1072.4868296381273,25322.84249192121,4556829.554246094,Pending
PO0031,SUPPLIER0031,PROD0114,2026-06-11,1602.8670617272496,6005.818065749907,10451144.09441386,Cancelled
PO0032,SUPPLIER0032,PROD0114,2025-08-31,1786.9356539146638,8960.85669245076,3601848.3274826,Pending
PO0033,SUPPLIER0033,PROD0114,2025-03-07,196.89418138762852,6188.285351008967,24455978.81010889,Cancelled
PO0034,SUPPLIER0034,PROD0114,2025-03-14,1089.575816278817,4724.622279179859,1873617.8670197446,Cancelled
PO0035,SUPPLIER0035,PROD0114,2026-06-08,2485.7817503566584,2170.2283158951236,7312741.114010112,Cancelled
PO0036,SUPPLIER0036,PROD0114,2026-03-30,166.03433063160693,21917.05970879113,2461730.9808982196,Cancelled
PO0037,SUPPLIER0037,PROD0114,2025-07-31,714.5358039991336,16023.084689025,5289306.818162853,Pending
PO0038,SUPPLIER0038,PROD0114,2025-04-06,221.02141782604014,13342.201925982707,10425807.051595362,Cancelled
PO0039,SUPPLIER0039,PROD0179,2025-07-01,2390.434296436574,25003.608889285046,3729702.3633161653,Cancelled
PO0040,SUPPLIER0040,PROD0179,2026-02-21,238.7946022233977,10178.122126998507,4726477.693470265,Cancelled
PO0041,SUPPLIER0041,PROD0179,2025-12-26,2091.317905706907,9528.81885164916,24145619.91865642,Cancelled
PO0042,SUPPLIER0042,PROD0179,2026-05-17,2027.4111646778722,1920.1106113371686,6663622.793057639,Cancelled
PO0043,SUPPLIER0043,PROD0179,2025-01-25,2151.710723559933,19026.455491959707,2773475.1947224876,Cancelled
PO0044,SUPPLIER0044,PROD0179,2025-03-12,2254.1645709953214,18081.395317784103,2117217.116843815,Pending
PO0045,SUPPLIER0045,PROD0179,2026-05-17,1826.3200895104762,863.4290342538621,1575351.1092369745,Cancelled
PO0046,SUPPLIER0046,PROD0179,2025-11-22,1170.4170329260144,8735.494176441362,13203333.693149624,Cancelled
PO0047,SUPPLIER0047,PROD0179,2026-08-06,1597.157335263377,17433.444615043558,2729549.220078102,Cancelled
PO0048,SUPPLIER0048,PROD0179,2026-03-30,101.52242335240348,18869.334217106272,729963.8420678446,Cancelled
PO0049,SUPPLIER0049,PROD0179,2025-03-07,2333.6941396043117,17182.20608130966,10293189.503000734,Cancelled
PO0050,SUPPLIER0050,PROD0179,2026-04-09,1585.373314518467,17613.880667869307,2017385.3450200341,Pending
PO0051,SUPPLIER0051,PROD0179,2025-01-05,1581.0405239260128,7120.813201799132,9864725.469423322,Pending
PO0052,SUPPLIER0052,PROD0179,2026-04-19,1445.5898741533115,1516.668495275032,19862809.70172086,Pending
PO0053,SUPPLIER0053,PROD0179,2025-05-24,2259.434138881517,9463.220873012053,36986741.58259973,Cancelled
PO0054,SUPPLIER0054,PROD0179,2026-02-10,952.4319021689093,6103.885562748895,2259335.175417529,Pending
PO0055,SUPPLIER0055,PROD0179,2026-08-18,762.2614098868534,17458.559945283836,1163201.4540646493,Cancelled
PO0056,SUPPLIER0056,PROD0179,2025-01-12,667.9324359105082,5897.984332317097,15861225.800481562,Pending
PO0057,SUPPLIER0057,PROD0151,2025-05-16,1770.4086138818557,8828.16166092197,2794237.213826341,Cancelled
PO0058,SUPPLIER0058,PROD0151,2026-06-08,405.9170110894808,7415.812939914465,37614484.05635854,Cancelled
PO0059,SUPPLIER0059,PROD0151,2025-05-20,2151.3923435549864,5567.31547472183,784823.3106651386,Cancelled
PO0060,SUPPLIER0060,PROD0151,2025-05-25,905.3999942628858,12160.506496812413,65585705.99413108,Pending
PO0061,SUPPLIER0061,PROD0151,2025-03-02,445.2580187451145,24882.82962876165,2795951.142839507,Pending
PO0062,SUPPLIER0062,PROD0151,2025-07-19,1197.9668498029355,6074.526862460826,1408098.468939707,Pending
PO0063,SUPPLIER0063,PROD0151,2026-04-16,614.481072466692,14814.921020142778,5978861.629863681,Cancelled
PO0064,SUPPLIER0064,PROD0151,2025-01-05,1538.4978524050534,15482.17874021373,2354840.7932386594,Pending
PO0065,SUPPLIER0065,PROD0151,2025-08-31,2225.4509115280234,10574.885421887204,28236015.651103877,Pending
PO0066,SUPPLIER0066,PROD0151,2025-03-07,518.4197781648861,10536.451922180375,4431008.037657386,Cancelled
PO0067,SUPPLIER0067,PROD0151,2025-08-31,1013.4714618845273,23391.81289078853,4819899.065431469,Cancelled
PO0068,SUPPLIER0068,PROD0151,2026-03-17,703.2226033605108,8962.046742325116,16864677.84283996,Pending
PO0069,SUPPLIER0069,PROD0151,2025-09-03,729.9900351939201,12383.509311031808,13645377.100177918,Pending
PO0070,SUPPLIER0070,PROD0151,2025-11-22,1682.0560779682332,25211.995868228492,12008958.513960706,Cancelled
PO0071,SUPPLIER0071,PROD0151,2025-04-06,202.00899182186353,23411.362508924623,43493650.61031538,Cancelled
PO0072,SUPPLIER0072,PROD0151,2025-09-07,1635.7648533960862,13545.716798649524,17905250.752247084,Pending
PO0073,SUPPLIER0073,PROD0151,2026-02-21,2441.8469940626587,10675.9126905904,47222467.77145418,Cancelled
PO0074,SUPPLIER0074,PROD0151,2025-03-01,1429.1682005933321,10028.277368813702,3932788.0018038116,Pending
PO0075,SUPPLIER0075,PROD0042,2026-05-17,1488.9684817233842,18478.1789799769,5051419.010933008,Pending
PO0076,SUPPLIER0076,PROD0042,2025-04-29,1149.9984353219204,858.1472021379634,44073185.111858554,Pending
PO0077,SUPPLIER0077,PROD0042,2026-01-03,1819.7293079018723,18134.64640787953,21374347.7964549,Cancelled
PO0078,SUPPLIER0078,PROD0042,2026-02-10,652.5453649111776,10622.037171794156,38035302.923241,Cancelled
PO0079,SUPPLIER0079,PROD0042,2026-02-02,2008.8521434069792,22170.11188500751,29095861.474631872,Pending
PO0080,SUPPLIER0080,PROD0042,2026-04-14,1907.152875623807,22956.33434938494,2637115.3628223,Pending
PO0081,SUPPLIER0081,PROD0042,2026-04-09,2033.8824133867408,14221.70025605041,43620154.70065402,Pending
PO0082,SUPPLIER0082,PROD0042,2025-01-05,401.16223774176393,22840.030646427247,16935626.766440786,Pending
PO0083,SUPPLIER0083,PROD0042,2025-07-20,1804.1305210904648,1703.5177090808766,8890931.142798163,Cancelled
PO0084,SUPPLIER0084,PROD0042,2025-01-10,121.11489590378886,17731.591869950083,21813687.828340832,Pending
PO0085,SUPPLIER0085,PROD0042,2025-11-27,449.5398328629603,10048.010831310197,8434927.407607784,Cancelled
PO0086,SUPPLIER0086,PROD0042,2026-01-13,39.7845599964317,2294.813992515336,40434677.01764793,Cancelled
PO0087,SUPPLIER0087,PROD0042,2026-03-16,1071.4955821515491,19798.05075283672,1635253.0607429675,Cancelled
PO0088,SUPPLIER0088,PROD0042,2025-06-27,830.1449257216569,14734.533648570507,16365120.902443089,Pending
PO0089,SUPPLIER0089,PROD0042,2025-01-24,25.532671166133213,4899.416110174882,27586974.114097066,Pending
PO0090,SUPPLIER0090,PROD0042,2026-06-08,2132.072163896469,18026.858292911384,39624832.53194854,Cancelled
PO0091,SUPPLIER0091,PROD0042,2026-03-15,1425.9420487431294,4842.044584743885,32699463.220226698,Pending
PO0092,SUPPLIER0092,PROD0196,2025-07-20,243.84681203793258,6397.00933364575,9958509.283800235,Cancelled
PO0093,SUPPLIER0093,PROD0196,2025-01-05,2373.182143330266,12938.584192409007,18938339.92184904,Pending
PO0094,SUPPLIER0094,PROD0196,2026-06-17,679.9003405915761,7279.814800162276,4720268.918980866,Cancelled
PO0095,SUPPLIER0095,PROD0196,2025-09-06,252.40413102491564,3301.7862303083402,23683415.529529985,Cancelled
PO0096,SUPPLIER0096,PROD0196,2025-10-23,1156.7338227702382,15119.214164230088,52368412.323107764,Pending
PO0097,SUPPLIER0097,PROD0196,2025-09-03,701.1014513736277,11898.07620954467,20173910.18321816,Cancelled
PO0098,SUPPLIER0098,PROD0196,2025-01-12,1186.389375117629,16868.138586749174,13288344.802715339,Cancelled
PO0099,SUPPLIER0099,PROD0196,2026-04-16,42.56888138219291,10806.705627876756,10338453.091788145,Pending
PO0100,SUPPLIER0100,PROD0196,2025-07-19,465.3298115910612,917.4681172268711,6957030.479736679,Cancelled
PO0101,SUPPLIER0101,PROD0196,2026-06-11,133.25582051177557,9191.220261126742,6028749.984387034,Pending
PO0102,SUPPLIER0102,PROD0196,2025-01-05,1215.3402757312679,17187.03197404179,8671844.328464827,Pending
PO0103,SUPPLIER0103,PROD0196,2026-05-17,242.446495148031,2617.3011023856243,1727876.297411977,Pending
PO0104,SUPPLIER0104,PROD0196,2025-03-12,1404.5912283961243,9897.257893626062,2268066.385491111,Pending
PO0105,SUPPLIER0105,PROD0196,2025-04-06,1459.0246074900053,12295.899944517143,68145821.49282055,Cancelled
PO0106,SUPPLIER0106,PROD0196,2025-01-10,871.359347675183,11972.626940174425,30758984.151199922,Cancelled
PO0107,SUPPLIER0107,PROD0196,2026-08-06,613.6031167388833,6980.45842005724,13297165.612309724,Pending
PO0108,SUPPLIER0108,PROD0196,2026-02-10,1887.4681056371357,6482.349513294244,17775567.367570654,Pending
PO0109,SUPPLIER0109,PROD0027,2026-06-11,16.62271685560189,18179.515538858643,16317104.965113295,Cancelled
PO0110,SUPPLIER0110,PROD0027,2025-01-10,1969.437904075043,16173.456359505488,10065260.327394683,Cancelled
PO0111,SUPPLIER0111,PROD0027,2026-04-16,990.1006803269692,7696.0742929809185,20654959.141667083,Pending
PO0112,SUPPLIER0112,PROD0027,2025-01-26,1115.8028215530899,2645.977703090026,24380750.025156718,Pending
PO0113,SUPPLIER0113,PROD0027,2025-12-18,628.2699694138844,9901.901203631283,4247980.9970768895,Pending
PO0114,SUPPLIER0114,PROD0027,2025-08-31,371.7441163833871,7737.659620773815,986820.5697404027,Pending
PO0115,SUPPLIER0115,PROD0027,2026-04-19,665.9177812746585,3249.865040858974,29870377.55624689,Pending
PO0116,SUPPLIER0116,PROD0027,2025-01-05,2075.0953328941505,2105.1090429457813,6769247.466925184,Pending
PO0117,SUPPLIER0117,PROD0027,2025-01-28,1371.44302955773,18755.099216193605,18615470.033229355,Pending
PO0118,SUPPLIER0118,PROD0027,2025-09-23,473.789911935989,8483.132593420136,2146201.5689197276,Cancelled
PO0119,SUPPLIER0119,PROD0027,2025-11-24,1826.0782633350325,9144.88033851786,3394143.850532088,Cancelled
PO0120,SUPPLIER0120,PROD0027,2025-12-18,2398.9961388724787,1785.1205325073422,24146662.164867274,Pending
PO0121,SUPPLIER0121,PROD0027,2026-03-17,2149.9549349360805,24572.306737754225,1116772.284108945,Pending
PO0122,SUPPLIER0122,PROD0027,2025-03-31,689.6741477314085,9120.302215248883,23937215.928430382,Cancelled
PO0123,SUPPLIER0123,PROD0027,2025-03-02,1234.0201343608567,5536.334336516406,8491710.85101073,Pending
PO0124,SUPPLIER0124,PROD0027,2025-12-26,572.7348191323739,23241.97949838042,11033660.805817898,Cancelled
PO0125,SUPPLIER0125,PROD0166,2025-08-31,211.0608601106105,21926.10783143665,19589938.500427026,Pending
PO0126,SUPPLIER0126,PROD0166,2025-08-31,1793.6879600310463,18708.127225242388,5068405.682139177,Cancelled
PO0127,SUPPLIER0127,PROD0166,2025-01-26,1671.2905538745135,10512.25540822612,35346620.010146745,Pending
PO0128,SUPPLIER0128,PROD0166,2025-03-14,852.3057455599547,17100.780456688542,5308057.704150547,Pending
PO0129,SUPPLIER0129,PROD0166,2025-06-02,842.7744651100792,24030.92396371916,52679865.14988627,Cancelled
PO0130,SUPPLIER0130,PROD0166,2026-06-11,2105.299508844461,9850.262770127085,35297545.65227078,Pending
PO0131,SUPPLIER0131,PROD0166,2025-06-27,1791.538689590524,6706.7321488447815,3240934.866782071,Cancelled
PO0132,SUPPLIER0132,PROD0166,2025-12-18,1082.9668315959009,18939.648876106934,5699793.186700828,Pending
PO0133,SUPPLIER0133,PROD0166,2025-04-06,1435.8865671208148,5619.658224890849,25124093.172255,Pending
PO0134,SUPPLIER0134,PROD0166,2026-04-19,517.0861730282616,17287.04129640607,8409770.835579747,Pending
PO0135,SUPPLIER0135,PROD0166,2026-04-16,782.3940493818229,16020.601028171563,35685659.30315037,Pending
PO0136,SUPPLIER0136,PROD0166,2025-12-26,1812.2813385366787,15232.073767834723,32999886.38362176,Pending
PO0137,SUPPLIER0137,PROD0166,2025-03-01,2255.7183150640376,17446.470631130276,12714808.106689863,Cancelled
PO0138,SUPPLIER0138,PROD0166,2025-01-24,111.14824557628398,892.066444923408,781028.8223028483,Pending
PO0139,SUPPLIER0139,PROD0166,2025-03-01,274.0138679043746,6888.8474109920035,22492372.162171546,Cancelled
PO0140,SUPPLIER0140,PROD0166,2026-03-16,1838.2987762177006,16221.486946458497,60927208.369367816,Pending
PO0141,SUPPLIER0141,PROD0122,2026-04-09,2232.314421229148,22672.951824181764,3128126.422109172,Pending
PO0142,SUPPLIER0142,PROD0122,2025-06-26,389.3273684346878,13201.952651719515,10840225.15649444,Cancelled
PO0143,SUPPLIER0143,PROD0122,2025-09-07,2394.012007545492,14128.338535896914,6471983.833664963,Pending
PO0144,SUPPLIER0144,PROD0122,2026-06-11,1153.6427459584756,25124.551253126843,3908961.767355444,Pending
PO0145,SUPPLIER0145,PROD0122,2025-03-14,1921.0560946795092,5038.911020452385,2962082.609136302,Cancelled
PO0146,SUPPLIER0146,PROD0122,2026-03-15,439.75534099797403,5089.839114219028,3025015.3995326753,Cancelled
PO0147,SUPPLIER0147,PROD0122,2025-11-08,14.279605385368539,17283.337381946018,8018466.292191274,Cancelled
PO0148,SUPPLIER0148,PROD0122,2026-02-02,2490.7300621386185,20043.24458184429,17105793.44013011,Pending
PO0149,SUPPLIER0149,PROD0122,2026-04-14,999.5651861020832,5211.5863105253175,1111089.6910049547,Pending
PO0150,SUPPLIER0150,PROD0122,2025-08-31,1730.1117972349148,10814.371670737755,11564107.337891603,Pending
PO0151,SUPPLIER0151,PROD0122,2025-03-02,782.4150102347944,25022.797075203365,6536682.9063019445,Pending
PO0152,SUPPLIER0152,PROD0122,2025-09-06,139.51890396674852,20029.371036637658,6426028.005063025,Cancelled
PO0153,SUPPLIER0153,PROD0122,2025-07-19,1133.9260994368183,11967.315344786612,22337928.04999888,Pending
PO0154,SUPPLIER0154,PROD0122,2025-03-01,841.2221446159823,18766.174972385554,50256934.45928763,Cancelled
PO0155,SUPPLIER0155,PROD0122,2026-04-16,604.0222425359464,8916.691380237693,3876173.317856561,Cancelled
PO0156,SUPPLIER0156,PROD0122,2025-12-18,49.634878276400286,1294.5594456134086,3472874.922335281,Cancelled
PO0157,SUPPLIER0157,PROD0077,2026-05-19,1024.3125757178957,16830.50616510605,1541089.1805228966,Pending
PO0158,SUPPLIER0158,PROD0077,2026-04-16,614.6821716177393,13413.429172160888,20213867.35335138,Cancelled
PO0159,SUPPLIER0159,PROD0077,2026-04-16,604.0669653643873,15808.624664363106,8648159.440399557,Cancelled
PO0160,SUPPLIER0160,PROD0077,2025-04-06,1029.67443628109,19845.541488425606,19813605.313997984,Pending
PO0161,SUPPLIER0161,PROD0077,2026-05-17,450.2955916377909,16173.64314850018,7463839.803709526,Cancelled
PO0162,SUPPLIER0162,PROD0077,2026-06-11,1643.254855905861,24128.338927590212,399592.32609502034,Pending
PO0163,SUPPLIER0163,PROD0077,2025-06-27,639.9921585516138,1851.1830508025166,30765679.797026437,Pending
PO0164,SUPPLIER0164,PROD0077,2025-07-01,1343.6016991902493,10098.128959523649,14663918.57406183,Cancelled
PO0165,SUPPLIER0165,PROD0077,2025-10-23,1409.1176369205677,21456.905525618615,18741785.132197686,Pending
PO0166,SUPPLIER0166,PROD0077,2025-06-27,1845.0925344959014,18351.00705750522,6388960.194325102,Cancelled
PO0167,SUPPLIER0167,PROD0077,2025-03-07,2302.8864998078775,19471.94032541535,3902135.8876829147,Cancelled
PO0168,SUPPLIER0168,PROD0077,2025-06-27,2349.819824619491,16397.092066630925,40723797.35845942,Cancelled
PO0169,SUPPLIER0169,PROD0077,2025-04-29,299.21917479819683,15701.21788957629,12415355.180132203,Pending
PO0170,SUPPLIER0170,PROD0077,2025-07-31,1442.4415137150638,21488.519776593974,3823630.1570863663,Pending
PO0171,SUPPLIER0171,PROD0077,2025-03-06,58.26637546134479,7595.144488997205,9574820.628829502,Pending
PO0172,SUPPLIER0172,PROD0077,2026-05-19,2239.3646368685695,11308.57322416122,42752117.75741234,Pending
PO0173,SUPPLIER0173,PROD0103,2025-09-03,2019.0271632298368,8441.073448467036,31275721.582046997,Pending
PO0174,SUPPLIER0174,PROD0103,2025-07-31,499.298453412919,16059.8833867769,13167214.852732847,Pending
PO0175,SUPPLIER0175,PROD0103,2025-02-23,1174.4025439866666,9500.391323022357,7009261.551498242,Cancelled
PO0176,SUPPLIER0176,PROD0103,2026-06-11,1851.678386865143,25194.95035776102,9092260.23848241,Pending
PO0177,SUPPLIER0177,PROD0103,2025-03-02,2250.113462542568,11505.84253294293,34535537.80381319,Pending
PO0178,SUPPLIER0178,PROD0103,2026-01-29,1789.1039510115404,19385.666864264695,35162775.76351252,Cancelled
PO0179,SUPPLIER0179,PROD0103,2025-03-02,344.93788794065006,20028.475341878566,8994879.163792068,Pending
PO0180,SUPPLIER0180,PROD0103,2025-12-18,1289.385069688279,10518.126817117793,7248366.239130651,Pending
PO0181,SUPPLIER0181,PROD0103,2025-05-14,119.25061426739023,847.7166247567151,21141040.584100492,Cancelled
PO0182,SUPPLIER0182,PROD0103,2026-04-14,439.29153934286785,5550.043276043691,37740902.61974846,Pending
PO0183,SUPPLIER0183,PROD0103,2025-08-31,1211.371332910205,13889.07261119278,14285547.335198436,Cancelled
PO0184,SUPPLIER0184,PROD0103,2026-01-29,2025.3169846660944,1132.802711645222,40758282.700368434,Cancelled
PO0185,SUPPLIER0185,PROD0103,2025-12-18,1544.888081060752,14040.596906588948,14949429.145472186,Cancelled
PO0186,SUPPLIER0186,PROD0103,2026-05-17,2122.9508522334677,15016.266528106778,7231405.2276225025,Cancelled
PO0187,SUPPLIER0187,PROD0103,2025-05-16,1722.982433719681,6065.600209775622,7064761.8644272005,Cancelled
PO0188,SUPPLIER0188,PROD0101,2025-03-12,925.9930723966289,1956.2763879358872,4570843.6819267515,Pending
PO0189,SUPPLIER0189,PROD0101,2026-06-11,1536.791467471384,14338.410513600706,390902.07165517606,Pending
PO0190,SUPPLIER0190,PROD0101,2026-02-23,31.009586973933057,16106.354604490032,27708256.940750647,Pending
PO0191,SUPPLIER0191,PROD0101,2026-03-16,44.53939001150369,11591.381904397147,13133190.02816386,Pending
PO0192,SUPPLIER0192,PROD0101,2025-10-29,961.4633323692543,4968.691218060709,27358374.7641149,Cancelled
PO0193,SUPPLIER0193,PROD0101,2025-12-18,491.856077839415,8078.808799258886,2658180.3305617236,Pending
PO0194,SUPPLIER0194,PROD0101,2025-03-06,2148.5061829300676,4899.408876308894,34270061.768567756,Pending
PO0195,SUPPLIER0195,PROD0101,2026-03-16,450.4007696421362,9291.339683285774,7018788.791388115,Pending
PO0196,SUPPLIER0196,PROD0101,2026-01-29,1941.1782081581225,16674.946235359093,28030322.756160352,Cancelled
PO0197,SUPPLIER0197,PROD0101,2026-05-17,629.2146682854319,8540.05775391364,6807908.549255095,Pending
PO0198,SUPPLIER0198,PROD0101,2026-02-02,2136.9509219288866,9612.275548989805,12025739.64095443,Cancelled
PO0199,SUPPLIER0199,PROD0101,2025-09-07,818.840439807868,3204.805937104764,2718500.0234020045,Cancelled
PO0200,SUPPLIER0200,PROD0101,2025-06-27,605.5835487411546,8932.357324569506,10720372.87395389,Pending
PO0201,SUPPLIER0201,PROD0101,2025-05-26,121.89196173316283,15448.225186293128,38454529.0920403,Cancelled
PO0202,SUPPLIER0202,PROD0101,2025-05-26,1256.0538190870896,4598.133872276486,4172586.642458156,Cancelled
PO0203,SUPPLIER0203,PROD0119,2025-05-25,2323.3984610441503,6600.880099226484,1042879.8300002954,Pending
PO0204,SUPPLIER0204,PROD0119,2025-11-08,1988.7771276991834,15302.96485217705,32563742.7621552,Cancelled
PO0205,SUPPLIER0205,PROD0119,2025-01-28,2427.3467993849267,16512.347343847454,5419520.733680818,Pending
PO0206,SUPPLIER0206,PROD0119,2025-07-19,1323.1636899543646,20934.67447368532,11400702.724217461,Pending
PO0207,SUPPLIER0207,PROD0119,2025-01-28,2088.8600932006784,24855.253735262235,66022.53114457167,Pending
PO0208,SUPPLIER0208,PROD0119,2026-03-17,777.3928709887712,739.9119012188296,26942524.60597565,Pending
PO0209,SUPPLIER0209,PROD0119,2026-02-23,650.5500847683284,1190.7012044043686,29978602.15680293,Pending
PO0210,SUPPLIER0210,PROD0119,2025-03-07,455.5478621006376,7637.6718086192195,404362.3870439711,Cancelled
PO0211,SUPPLIER0211,PROD0119,2025-04-06,2115.0634679553036,13450.37364124017,3384067.1706400425,Pending
PO0212,SUPPLIER0212,PROD0119,2026-08-06,1613.6203309118994,2053.9836408518986,23863074.5859229,Pending
PO0213,SUPPLIER0213,PROD0119,2025-09-06,1238.9871272761898,16751.108610514577,32023710.605703957,Cancelled
PO0214,SUPPLIER0214,PROD0119,2025-03-16,1471.5515362651674,1233.12632564051,16135017.065449225,Cancelled
PO0215,SUPPLIER0215,PROD0119,2026-01-03,2193.115512679585,5370.770806509868,20938309.27440462,Cancelled
PO0216,SUPPLIER0216,PROD0119,2026-05-23,1796.2742640898605,22979.066862806518,24286741.088247266,Pending
PO0217,SUPPLIER0217,PROD0119,2025-02-25,1674.5282733345073,4163.395711176305,8776354.099141812,Cancelled
PO0218,SUPPLIER0218,PROD0032,2026-06-11,1240.9238773277025,7525.713132846681,14196613.983328046,Cancelled
PO0219,SUPPLIER0219,PROD0032,2026-06-17,2192.151566937594,7165.3169380508925,8995973.897313925,Cancelled
PO0220,SUPPLIER0220,PROD0032,2026-08-06,81.73751800990611,3394.9697444792,915576.0875592079,Cancelled
PO0221,SUPPLIER0221,PROD0032,2025-06-09,2368.6142785803822,12843.00128498099,53378929.46835931,Pending
PO0222,SUPPLIER0222,PROD0032,2025-02-23,1529.3859367534362,17732.60811002847,27526558.688332763,Pending
PO0223,SUPPLIER0223,PROD0032,2025-05-16,76.99119261725286,11248.291106201357,26662078.372589782,Pending
PO0224,SUPPLIER0224,PROD0032,2025-03-02,1428.9603014271756,8697.252164369362,25973301.203471977,Cancelled
PO0225,SUPPLIER0225,PROD0032,2026-02-10,1582.2090180958205,2140.204655729107,36808560.96770792,Pending
PO0226,SUPPLIER0226,PROD0032,2026-02-02,70.16356884435002,18714.437908640903,5415338.314744069,Pending
PO0227,SUPPLIER0227,PROD0032,2025-03-06,1572.3673289392923,22718.436750748497,17309357.698816516,Pending
PO0228,SUPPLIER0228,PROD0032,2026-01-13,1621.8368269896018,2999.6856464461225,10600911.047448318,Cancelled
PO0229,SUPPLIER0229,PROD0032,2026-04-14,1780.027809300523,3704.089640358317,2671314.727005541,Pending
PO0230,SUPPLIER0230,PROD0032,2025-10-23,1066.2133213684194,21486.336015660567,8608849.361245498,Pending
PO0231,SUPPLIER0231,PROD0032,2025-03-09,454.37039944677883,1946.6344783285595,4209870.373061976,Cancelled
PO0232,SUPPLIER0232,PROD0098,2025-01-28,491.6250044293879,20969.193550831118,17434019.13866493,Cancelled
PO0233,SUPPLIER0233,PROD0098,2025-12-26,425.427706516247,2887.0557253606994,3982848.7244376866,Pending
PO0234,SUPPLIER0234,PROD0098,2026-04-07,2260.5368525707863,12507.362736146273,20360582.1396712,Cancelled
PO0235,SUPPLIER0235,PROD0098,2026-03-16,1242.5211465850048,21999.331165371725,11255652.877366206,Cancelled
PO0236,SUPPLIER0236,PROD0098,2025-02-23,1555.0068382792404,12939.87109106895,45652747.434728,Pending
PO0237,SUPPLIER0237,PROD0098,2026-02-10,2364.267323256317,13268.278588244231,7445186.043771431,Pending
PO0238,SUPPLIER0238,PROD0098,2025-01-28,524.3450374457099,18886.46842480253,36062528.452625565,Cancelled
PO0239,SUPPLIER0239,PROD0098,2026-06-11,1884.175823448279,2665.2624528618526,10320497.66523389,Pending
PO0240,SUPPLIER0240,PROD0098,2025-05-16,196.90303137638278,24917.617985953115,18869043.144268073,Cancelled
PO0241,SUPPLIER0241,PROD0098,2025-01-20,173.706865463838,4859.393629557759,22547049.02231579,Cancelled
PO0242,SUPPLIER0242,PROD0098,2026-02-10,2103.3257140012465,21787.269071157265,1493561.6698809315,Pending
PO0243,SUPPLIER0243,PROD0098,2026-05-23,1761.1287739621716,13654.581085901238,6880681.592723674,Pending
PO0244,SUPPLIER0244,PROD0098,2026-03-30,1548.345006181499,4116.098712294963,4479549.7660275195,Cancelled
PO0245,SUPPLIER0245,PROD0098,2026-04-16,679.500515508658,19918.904136435318,33753817.13851673,Cancelled
PO0246,SUPPLIER0246,PROD0102,2026-03-16,1489.6694285664457,20767.456280166465,30179632.957281936,Cancelled
PO0247,SUPPLIER0247,PROD0102,2025-05-16,198.89432399913042,13235.811819412913,4430116.517582744,Pending
PO0248,SUPPLIER0248,PROD0102,2026-05-23,1652.0262937908326,7861.26281932725,736285.2386556962,Cancelled
PO0249,SUPPLIER0249,PROD0102,2026-05-19,863.139962669305,6545.061410462427,9615309.70423718,Pending
PO0250,SUPPLIER0250,PROD0102,2026-03-15,1312.0445227937087,22284.408594287754,3973069.625721258,Pending
PO0251,SUPPLIER0251,PROD0102,2026-06-11,1809.9021751092,23041.61807791164,56680042.1823298,Cancelled
PO0252,SUPPLIER0252,PROD0102,2025-06-27,1936.4468760782793,9705.340694487544,379247.50717479,Cancelled
PO0253,SUPPLIER0253,PROD0102,2026-03-15,108.48042417399603,20567.74205070321,38171512.00436776,Pending
PO0254,SUPPLIER0254,PROD0102,2025-06-27,2195.682046935562,9976.590884941548,16415739.264190117,Pending
PO0255,SUPPLIER0255,PROD0102,2025-04-06,834.2343404996785,16180.675133825833,6970798.4910842655,Pending
PO0256,SUPPLIER0256,PROD0102,2025-01-13,1025.940693955107,23335.080288917645,12577972.967573868,Cancelled
PO0257,SUPPLIER0257,PROD0102,2025-01-12,2346.5994247387553,19938.20851467641,23414890.354768317,Pending
PO0258,SUPPLIER0258,PROD0102,2026-01-13,1385.5538329428862,21950.453251483883,21981268.267494157,Pending
PO0259,SUPPLIER0259,PROD0102,2025-11-24,504.7490139250807,22657.740260217186,1251382.055342582,Cancelled
PO0260,SUPPLIER0260,PROD0172,2026-04-07,1894.2141518000644,6615.307970506211,43733190.25079231,Pending
PO0261,SUPPLIER0261,PROD0172,2025-05-24,1526.8739292081732,15603.552153873385,40647760.904625446,Cancelled
PO0262,SUPPLIER0262,PROD0172,2025-01-05,989.003666038393,3729.3599578185967,48391595.06314869,Pending
PO0263,SUPPLIER0263,PROD0172,2025-05-26,2286.051229936928,13502.363157968557,12628072.350335585,Cancelled
PO0264,SUPPLIER0264,PROD0172,2025-03-16,1940.0677990703236,1934.5033211484892,4612224.486957225,Cancelled
PO0265,SUPPLIER0265,PROD0172,2026-01-29,2007.966281474359,20985.506198646377,1393813.238596883,Cancelled
PO0266,SUPPLIER0266,PROD0172,2026-02-02,1463.527234429395,7167.9146785873945,3034927.4836401935,Pending
PO0267,SUPPLIER0267,PROD0172,2025-02-23,2202.618971067168,18731.72043899828,4761209.836972696,Cancelled
PO0268,SUPPLIER0268,PROD0172,2025-05-25,88.33984601405865,17729.41957681057,16372011.510247547,Pending
PO0269,SUPPLIER0269,PROD0172,2025-10-26,2070.3292585869017,9423.02959267849,20286080.086347416,Pending
PO0270,SUPPLIER0270,PROD0172,2026-05-17,611.1902254667866,4739.8718607116425,21787916.617024936,Cancelled
PO0271,SUPPLIER0271,PROD0172,2025-10-23,495.0823502202668,5340.671370945158,10046370.023809347,Cancelled
PO0272,SUPPLIER0272,PROD0172,2026-02-19,1446.4233254641304,18234.888926123545,19069434.475020185,Cancelled
PO0273,SUPPLIER0273,PROD0172,2025-04-06,2148.1041312814477,3005.638630800717,3644349.4176036115,Cancelled
PO0274,SUPPLIER0274,PROD0127,2026-01-13,1998.1371508796053,22479.75447457166,31987056.090338532,Pending
PO0275,SUPPLIER0275,PROD0127,2026-02-10,2353.83548298857,11090.017356131528,47370845.02600149,Pending
PO0276,SUPPLIER0276,PROD0127,2026-04-16,500.046524761764,8011.078020248851,30058911.15793583,Cancelled
PO0277,SUPPLIER0277,PROD0127,2026-04-07,1945.200716319837,2560.17338570517,9066822.480703406,Pending
PO0278,SUPPLIER0278,PROD0127,2026-05-17,539.4763538313729,17735.351783773647,6892245.240886225,Pending
PO0279,SUPPLIER0279,PROD0127,2026-03-16,675.4864631045048,10705.227517005804,15894258.152751653,Pending
PO0280,SUPPLIER0280,PROD0127,2026-03-15,1870.0509572571934,971.9270838941812,15905596.76763896,Cancelled
PO0281,SUPPLIER0281,PROD0127,2025-06-27,2320.0654292250247,2382.0005040159317,26522538.528832886,Cancelled
PO0282,SUPPLIER0282,PROD0127,2025-06-27,1344.7724084998722,8835.718894665644,10297011.920338264,Pending
PO0283,SUPPLIER0283,PROD0127,2026-06-11,687.8421818551583,14858.108180163452,2921436.001373345,Cancelled
PO0284,SUPPLIER0284,PROD0127,2026-02-02,604.9212934452657,9077.858563029975,13980316.004298637,Pending
PO0285,SUPPLIER0285,PROD0127,2025-03-16,552.8530707837667,13239.581967365506,48286056.76123483,Cancelled
PO0286,SUPPLIER0286,PROD0127,2025-12-06,1145.2978815631195,11774.349022029694,4766979.205163813,Cancelled
PO0287,SUPPLIER0287,PROD0127,2025-08-31,1791.160684143454,15735.242780112323,36887424.91754326,Pending
PO0288,SUPPLIER0288,PROD0041,2025-03-09,1481.8096231233442,2112.1432112486523,3887206.3062897315,Cancelled
PO0289,SUPPLIER0289,PROD0041,2025-05-25,1073.5030180093595,14653.225932174284,37235605.42047703,Pending
PO0290,SUPPLIER0290,PROD0041,2025-10-29,1505.541723717569,6067.465157612435,5198018.988446594,Cancelled
PO0291,SUPPLIER0291,PROD0041,2025-03-02,1959.724248082491,14958.506789948406,28506542.714962255,Pending
PO0292,SUPPLIER0292,PROD0041,2025-03-16,2128.4476626709998,1806.7615141198783,32790911.88015464,Cancelled
PO0293,SUPPLIER0293,PROD0041,2025-05-16,1699.5494933002476,20340.779385675258,1336587.8386990398,Pending
PO0294,SUPPLIER0294,PROD0041,2026-05-23,1244.1505277284184,26499.167257912453,38284397.6017749,Pending
PO0295,SUPPLIER0295,PROD0041,2026-04-19,355.6970198999467,15967.496682671868,517754.27137333475,Pending
PO0296,SUPPLIER0296,PROD0041,2025-01-24,1327.694011654967,11315.137192817085,4327597.109710824,Pending
PO0297,SUPPLIER0297,PROD0041,2026-03-16,849.8004633437122,1808.9959426822852,15283341.696079638,Pending
PO0298,SUPPLIER0298,PROD0041,2026-03-17,2420.6453928166275,11049.754032863282,858091.3163149655,Pending
PO0299,SUPPLIER0299,PROD0041,2025-03-02,1091.1735735886002,16011.494174873435,21685337.459142745,Cancelled
PO0300,SUPPLIER0300,PROD0041,2025-06-09,391.0177802127505,8287.039138786735,19418840.699632064,Cancelled
PO0301,SUPPLIER0301,PROD0041,2025-05-25,2259.737376414383,16063.70552842225,2328919.786423335,Cancelled
PO0302,SUPPLIER0302,PROD0126,2026-02-02,1580.6527113982252,19421.64000502906,16552384.445526104,Pending
PO0303,SUPPLIER0303,PROD0126,2026-02-10,1277.2470479320468,9128.09573053331,18064046.61841942,Pending
PO0304,SUPPLIER0304,PROD0126,2025-02-20,433.9974141526024,714.0116763131057,28906060.324095942,Cancelled
PO0305,SUPPLIER0305,PROD0126,2026-03-30,1876.3704627286165,7116.31514598337,20541101.20281719,Cancelled
PO0306,SUPPLIER0306,PROD0126,2025-12-18,177.3171670895315,11556.724791683093,37210589.24467326,Pending
PO0307,SUPPLIER0307,PROD0126,2025-10-23,373.6692924698427,9595.209158396583,5748013.167191827,Pending
PO0308,SUPPLIER0308,PROD0126,2025-01-05,1481.5379646720535,18006.060609429194,29126457.486771546,Pending
PO0309,SUPPLIER0309,PROD0126,2026-05-12,2132.1671137434478,21412.827558523335,3427375.527607463,Cancelled
PO0310,SUPPLIER0310,PROD0126,2025-07-31,134.70862688899834,17316.945773836742,7467207.389420979,Pending
PO0311,SUPPLIER0311,PROD0126,2025-12-26,738.5920509352244,6844.580269651102,16413897.982357938,Pending
PO0312,SUPPLIER0312,PROD0126,2025-06-27,207.60236081116184,17215.40526538624,1823910.3762788894,Pending
PO0313,SUPPLIER0313,PROD0126,2025-04-06,1107.4399413135984,2937.334546309171,36407292.87710076,Pending
PO0314,SUPPLIER0314,PROD0126,2025-11-24,145.5406708611107,23807.504511820152,36949078.12950631,Cancelled
PO0315,SUPPLIER0315,PROD0126,2025-03-02,636.4686466696933,25967.000165462192,13530374.022092102,Pending
PO0316,SUPPLIER0316,PROD0038,2025-11-22,831.5885391289612,18580.048053598362,19951838.46423956,Cancelled
PO0317,SUPPLIER0317,PROD0038,2025-03-07,2276.6944455901103,4093.460086136326,4149955.0780368033,Cancelled
PO0318,SUPPLIER0318,PROD0038,2025-06-27,537.4326684629658,25497.954611569992,9162440.74226202,Pending
PO0319,SUPPLIER0319,PROD0038,2025-03-16,38.792012515005865,1742.0287251542472,51186060.94909968,Pending
PO0320,SUPPLIER0320,PROD0038,2025-06-27,42.50926919452575,11191.06515767047,4330589.353885328,Pending
PO0321,SUPPLIER0321,PROD0038,2025-05-25,403.8337563758357,20220.703914916692,7219180.664231344,Pending
PO0322,SUPPLIER0322,PROD0038,2025-03-14,1118.3356637076813,23334.26369302257,26118507.942466028,Cancelled
PO0323,SUPPLIER0323,PROD0038,2025-07-19,703.8973761321267,10824.656388383572,17868485.934785623,Pending
PO0324,SUPPLIER0324,PROD0038,2025-03-16,81.2142972463865,6692.828407045967,12587004.39540816,Cancelled
PO0325,SUPPLIER0325,PROD0038,2026-04-16,1551.8584478954126,4366.7214125029595,23259123.794188432,Pending
PO0326,SUPPLIER0326,PROD0038,2026-04-14,1478.1767221640116,11425.887520928467,1822509.159215069,Pending
PO0327,SUPPLIER0327,PROD0038,2025-11-24,2017.7650004795526,16874.23778529384,29958137.14586867,Pending
PO0328,SUPPLIER0328,PROD0038,2025-04-06,1372.8434884371675,20383.22582573992,10963551.321645718,Cancelled
PO0329,SUPPLIER0329,PROD0038,2026-02-10,372.0496653775601,15672.702611507291,7600460.441938928,Pending
PO0330,SUPPLIER0330,PROD0155,2025-12-18,1078.7260081293473,5520.220363106027,17548229.760829106,Cancelled
PO0331,SUPPLIER0331,PROD0155,2025-06-09,1761.2673792848366,6563.255450062778,28720997.228423957,Cancelled
PO0332,SUPPLIER0332,PROD0155,2025-09-06,35.71802057175793,6989.723212159811,20645818.926225323,Pending
PO0333,SUPPLIER0333,PROD0155,2025-09-23,944.0926453268744,11993.773545831904,16298893.465076074,Cancelled
PO0334,SUPPLIER0334,PROD0155,2026-05-23,2002.3826758250689,15556.749870453838,1307308.5062349034,Cancelled
PO0335,SUPPLIER0335,PROD0155,2026-06-20,847.0855263417529,19653.32157458343,13626278.572050536,Cancelled
PO0336,SUPPLIER0336,PROD0155,2025-10-26,610.3952748033726,11715.564825176632,5253584.105274057,Cancelled
PO0337,SUPPLIER0337,PROD0155,2025-09-03,37.39404143089847,11898.699505080718,2542402.4034839994,Cancelled
PO0338,SUPPLIER0338,PROD0155,2025-12-18,2050.203291564523,4099.626412198553,15963379.807867864,Pending
PO0339,SUPPLIER0339,PROD0155,2025-09-03,241.24984481166098,19505.750365052656,12207120.206783121,Cancelled
PO0340,SUPPLIER0340,PROD0155,2025-07-19,203.87034926799836,11211.658165246563,5207017.632900486,Pending
PO0341,SUPPLIER0341,PROD0155,2025-02-20,2102.8217541779877,9199.534005397465,6364435.557165181,Cancelled
PO0342,SUPPLIER0342,PROD0155,2025-01-12,671.1226829364334,1081.14943094667,35336763.46618911,Pending
PO0343,SUPPLIER0343,PROD0002,2025-03-14,1524.5133739118528,10307.560152505606,6490744.306656668,Pending
PO0344,SUPPLIER0344,PROD0002,2025-03-09,110.55676821526878,14725.59652523517,10533012.58652668,Pending
PO0345,SUPPLIER0345,PROD0002,2026-01-29,1015.7569229337422,10790.823480187724,20385398.230318807,Cancelled
PO0346,SUPPLIER0346,PROD0002,2026-04-14,1447.1693730351117,13497.244876457718,2686803.969229784,Pending
PO0347,SUPPLIER0347,PROD0002,2026-02-02,1194.890402692679,4436.908811223395,32075019.90906477,Pending
PO0348,SUPPLIER0348,PROD0002,2025-12-26,876.0460256224046,7611.158099170584,1899180.464949163,Pending
PO0349,SUPPLIER0349,PROD0002,2026-04-09,789.1387035134769,13671.369061730195,42250817.127827674,Pending
PO0350,SUPPLIER0350,PROD0002,2026-04-14,429.54789428908623,5868.929518421143,47620650.341496766,Pending
PO0351,SUPPLIER0351,PROD0002,2025-12-26,184.69070142325754,8320.273371100582,6854229.059477054,Cancelled
PO0352,SUPPLIER0352,PROD0002,2026-08-18,131.37401749874698,18226.161329065537,909065.4105344436,Cancelled
PO0353,SUPPLIER0353,PROD0002,2026-05-23,1752.5177381388107,8988.613781859827,27433838.733921614,Pending
PO0354,SUPPLIER0354,PROD0002,2026-02-10,1417.5583489470691,23585.364477359584,18394505.178581733,Pending
PO0355,SUPPLIER0355,PROD0002,2025-08-31,773.987648933761,12095.922828719898,18475710.950709134,Cancelled
PO0356,SUPPLIER0356,PROD0163,2025-05-16,1077.8408108773835,11509.161221557353,1984671.1731636114,Cancelled
PO0357,SUPPLIER0357,PROD0163,2025-01-05,539.8171304449708,3506.632611032396,9737645.140424866,Pending
PO0358,SUPPLIER0358,PROD0163,2025-03-10,1852.6369128011556,5690.497060481709,1215459.9427320303,Cancelled
PO0359,SUPPLIER0359,PROD0163,2025-05-14,1433.9224886417671,4347.821872045195,26528388.412606187,Cancelled
PO0360,SUPPLIER0360,PROD0163,2026-05-23,674.0960224895681,7178.6707988827275,8508926.657599613,Pending
PO0361,SUPPLIER0361,PROD0163,2025-10-23,780.6309986727454,19839.48089375807,327457.8212991058,Pending
PO0362,SUPPLIER0362,PROD0163,2025-08-31,1034.114110271616,16618.646603205187,29392098.21694335,Cancelled
PO0363,SUPPLIER0363,PROD0163,2026-05-19,1737.3094219369614,26204.555408386736,20127696.79031202,Pending
PO0364,SUPPLIER0364,PROD0163,2025-03-02,95.56247120381754,1357.4891218710886,16083972.766190654,Cancelled
PO0365,SUPPLIER0365,PROD0163,2025-01-25,1299.3097520488066,2268.259043283672,622476.5626844971,Cancelled
PO0366,SUPPLIER0366,PROD0163,2026-04-19,566.271911810344,10906.348568366164,41431295.286011524,Pending
PO0367,SUPPLIER0367,PROD0163,2025-03-06,1676.9326075003844,2180.9045105642795,39709900.55296689,Pending
PO0368,SUPPLIER0368,PROD0163,2026-03-16,2134.9477705609115,18323.806971269536,19896421.404124036,Cancelled
PO0369,SUPPLIER0369,PROD0026,2026-01-13,2491.3051994115303,24401.830155109477,2714151.4053867105,Pending
PO0370,SUPPLIER0370,PROD0026,2025-07-31,680.3526246630502,16158.301693477319,61927549.79566846,Pending
PO0371,SUPPLIER0371,PROD0026,2025-07-31,526.7073705897874,7981.996020692784,6348108.596870502,Pending
PO0372,SUPPLIER0372,PROD0026,2025-06-27,74.39613364107862,3232.5617051562017,28801293.181040373,Pending
PO0373,SUPPLIER0373,PROD0026,2025-06-09,1168.4701692799433,18155.339736320333,29124874.247028813,Cancelled
PO0374,SUPPLIER0374,PROD0026,2026-06-11,1059.2909282491971,14309.065355667928,5188347.505113067,Pending
PO0375,SUPPLIER0375,PROD0026,2025-12-30,2163.0610014950717,11307.660129297823,10974247.99584587,Cancelled
PO0376,SUPPLIER0376,PROD0026,2026-08-06,262.1411021756805,20215.373686655643,16498551.356650515,Cancelled
PO0377,SUPPLIER0377,PROD0026,2026-08-06,2183.2312057585555,20381.049064558494,23990564.09581213,Pending
PO0378,SUPPLIER0378,PROD0026,2025-12-18,38.612913915794394,3787.1469529547267,22256945.596446056,Cancelled
PO0379,SUPPLIER0379,PROD0026,2025-03-07,1978.5275754035583,10101.041264072404,23736938.25035554,Cancelled
PO0380,SUPPLIER0380,PROD0026,2025-03-02,646.338655387496,25264.99956267714,4492191.438616857,Pending
PO0381,SUPPLIER0381,PROD0026,2025-04-29,2284.760295653551,17127.28555114781,26099551.237516936,Pending
PO0382,SUPPLIER0382,PROD0170,2025-01-05,1182.5537345245236,10136.90531769778,252678.92184855847,Pending
PO0383,SUPPLIER0383,PROD0170,2026-01-29,483.2190362670701,13636.582807914305,19726271.151462365,Pending
PO0384,SUPPLIER0384,PROD0170,2026-02-02,750.1905633417523,1120.7553701863383,14383160.226006512,Pending
PO0385,SUPPLIER0385,PROD0170,2025-01-05,1387.0232178405909,6548.024781025843,5329359.361837384,Pending
PO0386,SUPPLIER0386,PROD0170,2025-03-14,2309.756225226027,16772.975659051863,17403160.42106439,Cancelled
PO0387,SUPPLIER0387,PROD0170,2025-03-06,1818.5231451288885,7010.320241188942,35815.6,Pending
PO0388,SUPPLIER0388,PROD0170,2026-03-30,2005.6877204914854,21809.638522886336,16422426.25691027,Pending
PO0389,SUPPLIER0389,PROD0170,2026-03-30,1854.335630049252,9160.841988173957,4140130.792063754,Pending
PO0390,SUPPLIER0390,PROD0170,2025-09-23,41.308098392450944,20266.971414935346,14225362.65006766,Cancelled
PO0391,SUPPLIER0391,PROD0170,2025-03-09,42.37152152774146,15553.783626232182,19176213.834839616,Cancelled
PO0392,SUPPLIER0392,PROD0170,2025-07-31,1823.0639040509843,26042.319638878198,9058991.981822783,Pending
PO0393,SUPPLIER0393,PROD0170,2026-06-16,1539.1828268298148,4373.951955467437,11717007.529041586,Pending
PO0394,SUPPLIER0394,PROD0170,2026-06-08,674.2966898123515,18817.471820388015,7814227.454758089,Cancelled
PO0395,SUPPLIER0395,PROD0045,2026-04-07,1472.5564616779686,5854.271720095463,6957747.869873682,Cancelled
PO0396,SUPPLIER0396,PROD0045,2025-06-27,1807.5984097156206,6576.851376479289,10068358.795120372,Pending
PO0397,SUPPLIER0397,PROD0045,2026-02-10,148.16784866323,22515.605840570704,6376222.409024755,Pending
PO0398,SUPPLIER0398,PROD0045,2025-02-23,666.2832379471123,13874.790430178751,22881497.396778032,Cancelled
PO0399,SUPPLIER0399,PROD0045,2025-05-25,1090.6971656150104,16938.417684964643,1834668.1587814956,Pending
PO0400,SUPPLIER0400,PROD0045,2025-12-17,40.93608994328323,7932.856094991229,2318290.4269755217,Cancelled
PO0401,SUPPLIER0401,PROD0045,2026-01-14,598.5067225874002,14442.708063243861,24139416.873130597,Cancelled
PO0402,SUPPLIER0402,PROD0045,2025-03-01,2113.9128624995965,1834.508821059414,13859396.584772386,Cancelled
PO0403,SUPPLIER0403,PROD0045,2025-01-10,1647.866135493456,13900.531940231529,5868955.900987475,Cancelled
PO0404,SUPPLIER0404,PROD0045,2026-08-18,828.1615108206403,13546.106949515888,7568634.601674744,Cancelled
PO0405,SUPPLIER0405,PROD0045,2026-04-19,2137.932590476515,7675.577009203412,11152430.876777206,Pending
PO0406,SUPPLIER0406,PROD0045,2025-03-16,324.8968500754517,15821.916080646193,25313134.493858155,Cancelled
PO0407,SUPPLIER0407,PROD0045,2025-03-06,965.5138404446562,23776.432531586823,32104559.842111003,Pending
PO0408,SUPPLIER0408,PROD0017,2025-03-16,564.8261455020343,22890.489612623594,6068103.338620549,Cancelled
PO0409,SUPPLIER0409,PROD0017,2025-02-20,1808.6083450456993,3129.0671742349396,4236557.050361179,Pending
PO0410,SUPPLIER0410,PROD0017,2026-05-17,2159.9788723129027,20963.344844224015,17493319.882347897,Pending
PO0411,SUPPLIER0411,PROD0017,2025-01-12,443.26835408496214,1772.6361429408328,46875697.39365515,Cancelled
PO0412,SUPPLIER0412,PROD0017,2025-08-31,2143.0838412993526,15044.589232556782,22773728.975257784,Pending
PO0413,SUPPLIER0413,PROD0017,2025-01-12,570.5440968959145,16487.807772133932,541077.110909342,Pending
PO0414,SUPPLIER0414,PROD0017,2025-08-31,773.7726115662078,16452.52475045907,3412612.0985483015,Pending
PO0415,SUPPLIER0415,PROD0017,2026-02-19,1430.4854291996373,20488.926204616913,44193606.26479969,Cancelled
PO0416,SUPPLIER0416,PROD0017,2026-03-30,2338.728639383284,16154.809156228956,32790564.181244373,Pending
PO0417,SUPPLIER0417,PROD0017,2025-04-06,776.8218763796466,11763.113542505656,1720062.7267748653,Pending
PO0418,SUPPLIER0418,PROD0017,2025-01-28,1304.4632503391683,19980.64138678131,2961972.196796141,Cancelled
PO0419,SUPPLIER0419,PROD0017,2026-08-18,353.6739058188446,6274.692389577814,7659233.7985528475,Cancelled
PO0420,SUPPLIER0420,PROD0017,2025-01-28,297.9352070844749,16933.428930829738,4408641.952903571,Cancelled
PO0421,SUPPLIER0421,PROD0076,2025-11-08,1840.2253065796453,19712.22723808849,10233736.867343705,Cancelled
PO0422,SUPPLIER0422,PROD0076,2026-05-17,1047.4070417153869,14561.490194197295,15621390.726851825,Pending
PO0423,SUPPLIER0423,PROD0076,2025-03-29,2264.4470298377632,3474.154552748462,27049132.161092903,Pending
PO0424,SUPPLIER0424,PROD0076,2025-11-18,1467.192283718453,18848.481455744022,4604119.860017596,Pending
PO0425,SUPPLIER0425,PROD0076,2025-12-18,1415.5711598824425,10237.577840249027,12723003.670116726,Pending
PO0426,SUPPLIER0426,PROD0076,2025-09-03,1201.117848805343,20838.406041572038,1692956.1014277516,Cancelled
PO0427,SUPPLIER0427,PROD0076,2026-05-19,97.30725813891699,11608.705110750767,49407695.761775985,Pending
PO0428,SUPPLIER0428,PROD0076,2026-03-15,1688.610917075654,2589.0449301384406,8702641.001016965,Cancelled
PO0429,SUPPLIER0429,PROD0076,2026-06-08,2102.3253969951247,20003.195151304142,1832898.755534893,Pending
PO0430,SUPPLIER0430,PROD0076,2025-06-27,935.3121448584216,17408.019673987983,1371237.5759725936,Pending
PO0431,SUPPLIER0431,PROD0076,2026-04-16,1489.6941631732018,11843.076060745667,52538038.56312534,Pending
PO0432,SUPPLIER0432,PROD0076,2025-01-24,763.1181943906295,21576.89303006673,3383570.408272497,Pending
PO0433,SUPPLIER0433,PROD0076,2025-12-26,2429.912352237017,9393.101554111565,18243519.285478402,Pending
PO0434,SUPPLIER0434,PROD0078,2025-10-26,2278.461334371454,18344.991580054102,6022118.406875796,Cancelled
PO0435,SUPPLIER0435,PROD0078,2026-02-21,974.6817993647481,14450.454074157848,22387784.701101486,Cancelled
PO0436,SUPPLIER0436,PROD0078,2026-03-05,291.5398262041914,16385.610660490423,52687927.79870181,Pending
PO0437,SUPPLIER0437,PROD0078,2025-08-31,1757.4820681552344,905.8538537634986,11868431.677116843,Pending
PO0438,SUPPLIER0438,PROD0078,2025-09-06,1843.845278690512,18172.841086443397,7582958.8615542445,Cancelled
PO0439,SUPPLIER0439,PROD0078,2025-04-06,2399.970560270001,3529.2583782023034,14675539.887128733,Pending
PO0440,SUPPLIER0440,PROD0078,2026-03-15,964.8310842587214,14593.056092150264,36650237.28459283,Cancelled
PO0441,SUPPLIER0441,PROD0078,2025-03-06,1953.6634381294914,20364.054361699425,8444430.811656896,Pending
PO0442,SUPPLIER0442,PROD0078,2025-01-12,1838.9370715654122,2456.5991804244695,5926100.76165023,Cancelled
PO0443,SUPPLIER0443,PROD0078,2026-02-10,821.6720865239032,18225.173002932563,21402377.695876,Pending
PO0444,SUPPLIER0444,PROD0078,2026-03-30,1758.0030214452095,21283.407470905695,4865768.516829996,Pending
PO0445,SUPPLIER0445,PROD0078,2025-03-02,1579.954347741423,5521.690875097476,41224694.49111842,Cancelled
PO0446,SUPPLIER0446,PROD0078,2026-05-23,530.7810244113156,21221.365549330698,7483270.993274795,Cancelled
PO0447,SUPPLIER0447,PROD0176,2025-03-16,2035.0223551400447,17275.306008968604,29281247.187755655,Cancelled
PO0448,SUPPLIER0448,PROD0176,2025-10-29,1124.7877559720766,16905.320713248842,2714191.141025259,Cancelled
PO0449,SUPPLIER0449,PROD0176,2026-05-19,2394.902568161427,16752.472144630654,4302596.682663403,Cancelled
PO0450,SUPPLIER0450,PROD0176,2025-03-02,2395.9510689729864,9681.343744171001,50444211.102409236,Pending
PO0451,SUPPLIER0451,PROD0176,2026-04-14,967.1230081807851,1971.9462469316186,1074396.4257347456,Pending
PO0452,SUPPLIER0452,PROD0176,2026-04-19,2223.948768068145,20047.915030313485,912849.2224151769,Pending
PO0453,SUPPLIER0453,PROD0176,2025-01-28,2132.200506494989,23964.213909745995,36283894.508323945,Cancelled
PO0454,SUPPLIER0454,PROD0176,2025-04-06,794.4456867851144,5795.729686742755,18577137.42333457,Cancelled
PO0455,SUPPLIER0455,PROD0176,2025-03-09,796.5016219508256,1777.7312517451553,30944486.481207605,Cancelled
PO0456,SUPPLIER0456,PROD0176,2025-05-26,2024.7943543800352,8774.602219440574,37741826.19217456,Cancelled
PO0457,SUPPLIER0457,PROD0176,2026-04-16,218.0258751600676,1658.5095265125897,20468910.734955058,Cancelled
PO0458,SUPPLIER0458,PROD0176,2026-06-08,117.2973533536645,21789.602010321065,3989554.751080145,Cancelled
PO0459,SUPPLIER0459,PROD0176,2026-05-23,206.4783689050957,20997.57760880251,20908649.170129474,Cancelled
PO0460,SUPPLIER0460,PROD0118,2026-02-21,1994.899003546729,17543.189038765155,3493393.7717194525,Cancelled
PO0461,SUPPLIER0461,PROD0118,2025-03-16,403.59108824537543,7444.892828224142,4003162.0334184165,Cancelled
PO0462,SUPPLIER0462,PROD0118,2025-03-12,184.68426990865825,11806.845353413775,17464908.472994458,Cancelled
PO0463,SUPPLIER0463,PROD0118,2025-09-03,677.3342507716225,9266.571798671042,1057446.1650393498,Pending
PO0464,SUPPLIER0464,PROD0118,2026-03-15,453.0614343298167,7194.981994384261,26443487.372865215,Cancelled
PO0465,SUPPLIER0465,PROD0118,2026-06-11,128.3528256873048,12561.118703587907,37629945.97154206,Pending
PO0466,SUPPLIER0466,PROD0118,2025-05-25,2243.787835989055,7360.558803039954,36157721.27805964,Cancelled
PO0467,SUPPLIER0467,PROD0118,2025-03-07,1930.2978083285034,6841.872605792406,13236696.851013755,Pending
PO0468,SUPPLIER0468,PROD0118,2025-09-23,1557.6954328207744,6474.217757744579,32068643.266962606,Cancelled
PO0469,SUPPLIER0469,PROD0118,2026-06-17,1015.4029008863442,4534.718428630237,20022445.841190223,Cancelled
PO0470,SUPPLIER0470,PROD0118,2025-05-25,757.8517663381531,10136.181874362752,1677860.7481283057,Cancelled
PO0471,SUPPLIER0471,PROD0118,2025-09-03,1504.851730222013,6770.922269327417,19391152.456240613,Cancelled
PO0472,SUPPLIER0472,PROD0118,2026-04-07,1693.0750986796365,910.2105381955871,20097203.550988395,Pending
PO0473,SUPPLIER0473,PROD0025,2026-01-29,537.0199247205909,22585.9299322291,7364068.282142395,Pending
PO0474,SUPPLIER0474,PROD0025,2025-02-15,1944.2444172316725,19588.151661627042,17434608.606596444,Pending
PO0475,SUPPLIER0475,PROD0025,2025-01-28,62.580133140298834,1360.2518360974339,21175570.795106035,Cancelled
PO0476,SUPPLIER0476,PROD0025,2025-03-16,1727.0492612893174,25043.636054311424,904679.5636423408,Cancelled
PO0477,SUPPLIER0477,PROD0025,2025-02-23,327.29433546077917,16475.83535352471,24533231.901095774,Cancelled
PO0478,SUPPLIER0478,PROD0025,2025-05-14,1449.9694422754249,25512.06190332953,7559148.340107522,Cancelled
PO0479,SUPPLIER0479,PROD0025,2025-01-05,1891.075319219388,15844.562549222337,20733141.126517653,Pending
PO0480,SUPPLIER0480,PROD0025,2025-06-27,64.64159737979857,14901.732005956565,3096129.5774566443,Pending
PO0481,SUPPLIER0481,PROD0025,2026-04-07,2075.850548144187,6625.989590609873,31043097.02619051,Pending
PO0482,SUPPLIER0482,PROD0025,2025-05-14,858.8064382286943,12778.439777494663,16136931.932751257,Cancelled
PO0483,SUPPLIER0483,PROD0025,2025-05-16,1850.7553455797313,16002.21028886166,17798478.215151984,Cancelled
PO0484,SUPPLIER0484,PROD0025,2026-01-13,1464.6706354446708,14677.375349644666,5513050.509859375,Cancelled
PO0485,SUPPLIER0485,PROD0025,2025-08-31,464.6484629307686,20210.141210814545,17125752.652015794,Cancelled
PO0486,SUPPLIER0486,PROD0097,2025-01-24,2250.2470922299035,25303.969433319886,10452265.638197102,Pending
PO0487,SUPPLIER0487,PROD0097,2025-02-15,287.1719188760562,21422.437956743826,15616404.920009438,Pending
PO0488,SUPPLIER0488,PROD0097,2025-05-25,1709.4980874555347,20827.245134954115,39384139.39567564,Pending
PO0489,SUPPLIER0489,PROD0097,2025-04-29,45.182796650658226,13516.966815520844,29331861.958915614,Pending
PO0490,SUPPLIER0490,PROD0097,2026-03-16,533.4541956890689,8706.198809602873,2933070.481061049,Pending
PO0491,SUPPLIER0491,PROD0097,2026-03-15,761.649288129704,11751.438052954969,9558007.433077928,Cancelled
PO0492,SUPPLIER0492,PROD0097,2025-03-29,56.77444666736868,6704.367657242626,44743347.19140243,Pending
PO0493,SUPPLIER0493,PROD0097,2026-03-16,636.5567192515339,10026.492169323321,7384106.57408198,Pending
PO0494,SUPPLIER0494,PROD0097,2025-01-26,1284.890249114974,11324.28472546982,18684948.431410067,Pending
PO0495,SUPPLIER0495,PROD0097,2025-03-02,1687.8152076054655,17861.47001672954,7694058.837060744,Cancelled
PO0496,SUPPLIER0496,PROD0097,2026-02-19,1910.8911167380577,20388.354824505182,32985475.151652344,Cancelled
PO0497,SUPPLIER0497,PROD0097,2025-03-01,1112.2893231952394,9272.433150521398,1289797.3077324876,Cancelled
PO0498,SUPPLIER0498,PROD0097,2026-05-17,940.0733717383847,11333.492278805325,37276113.364901945,Pending
PO0499,SUPPLIER0499,PROD0063,2025-05-16,955.2880464008455,8771.764643221848,21958162.912464548,Cancelled
PO0500,SUPPLIER0500,PROD0063,2026-04-16,562.7955000601329,12569.147896384398,24489768.52991341,Cancelled
PO0501,SUPPLIER0501,PROD0063,2025-05-16,2439.2669753416444,22609.449222569543,35815.6,Pending
PO0502,SUPPLIER0502,PROD0063,2026-01-03,309.78844450616594,22545.33101864755,16712119.401113765,Cancelled
PO0503,SUPPLIER0503,PROD0063,2025-09-03,1380.3521751174187,4723.741977521942,7992286.865243188,Pending
PO0504,SUPPLIER0504,PROD0063,2026-01-13,1785.783398014404,6975.90224440142,11407080.940665446,Pending
PO0505,SUPPLIER0505,PROD0063,2025-07-31,2218.050000281629,3316.2344146905816,378288.6640077234,Pending
PO0506,SUPPLIER0506,PROD0063,2026-05-23,2446.904006335718,16246.528274380198,3831942.7639107937,Cancelled
PO0507,SUPPLIER0507,PROD0063,2025-08-31,2455.826107512725,14764.318138633816,6143993.914512133,Pending
PO0508,SUPPLIER0508,PROD0063,2025-01-02,2465.635056169998,15963.456767655762,1387591.823120453,Cancelled
PO0509,SUPPLIER0509,PROD0063,2025-10-23,1790.8351281728167,1814.4143533182676,6499779.810245561,Pending
PO0510,SUPPLIER0510,PROD0063,2026-08-18,438.9974505030815,8679.241850962895,394908.19619811745,Cancelled
PO0511,SUPPLIER0511,PROD0063,2025-03-29,1868.5737754028603,23733.33552000405,17920928.661656503,Pending
PO0512,SUPPLIER0512,PROD0031,2026-01-13,1456.2045937493933,21974.24226465881,1772947.4287399151,Pending
PO0513,SUPPLIER0513,PROD0031,2025-01-12,225.20584751744929,2901.088125349568,16544309.202759385,Cancelled
PO0514,SUPPLIER0514,PROD0031,2026-03-30,2234.2197194302134,19230.615381971078,8407220.254319254,Pending
PO0515,SUPPLIER0515,PROD0031,2026-02-02,84.03066077061955,17821.29746139,1601415.8589882657,Pending
PO0516,SUPPLIER0516,PROD0031,2026-01-13,628.8198833241214,6448.861629726665,13291897.505526524,Cancelled
PO0517,SUPPLIER0517,PROD0031,2026-06-11,2251.360837232986,1951.0494903880012,19889432.699080333,Pending
PO0518,SUPPLIER0518,PROD0031,2025-08-31,225.56401116165858,11314.146473376979,47622989.19303963,Cancelled
PO0519,SUPPLIER0519,PROD0031,2026-08-22,927.2079016033716,4360.10157248066,65821865.86367909,Cancelled
PO0520,SUPPLIER0520,PROD0031,2025-08-31,2094.2827518740482,3982.701357101938,41434745.43936443,Cancelled
PO0521,SUPPLIER0521,PROD0031,2025-02-20,2278.1757838433314,3147.1858487143913,14342995.869622305,Cancelled
PO0522,SUPPLIER0522,PROD0031,2025-12-18,1352.3495636239327,3131.5112737184554,8771029.987559997,Cancelled
PO0523,SUPPLIER0523,PROD0031,2025-08-31,437.2789410057957,781.0656519651609,6461248.819961437,Pending
PO0524,SUPPLIER0524,PROD0031,2026-08-06,2368.59025257789,20230.45266081652,25784281.230721172,Cancelled
PO0525,SUPPLIER0525,PROD0181,2026-02-02,812.8376805836317,5861.208348405001,5127270.779981416,Pending
PO0526,SUPPLIER0526,PROD0181,2025-09-03,44.54555310456258,13998.564232889514,212040.7848452273,Pending
PO0527,SUPPLIER0527,PROD0181,2025-10-26,2083.3316807312185,2875.194615809482,2245557.3401238206,Cancelled
PO0528,SUPPLIER0528,PROD0181,2025-01-28,562.4697887658854,4411.160319737945,23929730.038493197,Cancelled
PO0529,SUPPLIER0529,PROD0181,2025-12-06,1483.1006561129054,6270.832016197943,1514165.1514265786,Cancelled
PO0530,SUPPLIER0530,PROD0181,2026-04-09,1346.3097050939261,15956.178651533999,1167653.8023254436,Pending
PO0531,SUPPLIER0531,PROD0181,2026-05-31,1735.770820344713,19304.222043588205,33480972.555940837,Cancelled
PO0532,SUPPLIER0532,PROD0181,2026-01-13,1947.0943924277108,19310.332384567322,3023824.640137722,Cancelled
PO0533,SUPPLIER0533,PROD0181,2025-01-28,842.5461906454937,16180.706591603604,17987596.0349979,Cancelled
PO0534,SUPPLIER0534,PROD0181,2025-05-25,1087.948003325069,15799.408882005182,2870910.5780293844,Pending
PO0535,SUPPLIER0535,PROD0181,2025-05-16,1102.5307899407117,5934.273427545103,13558889.862978796,Cancelled
PO0536,SUPPLIER0536,PROD0181,2026-06-11,639.4817911859361,12301.285832736365,16950745.78664192,Pending
PO0537,SUPPLIER0537,PROD0181,2026-03-15,1527.363315870545,16410.29382079832,8958104.71188673,Pending
PO0538,SUPPLIER0538,PROD0168,2025-08-31,309.48498610834224,17707.13066208763,21307425.209150594,Pending
PO0539,SUPPLIER0539,PROD0168,2026-02-10,1059.5684754733577,23748.960272392793,29980876.82228369,Pending
PO0540,SUPPLIER0540,PROD0168,2025-05-16,1379.9224562151337,16928.7023169862,39872667.62994117,Cancelled
PO0541,SUPPLIER0541,PROD0168,2026-05-23,2469.6913672417077,24960.566266877762,1143618.3955090065,Pending
PO0542,SUPPLIER0542,PROD0168,2026-04-14,2258.2927661610524,9181.029373946327,5932339.072221956,Pending
PO0543,SUPPLIER0543,PROD0168,2026-04-07,1448.9469758409045,5354.313480168395,2536835.192693988,Cancelled
PO0544,SUPPLIER0544,PROD0168,2026-04-14,1477.4859375002084,3221.249629070105,1459867.4238073258,Pending
PO0545,SUPPLIER0545,PROD0168,2026-04-16,2336.922010088095,18402.17925397838,29163627.881221663,Cancelled
PO0546,SUPPLIER0546,PROD0168,2026-03-16,2201.408303108703,15896.026095029127,2772275.8749501402,Cancelled
PO0547,SUPPLIER0547,PROD0168,2026-02-21,314.707573606641,8865.37427206066,7574446.9184616925,Cancelled
PO0548,SUPPLIER0548,PROD0168,2026-05-17,1808.9624889385213,26640.23873192374,2052265.29136074,Pending
PO0549,SUPPLIER0549,PROD0168,2026-06-16,405.5046923233873,12732.076185900823,10462574.57570234,Pending
PO0550,SUPPLIER0550,PROD0168,2025-11-27,2046.8848605698272,8743.518448273575,21252838.414541382,Cancelled
PO0551,SUPPLIER0551,PROD0044,2025-07-20,1193.3879034645508,3938.2474398098166,15890942.363696199,Cancelled
PO0552,SUPPLIER0552,PROD0044,2025-03-14,2443.7448401094543,12249.852261014643,17716110.193675525,Cancelled
PO0553,SUPPLIER0553,PROD0044,2025-06-27,419.157897779077,1982.7895312423427,16160202.348341156,Pending
PO0554,SUPPLIER0554,PROD0044,2025-07-20,1145.927009878684,8694.62563005738,30714227.183911175,Cancelled
PO0555,SUPPLIER0555,PROD0044,2026-06-11,241.3253079232589,2584.782837123044,35547903.74631809,Pending
PO0556,SUPPLIER0556,PROD0044,2025-03-16,2414.324767056025,7224.204439609311,56552537.21675153,Cancelled
PO0557,SUPPLIER0557,PROD0044,2026-03-16,413.6520594900594,19299.730498177476,6584706.42379666,Pending
PO0558,SUPPLIER0558,PROD0044,2025-01-12,1757.9628519675057,8538.437562853207,13167771.089560375,Cancelled
PO0559,SUPPLIER0559,PROD0044,2025-03-12,1972.7196777836439,13461.893837260306,2475801.7159554046,Pending
PO0560,SUPPLIER0560,PROD0044,2026-04-14,1295.5757407647247,21889.945123505076,26920353.16162152,Pending
PO0561,SUPPLIER0561,PROD0044,2026-06-11,1132.78082372649,7074.494437644376,43767304.55162795,Pending
PO0562,SUPPLIER0562,PROD0044,2026-03-30,228.72567666665725,7549.849192350322,7413274.270590623,Pending
PO0563,SUPPLIER0563,PROD0044,2026-08-18,933.4168203577892,11896.310198561212,46730533.535587154,Cancelled
PO0564,SUPPLIER0564,PROD0183,2026-04-07,1019.9737559660002,7212.592369122029,1895561.3944772962,Pending
PO0565,SUPPLIER0565,PROD0183,2025-05-16,663.2137822167119,6222.434020157389,6025927.905456525,Cancelled
PO0566,SUPPLIER0566,PROD0183,2025-03-07,431.02275893935627,1010.495802708771,41743942.94437864,Cancelled
PO0567,SUPPLIER0567,PROD0183,2025-12-30,2176.665332949557,22091.355642656203,26971331.83425512,Cancelled
PO0568,SUPPLIER0568,PROD0183,2025-01-01,1700.3732001146802,10379.477825486276,35737828.18948251,Cancelled
PO0569,SUPPLIER0569,PROD0183,2026-06-11,1394.1350291895544,17504.225083841833,14119537.051041491,Cancelled
PO0570,SUPPLIER0570,PROD0183,2025-09-23,1969.360897169075,26265.74148990039,24019814.580434393,Cancelled
PO0571,SUPPLIER0571,PROD0183,2025-08-31,1684.9265607740792,15279.54745389418,2674205.5809915722,Pending
PO0572,SUPPLIER0572,PROD0183,2025-06-27,293.34369898808546,23176.826980984053,752279.2221762685,Pending
PO0573,SUPPLIER0573,PROD0183,2025-05-14,628.8500368720362,19307.753092634026,8651575.21527603,Cancelled
PO0574,SUPPLIER0574,PROD0183,2026-08-22,115.1331896398807,12751.802352162327,3744312.5964931934,Cancelled
PO0575,SUPPLIER0575,PROD0183,2025-05-16,1412.0098784388795,13359.661029742037,18686080.712600958,Cancelled
PO0576,SUPPLIER0576,PROD0183,2025-01-20,1066.695481313323,2077.680308562481,19983095.164991643,Cancelled
PO0577,SUPPLIER0577,PROD0060,2025-06-09,2365.2489953778177,6593.00706628973,13259905.115200285,Pending
PO0578,SUPPLIER0578,PROD0060,2026-03-30,1744.7587261154567,20027.23151102369,10160752.955365032,Pending
PO0579,SUPPLIER0579,PROD0060,2025-08-31,29.30664068456502,12947.123713850935,19231516.113612965,Cancelled
PO0580,SUPPLIER0580,PROD0060,2025-07-19,1692.2583265499268,4741.128067200185,41610840.690883994,Pending
PO0581,SUPPLIER0581,PROD0060,2025-05-25,1310.2525950839233,12509.158705899861,12455722.687766975,Pending
PO0582,SUPPLIER0582,PROD0060,2025-01-10,1985.9439291974875,17443.07442151782,3501671.9571266533,Cancelled
PO0583,SUPPLIER0583,PROD0060,2026-02-02,2069.829976995717,5670.443390487142,11410285.497586478,Pending
PO0584,SUPPLIER0584,PROD0060,2025-01-12,506.7872650015542,1687.104110342609,8569109.605400989,Cancelled
PO0585,SUPPLIER0585,PROD0060,2026-06-11,1116.8171290269456,3268.899744770237,2396589.3587709684,Pending
PO0586,SUPPLIER0586,PROD0060,2025-05-26,2212.8376229278247,6463.309689368937,2357013.791855646,Cancelled
PO0587,SUPPLIER0587,PROD0060,2025-03-09,2057.3849640189337,23298.939382622004,10246497.027774634,Pending
PO0588,SUPPLIER0588,PROD0060,2026-01-29,867.1549578980668,15529.380638800836,1219800.913158939,Cancelled
PO0589,SUPPLIER0589,PROD0060,2026-03-30,127.5038310063044,6532.142905330187,14574731.257750096,Pending
PO0590,SUPPLIER0590,PROD0143,2025-03-14,1286.7865905513872,22289.799830094744,28821535.5438422,Pending
PO0591,SUPPLIER0591,PROD0143,2025-11-24,2052.5205337663087,2347.7616567941136,51788900.978702866,Pending
PO0592,SUPPLIER0592,PROD0143,2025-12-18,89.78948666417831,1628.826529059137,2069812.2294864764,Pending
PO0593,SUPPLIER0593,PROD0143,2026-05-23,691.9566858626307,4959.163022157891,43082983.6947856,Cancelled
PO0594,SUPPLIER0594,PROD0143,2025-07-19,144.19484687995302,3157.704625211215,37858718.48848875,Pending
PO0595,SUPPLIER0595,PROD0143,2026-02-10,405.0011971351408,12512.694576018795,3051751.4139579157,Pending
PO0596,SUPPLIER0596,PROD0143,2026-04-07,1891.1571793614876,16030.578921400147,7036608.390076373,Pending
PO0597,SUPPLIER0597,PROD0143,2026-04-16,1599.7940994068808,5094.740098009803,6599729.645058375,Pending
PO0598,SUPPLIER0598,PROD0143,2026-05-19,1369.2724573231285,23796.497627389657,4132172.3088930324,Cancelled
PO0599,SUPPLIER0599,PROD0143,2026-05-17,1610.4577363157575,21820.2888334329,15737690.329440635,Pending
PO0600,SUPPLIER0600,PROD0143,2026-04-07,816.6750233166217,11446.089694078677,1951499.1131040095,Pending
PO0601,SUPPLIER0601,PROD0143,2025-03-29,1568.159580946952,14713.32219276044,17883776.248087414,Pending
PO0602,SUPPLIER0602,PROD0144,2025-10-26,466.2213173780361,10710.066381816914,14260410.734784208,Cancelled
PO0603,SUPPLIER0603,PROD0144,2026-08-18,1127.6438728996445,17725.898335598973,32144851.9752008,Cancelled
PO0604,SUPPLIER0604,PROD0144,2025-02-23,1228.1798028756593,19263.42074636496,47265662.86071749,Cancelled
PO0605,SUPPLIER0605,PROD0144,2025-09-03,1574.426298582951,16314.949559168752,21434232.19529556,Cancelled
PO0606,SUPPLIER0606,PROD0144,2026-06-11,978.4435890561289,12206.0254967969,59897824.16437966,Cancelled
PO0607,SUPPLIER0607,PROD0144,2025-01-05,1182.907419537257,23632.394522565057,35535810.235691376,Pending
PO0608,SUPPLIER0608,PROD0144,2026-06-08,1861.5990953001547,19999.224057460124,4047447.6316473484,Cancelled
PO0609,SUPPLIER0609,PROD0144,2025-01-10,1110.9672555753223,13892.90733696813,21601819.38867968,Pending
PO0610,SUPPLIER0610,PROD0144,2026-03-30,424.2105338175473,8251.653925619163,2572282.7171584666,Cancelled
PO0611,SUPPLIER0611,PROD0144,2025-02-20,1930.361211890388,21491.061409139555,7714530.078608588,Cancelled
PO0612,SUPPLIER0612,PROD0144,2025-06-09,2421.1568772413657,3443.439379794064,6417040.770434019,Cancelled
PO0613,SUPPLIER0613,PROD0144,2026-04-16,2193.473769255643,12051.567642919606,1876912.69397716,Cancelled
PO0614,SUPPLIER0614,PROD0146,2025-04-06,600.5120743224485,14488.970965638771,5218854.896551545,Cancelled
PO0615,SUPPLIER0615,PROD0146,2026-02-10,1480.9050575512765,5159.355578686714,35687636.471494086,Pending
PO0616,SUPPLIER0616,PROD0146,2025-12-26,28.93685096421976,10743.484339644227,10219305.111845277,Cancelled
PO0617,SUPPLIER0617,PROD0146,2025-03-14,887.9693463605942,15824.023733691758,2077618.0774874839,Cancelled
PO0618,SUPPLIER0618,PROD0146,2026-05-17,2221.145901845026,5953.162528677695,31557972.589456636,Pending
PO0619,SUPPLIER0619,PROD0146,2025-09-07,1649.4019156700415,8511.892128971785,47237566.7948181,Pending
PO0620,SUPPLIER0620,PROD0146,2025-03-16,456.22557552743734,10832.541670597717,14021796.17366878,Pending
PO0621,SUPPLIER0621,PROD0146,2026-03-16,983.7457499382351,19855.986480428644,4697643.92562379,Pending
PO0622,SUPPLIER0622,PROD0146,2025-09-06,676.9520889872931,22365.966553801692,7375661.421429353,Pending
PO0623,SUPPLIER0623,PROD0146,2025-03-07,2090.7405723369448,9048.552769195447,6339147.72397407,Cancelled
PO0624,SUPPLIER0624,PROD0146,2026-05-17,977.0796223916813,7851.561070164446,22514831.998041097,Cancelled
PO0625,SUPPLIER0625,PROD0146,2025-10-11,1838.9112769840294,15591.156503915867,13365061.57089185,Cancelled
PO0626,SUPPLIER0626,PROD0159,2025-11-23,2249.756143197863,8062.704540818706,16010010.229860378,Cancelled
PO0627,SUPPLIER0627,PROD0159,2025-05-26,1023.7796734821289,7550.000866793256,10144753.159619695,Cancelled
PO0628,SUPPLIER0628,PROD0159,2025-01-10,235.70448698188207,19524.599253353994,19101779.148580823,Cancelled
PO0629,SUPPLIER0629,PROD0159,2026-02-21,609.2380374934189,9750.747484085761,29203826.309716653,Cancelled
PO0630,SUPPLIER0630,PROD0159,2025-03-01,111.29576791931147,12905.085938188142,25712489.417730194,Cancelled
PO0631,SUPPLIER0631,PROD0159,2026-02-10,2188.707254621006,8752.023490254644,14188346.917620787,Pending
PO0632,SUPPLIER0632,PROD0159,2025-11-23,657.2893676850983,22454.98484173872,36231935.40490019,Cancelled
PO0633,SUPPLIER0633,PROD0159,2025-03-16,969.3610714429449,19479.98423196538,42174329.152655795,Pending
PO0634,SUPPLIER0634,PROD0159,2025-03-14,954.6069258454075,4015.9695729582077,15213417.088928165,Cancelled
PO0635,SUPPLIER0635,PROD0159,2026-04-16,1488.1047088013577,5069.7553246523785,53429073.956582576,Pending
PO0636,SUPPLIER0636,PROD0159,2026-02-19,2380.0481319216833,1046.109237348442,1365899.1713014236,Cancelled
PO0637,SUPPLIER0637,PROD0159,2026-01-13,1677.826888038062,20144.862486880644,2181677.021797124,Pending
PO0638,SUPPLIER0638,PROD0053,2025-05-16,350.76501046334204,6326.160722022133,16647265.255010886,Pending
PO0639,SUPPLIER0639,PROD0053,2025-09-03,1974.7177318976308,12493.92273847485,4836790.340326869,Pending
PO0640,SUPPLIER0640,PROD0053,2026-05-23,1700.6354464577105,3684.6689843627214,24208180.841844466,Cancelled
PO0641,SUPPLIER0641,PROD0053,2025-05-16,2497.3971609712958,19852.789129811994,29277946.30073262,Pending
PO0642,SUPPLIER0642,PROD0053,2025-11-24,78.44240583888059,5812.497932456648,4896682.689571164,Cancelled
PO0643,SUPPLIER0643,PROD0053,2025-01-24,2261.25379827363,2447.6502947981444,5368680.719396816,Pending
PO0644,SUPPLIER0644,PROD0053,2025-03-14,1267.0622870754464,7484.854535710736,14776723.222534677,Cancelled
PO0645,SUPPLIER0645,PROD0053,2025-11-22,911.1941933661429,13326.883856261493,1455446.8836952727,Cancelled
PO0646,SUPPLIER0646,PROD0053,2026-04-07,707.6953381954379,1654.485082712409,18034067.162799362,Pending
PO0647,SUPPLIER0647,PROD0053,2025-09-07,862.5623954711041,14892.59954597909,1485373.9193090594,Pending
PO0648,SUPPLIER0648,PROD0053,2026-05-23,2156.148210758696,15942.31723710018,6819316.937385138,Pending
PO0649,SUPPLIER0649,PROD0053,2025-07-20,963.8075327789028,9043.390233269009,22566462.489622433,Cancelled
PO0650,SUPPLIER0650,PROD0093,2025-01-05,1179.8522261111937,25215.67089518198,9478592.850815024,Pending
PO0651,SUPPLIER0651,PROD0093,2025-03-06,1258.2851693422701,2720.3957313409514,31179852.583390396,Pending
PO0652,SUPPLIER0652,PROD0093,2025-05-26,1487.3183991848255,21642.01816888336,11917553.124626208,Cancelled
PO0653,SUPPLIER0653,PROD0093,2026-04-16,1412.5606297590737,15706.539780522377,31164943.210962184,Cancelled
PO0654,SUPPLIER0654,PROD0093,2025-10-23,1706.131475066846,9092.299330432492,7058622.128741452,Pending
PO0655,SUPPLIER0655,PROD0093,2025-12-26,1927.3331315926157,13810.737948309685,9786736.697101722,Cancelled
PO0656,SUPPLIER0656,PROD0093,2025-03-12,134.45128152533928,20782.543925380978,7613085.61744772,Cancelled
PO0657,SUPPLIER0657,PROD0093,2025-01-10,2279.4110745272824,6990.944781413303,2221441.09819915,Cancelled
PO0658,SUPPLIER0658,PROD0093,2025-05-25,1694.3768262930337,9965.78400973809,14651862.32255963,Pending
PO0659,SUPPLIER0659,PROD0093,2025-01-05,617.1001470828958,11404.492311644648,56572642.22701489,Pending
PO0660,SUPPLIER0660,PROD0093,2025-07-19,1143.2259004816715,17839.15478903123,2104825.4266625186,Pending
PO0661,SUPPLIER0661,PROD0093,2026-03-16,1086.3801258769558,3113.8317775089577,14560266.61336515,Pending
PO0662,SUPPLIER0662,PROD0050,2025-03-14,1556.6836733838604,21335.090584190835,4932593.376224042,Cancelled
PO0663,SUPPLIER0663,PROD0050,2026-02-10,367.71226718342507,12099.811004427018,6310787.642988934,Pending
PO0664,SUPPLIER0664,PROD0050,2026-08-18,1409.2714518073053,22455.925495333773,2702400.5865312233,Cancelled
PO0665,SUPPLIER0665,PROD0050,2025-12-18,1747.0556118282577,9683.118228852036,10078554.67135356,Cancelled
PO0666,SUPPLIER0666,PROD0050,2025-03-07,2411.0442288396903,13569.984454316982,5393150.361520305,Cancelled
PO0667,SUPPLIER0667,PROD0050,2025-02-23,1992.8780891916142,15563.281246290284,10831801.232397668,Cancelled
PO0668,SUPPLIER0668,PROD0050,2025-12-06,51.0254340023821,1886.3688844232254,9267492.143690761,Cancelled
PO0669,SUPPLIER0669,PROD0050,2025-07-19,174.76000579396302,16291.039061487014,3463637.1025642087,Pending
PO0670,SUPPLIER0670,PROD0050,2025-06-27,805.3693606434923,7372.2108264497665,6428894.720557435,Pending
PO0671,SUPPLIER0671,PROD0050,2025-09-23,217.96794467337648,3997.4663894312944,4225555.270461667,Cancelled
PO0672,SUPPLIER0672,PROD0050,2025-05-16,353.05925935530814,14924.719774976125,3504674.2449467084,Cancelled
PO0673,SUPPLIER0673,PROD0050,2026-05-17,604.5418844475396,19282.985217811856,43086958.23187926,Cancelled
PO0674,SUPPLIER0674,PROD0116,2026-05-17,1560.473763803703,3880.32071702927,34579075.2840937,Cancelled
PO0675,SUPPLIER0675,PROD0116,2025-05-25,1530.5994522915682,6338.271433855576,31472428.246100463,Pending
PO0676,SUPPLIER0676,PROD0116,2026-06-11,841.7263909384277,20695.521711251033,296250.978543415,Pending
PO0677,SUPPLIER0677,PROD0116,2025-10-23,975.6394384009061,23423.19008926914,14864052.627998132,Pending
PO0678,SUPPLIER0678,PROD0116,2026-06-16,1480.3235702500021,24195.551172989777,7006502.813479594,Pending
PO0679,SUPPLIER0679,PROD0116,2025-12-18,1345.3825061433802,10223.792400841996,1048517.1122109238,Pending
PO0680,SUPPLIER0680,PROD0116,2026-01-29,1313.1473140243318,6014.612439394593,7226603.992489432,Cancelled
PO0681,SUPPLIER0681,PROD0116,2026-05-23,405.36836876625955,13288.18540908537,13737175.156691534,Pending
PO0682,SUPPLIER0682,PROD0116,2026-03-30,1478.7216728759417,9975.820973680487,13425553.649604242,Cancelled
PO0683,SUPPLIER0683,PROD0116,2025-03-02,448.03324669828993,16263.386537488957,10613823.850469489,Cancelled
PO0684,SUPPLIER0684,PROD0116,2026-02-02,1985.3751176584726,3097.787303613078,22838483.45635049,Pending
PO0685,SUPPLIER0685,PROD0116,2026-02-10,1023.1078281027459,2975.92598252649,14184142.468441987,Pending
PO0686,SUPPLIER0686,PROD0036,2026-04-07,2050.8373530754147,10679.931212289304,1445530.8824477205,Pending
PO0687,SUPPLIER0687,PROD0036,2025-03-08,847.2407108736226,15381.587582495018,5254538.148007039,Cancelled
PO0688,SUPPLIER0688,PROD0036,2025-12-18,2077.3081604988233,10502.735437540336,16105747.283100728,Pending
PO0689,SUPPLIER0689,PROD0036,2025-03-07,1824.786414665996,5176.868214647597,55406685.19594727,Cancelled
PO0690,SUPPLIER0690,PROD0036,2025-01-09,534.7796403019651,13409.927591941356,15964984.888771651,Cancelled
PO0691,SUPPLIER0691,PROD0036,2026-01-13,113.4080321050433,6063.846655816802,39059463.195826255,Pending
PO0692,SUPPLIER0692,PROD0036,2025-04-29,363.3793115494683,3949.429018026477,4672318.975632802,Pending
PO0693,SUPPLIER0693,PROD0036,2025-03-02,1461.9203230521048,17409.115408514088,2779932.833356996,Pending
PO0694,SUPPLIER0694,PROD0036,2025-07-19,1223.0793000060237,23982.909004200414,4498258.2164225485,Cancelled
PO0695,SUPPLIER0695,PROD0036,2025-12-26,2232.1282259772884,4737.155864747511,25487870.072267614,Cancelled
PO0696,SUPPLIER0696,PROD0036,2025-03-12,1413.2654243573575,5276.226837274359,362962.5208126822,Pending
PO0697,SUPPLIER0697,PROD0036,2025-10-23,1587.8672456421996,19348.154954498972,50998244.487425245,Cancelled
PO0698,SUPPLIER0698,PROD0029,2025-03-01,1302.5247222395685,12909.577534882243,26957411.57355466,Cancelled
PO0699,SUPPLIER0699,PROD0029,2025-01-10,1682.0184103010104,23798.36391800162,10949329.44750305,Cancelled
PO0700,SUPPLIER0700,PROD0029,2026-08-06,1572.6025488664877,20541.334590320785,9944125.112427624,Pending
PO0701,SUPPLIER0701,PROD0029,2026-06-11,1322.014305947878,7139.56449442794,4352653.042469504,Pending
PO0702,SUPPLIER0702,PROD0029,2026-03-15,1569.0174721787607,3248.3761372451972,6197653.8463796545,Pending
PO0703,SUPPLIER0703,PROD0029,2026-02-02,1277.0007483282006,2976.355060100337,32930007.62314381,Pending
PO0704,SUPPLIER0704,PROD0029,2026-05-17,390.36088782577974,22367.429709673444,18714370.44700871,Pending
PO0705,SUPPLIER0705,PROD0029,2025-11-24,1424.565493468464,3212.2585143544084,7581989.37664829,Cancelled
PO0706,SUPPLIER0706,PROD0029,2025-01-05,1742.9668456534046,2798.4854384506352,5637164.771450844,Pending
PO0707,SUPPLIER0707,PROD0029,2025-03-14,2455.2200223279146,20234.316778269516,17003507.392047588,Pending
PO0708,SUPPLIER0708,PROD0029,2026-03-30,520.3727512317458,25953.27483656315,4005765.5341113415,Cancelled
PO0709,SUPPLIER0709,PROD0029,2025-10-23,1133.4438643921435,23384.265582485838,21948503.160977636,Pending
PO0710,SUPPLIER0710,PROD0138,2025-09-03,1923.073218761337,18022.430616892998,186492.53241391724,Cancelled
PO0711,SUPPLIER0711,PROD0138,2025-07-19,2408.608277420892,2567.147938163711,17192490.571435664,Pending
PO0712,SUPPLIER0712,PROD0138,2025-12-18,272.8051612668714,9942.789643971224,24414426.02550392,Cancelled
PO0713,SUPPLIER0713,PROD0138,2025-01-28,709.9922262300281,20057.090100633246,8250048.071805609,Cancelled
PO0714,SUPPLIER0714,PROD0138,2026-08-06,2026.2622955584832,8460.355830468223,36865782.96430333,Cancelled
PO0715,SUPPLIER0715,PROD0138,2026-08-06,319.6629070580059,24843.669374448502,321323.51471331785,Cancelled
PO0716,SUPPLIER0716,PROD0138,2026-03-30,2149.151811137235,5647.90074194938,6119057.381618283,Pending
PO0717,SUPPLIER0717,PROD0138,2025-05-16,1306.7896905125278,4123.5158127121285,31453674.517544374,Pending
PO0718,SUPPLIER0718,PROD0138,2025-07-19,821.424176445546,26344.88392629084,26184984.325003702,Pending
PO0719,SUPPLIER0719,PROD0138,2025-02-23,1982.5809057215072,10924.967075030881,16770021.016021261,Cancelled
PO0720,SUPPLIER0720,PROD0138,2025-10-26,2108.1481987493767,3005.3125886801117,739353.3845284386,Cancelled
PO0721,SUPPLIER0721,PROD0138,2025-06-27,1884.7741333437511,9102.558377529422,11838489.462110825,Pending
PO0722,SUPPLIER0722,PROD0081,2025-01-20,1459.9882760929452,21300.88197128025,447089.0562460531,Cancelled
PO0723,SUPPLIER0723,PROD0081,2026-05-17,1338.2469613328115,1453.4621922206975,2949474.9534893255,Pending
PO0724,SUPPLIER0724,PROD0081,2025-05-16,2036.173277024828,24441.431631094645,2528863.49310957,Cancelled
PO0725,SUPPLIER0725,PROD0081,2025-01-25,1939.7481256410233,7388.169337852447,15756950.192378692,Cancelled
PO0726,SUPPLIER0726,PROD0081,2026-05-23,381.11177263658755,22610.028793785354,32796113.264083013,Pending
PO0727,SUPPLIER0727,PROD0081,2025-12-26,1543.1942694916916,17884.912561786055,15470152.581781998,Pending
PO0728,SUPPLIER0728,PROD0081,2025-11-27,1934.062630603377,1908.9846253239677,347028.77805588505,Cancelled
PO0729,SUPPLIER0729,PROD0081,2026-03-30,2490.9351803765444,2893.503998331529,4253540.234074999,Pending
PO0730,SUPPLIER0730,PROD0081,2026-08-06,1722.6673000174171,11080.256781731248,1402604.5405760293,Cancelled
PO0731,SUPPLIER0731,PROD0081,2025-04-06,1848.9909663326298,1314.5287785302921,12644119.304219607,Cancelled
PO0732,SUPPLIER0732,PROD0081,2025-01-13,396.56617167531783,9109.156561086249,12418465.965145018,Cancelled
PO0733,SUPPLIER0733,PROD0081,2025-12-30,1383.4570516886793,19341.4819327211,17483975.587827712,Cancelled
PO0734,SUPPLIER0734,PROD0182,2025-05-25,180.92918429077884,3065.7831006752263,17568896.54252385,Pending
PO0735,SUPPLIER0735,PROD0182,2026-05-17,159.4695770072633,8619.757556875358,55350978.23550443,Pending
PO0736,SUPPLIER0736,PROD0182,2026-02-10,700.0118954275944,15473.268603445771,12301948.344592847,Pending
PO0737,SUPPLIER0737,PROD0182,2025-11-08,1721.3613249567975,18899.374169934377,39273784.288301714,Cancelled
PO0738,SUPPLIER0738,PROD0182,2025-03-12,1124.6945563369175,19651.67220330558,39869716.888257585,Cancelled
PO0739,SUPPLIER0739,PROD0182,2025-02-15,1539.6158289571174,1619.7003117396237,25613485.609997142,Pending
PO0740,SUPPLIER0740,PROD0182,2025-01-13,238.75552362077838,11723.073268955055,5578704.495711774,Cancelled
PO0741,SUPPLIER0741,PROD0182,2026-03-05,1890.8589970401142,11516.608831065296,35609841.30336636,Pending
PO0742,SUPPLIER0742,PROD0182,2025-03-02,106.33359805702621,19555.088716932532,742093.1305588647,Pending
PO0743,SUPPLIER0743,PROD0182,2025-04-06,58.826867381863956,6360.425683883321,20756084.94733254,Cancelled
PO0744,SUPPLIER0744,PROD0182,2025-03-06,489.8430692428492,19590.129634134297,21122884.41503446,Pending
PO0745,SUPPLIER0745,PROD0182,2025-03-01,341.71647689713234,13811.890253610358,8604657.882498456,Cancelled
PO0746,SUPPLIER0746,PROD0161,2025-05-16,548.5864658011017,3826.8085588386703,18961329.427054487,Cancelled
PO0747,SUPPLIER0747,PROD0161,2025-08-31,1737.1902487426394,23799.404771814243,9809816.940454502,Cancelled
PO0748,SUPPLIER0748,PROD0161,2025-03-12,751.7539670837922,26010.034137532344,10904368.272286162,Cancelled
PO0749,SUPPLIER0749,PROD0161,2026-06-08,2227.9058344600817,8802.380735639752,563937.5709546492,Cancelled
PO0750,SUPPLIER0750,PROD0161,2025-01-26,2242.823605686845,18026.42820126058,539105.5621382728,Pending
PO0751,SUPPLIER0751,PROD0161,2025-04-06,699.2189649468601,17373.71301994678,43764114.199903704,Pending
PO0752,SUPPLIER0752,PROD0161,2025-03-29,2381.3381808329887,2961.531197473714,28349362.231187735,Pending
PO0753,SUPPLIER0753,PROD0161,2026-02-02,2309.4235038470965,15653.091859546434,16534140.123760942,Pending
PO0754,SUPPLIER0754,PROD0161,2025-09-06,879.4938304053485,22189.576875547555,18319302.462903284,Cancelled
PO0755,SUPPLIER0755,PROD0161,2025-03-09,2011.9991691083044,3077.682685402904,26659931.878744584,Cancelled
PO0756,SUPPLIER0756,PROD0161,2026-01-29,1121.2581882174015,6563.712979530743,16430283.672266336,Cancelled
PO0757,SUPPLIER0757,PROD0161,2026-06-08,545.7592116228602,13821.715977328515,4088215.3240273655,Cancelled
PO0758,SUPPLIER0758,PROD0079,2025-10-23,175.06653498019833,16206.09559875141,4354088.136537576,Pending
PO0759,SUPPLIER0759,PROD0079,2025-05-16,2366.698383549225,17829.139177812376,23698062.43489767,Cancelled
PO0760,SUPPLIER0760,PROD0079,2025-10-29,974.270246295655,19807.581181000074,2691626.981949842,Cancelled
PO0761,SUPPLIER0761,PROD0079,2026-06-08,2477.212910326626,17997.1087986592,1143535.0246335429,Cancelled
PO0762,SUPPLIER0762,PROD0079,2026-02-02,178.52430513304387,9997.668327677855,4673507.0333368685,Pending
PO0763,SUPPLIER0763,PROD0079,2026-01-13,1685.2684891008014,20437.35892006427,22420864.829734705,Cancelled
PO0764,SUPPLIER0764,PROD0079,2025-11-08,871.3497933769818,2900.061399454767,2977494.8130009556,Cancelled
PO0765,SUPPLIER0765,PROD0079,2025-03-12,1715.7793848379856,11308.208473624198,5811049.618376057,Cancelled
PO0766,SUPPLIER0766,PROD0079,2025-03-08,623.4660868254099,11770.141976534713,15447276.908006674,Cancelled
PO0767,SUPPLIER0767,PROD0079,2025-01-25,2264.6822435070962,18724.4468406793,3653674.1886141724,Cancelled
PO0768,SUPPLIER0768,PROD0079,2025-01-05,263.3042228488763,7662.99930083365,4463547.298251626,Pending
PO0769,SUPPLIER0769,PROD0079,2026-04-16,479.54438795687264,15595.470111425484,7040947.695891852,Cancelled
PO0770,SUPPLIER0770,PROD0139,2026-02-02,565.2091898208506,2014.8914558564134,34524258.17497862,Pending
PO0771,SUPPLIER0771,PROD0139,2025-09-03,318.64367791173976,14452.431078261012,29454976.03264354,Cancelled
PO0772,SUPPLIER0772,PROD0139,2025-07-31,357.134434016182,6648.6680191097785,14607213.269303562,Pending
PO0773,SUPPLIER0773,PROD0139,2026-05-17,1515.7967431055079,9231.089781773971,45368701.81003635,Pending
PO0774,SUPPLIER0774,PROD0139,2026-06-11,1252.219222150644,20855.85982725536,12612648.831040738,Pending
PO0775,SUPPLIER0775,PROD0139,2025-05-14,235.5711601028582,17452.12078288742,9690205.31560655,Cancelled
PO0776,SUPPLIER0776,PROD0139,2026-06-11,464.62474251468234,15095.114927136,7909827.003508864,Pending
PO0777,SUPPLIER0777,PROD0139,2026-03-30,1663.6136856968958,3278.2549600492816,1445378.980221584,Cancelled
PO0778,SUPPLIER0778,PROD0139,2025-06-27,2148.802821986118,2629.688432229784,12847680.384127133,Pending
PO0779,SUPPLIER0779,PROD0139,2025-11-08,488.45715181358725,18585.52576916522,51040869.551864274,Cancelled
PO0780,SUPPLIER0780,PROD0139,2026-03-15,433.871431450395,20332.086672880632,730129.0443019567,Cancelled
PO0781,SUPPLIER0781,PROD0139,2025-12-26,236.2454618450874,21941.89034157125,14226521.155189006,Pending
PO0782,SUPPLIER0782,PROD0109,2025-01-24,2083.4814112667636,9945.553885698475,3715368.490809052,Pending
PO0783,SUPPLIER0783,PROD0109,2026-01-13,2325.388630198492,15992.263490832373,668624.0743655575,Pending
PO0784,SUPPLIER0784,PROD0109,2025-04-06,1311.4581663942135,9910.461082154046,8545385.560970943,Pending
PO0785,SUPPLIER0785,PROD0109,2026-02-19,2137.571266306555,16373.6270501092,5272229.668110759,Cancelled
PO0786,SUPPLIER0786,PROD0109,2026-03-30,601.3034848009369,22703.873907586767,22289156.028708015,Cancelled
PO0787,SUPPLIER0787,PROD0109,2025-09-23,573.9526983829703,1987.6976953656622,10429523.515790362,Cancelled
PO0788,SUPPLIER0788,PROD0109,2025-03-14,1489.8650194547874,1776.7868798683724,8824971.630511697,Cancelled
PO0789,SUPPLIER0789,PROD0109,2025-07-19,1081.4992113134263,11426.84156987638,60745495.43999619,Pending
PO0790,SUPPLIER0790,PROD0109,2025-07-20,1780.2351217101543,14353.374039246884,5745605.539333959,Cancelled
PO0791,SUPPLIER0791,PROD0109,2025-03-07,1254.2256211760246,874.6296800434704,31314388.07489283,Cancelled
PO0792,SUPPLIER0792,PROD0109,2025-03-12,1648.6249346916711,16347.040568230545,3099105.818202951,Cancelled
PO0793,SUPPLIER0793,PROD0109,2026-03-30,2413.5038683236085,16045.788113871615,41365516.42047467,Pending
PO0794,SUPPLIER0794,PROD0024,2025-09-23,1321.5839615702675,7070.938837448309,877420.5643423883,Cancelled
PO0795,SUPPLIER0795,PROD0024,2025-10-26,1070.4360146154413,4887.229444795716,2443322.660125021,Pending
PO0796,SUPPLIER0796,PROD0024,2025-04-29,1772.4915854508977,17826.41267729058,13235373.372122256,Pending
PO0797,SUPPLIER0797,PROD0024,2026-04-16,556.4357646218659,25251.414132250717,9482585.673299633,Pending
PO0798,SUPPLIER0798,PROD0024,2025-01-28,362.47345576498145,17714.66923792128,34689630.85256609,Cancelled
PO0799,SUPPLIER0799,PROD0024,2025-09-23,141.96760538383305,16641.587799636283,1556051.761922692,Pending
PO0800,SUPPLIER0800,PROD0024,2025-08-03,1133.2940433509443,11486.714077197066,1100078.4433167253,Pending
PO0801,SUPPLIER0801,PROD0024,2026-03-15,1774.0256512011845,1868.6616862070982,18714867.884753257,Cancelled
PO0802,SUPPLIER0802,PROD0024,2025-03-06,24.43321972402574,22362.59162436916,61057215.178406775,Pending
PO0803,SUPPLIER0803,PROD0024,2025-03-06,424.103242694912,7294.3907065042595,21128556.121004242,Pending
PO0804,SUPPLIER0804,PROD0024,2025-01-30,607.7702194667478,6290.162011055374,21403305.280740116,Cancelled
PO0805,SUPPLIER0805,PROD0055,2025-12-17,1526.5153061374124,12355.193235879566,29238074.345150854,Cancelled
PO0806,SUPPLIER0806,PROD0055,2025-09-06,10.0,20957.51440619984,12696483.749446742,Cancelled
PO0807,SUPPLIER0807,PROD0055,2026-01-13,1089.20755818365,23356.7288243058,4175082.9303435716,Cancelled
PO0808,SUPPLIER0808,PROD0055,2025-12-18,208.01033686050715,9969.804623106003,15252248.300505199,Pending
PO0809,SUPPLIER0809,PROD0055,2025-11-24,2500.0,19710.85612975951,8276994.169135405,Pending
PO0810,SUPPLIER0810,PROD0055,2025-01-13,2146.3632554358283,9849.671500533845,2925653.939820711,Cancelled
PO0811,SUPPLIER0811,PROD0055,2025-11-22,286.50737974961766,2027.390137246172,1770903.008057596,Cancelled
PO0812,SUPPLIER0812,PROD0055,2026-08-06,2115.975850842729,20249.73945461163,15609086.599096674,Cancelled
PO0813,SUPPLIER0813,PROD0055,2026-03-30,599.4635561827046,6985.534425417,742489.9312264515,Cancelled
PO0814,SUPPLIER0814,PROD0055,2025-03-16,589.7900120107499,21496.69673319566,12670627.582344644,Cancelled
PO0815,SUPPLIER0815,PROD0055,2025-12-30,938.6828927047917,9176.698038051616,702818.3734238067,Cancelled
PO0816,SUPPLIER0816,PROD0037,2025-01-25,1670.567058586016,8980.625694428762,28012224.421176005,Cancelled
PO0817,SUPPLIER0817,PROD0037,2026-03-15,236.96338680436145,4142.3173083846605,6197253.046062317,Pending
PO0818,SUPPLIER0818,PROD0037,2026-05-17,62.921121030250134,7330.753266054719,14304929.642914388,Pending
PO0819,SUPPLIER0819,PROD0037,2026-08-06,735.6785181196584,1094.5443677181222,61022216.98287983,Cancelled
PO0820,SUPPLIER0820,PROD0037,2026-02-19,984.9364166345883,9005.293242418169,10641509.029378567,Cancelled
PO0821,SUPPLIER0821,PROD0037,2025-03-01,2154.608706852134,8351.577961357858,12067298.204287533,Pending
PO0822,SUPPLIER0822,PROD0037,2025-03-02,729.1576901202972,2055.1414584612735,40922695.43740619,Pending
PO0823,SUPPLIER0823,PROD0037,2025-10-26,2022.2662921162002,23433.554970421807,48715783.274477765,Cancelled
PO0824,SUPPLIER0824,PROD0037,2025-05-26,2123.1341505763567,23797.33306911345,4682558.144538617,Cancelled
PO0825,SUPPLIER0825,PROD0037,2025-09-03,1158.9434410072772,15599.590426756526,3445064.2847596067,Cancelled
PO0826,SUPPLIER0826,PROD0037,2025-05-14,2241.9594180644594,6399.974676850863,21199072.77394847,Cancelled
PO0827,SUPPLIER0827,PROD0117,2025-03-14,2049.847946248139,9956.54209831255,2992810.2126065115,Pending
PO0828,SUPPLIER0828,PROD0117,2025-11-24,1461.747269888836,2387.9630781857177,4656834.293274536,Cancelled
PO0829,SUPPLIER0829,PROD0117,2025-06-09,1886.669539982191,6732.239266327902,20448664.90254103,Pending
PO0830,SUPPLIER0830,PROD0117,2025-01-12,2066.6580391619455,14186.408874496048,16988628.854852725,Cancelled
PO0831,SUPPLIER0831,PROD0117,2026-01-29,494.940501010395,14546.824057368874,324949.49803430954,Cancelled
PO0832,SUPPLIER0832,PROD0117,2025-12-18,747.9682061776972,2010.9958780618724,17292421.546387166,Pending
PO0833,SUPPLIER0833,PROD0117,2026-02-19,705.8301255715024,19582.300024636654,41668807.72314921,Cancelled
PO0834,SUPPLIER0834,PROD0117,2026-05-23,1194.715890572885,2489.0884450505096,1854499.4591866871,Pending
PO0835,SUPPLIER0835,PROD0117,2025-10-23,2267.165885016477,20175.293004284176,17691222.124347087,Cancelled
PO0836,SUPPLIER0836,PROD0117,2025-01-12,511.82174235205764,20929.56369271206,10460128.561821662,Cancelled
PO0837,SUPPLIER0837,PROD0117,2025-01-28,603.068848668837,4711.512061794922,4287104.22455961,Pending
PO0838,SUPPLIER0838,PROD0148,2025-03-02,1228.6608186752649,11898.10467413919,14334791.973015318,Pending
PO0839,SUPPLIER0839,PROD0148,2025-12-26,1427.2553155071798,24021.806320545144,3044987.295364205,Cancelled
PO0840,SUPPLIER0840,PROD0148,2025-05-26,1580.4133182131147,16224.825405002455,2948759.802727756,Cancelled
PO0841,SUPPLIER0841,PROD0148,2026-01-13,493.9959708844153,15637.670034214672,3668399.929954362,Cancelled
PO0842,SUPPLIER0842,PROD0148,2026-04-07,1292.2840181562015,6447.370387768505,41173036.88494491,Pending
PO0843,SUPPLIER0843,PROD0148,2025-07-19,162.87431956875474,9632.991896907033,4804264.541268185,Cancelled
PO0844,SUPPLIER0844,PROD0148,2025-01-13,1580.0270650207224,10699.80314619422,3008726.860272692,Cancelled
PO0845,SUPPLIER0845,PROD0148,2025-03-12,2275.876672988793,5924.1499800821075,18944818.862618793,Cancelled
PO0846,SUPPLIER0846,PROD0148,2025-06-09,2291.959142207194,7705.503233876154,9037213.534344606,Cancelled
PO0847,SUPPLIER0847,PROD0148,2026-05-17,232.94907693407927,24386.297969551673,3660718.782670495,Pending
PO0848,SUPPLIER0848,PROD0148,2025-03-02,519.2176630744709,17936.929089285964,16490451.74068812,Cancelled
PO0849,SUPPLIER0849,PROD0015,2025-11-08,1193.6933530207082,6645.614627032682,61251961.53735601,Cancelled
PO0850,SUPPLIER0850,PROD0015,2026-08-18,2356.753634201777,17302.59469987003,103646.93361896928,Cancelled
PO0851,SUPPLIER0851,PROD0015,2026-05-23,1052.6732887524413,26508.616127900008,2865620.813771002,Cancelled
PO0852,SUPPLIER0852,PROD0015,2025-03-14,2056.463027111598,19826.628619135903,2168913.8923537335,Cancelled
PO0853,SUPPLIER0853,PROD0015,2025-09-13,30.133700273295943,8915.895299670925,2926971.570086087,Cancelled
PO0854,SUPPLIER0854,PROD0015,2026-01-13,1520.9188997544882,19725.980056839984,3798305.953725811,Pending
PO0855,SUPPLIER0855,PROD0015,2025-04-06,2070.504097726191,1856.0131021067086,5906779.588584088,Cancelled
PO0856,SUPPLIER0856,PROD0015,2026-05-12,1231.7418063573862,8682.424387185269,39534450.42604799,Cancelled
PO0857,SUPPLIER0857,PROD0015,2025-01-05,926.6119936278754,3012.5220566400967,1753241.2141300528,Pending
PO0858,SUPPLIER0858,PROD0015,2025-03-09,1520.7059152523657,17317.46550526172,32816709.275502924,Cancelled
PO0859,SUPPLIER0859,PROD0015,2025-03-02,57.82118515919875,6985.788468300694,1511049.0576001117,Pending
PO0860,SUPPLIER0860,PROD0199,2026-08-06,2053.1573279565146,5016.808474935755,12648678.739658192,Cancelled
PO0861,SUPPLIER0861,PROD0199,2025-03-06,575.1537611924871,2507.115231995903,1640867.813743967,Pending
PO0862,SUPPLIER0862,PROD0199,2025-03-16,1841.7311912889004,14833.013537641555,37305143.16833892,Cancelled
PO0863,SUPPLIER0863,PROD0199,2025-03-16,35.37965484352922,4056.187551103371,205959.99476355506,Cancelled
PO0864,SUPPLIER0864,PROD0199,2025-07-19,682.3469381115589,15636.856988489846,19505660.34100013,Cancelled
PO0865,SUPPLIER0865,PROD0199,2025-12-26,225.41078493232857,22119.628889142437,8394637.729526594,Cancelled
PO0866,SUPPLIER0866,PROD0199,2025-04-29,1064.005212118715,10241.575285551135,14005575.67054438,Pending
PO0867,SUPPLIER0867,PROD0199,2025-03-07,1199.966694141297,14585.627453804354,35425007.10801326,Cancelled
PO0868,SUPPLIER0868,PROD0199,2026-06-11,1018.1404839627131,18173.37148990033,10998873.973010497,Cancelled
PO0869,SUPPLIER0869,PROD0199,2025-02-27,297.6293988408581,6339.326049888219,4561930.681038836,Cancelled
PO0870,SUPPLIER0870,PROD0199,2025-04-29,1812.5711908588924,5829.064943170706,33282616.441739663,Pending
PO0871,SUPPLIER0871,PROD0085,2025-12-18,417.1488877534066,788.4157768074592,45681025.26016122,Pending
PO0872,SUPPLIER0872,PROD0085,2025-09-03,272.5774944597486,25967.18505458881,25336271.92460726,Pending
PO0873,SUPPLIER0873,PROD0085,2025-05-16,2442.555298426447,7373.986238573883,10747255.046026355,Cancelled
PO0874,SUPPLIER0874,PROD0085,2025-03-14,1549.797557575817,18685.90296564696,11014801.411178209,Cancelled
PO0875,SUPPLIER0875,PROD0085,2025-11-27,560.078604386268,6467.725608708666,1588650.6608946307,Cancelled
PO0876,SUPPLIER0876,PROD0085,2026-02-10,2422.2891590577096,22210.61280445753,992721.6370855054,Pending
PO0877,SUPPLIER0877,PROD0085,2026-06-11,2189.2858810146145,2048.584860555916,6970862.005752056,Pending
PO0878,SUPPLIER0878,PROD0085,2025-10-23,2329.6244645199135,15406.388069791994,5026851.888884025,Pending
PO0879,SUPPLIER0879,PROD0085,2026-05-23,2019.419489190925,18501.80579429391,43924431.75366184,Pending
PO0880,SUPPLIER0880,PROD0085,2025-08-31,979.2339433753815,20257.09376621746,42743483.36918279,Cancelled
PO0881,SUPPLIER0881,PROD0085,2025-10-23,2310.9982127188487,2129.5082894954726,8724468.39587645,Cancelled
PO0882,SUPPLIER0882,PROD0005,2025-08-31,1284.2484376527764,12375.057646333033,17224632.489841327,Pending
PO0883,SUPPLIER0883,PROD0005,2026-01-13,796.7323437886839,23676.38785776118,15320459.773828316,Pending
PO0884,SUPPLIER0884,PROD0005,2026-06-17,2466.4095844763656,7557.29384004276,18713246.459020507,Cancelled
PO0885,SUPPLIER0885,PROD0005,2025-01-24,1889.6548868113462,16905.487089895734,17459221.287566576,Pending
PO0886,SUPPLIER0886,PROD0005,2026-04-16,1551.858154517163,10638.126410449751,11951546.150079057,Pending
PO0887,SUPPLIER0887,PROD0005,2026-03-30,2199.8091637325583,1363.6391130765342,18115076.58262211,Pending
PO0888,SUPPLIER0888,PROD0005,2025-12-26,1388.3996726724718,7606.918915362877,2865036.4193612756,Pending
PO0889,SUPPLIER0889,PROD0005,2025-12-26,313.04902311669946,6291.168318696636,17812156.530052185,Pending
PO0890,SUPPLIER0890,PROD0005,2026-04-09,492.79325008013046,14875.561596598955,56748482.309406154,Pending
PO0891,SUPPLIER0891,PROD0005,2025-03-16,1978.4682725567216,18320.500882645887,1210792.7964348053,Cancelled
PO0892,SUPPLIER0892,PROD0005,2025-01-24,2313.8147202568985,11651.363218582837,6987096.0368885435,Pending
PO0893,SUPPLIER0893,PROD0099,2026-04-09,268.00435028238826,3303.7736832586147,7810984.7508246405,Pending
PO0894,SUPPLIER0894,PROD0099,2025-12-26,1050.6911284752848,23909.696412094007,5566151.864582877,Pending
PO0895,SUPPLIER0895,PROD0099,2025-05-25,814.239311152569,4506.66939102092,5497100.219938111,Pending
PO0896,SUPPLIER0896,PROD0099,2025-03-02,1001.1069215090979,22540.01204546902,11297760.31084409,Pending
PO0897,SUPPLIER0897,PROD0099,2025-03-01,1496.3277103142962,2024.3431051945279,26239260.066454392,Pending
PO0898,SUPPLIER0898,PROD0099,2025-09-23,875.0742107199161,16534.241796542712,37203162.44878731,Pending
PO0899,SUPPLIER0899,PROD0099,2026-03-17,798.125044462283,15093.111671246175,33118373.78535086,Pending
PO0900,SUPPLIER0900,PROD0099,2025-03-16,1565.504316420522,25453.118840951505,11094019.81373828,Cancelled
PO0901,SUPPLIER0901,PROD0099,2026-06-11,647.8550264522737,14469.343706058315,2021745.7903823853,Pending
PO0902,SUPPLIER0902,PROD0099,2025-12-26,2475.3469796947484,11914.68406911832,17013932.21278844,Cancelled
PO0903,SUPPLIER0903,PROD0099,2025-03-09,1234.6855675484344,18429.240983954605,972134.4109173161,Pending
PO0904,SUPPLIER0904,PROD0171,2026-06-11,1756.2389314413497,13289.652099948049,26031949.343427043,Cancelled
PO0905,SUPPLIER0905,PROD0171,2026-08-06,365.98011886794967,13193.90260741009,22417493.662749067,Pending
PO0906,SUPPLIER0906,PROD0171,2025-08-31,2306.5909705970125,16884.323857053663,25643052.687932093,Pending
PO0907,SUPPLIER0907,PROD0171,2025-06-26,2442.453984799453,20395.315065489787,267037.58876012074,Cancelled
PO0908,SUPPLIER0908,PROD0171,2026-02-02,1611.3834032247446,13127.417991948365,17002208.91199761,Pending
PO0909,SUPPLIER0909,PROD0171,2025-05-16,1194.9173260812008,18102.680731464017,4256589.902450986,Cancelled
PO0910,SUPPLIER0910,PROD0171,2026-03-05,290.2221267487908,15499.806880809076,33093495.366954852,Pending
PO0911,SUPPLIER0911,PROD0171,2025-01-12,925.9432836285197,6528.527354499302,47144119.97977231,Pending
PO0912,SUPPLIER0912,PROD0171,2025-01-25,140.1986226270441,12219.320157603734,11794224.091668798,Cancelled
PO0913,SUPPLIER0913,PROD0171,2025-06-27,563.3649159478832,9973.056183260689,6367086.947465376,Pending
PO0914,SUPPLIER0914,PROD0171,2025-06-27,1051.1865355632594,4113.17510066749,8831353.864538122,Pending
PO0915,SUPPLIER0915,PROD0130,2025-01-05,1255.1755640793212,5758.283013924523,29814585.29673464,Pending
PO0916,SUPPLIER0916,PROD0130,2026-02-05,366.7313983013087,5643.396253365737,7151099.110163159,Cancelled
PO0917,SUPPLIER0917,PROD0130,2025-04-06,567.7258844117513,7657.097009119381,4450301.597583882,Cancelled
PO0918,SUPPLIER0918,PROD0130,2025-10-23,2176.632970133362,13137.962326338682,7253468.2839262625,Cancelled
PO0919,SUPPLIER0919,PROD0130,2025-01-05,1296.9085710218965,24306.315086388968,397915.4063852544,Pending
PO0920,SUPPLIER0920,PROD0130,2026-03-16,598.3899361115782,9169.682950828168,10009629.623849,Cancelled
PO0921,SUPPLIER0921,PROD0130,2026-05-19,1796.4284437428637,6547.519443491486,23428638.792833786,Pending
PO0922,SUPPLIER0922,PROD0130,2025-06-18,510.8291614924505,11596.720152889382,18573643.312540147,Cancelled
PO0923,SUPPLIER0923,PROD0130,2025-03-12,300.8843006709416,21155.372372103673,20233906.42344705,Cancelled
PO0924,SUPPLIER0924,PROD0130,2025-03-02,1117.3306714223177,3149.3244840844827,49651710.793362185,Pending
PO0925,SUPPLIER0925,PROD0130,2025-12-26,912.3961315769773,21578.6046205236,3799762.5322114127,Cancelled
PO0926,SUPPLIER0926,PROD0191,2025-01-24,1197.8650046243088,5931.944001438322,1200105.3847232827,Pending
PO0927,SUPPLIER0927,PROD0191,2025-03-16,322.57305909143855,3570.5235832625763,2919762.5559181236,Pending
PO0928,SUPPLIER0928,PROD0191,2025-05-26,1648.0937375128617,14549.74470188069,11496192.653954059,Pending
PO0929,SUPPLIER0929,PROD0191,2026-02-21,2356.838534616806,20113.989706013024,10967189.672350835,Cancelled
PO0930,SUPPLIER0930,PROD0191,2025-07-19,785.9020273206238,1822.9167417407093,14510491.699660532,Pending
PO0931,SUPPLIER0931,PROD0191,2026-03-30,1958.2414744398243,10653.170347282698,2616569.6563608428,Cancelled
PO0932,SUPPLIER0932,PROD0191,2025-01-09,1993.7803375220801,3246.2967155072856,17088068.651704468,Cancelled
PO0933,SUPPLIER0933,PROD0191,2025-05-16,661.3028118254214,14315.87425742064,10540167.656038687,Cancelled
PO0934,SUPPLIER0934,PROD0191,2026-03-30,1627.0318811244172,11253.055355512375,28576548.765500356,Cancelled
PO0935,SUPPLIER0935,PROD0191,2025-07-20,320.66548014143393,12381.322207218509,32837868.40276785,Cancelled
PO0936,SUPPLIER0936,PROD0191,2025-09-23,491.3141805163174,21062.967383858246,23952444.61808339,Pending
PO0937,SUPPLIER0937,PROD0128,2025-12-26,2246.0696275838786,13992.90516801615,7377369.664026141,Cancelled
PO0938,SUPPLIER0938,PROD0128,2025-04-06,212.42986756057815,15012.832236845175,9542705.3839266,Cancelled
PO0939,SUPPLIER0939,PROD0128,2026-01-13,1857.6933540144178,2649.1779464804686,7575967.197273947,Cancelled
PO0940,SUPPLIER0940,PROD0128,2025-02-23,1564.2316170195145,869.6561694894649,14310938.486876784,Cancelled
PO0941,SUPPLIER0941,PROD0128,2025-01-26,1798.0541320023362,16596.288430528104,20764759.179383054,Pending
PO0942,SUPPLIER0942,PROD0128,2025-01-25,1118.6381898939624,22932.173200215104,11178858.307725055,Cancelled
PO0943,SUPPLIER0943,PROD0128,2026-03-15,1574.1158247775545,15325.585747072108,44826633.83374561,Pending
PO0944,SUPPLIER0944,PROD0128,2026-08-06,2300.4157828788207,13996.168828925496,4267734.784162072,Cancelled
PO0945,SUPPLIER0945,PROD0128,2026-01-13,1439.6479081056207,16953.533764882974,51260079.70800913,Pending
PO0946,SUPPLIER0946,PROD0128,2026-02-19,1240.9487020733393,5654.506339307758,15409591.57244791,Pending
PO0947,SUPPLIER0947,PROD0128,2025-12-18,1928.1269145959063,13943.713350387905,33986301.5228496,Pending
PO0948,SUPPLIER0948,PROD0048,2025-01-13,2422.516966372241,12011.730574760933,41833989.97120698,Cancelled
PO0949,SUPPLIER0949,PROD0048,2025-12-18,462.19334646762496,20832.640297759193,9722538.939857347,Cancelled
PO0950,SUPPLIER0950,PROD0048,2025-06-09,2326.5919989135223,10357.187406125684,43227330.30197914,Cancelled
PO0951,SUPPLIER0951,PROD0048,2025-01-13,1323.3366486456914,16805.674812237703,18314253.751584314,Cancelled
PO0952,SUPPLIER0952,PROD0048,2026-03-17,154.72972576594023,15207.106035703864,5504245.378108509,Pending
PO0953,SUPPLIER0953,PROD0048,2025-03-09,687.5090339638639,8081.882429926141,21181160.41466225,Cancelled
PO0954,SUPPLIER0954,PROD0048,2025-10-23,139.17400895648566,3448.977986841979,51298461.3068729,Pending
PO0955,SUPPLIER0955,PROD0048,2025-03-16,1958.3477945061356,11610.133388975426,224462.74529240647,Pending
PO0956,SUPPLIER0956,PROD0048,2025-05-25,235.25110387816287,23118.248253134145,3993425.533588404,Pending
PO0957,SUPPLIER0957,PROD0048,2025-02-27,1371.078243440401,23631.187086735124,21010684.73380783,Cancelled
PO0958,SUPPLIER0958,PROD0048,2026-03-17,2093.6057292482096,21419.92835975967,1421241.7456702243,Pending
PO0959,SUPPLIER0959,PROD0006,2025-06-26,1505.468081769375,11018.698870814742,3045923.9589697486,Cancelled
PO0960,SUPPLIER0960,PROD0006,2025-05-26,2446.827650453742,8503.317350356407,21402595.762043472,Cancelled
PO0961,SUPPLIER0961,PROD0006,2026-05-23,36.721478624660115,10865.294386758029,11761293.386542963,Cancelled
PO0962,SUPPLIER0962,PROD0006,2025-09-03,1149.1980807827297,3181.330340985765,2771922.592056706,Cancelled
PO0963,SUPPLIER0963,PROD0006,2025-03-02,1742.240723460745,7860.170129083167,12568821.887805633,Pending
PO0964,SUPPLIER0964,PROD0006,2026-06-11,27.698926819801624,12398.467353481314,46623.38461765602,Cancelled
PO0965,SUPPLIER0965,PROD0006,2025-03-02,1682.1121868177277,6505.527958025989,1256774.4645225762,Cancelled
PO0966,SUPPLIER0966,PROD0006,2026-02-10,599.8236679556295,24026.760276143057,31300874.720032368,Pending
PO0967,SUPPLIER0967,PROD0006,2025-09-03,2009.255421419085,4052.5728175041936,18103953.127851754,Cancelled
PO0968,SUPPLIER0968,PROD0006,2026-03-15,2042.339667570805,10203.195527963086,10059796.692882033,Cancelled
PO0969,SUPPLIER0969,PROD0006,2025-12-26,338.4787027380281,5486.855477053466,27699979.65933924,Pending
PO0970,SUPPLIER0970,PROD0173,2025-01-28,1593.7617669343244,1012.190112130818,3736472.3730528755,Cancelled
PO0971,SUPPLIER0971,PROD0173,2025-03-02,1735.6860381020558,19347.247166635974,2468591.2483001696,Pending
PO0972,SUPPLIER0972,PROD0173,2026-01-29,2356.153915978909,8222.573845446055,8251560.669931897,Cancelled
PO0973,SUPPLIER0973,PROD0173,2025-06-09,361.2641955843393,23103.19798387573,27848383.21069535,Pending
PO0974,SUPPLIER0974,PROD0173,2025-07-19,2296.8797529614517,6176.613004085249,4208353.101947657,Pending
PO0975,SUPPLIER0975,PROD0173,2025-01-26,2377.678512396544,3833.4113545259543,2588376.3635897725,Pending
PO0976,SUPPLIER0976,PROD0173,2025-07-19,739.2139247738177,3254.2752104445703,32116373.992541067,Pending
PO0977,SUPPLIER0977,PROD0173,2026-05-23,1555.3988770076198,15171.537857136436,17926692.419664305,Pending
PO0978,SUPPLIER0978,PROD0173,2025-03-02,519.2833098883682,13924.58830279668,10561096.8590392,Pending
PO0979,SUPPLIER0979,PROD0173,2025-03-01,1475.1000655095606,13682.488542749084,22308403.83353686,Pending
PO0980,SUPPLIER0980,PROD0173,2025-03-07,922.6180810518212,26110.62343649467,20970580.288958132,Cancelled
PO0981,SUPPLIER0981,PROD0058,2026-05-17,2132.495117507789,2339.598614526374,25370360.18711049,Pending
PO0982,SUPPLIER0982,PROD0058,2025-01-28,1553.766208154327,12323.431428712183,36433835.47956774,Cancelled
PO0983,SUPPLIER0983,PROD0058,2025-09-07,504.3174441642024,23671.094042823945,10672850.862760369,Pending
PO0984,SUPPLIER0984,PROD0058,2026-01-13,2135.4036403582472,17111.641011604926,5682136.49132124,Pending
PO0985,SUPPLIER0985,PROD0058,2025-01-24,2180.755697402922,7825.379045319467,21352265.272036195,Pending
PO0986,SUPPLIER0986,PROD0058,2026-01-13,317.28937909896825,2195.6001822310095,45776273.36202346,Cancelled
PO0987,SUPPLIER0987,PROD0058,2025-03-16,1157.320712988734,19681.597738691973,2759755.17168237,Cancelled
PO0988,SUPPLIER0988,PROD0058,2025-03-16,1565.5405498382972,6065.152115956539,25188911.932321694,Cancelled
PO0989,SUPPLIER0989,PROD0058,2025-05-07,1690.6692123939788,17298.067121738117,28856781.85340353,Cancelled
PO0990,SUPPLIER0990,PROD0058,2026-06-17,602.4974406821013,20728.184201936398,544839.3367939983,Cancelled
PO0991,SUPPLIER0991,PROD0058,2026-04-07,631.3943734387552,3027.325550779393,19285319.98451374,Pending
PO0992,SUPPLIER0992,PROD0091,2026-06-08,124.95097113109694,8787.067166363335,14889188.383269506,Cancelled
PO0993,SUPPLIER0993,PROD0091,2026-04-16,1982.8066385002196,11637.47475512962,3834764.9589470862,Pending
PO0994,SUPPLIER0994,PROD0091,2026-05-19,1077.175759744823,13376.440190733632,10445435.831715455,Pending
PO0995,SUPPLIER0995,PROD0091,2026-02-10,250.41711647044937,16027.468867268728,9394460.774369998,Pending
PO0996,SUPPLIER0996,PROD0091,2026-02-10,220.06168120894174,17654.708286697125,7382150.589953293,Pending
PO0997,SUPPLIER0997,PROD0091,2026-05-19,933.3104239144477,14655.322986581668,11763517.839640673,Pending
PO0998,SUPPLIER0998,PROD0091,2025-03-01,1710.7452525721399,7785.932476084515,24112560.233279508,Pending
PO0999,SUPPLIER0999,PROD0091,2025-01-09,591.4709807347697,6534.296998222053,15282233.786131777,Cancelled
PO1000,SUPPLIER1000,PROD0091,2025-10-23,513.7057347251518,23924.74217371128,1001143.2807027297,Cancelled
PO1001,SUPPLIER1001,PROD0091,2025-01-25,605.3659427241193,4027.2106219549696,33080944.18578392,Cancelled
PO1002,SUPPLIER1002,PROD0091,2025-03-01,2183.9199516225663,26364.044979831415,17354165.505051553,Pending
PO1003,SUPPLIER1003,PROD0145,2025-12-18,31.699492745386323,2981.8858506640536,4381286.63714396,Pending
PO1004,SUPPLIER1004,PROD0145,2025-01-13,2158.3125407884168,11831.07759086033,13758276.038736068,Cancelled
PO1005,SUPPLIER1005,PROD0145,2025-09-23,2417.805496118209,10406.954538222588,2863199.088708004,Cancelled
PO1006,SUPPLIER1006,PROD0145,2025-07-19,1756.749086105726,5244.33514360459,6328892.524163427,Pending
PO1007,SUPPLIER1007,PROD0145,2025-07-19,75.1395467431962,18476.989306313448,35815.6,Pending
PO1008,SUPPLIER1008,PROD0145,2025-03-16,2103.409380786065,20456.024761244782,16857973.871061403,Cancelled
PO1009,SUPPLIER1009,PROD0145,2025-01-10,2487.5085388990865,21774.105635592605,13858023.840588707,Cancelled
PO1010,SUPPLIER1010,PROD0145,2026-04-19,2416.4538369684255,18431.013461809904,35082526.28294182,Pending
PO1011,SUPPLIER1011,PROD0145,2025-10-23,1793.5546495129502,2144.947757750014,723849.7898801945,Pending
PO1012,SUPPLIER1012,PROD0145,2026-02-10,1496.2701530679706,25320.44546433649,34243008.07317815,Pending
PO1013,SUPPLIER1013,PROD0145,2026-04-14,499.4965583864609,16053.999399196846,840023.1544163873,Pending
PO1014,SUPPLIER1014,PROD0185,2026-05-19,760.2208696067732,12330.592262089658,6496002.862509068,Cancelled
PO1015,SUPPLIER1015,PROD0185,2026-06-11,2014.9898291127568,3032.6494055791677,9832133.246288948,Pending
PO1016,SUPPLIER1016,PROD0185,2025-01-20,132.22215130258846,22848.06107127338,1373790.1114711089,Cancelled
PO1017,SUPPLIER1017,PROD0185,2026-06-08,2211.1964208722584,6423.13607086158,13765996.718535932,Cancelled
PO1018,SUPPLIER1018,PROD0185,2026-02-10,2018.3761200846316,14817.065502310834,11641776.41744016,Pending
PO1019,SUPPLIER1019,PROD0185,2025-07-19,1322.9258598342833,3239.2385393434506,6624682.543362887,Pending
PO1020,SUPPLIER1020,PROD0185,2025-11-27,1308.4194720473563,21339.988132575887,28053825.613842525,Cancelled
PO1021,SUPPLIER1021,PROD0185,2025-11-23,1667.5103497751752,2802.6710199924687,8146811.462006625,Cancelled
PO1022,SUPPLIER1022,PROD0185,2026-06-11,603.2308306739437,25740.27460640283,3091414.9805153026,Pending
PO1023,SUPPLIER1023,PROD0185,2026-03-15,1180.2670821605996,21957.481524783758,47727.186927399496,Cancelled
PO1024,SUPPLIER1024,PROD0185,2025-06-09,2372.795745578786,8162.128494656453,11743822.66977671,Pending
PO1025,SUPPLIER1025,PROD0197,2026-01-13,1002.9019386956459,15423.292110319604,15046279.045531796,Cancelled
PO1026,SUPPLIER1026,PROD0197,2026-03-15,1674.6575945217455,15583.132164237035,14312299.081844458,Pending
PO1027,SUPPLIER1027,PROD0197,2026-05-19,565.9060616997868,20243.986371586558,3966553.885394285,Cancelled
PO1028,SUPPLIER1028,PROD0197,2026-08-18,1088.6287172345876,12251.76127389666,30499977.84340101,Pending
PO1029,SUPPLIER1029,PROD0197,2025-06-09,1790.8049466294658,5902.771262546542,1153762.3341500687,Cancelled
PO1030,SUPPLIER1030,PROD0197,2025-05-16,292.1740407772156,1748.5814324321036,26229049.386305403,Cancelled
PO1031,SUPPLIER1031,PROD0197,2026-04-07,366.3450058545464,6946.320288532944,17451991.997007098,Pending
PO1032,SUPPLIER1032,PROD0197,2026-01-29,1787.2018230724264,6713.4773433347655,39073504.36448787,Pending
PO1033,SUPPLIER1033,PROD0197,2025-01-12,1753.8428740752045,10483.179823155462,3926605.3936925344,Cancelled
PO1034,SUPPLIER1034,PROD0197,2025-01-28,2022.7661657959275,18457.023389858434,22754401.192965325,Cancelled
PO1035,SUPPLIER1035,PROD0197,2025-01-12,215.23546089301826,10216.330242557271,11365207.340927487,Cancelled
PO1036,SUPPLIER1036,PROD0057,2026-04-14,2176.105460270119,18949.47254027324,14346782.664777007,Pending
PO1037,SUPPLIER1037,PROD0057,2025-08-31,85.80208796735356,22804.868697897087,17523171.573990878,Pending
PO1038,SUPPLIER1038,PROD0057,2026-08-18,1430.9483281179594,16833.265686906263,14060287.060210535,Cancelled
PO1039,SUPPLIER1039,PROD0057,2026-08-18,1856.0330732792158,18144.2867755218,31291091.605955757,Cancelled
PO1040,SUPPLIER1040,PROD0057,2025-02-27,2202.3260117729883,20071.072855594255,757897.3311820468,Cancelled
PO1041,SUPPLIER1041,PROD0057,2025-05-16,2068.050980893457,9861.732506697943,9350893.026079306,Pending
PO1042,SUPPLIER1042,PROD0057,2026-02-10,489.5060789811798,13840.92770717498,13236628.835610848,Pending
PO1043,SUPPLIER1043,PROD0057,2025-01-12,1170.476881684682,9010.512702341055,12891785.309662297,Pending
PO1044,SUPPLIER1044,PROD0057,2026-03-15,814.9518524611395,15543.748079792862,22748536.830892924,Pending
PO1045,SUPPLIER1045,PROD0057,2025-10-23,2482.716234529636,9027.657000815621,7578123.665935453,Pending
PO1046,SUPPLIER1046,PROD0057,2025-01-02,634.7138772971929,3084.7535551427695,5292507.362006723,Cancelled
PO1047,SUPPLIER1047,PROD0158,2025-12-26,1122.9270439739557,6535.346700320432,6034933.399355924,Pending
PO1048,SUPPLIER1048,PROD0158,2025-01-28,1694.378455175041,21607.844898663487,2140469.9256139454,Cancelled
PO1049,SUPPLIER1049,PROD0158,2026-06-08,686.1398196816571,17636.594638706454,976710.312791647,Cancelled
PO1050,SUPPLIER1050,PROD0158,2025-05-16,2039.7990578339793,17078.07968693541,3865009.8082650797,Pending
PO1051,SUPPLIER1051,PROD0158,2026-02-02,1559.2753701278907,13411.410800894775,19860836.95302118,Pending
PO1052,SUPPLIER1052,PROD0158,2025-03-02,2354.1633007475625,1188.721062891779,16521745.448692452,Pending
PO1053,SUPPLIER1053,PROD0158,2025-03-08,1414.4102259895405,4748.942964949456,65456237.34311565,Cancelled
PO1054,SUPPLIER1054,PROD0158,2025-03-08,1202.1050404592802,13828.459503703572,1018630.5269358123,Cancelled
PO1055,SUPPLIER1055,PROD0158,2025-03-14,1189.3474292439512,11470.339396212366,8013836.663514643,Cancelled
PO1056,SUPPLIER1056,PROD0158,2026-03-30,1044.9296840260608,8999.077890476956,32960769.75364103,Cancelled
PO1057,SUPPLIER1057,PROD0158,2025-10-23,582.5005703917857,12677.601363185964,15614788.650972374,Pending
PO1058,SUPPLIER1058,PROD0177,2026-08-06,667.4586226064326,10892.889511859436,2428765.4340088377,Cancelled
PO1059,SUPPLIER1059,PROD0177,2025-03-16,769.4687757392821,18938.678422741985,3850836.1743256235,Cancelled
PO1060,SUPPLIER1060,PROD0177,2025-05-25,1414.0438286637514,10442.538060276778,35714056.4532964,Pending
PO1061,SUPPLIER1061,PROD0177,2026-06-16,940.3827698058805,21935.130342791836,36586088.58034054,Pending
PO1062,SUPPLIER1062,PROD0177,2025-04-06,636.4697691067717,18509.114214415833,33201864.783211153,Cancelled
PO1063,SUPPLIER1063,PROD0177,2025-10-23,525.5791835542585,19299.321648431414,16979538.76634372,Cancelled
PO1064,SUPPLIER1064,PROD0177,2026-03-15,1969.3608661409723,6598.560825209413,65817543.800644144,Pending
PO1065,SUPPLIER1065,PROD0177,2025-01-28,630.4690985427193,13306.831121084395,21069273.973873686,Cancelled
PO1066,SUPPLIER1066,PROD0177,2026-05-23,1500.7187918693858,4989.775303425337,1764573.4134177703,Cancelled
PO1067,SUPPLIER1067,PROD0177,2026-08-22,2363.159971737907,8043.342243498111,3246877.2046591304,Cancelled
PO1068,SUPPLIER1068,PROD0177,2026-01-29,850.8138994842158,11412.312838261403,21749962.21849374,Cancelled
PO1069,SUPPLIER1069,PROD0022,2025-03-14,1128.2722690794292,6338.735623650803,5125401.800804646,Pending
PO1070,SUPPLIER1070,PROD0022,2026-05-17,497.6902859747654,6754.933589496979,4124449.8046753714,Cancelled
PO1071,SUPPLIER1071,PROD0022,2025-02-23,197.1306256992097,15973.350992628402,17860280.43116498,Pending
PO1072,SUPPLIER1072,PROD0022,2025-07-31,84.88981697850787,6977.710474501012,10227282.438796211,Pending
PO1073,SUPPLIER1073,PROD0022,2025-07-19,1114.107893229591,5254.949261157222,1438756.175783505,Cancelled
PO1074,SUPPLIER1074,PROD0022,2025-03-02,1242.6017422830998,10116.070087170667,1955066.0039540855,Cancelled
PO1075,SUPPLIER1075,PROD0022,2025-04-06,954.7227507231285,10775.262196821546,38999567.71378818,Cancelled
PO1076,SUPPLIER1076,PROD0022,2025-09-23,2384.712692900047,8201.173619477378,4406262.971024906,Pending
PO1077,SUPPLIER1077,PROD0022,2025-03-14,781.5373806295249,20004.624083091905,1256497.815336804,Cancelled
PO1078,SUPPLIER1078,PROD0022,2025-01-10,1932.1318058366028,11228.650681353369,1701289.7603467966,Cancelled
PO1079,SUPPLIER1079,PROD0022,2025-03-14,1403.8852574117577,10150.850327213837,21860597.052749243,Pending
PO1080,SUPPLIER1080,PROD0018,2026-01-13,277.72564914500686,21122.026182656668,17946214.584710043,Cancelled
PO1081,SUPPLIER1081,PROD0018,2026-04-14,330.5627762470044,4006.647694898111,24249410.458179116,Pending
PO1082,SUPPLIER1082,PROD0018,2025-09-23,735.7316746689413,19788.75659479986,33112081.199725207,Cancelled
PO1083,SUPPLIER1083,PROD0018,2025-09-06,1193.9649318687527,10115.57021240102,5192892.505566413,Cancelled
PO1084,SUPPLIER1084,PROD0018,2025-01-01,623.4871474865611,12467.333549252353,20079721.137669105,Cancelled
PO1085,SUPPLIER1085,PROD0018,2026-01-13,1929.2368987425561,3427.000254713725,24076466.778652772,Pending
PO1086,SUPPLIER1086,PROD0018,2026-03-16,1597.2926046570376,10860.126504974005,2369027.3473133803,Pending
PO1087,SUPPLIER1087,PROD0018,2025-05-16,1177.4457618650938,20642.09721134159,423231.5060350828,Cancelled
PO1088,SUPPLIER1088,PROD0018,2026-03-15,710.6220592602516,6031.240075040578,2526867.7540377495,Pending
PO1089,SUPPLIER1089,PROD0018,2025-06-27,1391.1722999126457,19567.383693101714,5151723.334563485,Pending
PO1090,SUPPLIER1090,PROD0153,2025-06-09,2414.4734521009727,11438.303877956887,50791887.79668385,Pending
PO1091,SUPPLIER1091,PROD0153,2025-12-26,1737.047423248655,11886.747738820413,1695069.9759432424,Cancelled
PO1092,SUPPLIER1092,PROD0153,2025-12-26,1192.6873763339208,9419.017619041384,1468162.8813342266,Cancelled
PO1093,SUPPLIER1093,PROD0153,2026-06-11,162.18003241573075,24382.568271441738,20683749.162598114,Cancelled
PO1094,SUPPLIER1094,PROD0153,2026-05-19,2366.646282226942,3320.784083793754,56365566.69813627,Pending
PO1095,SUPPLIER1095,PROD0153,2025-01-09,2236.323961536614,23327.259812111664,5333002.008072973,Pending
PO1096,SUPPLIER1096,PROD0153,2025-01-10,1079.9524067501459,8572.575954331878,13203203.72657961,Cancelled
PO1097,SUPPLIER1097,PROD0153,2026-02-02,2010.7167696050776,7933.1299111230255,37293588.45547962,Cancelled
PO1098,SUPPLIER1098,PROD0153,2026-06-16,605.7888595468497,1729.8770872839718,10146423.827541187,Pending
PO1099,SUPPLIER1099,PROD0153,2025-01-24,1746.7630596143815,14536.271573931941,12070756.370142842,Pending
PO1100,SUPPLIER1100,PROD0134,2025-01-20,983.9016267843872,10565.854188711752,2501688.4609327093,Cancelled
PO1101,SUPPLIER1101,PROD0134,2026-04-14,1695.7686189760411,13744.473919842892,47794550.43912267,Pending
PO1102,SUPPLIER1102,PROD0134,2026-05-17,1866.7972618385174,15293.06681198262,11145870.78695117,Cancelled
PO1103,SUPPLIER1103,PROD0134,2025-03-12,165.59753506293566,4890.273293608096,38238907.52154414,Pending
PO1104,SUPPLIER1104,PROD0134,2025-03-09,396.5518014776067,18810.577417261647,14027813.918780774,Cancelled
PO1105,SUPPLIER1105,PROD0134,2025-04-06,2289.933140199426,12291.704035490813,4188441.89343484,Pending
PO1106,SUPPLIER1106,PROD0134,2026-03-15,761.84865870403,20718.41560480527,23828176.19238733,Cancelled
PO1107,SUPPLIER1107,PROD0134,2026-05-17,2021.1284522882881,6992.777641882275,1661475.3822154135,Cancelled
PO1108,SUPPLIER1108,PROD0134,2025-09-06,1512.4042494498935,5687.455444327782,9627419.51701491,Cancelled
PO1109,SUPPLIER1109,PROD0134,2026-05-17,477.7973840327949,9965.587077626002,2121952.292124862,Pending
PO1110,SUPPLIER1110,PROD0065,2025-07-19,141.7533228099961,12701.66337296847,5340757.09985439,Pending
PO1111,SUPPLIER1111,PROD0065,2025-01-05,238.3846144482563,5523.490833784037,14073783.862239547,Pending
PO1112,SUPPLIER1112,PROD0065,2026-04-19,2235.5731666816855,11057.66961025352,10833973.94871589,Pending
PO1113,SUPPLIER1113,PROD0065,2026-02-10,1311.4520300724334,18789.387261208547,26736234.181595568,Pending
PO1114,SUPPLIER1114,PROD0065,2025-01-05,1694.9140857490172,2273.366415421052,4118021.9119248665,Pending
PO1115,SUPPLIER1115,PROD0065,2026-04-09,1806.7695122123876,20170.08996012394,18584529.105055027,Pending
PO1116,SUPPLIER1116,PROD0065,2026-05-23,1737.7451370362262,1932.2939321683016,1493069.2729289534,Pending
PO1117,SUPPLIER1117,PROD0065,2025-08-31,1240.1337396047702,23795.21866701464,7326462.80641069,Pending
PO1118,SUPPLIER1118,PROD0065,2025-03-07,1415.3156063450358,14068.195859846299,32208608.769697703,Cancelled
PO1119,SUPPLIER1119,PROD0065,2025-01-28,402.56017184575876,20151.617138874826,15658417.560585104,Cancelled
PO1120,SUPPLIER1120,PROD0187,2026-02-21,928.3182038518702,3652.2427026004466,6711384.911963703,Cancelled
PO1121,SUPPLIER1121,PROD0187,2025-05-25,2152.651500104692,7746.3073436137975,30629099.565267686,Pending
PO1122,SUPPLIER1122,PROD0187,2026-03-16,1486.4968662303932,15646.21028273736,27400046.419646632,Pending
PO1123,SUPPLIER1123,PROD0187,2026-05-19,1795.347379876918,22930.975780547436,8870848.330760181,Cancelled
PO1124,SUPPLIER1124,PROD0187,2025-06-09,653.3960228649231,22956.07174926004,20809400.735621214,Pending
PO1125,SUPPLIER1125,PROD0187,2026-03-15,217.50355966430976,15144.319196385617,45353752.57105003,Pending
PO1126,SUPPLIER1126,PROD0187,2025-03-02,1292.943593589798,7567.611472732929,22210649.874361075,Pending
PO1127,SUPPLIER1127,PROD0187,2025-12-26,2269.858482414516,26229.802838872856,934365.8062791782,Cancelled
PO1128,SUPPLIER1128,PROD0187,2026-06-08,810.6768357237053,27622.64,26634164.92066916,Cancelled
PO1129,SUPPLIER1129,PROD0187,2025-07-20,1928.6146646935003,4766.618575879309,20617382.01549036,Cancelled
PO1130,SUPPLIER1130,PROD0175,2025-10-23,1637.2309776635723,8951.452145081155,23592910.273027718,Pending
PO1131,SUPPLIER1131,PROD0175,2026-05-19,844.2433895469118,12063.725435248452,12925115.413864184,Pending
PO1132,SUPPLIER1132,PROD0175,2026-04-14,1789.0622294777281,4013.175993301899,12268033.572441667,Cancelled
PO1133,SUPPLIER1133,PROD0175,2026-03-16,687.0441180880706,20438.64369953502,22535254.023029134,Cancelled
PO1134,SUPPLIER1134,PROD0175,2026-03-30,100.83646417233162,18240.434175462287,12484743.083090942,Cancelled
PO1135,SUPPLIER1135,PROD0175,2025-01-13,2269.732379442894,2077.4893487225477,9650489.735953888,Cancelled
PO1136,SUPPLIER1136,PROD0175,2025-04-04,1716.8924241598327,25891.44268004747,257973.6410783694,Cancelled
PO1137,SUPPLIER1137,PROD0175,2026-02-23,2212.5229739488977,18304.33319183563,2307991.69755006,Pending
PO1138,SUPPLIER1138,PROD0175,2026-04-16,604.998834955735,10512.308164674956,24035500.7470755,Cancelled
PO1139,SUPPLIER1139,PROD0175,2025-01-24,1453.3360589838376,8523.04482340477,619889.0687148622,Pending
PO1140,SUPPLIER1140,PROD0075,2025-05-16,2210.023696988583,1929.1523481093864,10839087.74515913,Cancelled
PO1141,SUPPLIER1141,PROD0075,2025-01-10,229.5063709419124,4979.58894151813,5623135.573642486,Cancelled
PO1142,SUPPLIER1142,PROD0075,2025-03-02,1023.2889920733451,2032.4472549360578,4687534.71349836,Pending
PO1143,SUPPLIER1143,PROD0075,2025-12-18,1462.512528667403,22142.073521130344,31406090.44152193,Pending
PO1144,SUPPLIER1144,PROD0075,2026-06-11,2032.793812981297,17994.667766579827,56432192.860080466,Cancelled
PO1145,SUPPLIER1145,PROD0075,2025-09-06,1934.551471626247,10970.766059013742,21030639.03726833,Pending
PO1146,SUPPLIER1146,PROD0075,2025-08-15,1530.520160123415,5563.250497004392,10641851.290484184,Cancelled
PO1147,SUPPLIER1147,PROD0075,2025-05-25,2473.4208849286388,11516.742216466715,923606.8187851338,Cancelled
PO1148,SUPPLIER1148,PROD0075,2025-03-14,55.50167737478013,6161.269144611935,25968923.98195868,Cancelled
PO1149,SUPPLIER1149,PROD0075,2025-11-22,2058.1452860904137,3954.5989104378527,19135394.29542213,Cancelled
PO1150,SUPPLIER1150,PROD0094,2026-03-16,841.448623692795,1329.507342641438,7906463.38782259,Cancelled
PO1151,SUPPLIER1151,PROD0094,2026-01-13,85.76943678643433,21139.450680907954,1508346.3961440537,Pending
PO1152,SUPPLIER1152,PROD0094,2025-03-16,2417.539086626318,13428.89717126862,815915.9545042552,Cancelled
PO1153,SUPPLIER1153,PROD0094,2025-01-28,1221.52773589423,18851.731932333638,38668329.67467719,Cancelled
PO1154,SUPPLIER1154,PROD0094,2026-04-07,2056.9722208260246,21727.686157638593,859384.8767835157,Pending
PO1155,SUPPLIER1155,PROD0094,2025-01-12,157.31638487967552,5665.203990951674,1951051.8949834523,Cancelled
PO1156,SUPPLIER1156,PROD0094,2026-04-07,2173.2104798924115,4699.254819222654,33117429.294619277,Pending
PO1157,SUPPLIER1157,PROD0094,2026-02-10,37.48420655936344,14381.403205504696,28453688.91743449,Pending
PO1158,SUPPLIER1158,PROD0094,2025-12-18,62.79952500346925,8657.621892832443,17880450.162668675,Cancelled
PO1159,SUPPLIER1159,PROD0094,2025-02-20,212.38226760919773,7648.919739756564,12830679.988553602,Cancelled
PO1160,SUPPLIER1160,PROD0082,2026-05-19,1803.7882985732103,8256.1099904244,13793851.83943238,Pending
PO1161,SUPPLIER1161,PROD0082,2026-05-17,2287.2522609709627,10469.89297416458,32515239.216418825,Pending
PO1162,SUPPLIER1162,PROD0082,2025-03-02,1497.0215946749236,13011.815382316725,30501197.85254324,Pending
PO1163,SUPPLIER1163,PROD0082,2025-06-09,623.6451414707155,23433.698221431332,8831495.935706833,Pending
PO1164,SUPPLIER1164,PROD0082,2025-07-31,2472.701230788308,6361.253240896116,13797593.13441126,Pending
PO1165,SUPPLIER1165,PROD0082,2025-09-06,2247.7279281320584,22008.498985500526,1760666.0917263958,Pending
PO1166,SUPPLIER1166,PROD0082,2025-12-26,33.29502435755126,11120.165058291057,23358457.626131248,Pending
PO1167,SUPPLIER1167,PROD0082,2026-03-16,399.31894798114945,1969.6880237350294,4613340.464389011,Pending
PO1168,SUPPLIER1168,PROD0082,2026-04-19,1699.2843240630173,12650.608938671065,5090152.882826346,Pending
PO1169,SUPPLIER1169,PROD0082,2025-01-25,586.4847433399694,20830.81100125226,20466423.57351885,Cancelled
PO1170,SUPPLIER1170,PROD0059,2025-03-14,2269.7811909474235,10019.6457110925,2605210.846550284,Cancelled
PO1171,SUPPLIER1171,PROD0059,2026-05-17,689.0555395291394,23639.95866588738,31454202.128260113,Pending
PO1172,SUPPLIER1172,PROD0059,2026-06-11,1840.2832117521743,8699.356751203553,1073310.159877716,Pending
PO1173,SUPPLIER1173,PROD0059,2025-05-16,1158.0093148331132,26206.562576116143,47618816.764901824,Pending
PO1174,SUPPLIER1174,PROD0059,2026-01-13,261.320496949261,6718.639177362063,4958661.14038576,Pending
PO1175,SUPPLIER1175,PROD0059,2026-04-09,1817.6232423400033,20640.580190789515,31062273.466768503,Pending
PO1176,SUPPLIER1176,PROD0059,2025-08-15,844.3477609674769,21731.25144105818,10816350.549780086,Cancelled
PO1177,SUPPLIER1177,PROD0059,2026-03-30,1566.820879369953,22674.991837670677,1931654.2295436969,Cancelled
PO1178,SUPPLIER1178,PROD0059,2025-09-06,136.85191063566558,8025.218597369694,29000353.28230417,Cancelled
PO1179,SUPPLIER1179,PROD0059,2025-01-25,197.03235084979005,2630.8529004536385,20308469.98062906,Cancelled
PO1180,SUPPLIER1180,PROD0129,2025-03-06,789.2548646048036,4746.215783448454,929591.2475105633,Pending
PO1181,SUPPLIER1181,PROD0129,2026-02-10,1020.7014126585974,2127.2044905694765,2819732.7784746476,Pending
PO1182,SUPPLIER1182,PROD0129,2026-03-16,2302.39277973614,7445.881350594031,23342092.65980169,Cancelled
PO1183,SUPPLIER1183,PROD0129,2026-04-19,1797.9113137230652,8275.892414688804,3672795.7932238886,Pending
PO1184,SUPPLIER1184,PROD0129,2025-11-22,1196.5455778772282,23925.908660428355,6999231.8321575485,Cancelled
PO1185,SUPPLIER1185,PROD0129,2025-03-10,15.234030402114556,20386.919941990785,10414963.214752967,Cancelled
PO1186,SUPPLIER1186,PROD0129,2025-04-06,482.94131193043944,12625.873166742374,20121855.118418396,Pending
PO1187,SUPPLIER1187,PROD0129,2025-01-12,572.3039829474225,7728.419047220088,37090442.332927644,Cancelled
PO1188,SUPPLIER1188,PROD0129,2026-08-06,2300.604909240556,8916.791807334319,5911226.253067327,Pending
PO1189,SUPPLIER1189,PROD0129,2026-03-15,622.3000298190467,17835.994070123357,26637311.620754126,Cancelled
PO1190,SUPPLIER1190,PROD0140,2025-01-12,1408.3793606297813,24606.44454477335,59483162.02426349,Cancelled
PO1191,SUPPLIER1191,PROD0140,2025-11-08,1665.2081347923674,20585.694145523485,25543513.32612824,Cancelled
PO1192,SUPPLIER1192,PROD0140,2026-04-14,2335.8475913379057,860.2259208320083,12286564.094548598,Pending
PO1193,SUPPLIER1193,PROD0140,2026-02-02,1545.677469424019,13559.944448073136,16161170.29535647,Pending
PO1194,SUPPLIER1194,PROD0140,2025-12-18,509.2682468156116,2956.4633853778796,41926338.80333815,Pending
PO1195,SUPPLIER1195,PROD0140,2025-03-02,2197.245751571796,5193.90205801476,6278476.319411966,Pending
PO1196,SUPPLIER1196,PROD0140,2025-01-28,125.3101476937814,12576.191028670724,16674834.24260266,Cancelled
PO1197,SUPPLIER1197,PROD0140,2025-01-01,2061.532306237359,19451.875876237966,1031808.2159294345,Cancelled
PO1198,SUPPLIER1198,PROD0140,2025-01-25,641.328894855238,16550.153366889062,30974409.539993193,Cancelled
PO1199,SUPPLIER1199,PROD0140,2025-09-07,593.9241425136585,17414.509821852673,5886029.034730216,Pending
PO1200,SUPPLIER1200,PROD0141,2026-05-17,2234.1252829365726,11575.976820948048,27045289.85216599,Cancelled
PO1201,SUPPLIER1201,PROD0141,2026-01-13,2111.7700147057767,6307.855784936327,9824226.301721292,Pending
PO1202,SUPPLIER1202,PROD0141,2026-03-17,678.7167114373766,3343.0164102241015,51327950.74196486,Pending
PO1203,SUPPLIER1203,PROD0141,2025-08-31,1097.5910969292584,18566.637481949703,23265278.206737775,Pending
PO1204,SUPPLIER1204,PROD0141,2026-04-16,632.9121503901839,16253.557911854987,3474752.7584181037,Cancelled
PO1205,SUPPLIER1205,PROD0141,2025-01-05,1379.289593962235,18298.00770000909,7427213.80567882,Pending
PO1206,SUPPLIER1206,PROD0141,2025-12-18,1767.8558994866844,20394.36282229222,33809476.54124103,Cancelled
PO1207,SUPPLIER1207,PROD0141,2026-04-07,110.2948640833133,9151.692142972639,22818331.420270447,Pending
PO1208,SUPPLIER1208,PROD0141,2026-04-14,498.39732076320996,24088.13288278701,14736251.15772011,Pending
PO1209,SUPPLIER1209,PROD0141,2026-04-07,1092.3699157819797,3156.0889380538283,15101697.406623842,Pending
PO1210,SUPPLIER1210,PROD0189,2026-04-07,35.441893078218854,5452.080512281597,14990052.412960157,Pending
PO1211,SUPPLIER1211,PROD0189,2026-04-16,1162.6329374345437,20471.08092181568,16344848.044545963,Pending
PO1212,SUPPLIER1212,PROD0189,2026-06-17,2380.314680739343,17552.71696021633,3772029.76380896,Cancelled
PO1213,SUPPLIER1213,PROD0189,2025-12-18,2044.3281558269907,3362.5090009069067,10839242.118740153,Cancelled
PO1214,SUPPLIER1214,PROD0189,2026-04-14,805.1773674423779,4654.580343134215,27381257.697367087,Pending
PO1215,SUPPLIER1215,PROD0189,2025-03-02,1703.6774194476234,7222.546313634021,11522055.765693622,Cancelled
PO1216,SUPPLIER1216,PROD0189,2025-01-05,1841.6734067054047,824.6883908166797,11496298.794701064,Pending
PO1217,SUPPLIER1217,PROD0189,2025-03-01,406.82772442922436,7545.5656915023255,10330823.740961011,Cancelled
PO1218,SUPPLIER1218,PROD0189,2026-03-30,786.54621994617,4814.930918533366,4110198.646788449,Cancelled
PO1219,SUPPLIER1219,PROD0189,2026-05-19,231.12403406378846,17310.810846800236,19203246.06167875,Pending
PO1220,SUPPLIER1220,PROD0061,2025-03-09,1040.1284499484743,7156.509154809389,5420436.003244328,Cancelled
PO1221,SUPPLIER1221,PROD0061,2026-04-14,1538.6482846338229,22496.493782116147,44727356.39453608,Pending
PO1222,SUPPLIER1222,PROD0061,2025-03-01,1941.388732260855,13744.815584055586,2483216.341533372,Pending
PO1223,SUPPLIER1223,PROD0061,2025-04-06,591.9281242320027,10396.978627280529,13618376.91932691,Cancelled
PO1224,SUPPLIER1224,PROD0061,2025-03-09,1241.1954345082452,18653.750700581222,4449803.560778921,Pending
PO1225,SUPPLIER1225,PROD0061,2025-12-18,980.3379117956815,5858.321131876309,17605830.074772786,Pending
PO1226,SUPPLIER1226,PROD0061,2025-03-14,252.85084208588773,21901.83419748562,35643163.22308357,Cancelled
PO1227,SUPPLIER1227,PROD0061,2025-01-10,2157.2633535210307,20663.410044867294,3728107.3307302236,Pending
PO1228,SUPPLIER1228,PROD0061,2025-02-23,1103.2379139125608,11197.848078663324,11746271.211134687,Cancelled
PO1229,SUPPLIER1229,PROD0061,2025-01-12,407.71757755432714,12121.054843578751,10490226.89128485,Cancelled
PO1230,SUPPLIER1230,PROD0039,2025-07-20,1158.7098534050876,8218.443898855277,19132152.858138755,Cancelled
PO1231,SUPPLIER1231,PROD0039,2026-04-07,927.10068964323,12697.389672421674,17277777.906240772,Cancelled
PO1232,SUPPLIER1232,PROD0039,2025-09-03,2254.4605482402676,5233.745402389558,2627649.97794459,Cancelled
PO1233,SUPPLIER1233,PROD0039,2025-09-03,2294.1799667354103,19393.3699994875,4857582.095436057,Cancelled
PO1234,SUPPLIER1234,PROD0039,2025-09-03,1362.139476617215,10937.567638957926,12672146.567147946,Cancelled
PO1235,SUPPLIER1235,PROD0039,2025-03-14,2085.7345235767257,23549.95485588743,17847135.441281892,Cancelled
PO1236,SUPPLIER1236,PROD0039,2025-03-14,1869.6496992708721,10993.16345097824,23487809.22244101,Cancelled
PO1237,SUPPLIER1237,PROD0039,2025-04-06,1519.3274509696187,2903.7412694199247,22401506.28718154,Cancelled
PO1238,SUPPLIER1238,PROD0039,2025-02-04,300.7338249524031,11536.334264632962,14242254.321209753,Cancelled
PO1239,SUPPLIER1239,PROD0039,2025-11-23,2135.8938606648408,21580.765316617577,37975047.96096271,Cancelled
PO1240,SUPPLIER1240,PROD0068,2025-04-06,2043.7360763110291,14800.237320354847,14994696.098160818,Pending
PO1241,SUPPLIER1241,PROD0068,2025-01-25,1567.1315473353777,11272.750085462161,13880001.420131126,Cancelled
PO1242,SUPPLIER1242,PROD0068,2025-05-16,2109.3707642468516,10563.347106849587,14230458.422256345,Pending
PO1243,SUPPLIER1243,PROD0068,2026-04-16,28.893175864004558,3935.688242217631,8140964.235795395,Pending
PO1244,SUPPLIER1244,PROD0068,2026-08-06,1834.6554838343695,24062.67980127496,14064931.715297617,Pending
PO1245,SUPPLIER1245,PROD0068,2025-03-09,1768.0092039253127,25493.07532819944,7561086.110045363,Cancelled
PO1246,SUPPLIER1246,PROD0068,2025-01-13,2315.242373752433,15343.168710803997,24610282.299085464,Cancelled
PO1247,SUPPLIER1247,PROD0068,2025-05-24,306.7243777097944,2342.0301736997203,6578464.119438921,Cancelled
PO1248,SUPPLIER1248,PROD0068,2025-07-20,1877.8005530045195,2462.9633261749987,36695828.43919438,Cancelled
PO1249,SUPPLIER1249,PROD0068,2025-03-07,2414.0994455299765,8110.678631864605,4596706.847356331,Cancelled
PO1250,SUPPLIER1250,PROD0200,2026-03-16,1427.08069503706,7660.144212033979,4619721.772253808,Cancelled
PO1251,SUPPLIER1251,PROD0200,2025-01-09,268.2982565044141,11391.832304060297,3983600.2398743597,Pending
PO1252,SUPPLIER1252,PROD0200,2025-02-23,2446.354344319484,15869.447060908662,29766630.033291947,Cancelled
PO1253,SUPPLIER1253,PROD0200,2025-08-31,1691.3703931787554,3266.7448031734302,13880369.650779374,Cancelled
PO1254,SUPPLIER1254,PROD0200,2025-01-26,1495.6631470578518,1091.6820335119396,44210038.15252912,Pending
PO1255,SUPPLIER1255,PROD0200,2026-05-23,1536.5022028416797,19335.277263141405,23799934.08001346,Pending
PO1256,SUPPLIER1256,PROD0200,2025-02-23,838.6153071279081,8647.026008808154,23877533.64681381,Cancelled
PO1257,SUPPLIER1257,PROD0200,2025-12-26,2081.3183989433965,5572.732954973223,2366991.309624367,Pending
PO1258,SUPPLIER1258,PROD0200,2025-04-29,2014.1316405315952,23755.73133280908,26291853.44499809,Pending
PO1259,SUPPLIER1259,PROD0200,2026-06-20,1057.6764695409897,25670.46468501526,27624904.5524159,Cancelled
PO1260,SUPPLIER1260,PROD0023,2025-12-18,1898.0798852470148,16828.126693951945,17715062.25196127,Pending
PO1261,SUPPLIER1261,PROD0023,2025-02-23,2226.1449226490613,11194.155280311594,3650751.406282097,Cancelled
PO1262,SUPPLIER1262,PROD0023,2025-09-06,2232.6404595373933,18806.992124131622,24798700.64791657,Cancelled
PO1263,SUPPLIER1263,PROD0023,2025-07-31,2225.9840832533464,8587.84577427443,46610555.39943857,Pending
PO1264,SUPPLIER1264,PROD0023,2025-04-06,1313.470894145671,13364.12679352009,1269283.397340919,Pending
PO1265,SUPPLIER1265,PROD0023,2026-03-17,700.2897507968531,4559.245839409621,8163731.854196121,Pending
PO1266,SUPPLIER1266,PROD0023,2025-03-29,1412.791821493493,14966.978331800312,3986832.805027208,Pending
PO1267,SUPPLIER1267,PROD0023,2025-03-06,2255.3255822696697,14361.693932503353,24051935.699000996,Pending
PO1268,SUPPLIER1268,PROD0023,2025-12-18,2171.3922468757883,9399.284465259258,46535554.772262394,Cancelled
PO1269,SUPPLIER1269,PROD0023,2025-08-31,1622.5302915671336,12820.214348337842,4213076.30134344,Cancelled
PO1270,SUPPLIER1270,PROD0180,2026-02-23,927.7202364096801,21484.183686647215,27402186.568641383,Pending
PO1271,SUPPLIER1271,PROD0180,2025-03-07,1368.3546483483183,12079.143614848781,36452135.57501151,Cancelled
PO1272,SUPPLIER1272,PROD0180,2025-03-07,41.54231644573431,19970.980890952633,36698739.47498406,Cancelled
PO1273,SUPPLIER1273,PROD0180,2026-03-05,494.8178323093355,16716.46704642958,10118995.06503478,Pending
PO1274,SUPPLIER1274,PROD0180,2025-03-08,794.7965231244364,2199.3331078768647,16459594.723469637,Cancelled
PO1275,SUPPLIER1275,PROD0180,2025-05-16,93.23289290942813,27567.226781136364,29531780.24941562,Pending
PO1276,SUPPLIER1276,PROD0180,2025-07-31,2047.0278880893702,3713.64545489264,6108073.446160426,Pending
PO1277,SUPPLIER1277,PROD0180,2025-09-07,1267.7445179404065,19265.595587026313,23254705.217663836,Pending
PO1278,SUPPLIER1278,PROD0180,2025-06-27,1560.5225205018926,18822.486403174076,12941921.845415574,Pending
PO1279,SUPPLIER1279,PROD0180,2026-03-30,208.5600177250021,1865.440504345451,19882765.54650564,Cancelled
PO1280,SUPPLIER1280,PROD0095,2025-07-20,363.6791576047364,11415.869634846787,22042445.266930614,Cancelled
PO1281,SUPPLIER1281,PROD0095,2026-05-23,360.67201403129434,21227.824046550537,9120952.598833874,Pending
PO1282,SUPPLIER1282,PROD0095,2025-02-20,1138.6085746311358,22806.505822959123,28095279.036845308,Cancelled
PO1283,SUPPLIER1283,PROD0095,2025-03-06,1725.3407060567072,9298.787714857275,15739248.469940811,Pending
PO1284,SUPPLIER1284,PROD0095,2025-08-31,2039.5829694035733,21072.018906250185,585153.2231701426,Pending
PO1285,SUPPLIER1285,PROD0095,2025-03-06,1808.3952368820076,7187.913606185573,19297979.947620675,Pending
PO1286,SUPPLIER1286,PROD0095,2025-09-13,932.8308466873391,6595.579634993759,10480948.503353402,Cancelled
PO1287,SUPPLIER1287,PROD0095,2025-02-20,1298.9613738728412,1799.0517852152743,8920637.920380477,Cancelled
PO1288,SUPPLIER1288,PROD0095,2025-10-23,835.3970258249278,10438.989977415751,13778148.636072552,Pending
PO1289,SUPPLIER1289,PROD0095,2025-01-25,1696.539239263812,7602.4808134959785,4711157.219827916,Cancelled
PO1290,SUPPLIER1290,PROD0160,2025-05-16,1529.3755195368465,16569.907670152374,29410738.008422766,Cancelled
PO1291,SUPPLIER1291,PROD0160,2025-12-18,2491.7650861317707,3228.289433280938,36277251.57536414,Cancelled
PO1292,SUPPLIER1292,PROD0160,2025-12-26,717.7605154681248,3871.802142698097,13708112.161510132,Cancelled
PO1293,SUPPLIER1293,PROD0160,2026-04-07,834.9420162500111,15764.416976249327,237351.70911795634,Pending
PO1294,SUPPLIER1294,PROD0160,2026-01-29,1497.9898293224976,4972.042516462697,16509791.879587049,Cancelled
PO1295,SUPPLIER1295,PROD0160,2025-01-09,2214.384687531993,16075.4581658799,1380146.9228120113,Cancelled
PO1296,SUPPLIER1296,PROD0160,2025-11-08,561.9888959077504,12846.966010596054,3986599.7327285795,Pending
PO1297,SUPPLIER1297,PROD0160,2025-08-31,1241.6048650120315,904.4865300767361,11324114.842808489,Pending
PO1298,SUPPLIER1298,PROD0160,2025-12-30,1248.417436808346,18139.99977545938,15417314.76676435,Cancelled
PO1299,SUPPLIER1299,PROD0160,2025-03-12,1704.6481359285979,22377.035041814834,2802716.4514998267,Pending
PO1300,SUPPLIER1300,PROD0054,2026-06-08,2127.353640382484,10906.621426213958,41445408.43231766,Pending
PO1301,SUPPLIER1301,PROD0054,2026-06-16,1581.4668035490643,4680.909292563759,23995078.18624463,Pending
PO1302,SUPPLIER1302,PROD0054,2025-01-09,552.7889482599603,24036.19927437048,16380286.24891339,Pending
PO1303,SUPPLIER1303,PROD0054,2025-05-26,1993.7409057452696,19724.205039324428,14938112.567210324,Cancelled
PO1304,SUPPLIER1304,PROD0054,2025-04-06,1552.979229206173,13345.729522813972,4461101.493059041,Pending
PO1305,SUPPLIER1305,PROD0054,2026-01-29,241.1975484505475,940.7131623404955,26936322.541759375,Pending
PO1306,SUPPLIER1306,PROD0054,2026-03-15,1480.5169452118357,27400.90513587666,19192841.16586876,Pending
PO1307,SUPPLIER1307,PROD0054,2025-01-12,1206.4998051700327,15683.939533607043,10314045.951560298,Cancelled
PO1308,SUPPLIER1308,PROD0054,2025-03-14,1290.9077682881575,4473.579410518239,10715532.849291285,Pending
PO1309,SUPPLIER1309,PROD0054,2025-09-23,1144.0778080652883,18696.338752306383,36298937.86370937,Cancelled
PO1310,SUPPLIER1310,PROD0193,2026-02-10,1258.8549244333885,1246.5160376687668,26594760.132118758,Pending
PO1311,SUPPLIER1311,PROD0193,2025-03-09,1570.4962048721886,24727.75556744647,30275225.224735383,Cancelled
PO1312,SUPPLIER1312,PROD0193,2025-01-13,1325.0893709988497,1323.3874995428619,21947413.161549594,Cancelled
PO1313,SUPPLIER1313,PROD0193,2026-04-19,613.8029067160936,19695.68725960149,10944486.189430049,Pending
PO1314,SUPPLIER1314,PROD0193,2025-11-24,456.838536551251,13427.12622294641,11507370.627281802,Cancelled
PO1315,SUPPLIER1315,PROD0193,2025-03-01,84.09556294968881,15910.138354258335,17739349.293261603,Cancelled
PO1316,SUPPLIER1316,PROD0193,2025-05-16,1751.9061546626456,3197.735598093212,1049726.2878624473,Pending
PO1317,SUPPLIER1317,PROD0193,2025-07-01,2312.981715887261,14713.865290991087,17225752.145747025,Cancelled
PO1318,SUPPLIER1318,PROD0193,2025-04-29,1297.2811173896637,8988.851108177712,1346306.9596853822,Pending
PO1319,SUPPLIER1319,PROD0193,2026-06-11,794.597431522406,4370.119618510624,514902.0316930115,Pending
PO1320,SUPPLIER1320,PROD0051,2026-05-17,1310.9907216945564,9834.274087248321,41992615.47719061,Cancelled
PO1321,SUPPLIER1321,PROD0051,2025-01-05,2425.2956444619813,16173.134488044276,32633470.771848295,Pending
PO1322,SUPPLIER1322,PROD0051,2026-04-19,1424.9478187714378,13300.113338911679,41449365.29358615,Pending
PO1323,SUPPLIER1323,PROD0051,2025-03-07,2385.6922352912125,14304.182059167995,6997652.950702557,Pending
PO1324,SUPPLIER1324,PROD0051,2025-03-06,2319.1959866227526,2801.0782330638526,546949.3221642656,Pending
PO1325,SUPPLIER1325,PROD0051,2026-01-29,1446.1676104616026,9083.294492039959,3896723.412075814,Cancelled
PO1326,SUPPLIER1326,PROD0051,2026-01-29,843.6056567610558,9022.962578973149,12699756.105923155,Cancelled
PO1327,SUPPLIER1327,PROD0051,2025-03-06,2402.947523409969,14678.30339527291,38110296.35979244,Pending
PO1328,SUPPLIER1328,PROD0051,2026-04-09,846.33549955775,6453.722970743508,10149789.69673692,Pending
PO1329,SUPPLIER1329,PROD0051,2026-06-08,792.6382533459921,1280.4980539211413,12684606.436403673,Cancelled
PO1330,SUPPLIER1330,PROD0014,2025-05-16,1974.4070734417746,12148.09486015243,3461948.6277236035,Cancelled
PO1331,SUPPLIER1331,PROD0014,2025-10-23,577.6335302368847,6949.145768969617,36178354.368158184,Pending
PO1332,SUPPLIER1332,PROD0014,2025-01-24,1251.369408603425,12159.830750848489,4916880.697783247,Pending
PO1333,SUPPLIER1333,PROD0014,2026-04-09,1188.8096335807286,18127.233771263764,44580443.07482777,Pending
PO1334,SUPPLIER1334,PROD0014,2025-04-29,1352.4923249930707,5784.702015361866,7963098.280124398,Pending
PO1335,SUPPLIER1335,PROD0014,2026-04-16,1288.6316554865027,22012.199621797492,62016350.750764556,Pending
PO1336,SUPPLIER1336,PROD0014,2026-05-19,594.2322930068726,12371.104741405401,35502844.362854525,Pending
PO1337,SUPPLIER1337,PROD0014,2025-03-12,781.8896050915216,6087.004139366109,56332820.00297305,Pending
PO1338,SUPPLIER1338,PROD0014,2025-03-09,2371.64285902731,3868.103334878107,33106094.06474498,Cancelled
PO1339,SUPPLIER1339,PROD0194,2025-03-16,1392.4708613427285,13637.297790043325,17812720.773461238,Pending
PO1340,SUPPLIER1340,PROD0194,2025-03-16,211.84818741015528,18814.28515247463,21354895.311455753,Cancelled
PO1341,SUPPLIER1341,PROD0194,2025-01-13,379.09570763776605,19404.45316612674,1860357.0519167588,Cancelled
PO1342,SUPPLIER1342,PROD0194,2026-06-11,2024.2376697987447,11163.289869357159,1252823.3201329503,Cancelled
PO1343,SUPPLIER1343,PROD0194,2025-12-18,1238.8705353235498,14620.467276026879,39889871.82261947,Cancelled
PO1344,SUPPLIER1344,PROD0194,2025-03-06,839.9131727650963,25152.805475576537,15241774.392984515,Pending
PO1345,SUPPLIER1345,PROD0194,2025-06-26,2231.99805051557,24838.197056681212,26605073.958862256,Cancelled
PO1346,SUPPLIER1346,PROD0194,2025-05-24,1383.7940324459375,9936.250622702257,13994793.057122758,Cancelled
PO1347,SUPPLIER1347,PROD0194,2025-05-26,785.4002615148005,16018.67419216247,41452260.205464154,Cancelled
PO1348,SUPPLIER1348,PROD0113,2025-12-17,2152.5498808204516,26095.362655512236,13501511.936825112,Cancelled
PO1349,SUPPLIER1349,PROD0113,2025-03-06,1556.6212134141178,4246.193129037102,32501160.087798294,Pending
PO1350,SUPPLIER1350,PROD0113,2025-03-06,2323.9372378497087,1699.1075912515541,21170785.45750213,Pending
PO1351,SUPPLIER1351,PROD0113,2026-03-30,2459.8977604504976,23986.80496718902,1542126.9980533337,Cancelled
PO1352,SUPPLIER1352,PROD0113,2026-03-16,632.9876512944063,6709.221554768772,2425237.9965248583,Cancelled
PO1353,SUPPLIER1353,PROD0113,2025-09-03,1536.0652351272515,21450.610966826534,3006750.416089581,Pending
PO1354,SUPPLIER1354,PROD0113,2025-09-06,1494.0013872707082,6058.980223542351,14870569.593046295,Cancelled
PO1355,SUPPLIER1355,PROD0113,2026-03-16,1241.9997561102807,21940.77878774438,18476702.91882605,Pending
PO1356,SUPPLIER1356,PROD0113,2026-08-06,234.15882745163793,5037.880541009045,33179847.28823845,Cancelled
PO1357,SUPPLIER1357,PROD0090,2025-01-26,1997.0838342078214,5465.0517796656695,441294.47084296786,Pending
PO1358,SUPPLIER1358,PROD0090,2025-09-03,2396.9461949352967,13405.25864011674,37432227.169735156,Pending
PO1359,SUPPLIER1359,PROD0090,2025-08-31,1395.6971515114928,25395.17393285331,5737651.187761895,Pending
PO1360,SUPPLIER1360,PROD0090,2025-05-16,287.1190480991544,19833.31065468957,32639357.312796395,Cancelled
PO1361,SUPPLIER1361,PROD0090,2025-12-26,1228.5178072559952,18411.865053407346,3089233.858240272,Cancelled
PO1362,SUPPLIER1362,PROD0090,2025-09-06,1003.212632399954,15073.045187618978,12575125.0435174,Cancelled
PO1363,SUPPLIER1363,PROD0090,2026-08-06,1495.152943975102,1252.591375567023,34394244.732790604,Pending
PO1364,SUPPLIER1364,PROD0090,2026-06-17,255.5451454149514,7072.918271230114,32003454.648235414,Cancelled
PO1365,SUPPLIER1365,PROD0090,2026-03-15,1078.8913798331332,24970.30030931421,47779499.03987102,Pending
PO1366,SUPPLIER1366,PROD0164,2025-05-16,1452.8657697048714,20829.058819830978,9032292.852910668,Pending
PO1367,SUPPLIER1367,PROD0164,2025-03-07,30.7595580973408,20345.022664083062,2411443.1979119834,Cancelled
PO1368,SUPPLIER1368,PROD0164,2026-04-14,705.4828895008917,13341.55134952981,15312931.59345952,Pending
PO1369,SUPPLIER1369,PROD0164,2025-06-09,32.605774868511034,12274.507617682511,17948636.594619785,Cancelled
PO1370,SUPPLIER1370,PROD0164,2025-01-12,2113.801768873546,16155.554328791663,29432037.47708224,Cancelled
PO1371,SUPPLIER1371,PROD0164,2026-04-09,1027.971260998547,7975.3359293605445,1135433.903045667,Pending
PO1372,SUPPLIER1372,PROD0164,2025-10-23,1314.5094526620283,3141.399937366654,1412330.887014149,Cancelled
PO1373,SUPPLIER1373,PROD0164,2026-03-30,589.0386017679804,7399.038905819842,38430141.26491011,Cancelled
PO1374,SUPPLIER1374,PROD0164,2025-03-14,20.585960641064126,8213.019412532998,17727048.31953537,Pending
PO1375,SUPPLIER1375,PROD0110,2025-03-09,1248.6399846345041,13281.925619241096,2475439.9777774825,Pending
PO1376,SUPPLIER1376,PROD0110,2026-04-07,65.297614798581,1369.1576487522093,23163027.628964104,Pending
PO1377,SUPPLIER1377,PROD0110,2026-01-29,960.650614083133,8193.517958522501,27157259.151430473,Cancelled
PO1378,SUPPLIER1378,PROD0110,2025-12-18,1424.8081934118266,9692.509166859289,16321976.771248255,Pending
PO1379,SUPPLIER1379,PROD0110,2025-09-06,1986.060810068688,1858.6400937244398,7074321.086034703,Cancelled
PO1380,SUPPLIER1380,PROD0110,2025-09-03,664.7380528673464,12719.61618981061,37411246.49360568,Pending
PO1381,SUPPLIER1381,PROD0110,2025-03-07,1933.0501962469725,11848.747021512592,12817889.100731807,Pending
PO1382,SUPPLIER1382,PROD0110,2025-07-20,1102.7474345374849,13646.878312949379,7354326.124737698,Cancelled
PO1383,SUPPLIER1383,PROD0110,2025-01-10,91.36257213490141,20768.04611014429,2394399.9610188873,Cancelled
PO1384,SUPPLIER1384,PROD0149,2025-08-31,931.6619532610904,12227.033030752566,1715947.752215938,Pending
PO1385,SUPPLIER1385,PROD0149,2026-02-02,1707.4477292389508,12861.068109894528,19486808.204131898,Pending
PO1386,SUPPLIER1386,PROD0149,2026-05-17,1687.7334713003206,25249.66295835809,9708803.13715508,Cancelled
PO1387,SUPPLIER1387,PROD0149,2025-03-12,1114.4135698165185,7238.277332352053,2678332.0352079533,Pending
PO1388,SUPPLIER1388,PROD0149,2025-07-31,2405.5196766784156,25455.469788099766,2952949.528068172,Pending
PO1389,SUPPLIER1389,PROD0149,2025-07-19,1019.355403193516,18033.121754338074,31367586.792712156,Pending
PO1390,SUPPLIER1390,PROD0149,2025-03-07,157.0738719780028,6353.195544870826,36661472.394200616,Cancelled
PO1391,SUPPLIER1391,PROD0149,2026-03-05,2302.3182398517174,12205.90328421593,24314765.991880856,Pending
PO1392,SUPPLIER1392,PROD0149,2025-05-26,263.65262229194514,21233.000603057364,11038555.592180636,Cancelled
PO1393,SUPPLIER1393,PROD0115,2025-01-13,2135.2433421646265,4524.1885134799395,41901732.77704856,Pending
PO1394,SUPPLIER1394,PROD0115,2025-02-15,1761.2337731910156,22874.17698506563,2344749.7740691183,Pending
PO1395,SUPPLIER1395,PROD0115,2025-09-23,1679.8588652833296,25250.172638404874,6318131.6534457,Cancelled
PO1396,SUPPLIER1396,PROD0115,2026-04-09,608.4794462901959,11359.755084632498,10005651.419403832,Pending
PO1397,SUPPLIER1397,PROD0115,2025-03-07,723.4369246769057,6860.867936705222,45856183.50620245,Pending
PO1398,SUPPLIER1398,PROD0115,2025-09-15,1052.116477921981,6547.918569055706,878542.9169028974,Pending
PO1399,SUPPLIER1399,PROD0115,2025-03-09,2099.590518980492,1952.6745983210465,19793546.510637593,Cancelled
PO1400,SUPPLIER1400,PROD0115,2026-05-17,1710.0095961548427,2020.3820025930956,20438529.312576532,Cancelled
PO1401,SUPPLIER1401,PROD0115,2026-05-17,1771.2252699728872,7304.4131580027315,5808654.833515374,Cancelled
PO1402,SUPPLIER1402,PROD0192,2025-09-13,538.6804624758654,15309.399514576246,7347929.590736237,Cancelled
PO1403,SUPPLIER1403,PROD0192,2025-04-06,2287.6448540015867,10555.148239707285,9218890.555179255,Cancelled
PO1404,SUPPLIER1404,PROD0192,2026-06-08,2207.124464373255,18843.791566330074,8441718.625687866,Cancelled
PO1405,SUPPLIER1405,PROD0192,2025-07-19,2261.293921992283,16144.736064753552,13862696.828843173,Pending
PO1406,SUPPLIER1406,PROD0192,2025-11-08,2470.1787320441786,18658.090539597637,32319017.587117918,Cancelled
PO1407,SUPPLIER1407,PROD0192,2025-10-26,280.3977263630572,5348.025095310519,414675.3741809263,Cancelled
PO1408,SUPPLIER1408,PROD0192,2026-04-19,1546.4620427401771,7841.088124951752,12103905.539188575,Pending
PO1409,SUPPLIER1409,PROD0192,2026-06-11,1525.5464944980442,9328.545055888297,10776122.737347774,Pending
PO1410,SUPPLIER1410,PROD0192,2025-12-24,56.60944090927943,7252.22716364351,3607368.33208775,Cancelled
PO1411,SUPPLIER1411,PROD0033,2025-10-23,37.99830539432771,20537.968175591115,18047305.975278407,Pending
PO1412,SUPPLIER1412,PROD0033,2025-07-19,209.30503676532823,13322.215405723122,31305985.98198311,Pending
PO1413,SUPPLIER1413,PROD0033,2026-08-06,1854.3796038956968,23828.158178027355,6674609.383389128,Cancelled
PO1414,SUPPLIER1414,PROD0033,2025-01-13,520.0415722436231,7166.524292673827,12784807.488564953,Cancelled
PO1415,SUPPLIER1415,PROD0033,2025-06-09,646.6551053547231,19642.311859683497,15739807.415033521,Cancelled
PO1416,SUPPLIER1416,PROD0033,2026-06-17,1006.0319280302366,20611.794380179737,57668535.84032423,Cancelled
PO1417,SUPPLIER1417,PROD0033,2026-05-17,2090.3006202902993,24150.05855238292,9622088.581488922,Cancelled
PO1418,SUPPLIER1418,PROD0033,2025-03-16,2406.8944803727127,22623.29558846833,22673875.11958626,Cancelled
PO1419,SUPPLIER1419,PROD0033,2025-01-28,44.60605366681039,1694.787480904255,21363454.83260968,Pending
PO1420,SUPPLIER1420,PROD0131,2026-04-09,2155.4885432356737,15972.723058600604,2615799.0461994433,Pending
PO1421,SUPPLIER1421,PROD0131,2026-08-18,1698.7836983051566,4396.112136225334,10567890.30288832,Cancelled
PO1422,SUPPLIER1422,PROD0131,2026-06-11,1887.0360525637298,3120.268085748292,2903899.34838216,Cancelled
PO1423,SUPPLIER1423,PROD0131,2026-03-30,1619.6780468502525,11604.131521228814,1844356.122530219,Pending
PO1424,SUPPLIER1424,PROD0131,2026-03-30,175.96960766123118,11401.616980921643,3169797.5203910857,Pending
PO1425,SUPPLIER1425,PROD0131,2026-01-13,1457.05140870511,6654.6419481650255,7595793.813890237,Pending
PO1426,SUPPLIER1426,PROD0131,2026-05-17,766.1230433273975,18970.858948114746,24409848.02296,Pending
PO1427,SUPPLIER1427,PROD0131,2026-01-13,1478.2095441943463,7343.606839340764,40908496.07833238,Pending
PO1428,SUPPLIER1428,PROD0131,2025-10-23,77.64995099190094,12092.04836803818,2774684.6133550014,Pending
PO1429,SUPPLIER1429,PROD0034,2025-03-14,789.7010292692453,14108.800078038606,14798414.135919593,Pending
PO1430,SUPPLIER1430,PROD0034,2026-03-30,440.83801166042883,12540.661568441701,1001643.2947345133,Pending
PO1431,SUPPLIER1431,PROD0034,2025-10-23,379.68845531059696,2960.533711796989,20628265.604203597,Pending
PO1432,SUPPLIER1432,PROD0034,2026-03-17,2363.390511875158,23689.511327815682,10149836.517699711,Pending
PO1433,SUPPLIER1433,PROD0034,2025-05-16,395.2123347044381,1787.0756212973045,9230397.639893671,Pending
PO1434,SUPPLIER1434,PROD0034,2025-04-29,989.808250279893,9394.638213345192,20342586.09165183,Pending
PO1435,SUPPLIER1435,PROD0034,2026-03-16,740.0135366635544,14754.561783418772,12219001.475803852,Cancelled
PO1436,SUPPLIER1436,PROD0034,2026-05-19,1707.0118717313544,21722.984861810437,6363183.504717502,Pending
PO1437,SUPPLIER1437,PROD0034,2025-07-31,974.0087853449957,3530.285987751812,21967673.993838258,Pending
PO1438,SUPPLIER1438,PROD0106,2025-04-06,1478.8039607394699,5048.651838653815,18755642.930823427,Pending
PO1439,SUPPLIER1439,PROD0106,2025-06-09,801.2117085249615,18193.454634655343,9869051.443858013,Cancelled
PO1440,SUPPLIER1440,PROD0106,2025-05-16,518.0802762617069,12260.369444524267,1089905.8377560664,Pending
PO1441,SUPPLIER1441,PROD0106,2025-06-27,625.4628280726125,20259.927688565193,4325965.9659084845,Pending
PO1442,SUPPLIER1442,PROD0106,2025-03-09,495.02628519604923,19031.796507086154,2669752.0849003457,Cancelled
PO1443,SUPPLIER1443,PROD0106,2026-05-23,957.1668119853318,22921.310796471793,1292525.32631246,Pending
PO1444,SUPPLIER1444,PROD0106,2025-11-18,1153.5528524270876,20306.969756650687,14382550.961358739,Pending
PO1445,SUPPLIER1445,PROD0106,2025-01-05,484.27440877283556,8810.375807805627,35426294.113342986,Pending
PO1446,SUPPLIER1446,PROD0106,2025-08-31,2076.816148293586,10442.364886239151,15589044.348648008,Cancelled
PO1447,SUPPLIER1447,PROD0184,2026-05-17,111.68673656209796,10692.388430686036,3515190.2265377236,Pending
PO1448,SUPPLIER1448,PROD0184,2025-09-03,460.94213965089926,21967.151597426637,7409297.536732263,Cancelled
PO1449,SUPPLIER1449,PROD0184,2026-08-18,1148.708015472949,6105.663327539605,2696020.8277975917,Cancelled
PO1450,SUPPLIER1450,PROD0184,2025-07-19,1386.6694411206227,2862.157765690774,26198009.982095465,Pending
PO1451,SUPPLIER1451,PROD0184,2025-03-09,833.4772511957574,1761.4733176036557,3223095.7557853274,Cancelled
PO1452,SUPPLIER1452,PROD0184,2025-04-29,1752.4093346224854,12002.292962194013,11411554.966340598,Pending
PO1453,SUPPLIER1453,PROD0184,2025-03-12,2400.348957619052,19350.569996857805,22024964.192956958,Cancelled
PO1454,SUPPLIER1454,PROD0184,2026-04-14,1684.6826446547177,15233.425997774171,22790266.996835053,Cancelled
PO1455,SUPPLIER1455,PROD0184,2025-02-27,519.9912749073121,23026.17892252064,2201455.955297056,Cancelled
PO1456,SUPPLIER1456,PROD0012,2025-01-01,89.08989547260676,22252.632004642648,8383922.352334808,Cancelled
PO1457,SUPPLIER1457,PROD0012,2026-08-22,1098.882230760261,1205.453320332654,2433535.588499358,Cancelled
PO1458,SUPPLIER1458,PROD0012,2025-09-07,1384.7222306491476,25391.437634829777,13060901.196260307,Pending
PO1459,SUPPLIER1459,PROD0012,2025-01-28,670.1125756846824,9994.235382634119,35815.6,Cancelled
PO1460,SUPPLIER1460,PROD0012,2025-10-23,1933.0753427212867,1798.9757392993288,31305857.054532018,Pending
PO1461,SUPPLIER1461,PROD0012,2026-06-16,715.8724897031119,18361.698821252834,18995738.79719568,Pending
PO1462,SUPPLIER1462,PROD0012,2026-02-21,445.87952858712396,11957.850906651845,5075409.100301933,Cancelled
PO1463,SUPPLIER1463,PROD0012,2026-02-02,1332.0373088214062,6184.516659887537,9265225.805671927,Pending
PO1464,SUPPLIER1464,PROD0012,2026-05-17,1842.108243369394,5995.860762131134,877657.7154189508,Cancelled
PO1465,SUPPLIER1465,PROD0016,2025-05-25,913.3526266377196,19328.252766638034,30621847.489749413,Pending
PO1466,SUPPLIER1466,PROD0016,2025-07-01,592.7136708495344,1943.5971098419664,24375978.042288862,Cancelled
PO1467,SUPPLIER1467,PROD0016,2025-08-31,2111.73321811542,5707.331361537303,5527130.023831527,Pending
PO1468,SUPPLIER1468,PROD0016,2026-01-29,1897.2639936430787,20984.05631578036,5675280.132924316,Cancelled
PO1469,SUPPLIER1469,PROD0016,2025-01-28,931.145162151767,12746.1926193103,44366222.64103207,Cancelled
PO1470,SUPPLIER1470,PROD0016,2025-08-31,35.965633926092195,14326.334512821102,7993083.0681508435,Pending
PO1471,SUPPLIER1471,PROD0016,2025-03-06,2367.977821191826,4227.222882615906,739362.9495046897,Pending
PO1472,SUPPLIER1472,PROD0016,2026-03-15,1079.123359112874,6192.972491562404,18583552.26892411,Pending
PO1473,SUPPLIER1473,PROD0016,2025-06-09,1480.071701600219,807.5942830333559,4611526.203878901,Cancelled
PO1474,SUPPLIER1474,PROD0107,2025-08-31,442.50167903373176,18406.057230155147,18397897.471683163,Pending
PO1475,SUPPLIER1475,PROD0107,2026-06-08,743.0869083471173,3527.2006234682067,5291788.202816815,Cancelled
PO1476,SUPPLIER1476,PROD0107,2026-02-02,364.0477990721324,1831.1672795965706,38076882.4132911,Pending
PO1477,SUPPLIER1477,PROD0107,2026-04-19,603.2927043879344,11426.773607082478,10955956.700605877,Pending
PO1478,SUPPLIER1478,PROD0107,2026-03-16,1490.8626263693493,2071.383947262752,7336671.078405157,Cancelled
PO1479,SUPPLIER1479,PROD0107,2025-05-16,946.6296659479548,20095.366036652867,26450138.069757156,Pending
PO1480,SUPPLIER1480,PROD0107,2025-05-24,984.3088705414008,3340.0214290712393,22950546.091147877,Cancelled
PO1481,SUPPLIER1481,PROD0107,2025-09-06,2133.72229807096,22841.11370780956,31696775.706453845,Cancelled
PO1482,SUPPLIER1482,PROD0107,2025-03-01,1548.50216339406,17509.839439288615,768950.1166516357,Cancelled
PO1483,SUPPLIER1483,PROD0028,2025-01-24,1698.8609167724007,13876.496124740297,18742587.962461237,Pending
PO1484,SUPPLIER1484,PROD0028,2025-12-26,671.1713034911214,14803.187961713871,4380919.230163907,Cancelled
PO1485,SUPPLIER1485,PROD0028,2026-03-15,130.11525959101937,2534.7252724375,7014995.442160611,Pending
PO1486,SUPPLIER1486,PROD0028,2025-01-05,1449.8719407447134,3092.192667180366,6689699.78464084,Pending
PO1487,SUPPLIER1487,PROD0028,2026-02-02,523.0784059693674,1908.406863042921,13795399.939449104,Pending
PO1488,SUPPLIER1488,PROD0028,2025-04-29,1710.0625158223852,6117.428770823348,11273703.813946297,Pending
PO1489,SUPPLIER1489,PROD0028,2025-01-05,144.6410610187137,10228.818693540066,31754797.341887366,Pending
PO1490,SUPPLIER1490,PROD0028,2026-04-16,1571.1262166201766,12134.114465555414,2360837.2945771185,Pending
PO1491,SUPPLIER1491,PROD0028,2026-03-30,1413.6739297581123,14522.41934750283,1047046.7320191882,Pending
PO1492,SUPPLIER1492,PROD0064,2026-02-10,1815.817229841392,23805.816184344487,22374428.516059004,Cancelled
PO1493,SUPPLIER1493,PROD0064,2025-03-16,1020.286215270718,17446.236252459807,17691100.96481537,Cancelled
PO1494,SUPPLIER1494,PROD0064,2025-02-27,1077.9885513391514,1783.5286486439431,3807879.1199420136,Cancelled
PO1495,SUPPLIER1495,PROD0064,2025-01-05,1160.6039219470767,9653.622892053774,39452772.97540356,Pending
PO1496,SUPPLIER1496,PROD0064,2025-01-13,1074.8937172794608,15555.525537838726,17785591.44935363,Cancelled
PO1497,SUPPLIER1497,PROD0064,2026-01-13,214.49323383148095,2578.48059697629,2634254.899156398,Cancelled
PO1498,SUPPLIER1498,PROD0064,2025-07-19,1114.971593983737,3006.6733754198503,2590742.105409878,Pending
PO1499,SUPPLIER1499,PROD0064,2025-11-08,1943.46120149456,5720.901689724698,35910446.969945595,Cancelled
PO1500,SUPPLIER1500,PROD0064,2025-03-06,514.848044475897,19167.77109294562,4521986.330505208,Cancelled
PO1501,SUPPLIER1501,PROD0004,2025-08-31,264.46288410238583,19796.973222177465,15978062.339235825,Pending
PO1502,SUPPLIER1502,PROD0004,2025-06-09,1520.7364179997962,21982.340820391444,16103931.606540127,Pending
PO1503,SUPPLIER1503,PROD0004,2026-02-19,694.1154104253256,16821.80437861548,15906697.092630774,Cancelled
PO1504,SUPPLIER1504,PROD0004,2026-02-19,2211.701229510329,7953.966020468088,18214787.726343032,Cancelled
PO1505,SUPPLIER1505,PROD0004,2025-10-23,1749.900100573379,19208.547837638223,6006741.2146402225,Pending
PO1506,SUPPLIER1506,PROD0004,2026-04-07,2373.3451165990127,14904.501147763249,5172910.552897842,Pending
PO1507,SUPPLIER1507,PROD0004,2025-03-01,1163.1798912151496,4456.406261262997,17812489.903394483,Cancelled
PO1508,SUPPLIER1508,PROD0004,2026-08-18,1689.505745830235,20404.423810474476,23219990.777090542,Cancelled
PO1509,SUPPLIER1509,PROD0004,2025-12-26,1889.2610298916354,23411.474485851337,20235794.514863472,Pending
PO1510,SUPPLIER1510,PROD0010,2025-10-23,906.4632003388177,3537.6642592454627,15468914.763939101,Pending
PO1511,SUPPLIER1511,PROD0010,2025-01-26,1088.514870654659,4468.860114943503,13868916.690705245,Pending
PO1512,SUPPLIER1512,PROD0010,2025-12-18,2190.4533885246865,6281.999847819816,24052827.253916487,Pending
PO1513,SUPPLIER1513,PROD0010,2025-03-09,1454.9960315488452,10102.34611055582,15848111.970581857,Cancelled
PO1514,SUPPLIER1514,PROD0010,2025-09-03,22.997752841785967,24569.01525891922,37695713.36590096,Cancelled
PO1515,SUPPLIER1515,PROD0010,2026-02-02,1250.6944952875506,8534.94403110138,9426779.014317887,Pending
PO1516,SUPPLIER1516,PROD0010,2026-02-10,424.55584628355786,20268.8739485435,36860200.848163284,Pending
PO1517,SUPPLIER1517,PROD0010,2025-10-23,1523.743664033745,1858.7594098860714,1818852.5985296187,Cancelled
PO1518,SUPPLIER1518,PROD0010,2025-09-03,927.2823424618477,2236.400571559454,32197266.61244268,Cancelled
PO1519,SUPPLIER1519,PROD0052,2025-06-27,1144.1819932832157,19394.151588390967,17920885.471077107,Pending
PO1520,SUPPLIER1520,PROD0052,2025-01-05,2047.7663660992284,7065.793348768205,13981453.05236669,Pending
PO1521,SUPPLIER1521,PROD0052,2025-12-26,2456.067379230252,18380.254968949776,752573.266523035,Cancelled
PO1522,SUPPLIER1522,PROD0052,2025-08-31,796.8580836499115,2774.733435804922,2232868.9730493515,Cancelled
PO1523,SUPPLIER1523,PROD0052,2026-06-08,16.983898878485828,12115.358679078265,10341052.24537258,Pending
PO1524,SUPPLIER1524,PROD0052,2025-02-20,1266.8338118929917,15555.93709909311,13291857.178230885,Cancelled
PO1525,SUPPLIER1525,PROD0052,2026-02-19,2484.978663493858,11356.245536534885,21120147.115143847,Cancelled
PO1526,SUPPLIER1526,PROD0052,2025-01-05,570.4806230149667,11999.65985875506,24320274.62953685,Pending
PO1527,SUPPLIER1527,PROD0052,2025-06-02,727.5477399921475,15116.949086636138,8276336.10597499,Cancelled
PO1528,SUPPLIER1528,PROD0046,2025-03-16,1835.8039733589615,7050.604806329245,2711559.7684133225,Cancelled
PO1529,SUPPLIER1529,PROD0046,2026-05-17,675.8177466161312,14427.413800961798,10186526.395267218,Pending
PO1530,SUPPLIER1530,PROD0046,2025-01-09,166.12645603110317,3176.0606317865568,4487143.219163361,Cancelled
PO1531,SUPPLIER1531,PROD0046,2025-11-22,906.3117451879679,7587.6433422590835,1573487.1803976244,Pending
PO1532,SUPPLIER1532,PROD0046,2025-03-16,1766.0783866462068,6980.649864501312,16503038.480535073,Cancelled
PO1533,SUPPLIER1533,PROD0046,2026-03-16,1860.814407141461,3228.9768605886106,2938930.7068343624,Pending
PO1534,SUPPLIER1534,PROD0046,2025-07-31,102.95741731092268,5914.083479770379,405878.492495622,Pending
PO1535,SUPPLIER1535,PROD0046,2026-01-29,2232.78104561144,17691.325650753774,813436.008686321,Cancelled
PO1536,SUPPLIER1536,PROD0046,2026-02-21,351.21730093628645,22271.203453691774,50529284.054797985,Cancelled
PO1537,SUPPLIER1537,PROD0186,2025-04-06,633.4663982864466,23701.98273858293,23284033.2881502,Cancelled
PO1538,SUPPLIER1538,PROD0186,2025-07-19,208.71316036003827,15583.16101098982,1121930.8349717213,Pending
PO1539,SUPPLIER1539,PROD0186,2025-07-19,2082.578730583876,3257.39577306999,5565120.6280996725,Pending
PO1540,SUPPLIER1540,PROD0186,2026-04-14,2224.8881874180433,17858.205269605696,4730556.852699946,Pending
PO1541,SUPPLIER1541,PROD0186,2025-03-16,1147.567285170616,1167.7484749154462,4998815.405608279,Cancelled
PO1542,SUPPLIER1542,PROD0186,2025-01-28,275.47738127939937,3362.301804390315,3979841.94403696,Cancelled
PO1543,SUPPLIER1543,PROD0186,2025-01-01,335.80242088585936,9918.045616776708,1760807.3883614526,Cancelled
PO1544,SUPPLIER1544,PROD0186,2025-01-13,1614.6963816176278,2004.4733217933717,451005.43358536233,Pending
PO1545,SUPPLIER1545,PROD0186,2025-03-06,940.2123943082942,17368.301768703015,30366883.626061358,Pending
PO1546,SUPPLIER1546,PROD0074,2025-03-14,1295.547004229528,21119.749247299394,1679177.3904134417,Cancelled
PO1547,SUPPLIER1547,PROD0074,2025-03-12,1577.7591429604215,8504.055520736976,21838026.253826253,Pending
PO1548,SUPPLIER1548,PROD0074,2025-06-09,1223.885394011416,1923.2377491129453,23991548.721944265,Cancelled
PO1549,SUPPLIER1549,PROD0074,2026-02-02,1940.8033183736352,12319.842737218236,12985452.897916239,Pending
PO1550,SUPPLIER1550,PROD0074,2025-05-16,1515.078585632681,15312.380877959773,12665518.836122891,Pending
PO1551,SUPPLIER1551,PROD0074,2026-06-17,1098.2749341820343,8777.145231513194,476038.2142901287,Cancelled
PO1552,SUPPLIER1552,PROD0074,2025-03-29,451.97289622927366,18647.147413091323,5567942.674339255,Pending
PO1553,SUPPLIER1553,PROD0074,2026-03-16,169.7539364001771,18838.37584376356,21230694.212099224,Pending
PO1554,SUPPLIER1554,PROD0074,2025-01-12,555.4598664082141,20676.639337049954,8447434.546416441,Cancelled
PO1555,SUPPLIER1555,PROD0056,2025-01-05,866.7528048073327,8760.47401101186,40988.03132851177,Pending
PO1556,SUPPLIER1556,PROD0056,2025-11-22,527.470224348672,15055.185955148612,5843378.845125031,Cancelled
PO1557,SUPPLIER1557,PROD0056,2025-06-27,914.1170772128409,6406.093012462065,3960305.399030887,Pending
PO1558,SUPPLIER1558,PROD0056,2025-04-06,318.54528811431044,3212.2212214541332,61134343.2559416,Cancelled
PO1559,SUPPLIER1559,PROD0056,2025-03-12,1048.8827070571917,15525.466617683478,10877589.504218115,Cancelled
PO1560,SUPPLIER1560,PROD0056,2025-03-16,210.49903863992702,22633.90663116078,12747416.373555755,Pending
PO1561,SUPPLIER1561,PROD0056,2025-10-23,83.34240341877194,18100.817324057287,508596.78745878505,Pending
PO1562,SUPPLIER1562,PROD0056,2025-01-12,1302.7445272771372,18660.85727384012,3148349.2296852972,Cancelled
PO1563,SUPPLIER1563,PROD0047,2026-05-17,914.121958938425,2331.6005538800046,10799305.980445065,Cancelled
PO1564,SUPPLIER1564,PROD0047,2026-08-06,175.21609215638685,11370.962150643949,7184847.20432458,Pending
PO1565,SUPPLIER1565,PROD0047,2025-08-31,1473.87955716089,6731.430447600692,20559280.7586682,Cancelled
PO1566,SUPPLIER1566,PROD0047,2025-07-20,1657.7507668199232,9608.593385048433,2962067.7275087563,Cancelled
PO1567,SUPPLIER1567,PROD0047,2025-04-06,565.041198660186,23540.05391479203,5247445.107329719,Pending
PO1568,SUPPLIER1568,PROD0047,2025-03-12,1276.7480553268651,24636.868231720455,37044787.30614455,Cancelled
PO1569,SUPPLIER1569,PROD0047,2025-03-02,163.48184413048335,6527.765234617766,23340376.549513243,Pending
PO1570,SUPPLIER1570,PROD0047,2026-05-23,1095.808232809658,18783.765099567707,40549404.789596155,Cancelled
PO1571,SUPPLIER1571,PROD0156,2026-08-18,1658.394677331404,12966.590580676635,23810564.223962698,Cancelled
PO1572,SUPPLIER1572,PROD0156,2026-01-29,2161.396488943133,7748.080719679306,3622359.6627600067,Cancelled
PO1573,SUPPLIER1573,PROD0156,2025-08-31,1133.5166847450728,15314.444947061327,35675275.434765406,Pending
PO1574,SUPPLIER1574,PROD0156,2026-03-05,1891.4362582103465,6479.50892905439,40431316.85469609,Pending
PO1575,SUPPLIER1575,PROD0156,2025-08-31,210.91740920236282,25880.43825428868,11580817.854568148,Cancelled
PO1576,SUPPLIER1576,PROD0156,2025-03-02,416.706444978634,13846.240421226114,20565013.433952555,Pending
PO1577,SUPPLIER1577,PROD0156,2025-11-22,2039.634656451863,6005.911906898463,6720184.356304212,Cancelled
PO1578,SUPPLIER1578,PROD0156,2026-01-29,2152.6740190083888,1733.7992192663285,37991812.284884855,Cancelled
PO1579,SUPPLIER1579,PROD0089,2025-07-19,1364.5145678083445,3195.177160251456,12416743.084013326,Pending
PO1580,SUPPLIER1580,PROD0089,2026-06-11,1680.7683314375124,15253.689855666993,686512.8445630134,Cancelled
PO1581,SUPPLIER1581,PROD0089,2025-12-06,2383.458235656721,3099.984894431272,1210037.7539474657,Cancelled
PO1582,SUPPLIER1582,PROD0089,2025-01-28,706.5857664935593,10834.774998389543,46755858.99857839,Cancelled
PO1583,SUPPLIER1583,PROD0089,2025-01-02,122.57612205417536,22240.576223836,13937325.256984685,Cancelled
PO1584,SUPPLIER1584,PROD0089,2025-04-01,748.9855006951764,16295.16311437372,12286656.266334046,Cancelled
PO1585,SUPPLIER1585,PROD0089,2025-04-29,2110.225560542864,9159.765827747986,2642470.2515154905,Pending
PO1586,SUPPLIER1586,PROD0089,2026-04-16,1151.897275466087,21760.9396935547,1703950.9383898794,Pending
PO1587,SUPPLIER1587,PROD0135,2025-06-27,1598.0810461248523,10000.211686854882,4776296.899899466,Pending
PO1588,SUPPLIER1588,PROD0135,2026-03-16,677.7836715101766,1971.708529347524,37363666.22181013,Pending
PO1589,SUPPLIER1589,PROD0135,2025-03-02,1197.2807226023388,2474.5027370937655,14356417.316823738,Pending
PO1590,SUPPLIER1590,PROD0135,2025-12-06,2107.9795982870073,6123.933855078153,2640991.088273146,Cancelled
PO1591,SUPPLIER1591,PROD0135,2026-04-14,1445.0073417906376,21962.503936111454,12087633.274637215,Pending
PO1592,SUPPLIER1592,PROD0135,2026-03-15,1879.2678659153257,7827.213654806115,22093816.38550889,Cancelled
PO1593,SUPPLIER1593,PROD0135,2025-01-24,177.66225161853077,4711.523667068125,14370467.578191295,Pending
PO1594,SUPPLIER1594,PROD0135,2025-04-06,783.5684325674591,23343.871743357395,372245.3698979852,Pending
PO1595,SUPPLIER1595,PROD0030,2025-01-12,1560.3295587144314,21068.669722927094,30869891.781871296,Pending
PO1596,SUPPLIER1596,PROD0030,2025-03-06,2103.50332779544,14401.168191533836,18758604.09816295,Pending
PO1597,SUPPLIER1597,PROD0030,2026-03-30,858.0379196531587,8141.040619093675,12148536.750453841,Cancelled
PO1598,SUPPLIER1598,PROD0030,2025-08-31,2225.110997447585,17698.002254838688,24131492.292737417,Pending
PO1599,SUPPLIER1599,PROD0030,2026-01-29,1325.263038165117,17085.605200053677,641346.3667829168,Cancelled
PO1600,SUPPLIER1600,PROD0030,2025-09-23,913.4406780871487,15317.293908334388,1000000.6087281811,Pending
PO1601,SUPPLIER1601,PROD0030,2025-03-16,34.14485951797774,6810.423239548124,15767489.666389603,Cancelled
PO1602,SUPPLIER1602,PROD0030,2025-01-10,746.0516903132917,18059.942281570544,5923983.233054966,Cancelled
PO1603,SUPPLIER1603,PROD0125,2025-01-09,2443.358405275766,10304.28691890815,20314777.914040644,Cancelled
PO1604,SUPPLIER1604,PROD0125,2025-11-08,2068.2638848903744,24724.976588207584,7284458.206649349,Cancelled
PO1605,SUPPLIER1605,PROD0125,2025-01-12,584.5789201786007,10966.773969486465,10070987.685698956,Cancelled
PO1606,SUPPLIER1606,PROD0125,2025-07-19,1593.5426779272357,10052.796998057476,17885913.87748814,Pending
PO1607,SUPPLIER1607,PROD0125,2026-06-08,2378.3088054614036,952.0626420450856,9583694.207373224,Cancelled
PO1608,SUPPLIER1608,PROD0125,2025-07-19,2078.476102650468,26346.474043319053,20379209.27966411,Pending
PO1609,SUPPLIER1609,PROD0125,2026-06-17,2035.7281021996628,13618.114424651763,8674609.166525804,Cancelled
PO1610,SUPPLIER1610,PROD0125,2026-03-15,1020.1625347959175,17434.902973599445,6587202.218145053,Pending
PO1611,SUPPLIER1611,PROD0157,2025-03-07,635.1039220967612,17359.762292458196,8076195.030981675,Cancelled
PO1612,SUPPLIER1612,PROD0157,2025-01-13,574.0607591802865,10992.888193983217,18159953.73875798,Pending
PO1613,SUPPLIER1613,PROD0157,2025-04-29,1811.8194888514174,17034.087294926685,4625033.64583928,Pending
PO1614,SUPPLIER1614,PROD0157,2025-03-07,380.90836031762234,8922.650722515065,13188325.74546332,Cancelled
PO1615,SUPPLIER1615,PROD0157,2025-12-26,2463.9262990527914,17100.175122693763,31802186.658071857,Pending
PO1616,SUPPLIER1616,PROD0157,2026-04-16,1790.3777773341897,17978.352829344654,1206260.9326240886,Cancelled
PO1617,SUPPLIER1617,PROD0157,2025-03-06,678.4314242915912,19465.906208077016,46068803.9505439,Pending
PO1618,SUPPLIER1618,PROD0157,2025-07-01,417.29299159399807,12622.782912422685,14454881.998282561,Cancelled
PO1619,SUPPLIER1619,PROD0174,2025-03-07,2487.1148524906357,9685.705767618269,26898382.213192847,Cancelled
PO1620,SUPPLIER1620,PROD0174,2025-01-05,1111.5918716020292,15442.345386471152,8923897.781513728,Pending
PO1621,SUPPLIER1621,PROD0174,2026-05-23,2192.0900989199504,20120.584904366144,13460896.602154357,Cancelled
PO1622,SUPPLIER1622,PROD0174,2025-05-16,645.2139344066013,23474.838704304268,5625763.044620047,Cancelled
PO1623,SUPPLIER1623,PROD0174,2025-01-05,2329.466211027157,5079.152074890207,2738571.354384845,Pending
PO1624,SUPPLIER1624,PROD0174,2026-04-07,1327.0377757995775,977.412699649454,4267843.676191021,Pending
PO1625,SUPPLIER1625,PROD0174,2025-01-05,1942.4458019894307,10747.153545706204,29156829.59334034,Pending
PO1626,SUPPLIER1626,PROD0174,2025-05-25,151.36172721005806,23875.804071369963,29063208.840739876,Pending
PO1627,SUPPLIER1627,PROD0133,2026-01-29,1435.1016936886472,19631.517925998156,1096661.6827285083,Pending
PO1628,SUPPLIER1628,PROD0133,2025-05-25,1194.492985932931,1889.32090326428,10251808.159052424,Pending
PO1629,SUPPLIER1629,PROD0133,2025-09-06,1555.113339586397,18246.987358255526,11016422.829677742,Cancelled
PO1630,SUPPLIER1630,PROD0133,2025-09-06,1654.8574000037627,14349.56494858254,24928052.785701845,Pending
PO1631,SUPPLIER1631,PROD0133,2026-02-02,121.05278526330432,9860.090594838857,13436237.130859138,Pending
PO1632,SUPPLIER1632,PROD0133,2025-04-06,1461.3063769270807,9959.897341226057,49482119.75821062,Cancelled
PO1633,SUPPLIER1633,PROD0133,2025-02-23,1734.4292514802826,15507.66931472814,4435468.328221366,Cancelled
PO1634,SUPPLIER1634,PROD0133,2026-04-09,828.109083704449,6671.342982669918,17842590.080828425,Pending
PO1635,SUPPLIER1635,PROD0019,2025-04-06,1176.0983631968138,10838.698750467012,4559453.044737062,Pending
PO1636,SUPPLIER1636,PROD0019,2026-04-14,975.3715114371505,11393.218653112444,3230500.0984019763,Pending
PO1637,SUPPLIER1637,PROD0019,2025-04-06,2095.4647329302616,17446.013977907875,25057245.082645565,Cancelled
PO1638,SUPPLIER1638,PROD0019,2025-07-20,1535.4357459353962,7740.485244268453,32695001.10453655,Cancelled
PO1639,SUPPLIER1639,PROD0019,2025-07-01,1023.5781896788781,6943.742556460822,4623036.708295765,Cancelled
PO1640,SUPPLIER1640,PROD0019,2026-01-13,592.8959066144336,4770.735376604881,7540818.93276296,Pending
PO1641,SUPPLIER1641,PROD0019,2025-06-27,1573.5939994794667,10168.941419760835,23736886.08569253,Cancelled
PO1642,SUPPLIER1642,PROD0019,2025-05-16,1858.9186500557219,2768.603014280878,12068096.266885227,Cancelled
PO1643,SUPPLIER1643,PROD0142,2025-01-24,2192.477205332493,17426.16960248206,14439680.232439416,Pending
PO1644,SUPPLIER1644,PROD0142,2026-03-15,2342.0647513045637,2516.7708049902744,14452942.25534044,Pending
PO1645,SUPPLIER1645,PROD0142,2025-12-18,823.8939509531497,15248.479753194035,31899300.35811294,Cancelled
PO1646,SUPPLIER1646,PROD0142,2026-04-16,486.6855234783978,18181.36172238635,10289026.490217473,Cancelled
PO1647,SUPPLIER1647,PROD0142,2026-02-10,797.1935144454832,12515.393174723915,10345566.425446102,Pending
PO1648,SUPPLIER1648,PROD0142,2026-01-13,1875.7140082532449,17404.21418312879,177210.31014333392,Cancelled
PO1649,SUPPLIER1649,PROD0142,2025-05-14,1031.1417152999186,12688.876269746592,19819168.41239541,Cancelled
PO1650,SUPPLIER1650,PROD0142,2026-03-30,272.945853900602,4661.359040049022,627458.0088296909,Cancelled
PO1651,SUPPLIER1651,PROD0040,2025-10-23,1805.6571107770753,7074.1803050702065,21784914.322846442,Pending
PO1652,SUPPLIER1652,PROD0040,2025-04-06,1514.48163495167,23817.892195063454,11587333.290379392,Pending
PO1653,SUPPLIER1653,PROD0040,2026-04-07,529.8589843269242,20282.026606380517,2678109.086466671,Pending
PO1654,SUPPLIER1654,PROD0040,2026-03-30,1439.1018123994022,26434.45487446644,18486939.630666554,Cancelled
PO1655,SUPPLIER1655,PROD0040,2025-07-19,228.11228931685548,23335.464889623563,497572.2213097628,Pending
PO1656,SUPPLIER1656,PROD0040,2026-03-30,713.0002182909918,1822.0556597485468,28424063.619718455,Cancelled
PO1657,SUPPLIER1657,PROD0040,2025-06-02,708.513055848965,6610.1781530179915,19930707.526941266,Cancelled
PO1658,SUPPLIER1658,PROD0040,2026-08-18,356.05011045500976,18981.35661452595,1245326.8457680324,Cancelled
PO1659,SUPPLIER1659,PROD0087,2026-04-07,1587.8899795593777,11488.270067536152,35770591.55047697,Pending
PO1660,SUPPLIER1660,PROD0087,2025-06-09,2486.681615508612,19122.38906095188,16389897.37417675,Cancelled
PO1661,SUPPLIER1661,PROD0087,2025-07-19,730.491086510643,7672.371500007725,25617051.788717348,Pending
PO1662,SUPPLIER1662,PROD0087,2025-03-02,243.15561899736693,13889.443359823768,33825294.88285785,Pending
PO1663,SUPPLIER1663,PROD0087,2025-06-09,2367.6963743579286,10454.832987127756,6789917.517094291,Cancelled
PO1664,SUPPLIER1664,PROD0087,2025-01-12,1076.6450970260903,7111.719435680694,2916988.714173898,Cancelled
PO1665,SUPPLIER1665,PROD0087,2025-11-23,1228.9431793601807,17639.726205765844,21514395.68630806,Cancelled
PO1666,SUPPLIER1666,PROD0087,2025-03-12,2175.6015580539874,26463.898559866404,2741583.8216884336,Cancelled
PO1667,SUPPLIER1667,PROD0165,2025-09-03,1419.0380865380528,2979.1142455216145,35503402.48817516,Cancelled
PO1668,SUPPLIER1668,PROD0165,2025-09-12,2349.158514036165,2892.570570115059,45205340.56721626,Cancelled
PO1669,SUPPLIER1669,PROD0165,2025-07-19,137.63945987388178,10245.055067093988,23749712.480705276,Cancelled
PO1670,SUPPLIER1670,PROD0165,2025-10-23,856.6444157438035,8095.319331326012,46259290.57617762,Pending
PO1671,SUPPLIER1671,PROD0165,2026-03-16,2327.4691061076796,10097.3920362503,3392319.610836405,Pending
PO1672,SUPPLIER1672,PROD0165,2025-01-28,622.753195066832,5191.4826045558875,8203248.657327003,Cancelled
PO1673,SUPPLIER1673,PROD0165,2026-02-10,2208.812814870804,9949.411219631345,3578852.131402223,Pending
PO1674,SUPPLIER1674,PROD0165,2026-04-16,2026.2118830170384,12530.435585029407,19281759.5185203,Pending
PO1675,SUPPLIER1675,PROD0071,2025-01-24,1254.371004780858,24146.130043973113,32385006.24260124,Pending
PO1676,SUPPLIER1676,PROD0071,2025-10-26,1299.0636851831,4252.658422362807,35815.6,Cancelled
PO1677,SUPPLIER1677,PROD0071,2025-07-19,1479.1535687989317,23580.935272705683,13553609.822306633,Cancelled
PO1678,SUPPLIER1678,PROD0071,2025-01-05,465.3541050138727,5344.113340804933,9130055.513979381,Pending
PO1679,SUPPLIER1679,PROD0071,2026-03-15,2323.8807610735366,16403.303424001526,17452868.848878775,Pending
PO1680,SUPPLIER1680,PROD0071,2025-07-19,572.7371870227122,17693.003711889472,19763908.970150337,Pending
PO1681,SUPPLIER1681,PROD0071,2025-03-09,151.32479055828102,25068.498273404468,38666361.27095668,Cancelled
PO1682,SUPPLIER1682,PROD0071,2026-06-16,1770.0836537186578,6286.986804631944,599859.4206702868,Pending
PO1683,SUPPLIER1683,PROD0070,2025-12-26,377.12026341594037,5954.8817704079065,7552079.802967845,Pending
PO1684,SUPPLIER1684,PROD0070,2026-02-19,1158.4341055241582,968.7632855592019,4051579.934504575,Cancelled
PO1685,SUPPLIER1685,PROD0070,2026-08-06,1452.4206125966364,18593.261697934817,37318104.71879961,Cancelled
PO1686,SUPPLIER1686,PROD0070,2025-03-09,2439.2059080711083,8925.545035225736,27030990.25590705,Cancelled
PO1687,SUPPLIER1687,PROD0070,2026-06-16,1976.083952277025,15569.9071036999,12138135.52788247,Pending
PO1688,SUPPLIER1688,PROD0070,2025-03-12,197.85184024048266,5673.01539846318,39981658.61036672,Cancelled
PO1689,SUPPLIER1689,PROD0070,2025-07-19,2344.8075932253505,11419.430814845813,2372358.4754279545,Pending
PO1690,SUPPLIER1690,PROD0070,2026-04-16,260.9187788321503,18824.874218902238,20918674.182799757,Cancelled
PO1691,SUPPLIER1691,PROD0096,2026-03-30,670.1986506589654,21038.09091828357,4559129.532083819,Cancelled
PO1692,SUPPLIER1692,PROD0096,2026-05-17,1333.7124789262114,3209.6051219271126,10672094.579590328,Pending
PO1693,SUPPLIER1693,PROD0096,2026-04-14,1264.2185530143247,15416.097725255051,2589733.172295286,Pending
PO1694,SUPPLIER1694,PROD0096,2026-03-15,1930.7852711686546,7543.405074008918,3575919.451953815,Pending
PO1695,SUPPLIER1695,PROD0096,2025-06-09,1604.990705227528,20453.214083298164,18398566.75989047,Cancelled
PO1696,SUPPLIER1696,PROD0096,2025-04-06,850.5143797905635,12748.593070160712,19625367.298945792,Pending
PO1697,SUPPLIER1697,PROD0096,2026-08-06,2064.776430567746,8828.761181271997,8257334.417747595,Cancelled
PO1698,SUPPLIER1698,PROD0096,2025-04-29,546.9764593498082,14903.4625524763,20368566.119294293,Pending
PO1699,SUPPLIER1699,PROD0008,2025-03-02,2370.8500220846695,20814.97561494656,58588299.21558004,Pending
PO1700,SUPPLIER1700,PROD0008,2025-03-07,585.1411168664167,5511.133931059653,3918690.9702959,Pending
PO1701,SUPPLIER1701,PROD0008,2025-10-23,1425.0582261702182,21190.640134788595,20370895.23962163,Pending
PO1702,SUPPLIER1702,PROD0008,2026-02-16,1533.857598042786,6655.2428710474815,40858321.50807927,Cancelled
PO1703,SUPPLIER1703,PROD0008,2026-03-16,554.3079742440256,5501.1580583299965,2695541.5358716147,Pending
PO1704,SUPPLIER1704,PROD0008,2025-03-16,1209.9447437051222,18103.579418652578,8359000.917804001,Cancelled
PO1705,SUPPLIER1705,PROD0008,2025-03-12,1467.2748204634693,9723.253879577322,9405016.855508545,Cancelled
PO1706,SUPPLIER1706,PROD0008,2025-10-23,1185.6772299144723,23074.670176736654,40220599.547843,Pending
PO1707,SUPPLIER1707,PROD0020,2025-05-16,2127.471727480747,1191.3961747979558,7058749.707089871,Cancelled
PO1708,SUPPLIER1708,PROD0020,2025-03-02,241.28547300997494,2756.9584011688316,41705588.95500828,Cancelled
PO1709,SUPPLIER1709,PROD0020,2026-04-14,654.6151629938367,22031.321656602428,30987014.38190504,Pending
PO1710,SUPPLIER1710,PROD0020,2026-04-09,732.2035854102647,17617.796001622683,7618555.251808368,Pending
PO1711,SUPPLIER1711,PROD0020,2026-03-16,643.6395996507696,6403.436383934507,3261554.6909493357,Cancelled
PO1712,SUPPLIER1712,PROD0020,2025-03-14,1662.3107287089829,21478.354824719172,5380370.12904417,Pending
PO1713,SUPPLIER1713,PROD0020,2025-09-23,646.2484642514737,9856.023374776521,260427.20158992987,Cancelled
PO1714,SUPPLIER1714,PROD0020,2025-12-30,2490.821480912301,8226.466400427431,14322328.31136303,Cancelled
PO1715,SUPPLIER1715,PROD0073,2025-05-16,1533.4144181427296,14487.83489293973,1980615.3202198907,Cancelled
PO1716,SUPPLIER1716,PROD0073,2026-03-16,415.12404228403824,19616.797682500215,26327804.47451675,Pending
PO1717,SUPPLIER1717,PROD0073,2025-04-06,194.0620325185211,10309.422815201593,864368.3273006616,Cancelled
PO1718,SUPPLIER1718,PROD0073,2026-04-14,944.3705566318071,15428.65639364482,19434170.0232536,Pending
PO1719,SUPPLIER1719,PROD0073,2025-01-13,1282.0101033563515,20980.642383618604,5628875.841524409,Cancelled
PO1720,SUPPLIER1720,PROD0073,2025-07-31,126.43192347973758,11571.550960533003,1863388.0741164787,Pending
PO1721,SUPPLIER1721,PROD0073,2025-01-12,336.2843721173218,15540.525932633334,10779585.822033873,Cancelled
PO1722,SUPPLIER1722,PROD0073,2025-09-07,2199.207712140679,2879.5910143171964,30541347.0069962,Pending
PO1723,SUPPLIER1723,PROD0188,2025-10-23,1471.3351184496316,15365.278306531727,2958117.0915276916,Pending
PO1724,SUPPLIER1724,PROD0188,2025-01-05,1638.844846704462,26270.96926616829,19174076.16677447,Pending
PO1725,SUPPLIER1725,PROD0188,2025-05-25,1287.6155239774212,14687.663956469594,43657584.249566495,Pending
PO1726,SUPPLIER1726,PROD0188,2026-05-23,531.5469288988006,1864.9001215143082,57719344.01322911,Cancelled
PO1727,SUPPLIER1727,PROD0188,2025-07-31,1691.3831952951855,19540.713056493547,3976772.691572571,Pending
PO1728,SUPPLIER1728,PROD0188,2025-03-14,1883.0112076065363,14231.276979835617,16579393.716697888,Cancelled
PO1729,SUPPLIER1729,PROD0188,2025-03-12,2230.828626127144,1952.5030831701315,6473698.431023415,Pending
PO1730,SUPPLIER1730,PROD0188,2025-01-13,39.54381484883053,11973.27705850885,13909632.23533478,Cancelled
PO1731,SUPPLIER1731,PROD0069,2025-11-18,462.0420251590731,16939.530323561252,23295426.346622977,Pending
PO1732,SUPPLIER1732,PROD0069,2026-02-02,1518.8136677638922,17880.783110926048,38975262.96399173,Pending
PO1733,SUPPLIER1733,PROD0069,2025-12-26,513.8322779500935,22335.499307798138,2581643.2092147428,Pending
PO1734,SUPPLIER1734,PROD0069,2025-12-26,2247.1335770581027,20213.407852447992,12120818.554323565,Pending
PO1735,SUPPLIER1735,PROD0069,2025-01-13,1015.0430159320493,5838.976406805998,26798611.343641546,Cancelled
PO1736,SUPPLIER1736,PROD0069,2025-06-27,635.9773533338769,11916.586848694864,13234439.506821524,Pending
PO1737,SUPPLIER1737,PROD0069,2025-07-31,1758.4871775153563,23336.562230764786,26209368.76312841,Pending
PO1738,SUPPLIER1738,PROD0069,2026-02-10,1972.5087945220998,6066.34194047843,2538289.6237207847,Pending
PO1739,SUPPLIER1739,PROD0120,2025-09-03,1690.7391468484918,10297.91579947952,35156820.92832755,Cancelled
PO1740,SUPPLIER1740,PROD0120,2026-03-30,615.8643280608453,5268.0726463794845,4670659.93923849,Cancelled
PO1741,SUPPLIER1741,PROD0120,2026-06-16,1055.525044986488,26025.126801410017,23662446.032261558,Pending
PO1742,SUPPLIER1742,PROD0120,2025-03-02,1459.1627411134657,4784.977091848039,7993083.099916784,Pending
PO1743,SUPPLIER1743,PROD0120,2026-02-10,1524.1889208083994,22085.932619965868,7868387.172431743,Pending
PO1744,SUPPLIER1744,PROD0120,2025-03-12,356.63774185478167,19476.327912478133,20323384.007398658,Cancelled
PO1745,SUPPLIER1745,PROD0120,2025-01-13,1329.0554354528424,11658.591552800215,8061225.892803081,Cancelled
PO1746,SUPPLIER1746,PROD0120,2025-05-25,1519.465007696109,3600.993965513412,17202955.607365277,Pending
PO1747,SUPPLIER1747,PROD0132,2026-03-30,544.8415047270134,20711.049425005072,1663394.8198145158,Pending
PO1748,SUPPLIER1748,PROD0132,2026-04-14,2290.9882247990467,15016.401883303095,27364240.13659042,Pending
PO1749,SUPPLIER1749,PROD0132,2026-02-02,243.48337816451698,10477.527704168391,9345252.237676827,Pending
PO1750,SUPPLIER1750,PROD0132,2025-03-16,1552.822383911191,12802.790234463891,1449524.0811640695,Cancelled
PO1751,SUPPLIER1751,PROD0132,2026-05-17,1462.1585778360254,10691.704463522205,1100906.1180822751,Cancelled
PO1752,SUPPLIER1752,PROD0132,2026-05-23,2498.4369728531206,6672.109969955214,1707015.743567896,Pending
PO1753,SUPPLIER1753,PROD0132,2026-01-29,675.229122535491,16687.417214191722,1302225.7462771933,Cancelled
PO1754,SUPPLIER1754,PROD0132,2025-07-19,1563.257185336784,10047.245891994822,2016153.0690407222,Pending
PO1755,SUPPLIER1755,PROD0086,2026-06-08,2141.229803598595,15351.078156287991,6011147.366453867,Pending
PO1756,SUPPLIER1756,PROD0086,2026-04-07,720.5883752007993,2541.902421847721,11513626.561778978,Pending
PO1757,SUPPLIER1757,PROD0086,2026-04-07,1330.2854216648516,18354.177608130052,44823277.56335863,Pending
PO1758,SUPPLIER1758,PROD0086,2025-12-30,1397.8114549887187,2913.442916538386,4041478.3772269106,Cancelled
PO1759,SUPPLIER1759,PROD0086,2026-03-30,1961.3474647150836,5858.226964745924,28362397.908210505,Pending
PO1760,SUPPLIER1760,PROD0086,2025-05-25,964.5258521777193,2661.0208589605772,6735282.510519571,Pending
PO1761,SUPPLIER1761,PROD0086,2025-08-03,1897.7868177563532,15695.33413749776,2725753.405843036,Pending
PO1762,SUPPLIER1762,PROD0147,2026-05-17,668.1746929419296,6343.607694209415,4305143.7349029,Pending
PO1763,SUPPLIER1763,PROD0147,2026-04-14,1234.9526512101645,17305.724160600046,1263296.9090333972,Pending
PO1764,SUPPLIER1764,PROD0147,2025-12-18,1991.6311170900276,6951.571351137501,17869924.863570984,Pending
PO1765,SUPPLIER1765,PROD0147,2025-07-19,2370.6842982267153,2892.36159192356,16933341.537967682,Pending
PO1766,SUPPLIER1766,PROD0147,2025-02-23,2396.3601553908543,10805.172534019446,2214041.524735763,Cancelled
PO1767,SUPPLIER1767,PROD0147,2026-05-23,1241.6918315917799,19874.42392507628,30509636.22632972,Pending
PO1768,SUPPLIER1768,PROD0147,2025-01-05,1024.8165454352163,6782.149819128826,3041490.882284408,Pending
PO1769,SUPPLIER1769,PROD0169,2026-04-07,1813.117976705818,5047.481661901927,37255474.965923294,Pending
PO1770,SUPPLIER1770,PROD0169,2025-01-24,1980.2423932164536,22569.728512519036,40373801.58368624,Pending
PO1771,SUPPLIER1771,PROD0169,2025-10-23,1027.3174321153635,27615.35335241903,2960880.508683908,Pending
PO1772,SUPPLIER1772,PROD0169,2026-01-13,2309.5894125879536,15571.674537845876,30380772.057122093,Cancelled
PO1773,SUPPLIER1773,PROD0169,2026-06-16,2456.9606522818035,9447.34553161056,33560374.443318844,Pending
PO1774,SUPPLIER1774,PROD0169,2026-01-13,1478.8969941164469,4033.2923815613544,40075783.52972539,Cancelled
PO1775,SUPPLIER1775,PROD0169,2025-03-12,56.633571731233346,19275.509945783982,10304872.750268912,Cancelled
PO1776,SUPPLIER1776,PROD0178,2025-01-09,2264.0502246845767,8998.051702860854,38994987.65871209,Cancelled
PO1777,SUPPLIER1777,PROD0178,2025-11-24,26.289598461828035,12036.169547271003,24504384.145391308,Pending
PO1778,SUPPLIER1778,PROD0178,2026-05-19,536.2948824627791,15617.586910978205,12727131.40935506,Pending
PO1779,SUPPLIER1779,PROD0178,2025-01-05,497.3007850289244,21903.372021517065,2400851.9141367185,Pending
PO1780,SUPPLIER1780,PROD0178,2026-08-06,854.4847930405685,20409.392474602755,365850.0113037482,Pending
PO1781,SUPPLIER1781,PROD0178,2025-03-12,884.6379842461591,17837.21585728069,10313923.92991116,Cancelled
PO1782,SUPPLIER1782,PROD0178,2025-03-09,1944.8066735175578,9604.836766074824,23360947.160477057,Cancelled
PO1783,SUPPLIER1783,PROD0011,2026-03-16,2171.3647798113875,25318.024523332646,46835888.23466571,Pending
PO1784,SUPPLIER1784,PROD0011,2025-01-26,1171.801262377494,1958.984889280289,14570998.260031357,Pending
PO1785,SUPPLIER1785,PROD0011,2025-07-20,150.18341507059552,18117.588350608137,17191955.444089487,Cancelled
PO1786,SUPPLIER1786,PROD0011,2026-08-06,640.415093529734,8974.596731521155,44016184.09112008,Cancelled
PO1787,SUPPLIER1787,PROD0011,2025-01-09,1228.8148084952293,3345.507974997377,3120608.633424342,Cancelled
PO1788,SUPPLIER1788,PROD0011,2025-01-05,2306.720612264225,17292.397063204375,2519887.94312173,Pending
PO1789,SUPPLIER1789,PROD0011,2025-04-06,332.4309247150419,5827.606920724917,4681289.217740812,Cancelled
PO1790,SUPPLIER1790,PROD0198,2025-09-03,1093.5704999628622,16155.307756095739,46919798.218730465,Pending
PO1791,SUPPLIER1791,PROD0198,2026-06-17,2089.3722724843897,1138.5211071673573,5331190.7318803,Cancelled
PO1792,SUPPLIER1792,PROD0198,2026-03-16,242.36751820419235,10666.810355889342,25103331.62386487,Cancelled
PO1793,SUPPLIER1793,PROD0198,2025-09-03,806.2392257607639,11532.054242725631,2568441.9596665716,Pending
PO1794,SUPPLIER1794,PROD0198,2025-12-18,2326.0309092069992,11976.429363639923,16260204.435852874,Pending
PO1795,SUPPLIER1795,PROD0198,2026-08-18,2130.430208478484,23352.187083087836,12767941.736215325,Cancelled
PO1796,SUPPLIER1796,PROD0198,2026-03-15,1414.1825203006463,11789.264609402619,7269206.721452079,Pending
PO1797,SUPPLIER1797,PROD0190,2025-10-23,1314.3619517588522,7987.063222908453,13444451.838286553,Pending
PO1798,SUPPLIER1798,PROD0190,2026-04-09,974.1218122316469,3843.1986037503643,48849386.55248818,Pending
PO1799,SUPPLIER1799,PROD0190,2026-05-17,545.0339281474144,20870.65699567313,10291418.13333926,Pending
PO1800,SUPPLIER1800,PROD0190,2025-03-02,996.9677347856971,17800.36168741063,25449925.543705314,Pending
PO1801,SUPPLIER1801,PROD0190,2026-04-09,1539.54067777755,1057.0603394999196,19186728.87790469,Pending
PO1802,SUPPLIER1802,PROD0190,2026-05-17,35.90820937544134,22902.30710959503,46750040.90925589,Cancelled
PO1803,SUPPLIER1803,PROD0190,2025-03-02,1332.5088185861025,13977.064151021317,5025230.283723336,Cancelled
PO1804,SUPPLIER1804,PROD0067,2026-02-10,208.92434267302858,7058.993022666221,2990608.375747459,Cancelled
PO1805,SUPPLIER1805,PROD0067,2026-01-29,2370.126507759621,15162.272039181953,24285043.544232044,Cancelled
PO1806,SUPPLIER1806,PROD0067,2025-05-14,322.2517594957366,4061.213318960392,17544569.567452483,Cancelled
PO1807,SUPPLIER1807,PROD0067,2026-08-06,1818.8282225619218,17324.05472353976,9306469.815298928,Cancelled
PO1808,SUPPLIER1808,PROD0067,2025-06-09,199.94065876987656,18956.699451999943,40598341.744881876,Cancelled
PO1809,SUPPLIER1809,PROD0067,2025-06-09,940.8522984799206,15506.547941049525,13074921.706131592,Pending
PO1810,SUPPLIER1810,PROD0067,2026-05-23,83.97770426751646,23275.14565993476,9416908.822881164,Pending
PO1811,SUPPLIER1811,PROD0083,2025-02-23,918.6813796230903,20081.004894504862,3682186.3292464623,Cancelled
PO1812,SUPPLIER1812,PROD0083,2025-02-15,1488.3307581071563,18267.087096065658,35277376.04173366,Pending
PO1813,SUPPLIER1813,PROD0083,2025-04-06,828.7669534349565,23976.659973734353,20563983.59962164,Pending
PO1814,SUPPLIER1814,PROD0083,2026-03-30,1548.7651614969564,6524.869865132946,21331525.315294143,Cancelled
PO1815,SUPPLIER1815,PROD0083,2025-05-26,1132.2698678649413,12767.668229616329,17155117.210990712,Pending
PO1816,SUPPLIER1816,PROD0083,2025-03-12,203.585404797003,12708.613153951603,33737163.566011086,Pending
PO1817,SUPPLIER1817,PROD0083,2026-04-14,499.62736463356447,13885.431043848126,435014.1453280016,Pending
PO1818,SUPPLIER1818,PROD0043,2025-01-05,537.753125304219,12476.562094211058,3979516.6479591522,Pending
PO1819,SUPPLIER1819,PROD0043,2026-04-14,987.6759589079855,10865.142702058136,30529155.34306977,Pending
PO1820,SUPPLIER1820,PROD0043,2025-01-01,491.07729190341394,3228.6685923081313,5103591.007545007,Cancelled
PO1821,SUPPLIER1821,PROD0043,2025-01-24,445.59614834846013,852.317512658924,4022149.7341865827,Pending
PO1822,SUPPLIER1822,PROD0043,2026-04-16,852.8735628816754,4348.637086928658,29166390.38164177,Cancelled
PO1823,SUPPLIER1823,PROD0043,2025-01-12,27.783821798938863,9169.683800442333,16241788.160095815,Cancelled
PO1824,SUPPLIER1824,PROD0043,2025-03-06,239.58687816072364,7511.401637388854,34742341.99876203,Pending
PO1825,SUPPLIER1825,PROD0112,2025-06-09,304.22339038785606,20627.584902812352,17999208.301108737,Pending
PO1826,SUPPLIER1826,PROD0112,2026-01-29,1771.3774104568017,15168.181857959471,23303751.755381905,Cancelled
PO1827,SUPPLIER1827,PROD0112,2025-11-22,624.3057479624176,4042.947665177569,13244592.906428915,Cancelled
PO1828,SUPPLIER1828,PROD0112,2025-05-25,1109.8734564212043,22117.652645095837,16804831.343306568,Pending
PO1829,SUPPLIER1829,PROD0112,2025-01-28,2286.834152233797,17568.24109866636,15244966.268729126,Cancelled
PO1830,SUPPLIER1830,PROD0112,2025-05-16,503.0093101749544,7011.504627630956,13090287.269095723,Pending
PO1831,SUPPLIER1831,PROD0112,2025-07-20,2261.157364629283,12223.872458474752,39154892.47639021,Cancelled
PO1832,SUPPLIER1832,PROD0092,2025-10-23,215.10256698188317,18533.999521146063,38491404.370519914,Pending
PO1833,SUPPLIER1833,PROD0092,2025-11-27,1390.395142236551,5580.290530858321,12037768.507222285,Cancelled
PO1834,SUPPLIER1834,PROD0092,2025-01-28,2356.142389834634,15288.59089899687,43748123.85141581,Cancelled
PO1835,SUPPLIER1835,PROD0092,2025-03-12,1176.9392192126832,11048.375966515514,7726816.04855403,Cancelled
PO1836,SUPPLIER1836,PROD0092,2025-10-25,2086.255698489385,1747.019450996768,21698680.630482826,Cancelled
PO1837,SUPPLIER1837,PROD0092,2025-06-27,1341.9741636002639,2357.9011392837947,24261535.98083286,Pending
PO1838,SUPPLIER1838,PROD0092,2026-04-07,140.87847171655363,21885.500124302755,20886715.564022798,Pending
PO1839,SUPPLIER1839,PROD0049,2026-03-17,409.77779395442013,4240.22666068968,13985656.97196663,Pending
PO1840,SUPPLIER1840,PROD0049,2025-12-30,190.35095433529628,8989.587567893725,13869627.69155926,Cancelled
PO1841,SUPPLIER1841,PROD0049,2025-01-10,60.2936016844185,13572.81872262194,14887749.388993213,Cancelled
PO1842,SUPPLIER1842,PROD0049,2026-01-13,1701.991549128613,22958.4226322126,31890425.936787777,Cancelled
PO1843,SUPPLIER1843,PROD0049,2025-03-02,2044.154029551237,9903.419971121068,3342161.4597124816,Pending
PO1844,SUPPLIER1844,PROD0049,2025-03-09,787.4611863785956,17087.71128578876,25748390.38824657,Cancelled
PO1845,SUPPLIER1845,PROD0049,2025-07-01,2170.3924139214078,1906.7753172637501,13752656.426698068,Cancelled
PO1846,SUPPLIER1846,PROD0105,2025-03-12,1158.9911465519008,6579.909901072219,7116205.964465905,Cancelled
PO1847,SUPPLIER1847,PROD0105,2025-05-26,1454.18054248223,896.613019978759,2927877.082961208,Cancelled
PO1848,SUPPLIER1848,PROD0105,2026-03-16,1078.0515685094067,1054.3345805984047,27015024.349546008,Pending
PO1849,SUPPLIER1849,PROD0105,2026-06-11,1318.1700984477316,1826.947763011992,18825638.690182023,Pending
PO1850,SUPPLIER1850,PROD0105,2026-08-06,2083.5357131105843,2581.9828574872427,13071897.26634336,Cancelled
PO1851,SUPPLIER1851,PROD0105,2026-01-29,2073.5801826749225,17544.821581076878,17811797.966522224,Pending
PO1852,SUPPLIER1852,PROD0105,2025-05-16,1419.3870084897467,2071.259004402639,2375535.480775829,Cancelled
PO1853,SUPPLIER1853,PROD0035,2026-06-11,1662.0331452863104,9900.477949733828,5666329.723064825,Cancelled
PO1854,SUPPLIER1854,PROD0035,2025-03-07,1598.975618738501,3691.153577463418,7297260.709734465,Cancelled
PO1855,SUPPLIER1855,PROD0035,2025-12-26,2069.1388420185704,9288.431649382856,12091315.231519133,Pending
PO1856,SUPPLIER1856,PROD0035,2025-03-01,910.8368155897057,13035.948043129203,22100132.833765555,Cancelled
PO1857,SUPPLIER1857,PROD0035,2026-08-06,1567.621464121372,7252.791151424207,4587846.7374504525,Pending
PO1858,SUPPLIER1858,PROD0035,2026-08-06,2087.0656371267155,17419.681827701603,1726153.6327661602,Cancelled
PO1859,SUPPLIER1859,PROD0035,2025-12-18,1556.1680800105373,5563.5959899836635,14951033.208468633,Pending
PO1860,SUPPLIER1860,PROD0152,2026-02-02,2179.1810972301987,6747.10433187247,21289577.717973,Pending
PO1861,SUPPLIER1861,PROD0152,2025-03-09,379.7703011775976,24979.679461829608,3375736.9675404225,Pending
PO1862,SUPPLIER1862,PROD0152,2025-09-03,2357.091069889344,16042.11647457098,3634285.85534313,Cancelled
PO1863,SUPPLIER1863,PROD0152,2025-08-31,633.8447371796767,4664.229532316845,8902535.21680159,Pending
PO1864,SUPPLIER1864,PROD0152,2026-04-07,1201.4513069482184,18939.183806921934,12662651.527113087,Pending
PO1865,SUPPLIER1865,PROD0152,2026-01-13,2015.0169885310224,10703.15650442192,14400353.845775794,Cancelled
PO1866,SUPPLIER1866,PROD0152,2025-10-23,1255.9441813501935,3537.4253912280287,23076542.345127564,Pending
PO1867,SUPPLIER1867,PROD0150,2025-01-20,192.8755611653605,7065.257438127831,20506791.460894585,Cancelled
PO1868,SUPPLIER1868,PROD0150,2026-05-19,793.529467430298,12344.954494305799,4227629.932618013,Pending
PO1869,SUPPLIER1869,PROD0150,2026-03-30,2111.230566331746,1149.7050567215333,436881.8183332642,Pending
PO1870,SUPPLIER1870,PROD0150,2025-12-26,680.9663844293576,17935.32510363976,35494494.26431129,Cancelled
PO1871,SUPPLIER1871,PROD0150,2025-12-26,245.65052409359174,26360.182398388206,44355825.6895283,Pending
PO1872,SUPPLIER1872,PROD0150,2025-09-29,1715.5601397495072,2786.0797889780956,6641281.585961594,Cancelled
PO1873,SUPPLIER1873,PROD0150,2025-03-07,1278.5395045756427,4750.375086960027,1997363.890915417,Pending
PO1874,SUPPLIER1874,PROD0195,2025-07-20,2108.7988146239586,15259.184106996136,1924887.0761088745,Cancelled
PO1875,SUPPLIER1875,PROD0195,2025-09-06,1295.8426425978093,16157.235213769078,18214926.48945322,Cancelled
PO1876,SUPPLIER1876,PROD0195,2025-03-09,1385.15289358079,13432.284134113208,3885195.685454087,Cancelled
PO1877,SUPPLIER1877,PROD0195,2025-04-06,2256.236327148401,2883.260792335049,4124182.9525534157,Pending
PO1878,SUPPLIER1878,PROD0195,2025-07-31,418.24469863298634,22206.979819256292,7616483.4121677885,Pending
PO1879,SUPPLIER1879,PROD0195,2026-04-19,529.5208558330244,5394.099776270696,46478323.83430757,Pending
PO1880,SUPPLIER1880,PROD0013,2025-04-04,2266.9377911165166,17920.643024465873,44184028.717512935,Cancelled
PO1881,SUPPLIER1881,PROD0013,2025-01-12,1894.5578513574983,24321.14277240904,29557224.069792148,Pending
PO1882,SUPPLIER1882,PROD0013,2025-01-13,2187.6254731143863,5995.938853411973,13849998.864175666,Cancelled
PO1883,SUPPLIER1883,PROD0013,2025-03-02,268.983435693608,16019.192131366755,17267838.261058636,Pending
PO1884,SUPPLIER1884,PROD0013,2025-03-02,223.8899998921561,20118.62963707376,56519025.375659734,Pending
PO1885,SUPPLIER1885,PROD0013,2025-02-23,1164.2386211615956,18011.740866482753,2207150.434053195,Cancelled
PO1886,SUPPLIER1886,PROD0124,2025-01-12,1835.7917768299085,25436.903612835988,352559.0725010341,Pending
PO1887,SUPPLIER1887,PROD0124,2025-11-22,1388.7415865352152,20797.675386863615,36440568.01717429,Cancelled
PO1888,SUPPLIER1888,PROD0124,2025-09-06,920.1191371601338,6897.28218613296,24307837.463810693,Cancelled
PO1889,SUPPLIER1889,PROD0124,2025-01-28,1672.2722554443692,17171.129145361163,19416709.60569145,Pending
PO1890,SUPPLIER1890,PROD0124,2026-05-19,582.5634039849598,21287.760689575334,3792918.6857734965,Pending
PO1891,SUPPLIER1891,PROD0124,2025-10-29,2368.9027468592153,10570.763004859333,6120417.106452509,Cancelled
PO1892,SUPPLIER1892,PROD0123,2026-08-06,1826.5700321569445,19752.574720019522,37182443.75956078,Cancelled
PO1893,SUPPLIER1893,PROD0123,2026-04-07,2397.633304230106,15139.245934746601,14637497.605296053,Pending
PO1894,SUPPLIER1894,PROD0123,2025-03-12,472.4914788662644,7091.181447080841,28390546.457109585,Cancelled
PO1895,SUPPLIER1895,PROD0123,2026-03-30,2418.528347813422,6422.232334836001,4181770.789056053,Pending
PO1896,SUPPLIER1896,PROD0123,2025-11-24,1281.3945488857698,5539.3301836216215,3043003.436208543,Cancelled
PO1897,SUPPLIER1897,PROD0123,2025-12-26,1854.89179176017,7499.56652256992,1537145.0609617971,Cancelled
PO1898,SUPPLIER1898,PROD0100,2026-06-11,1812.2288432680682,4821.868020100658,5776631.45282908,Pending
PO1899,SUPPLIER1899,PROD0100,2025-01-12,630.0030807843053,6736.302595661356,24358837.251157116,Pending
PO1900,SUPPLIER1900,PROD0100,2025-11-08,1949.650183539611,16264.33649731326,30653479.209088795,Cancelled
PO1901,SUPPLIER1901,PROD0100,2025-08-31,2358.942660725366,20647.290670669143,47051073.59621936,Pending
PO1902,SUPPLIER1902,PROD0100,2025-09-13,1699.4621568514356,8841.442400868007,53355510.810606524,Cancelled
PO1903,SUPPLIER1903,PROD0100,2025-05-16,1470.0945527145946,12786.09853289721,30435955.945320476,Pending
PO1904,SUPPLIER1904,PROD0003,2025-02-04,904.8089085738019,10612.71187016416,7875406.86087627,Cancelled
PO1905,SUPPLIER1905,PROD0003,2025-01-28,1082.1522175904515,2952.6859122177193,13758590.747232532,Cancelled
PO1906,SUPPLIER1906,PROD0003,2026-05-23,914.3179826536926,17242.286148978084,18268911.746724665,Pending
PO1907,SUPPLIER1907,PROD0003,2025-03-01,2355.4404230524437,11763.372157658448,16038693.832226202,Cancelled
PO1908,SUPPLIER1908,PROD0003,2026-02-10,1789.8370259139817,7305.101334176828,29124839.752028618,Pending
PO1909,SUPPLIER1909,PROD0003,2026-01-13,1405.9519483308716,25846.26952509366,5237230.023099761,Pending
PO1910,SUPPLIER1910,PROD0136,2025-06-27,2020.539322337555,22960.293105117515,38942647.749200165,Pending
PO1911,SUPPLIER1911,PROD0136,2025-05-26,1698.1562298949787,3549.8448635241184,10351508.489838528,Cancelled
PO1912,SUPPLIER1912,PROD0136,2025-01-26,2485.0519200322765,12585.390435418267,2785711.0569696478,Pending
PO1913,SUPPLIER1913,PROD0136,2026-04-19,1694.8364124216257,8912.349289011754,1632725.7952687638,Pending
PO1914,SUPPLIER1914,PROD0136,2025-10-23,2107.186510751634,4666.781854139002,1383269.7969297306,Pending
PO1915,SUPPLIER1915,PROD0136,2026-04-16,714.3953771205453,15615.56284345886,5959520.433129896,Cancelled
PO1916,SUPPLIER1916,PROD0072,2026-05-17,1303.3835136063265,19473.368791945275,5864043.541418908,Pending
PO1917,SUPPLIER1917,PROD0072,2026-01-13,626.16283088904,21081.49399267133,1960351.670943608,Pending
PO1918,SUPPLIER1918,PROD0072,2025-09-03,597.9862733175877,21026.131457273328,743421.4091847432,Cancelled
PO1919,SUPPLIER1919,PROD0072,2025-06-27,2209.1713895696894,10178.484616997004,8635142.145887544,Pending
PO1920,SUPPLIER1920,PROD0072,2026-05-17,258.6600219467478,4418.425584442886,7216983.253850954,Cancelled
PO1921,SUPPLIER1921,PROD0072,2025-01-05,1718.0135928312568,8512.5765840898,1337836.0027407922,Pending
PO1922,SUPPLIER1922,PROD0080,2026-06-11,1131.1579649069704,1764.4679160266953,14776715.043332685,Cancelled
PO1923,SUPPLIER1923,PROD0080,2026-02-05,1327.621281762051,19560.970314059883,8358872.00364284,Cancelled
PO1924,SUPPLIER1924,PROD0080,2025-11-24,1573.1501436434476,5863.605251642561,12515979.634071596,Pending
PO1925,SUPPLIER1925,PROD0080,2026-06-11,2480.0167849752575,17417.418638545532,12645936.635516206,Pending
PO1926,SUPPLIER1926,PROD0080,2025-11-18,764.3272954386404,11976.794028423212,8423499.38384676,Pending
PO1927,SUPPLIER1927,PROD0080,2025-08-31,2365.254808477797,883.01797843186,941935.5946238419,Pending
PO1928,SUPPLIER1928,PROD0009,2025-07-20,1477.2614552381415,8847.589710070335,10754487.969921963,Cancelled
PO1929,SUPPLIER1929,PROD0009,2025-03-06,1471.339262484311,5856.086911132206,46264477.522021875,Pending
PO1930,SUPPLIER1930,PROD0009,2025-07-31,1382.003880400213,11307.660856203047,40276070.37209335,Cancelled
PO1931,SUPPLIER1931,PROD0009,2025-09-07,1434.5625311595934,11637.487517999116,1660311.557905065,Pending
PO1932,SUPPLIER1932,PROD0009,2025-03-06,481.8264273362682,23964.401480262233,1936789.5057336814,Pending
PO1933,SUPPLIER1933,PROD0009,2025-12-18,1039.7853826738829,8081.066278964601,48247031.340114556,Pending
PO1934,SUPPLIER1934,PROD0162,2025-12-26,1625.9898338281462,17398.701681363033,5108168.913270489,Cancelled
PO1935,SUPPLIER1935,PROD0162,2025-10-23,1466.9360991823587,15046.782326321048,1342343.035154877,Pending
PO1936,SUPPLIER1936,PROD0162,2025-12-26,2378.3071277993654,1802.842616511802,26213468.583970618,Pending
PO1937,SUPPLIER1937,PROD0162,2025-07-01,2174.156922557561,11575.484016515235,494545.43903988996,Cancelled
PO1938,SUPPLIER1938,PROD0162,2026-08-18,1483.074213968161,24987.085739916063,5722610.837854043,Cancelled
PO1939,SUPPLIER1939,PROD0162,2025-05-24,453.29465442994,10364.522956944476,13645719.140240973,Cancelled
PO1940,SUPPLIER1940,PROD0007,2025-11-22,1701.175541761323,13719.678876899941,32654534.998562258,Cancelled
PO1941,SUPPLIER1941,PROD0007,2025-06-27,2056.1433723555183,20749.541191515957,16045668.488553856,Pending
PO1942,SUPPLIER1942,PROD0007,2025-09-07,1405.4199854628605,10951.852640674782,2224950.5979561736,Pending
PO1943,SUPPLIER1943,PROD0007,2025-07-19,1552.8915903208717,12413.307946310882,25539927.34504973,Pending
PO1944,SUPPLIER1944,PROD0007,2025-01-28,2108.5297644460256,3737.9337604051243,8472371.383011626,Pending
PO1945,SUPPLIER1945,PROD0007,2025-09-23,1554.5086179386074,13328.44273388037,17354471.48734937,Cancelled
PO1946,SUPPLIER1946,PROD0121,2026-02-19,1108.9919880795546,14799.621333485515,1754705.0841494163,Cancelled
PO1947,SUPPLIER1947,PROD0121,2025-01-28,1473.0077031301855,23651.926387769945,2793623.8642857014,Pending
PO1948,SUPPLIER1948,PROD0121,2026-05-19,2291.5570451704057,10732.177505404665,33846286.58064788,Pending
PO1949,SUPPLIER1949,PROD0121,2025-09-23,1556.9141347935858,8644.658170424487,5360698.408412433,Cancelled
PO1950,SUPPLIER1950,PROD0121,2025-03-07,1459.2761453324908,11739.19110833166,1633831.201327986,Cancelled
PO1951,SUPPLIER1951,PROD0121,2025-04-06,1504.1009841089256,22393.397774867095,3860632.900361738,Pending
PO1952,SUPPLIER1952,PROD0066,2025-11-08,2187.703333957796,22940.055323128534,9786125.166982317,Cancelled
PO1953,SUPPLIER1953,PROD0066,2026-03-15,2364.526702560513,13331.21760889451,16359115.372858528,Pending
PO1954,SUPPLIER1954,PROD0066,2026-01-13,525.8339294706011,24079.52931968021,41133120.43300282,Cancelled
PO1955,SUPPLIER1955,PROD0066,2025-04-29,1175.6048526583136,14990.40252520882,1432021.713168363,Pending
PO1956,SUPPLIER1956,PROD0066,2026-04-07,1398.8916734608033,2803.9581081887795,1769934.3245654218,Pending
PO1957,SUPPLIER1957,PROD0084,2025-03-16,2119.388740840511,13052.608447595563,9048828.263148434,Pending
PO1958,SUPPLIER1958,PROD0084,2025-07-19,1010.1612679299105,11333.388335093423,4877015.668851323,Pending
PO1959,SUPPLIER1959,PROD0084,2025-06-27,443.42941143775585,10940.428682965176,4026491.592944582,Pending
PO1960,SUPPLIER1960,PROD0084,2026-04-16,2479.7293666767787,16769.047131683183,4672642.942426527,Cancelled
PO1961,SUPPLIER1961,PROD0084,2025-12-18,1149.9807216910167,13957.61177634201,16752615.403631087,Cancelled
PO1962,SUPPLIER1962,PROD0062,2026-04-07,575.3373614257125,3156.7374085037663,37573751.34039685,Pending
PO1963,SUPPLIER1963,PROD0062,2025-02-23,2187.770133696422,15643.151948878984,7663958.864129306,Cancelled
PO1964,SUPPLIER1964,PROD0062,2025-08-31,410.66133029837766,8007.14959424966,23010650.234534618,Pending
PO1965,SUPPLIER1965,PROD0062,2026-08-06,2237.2227704636525,18482.504643118373,13642044.620570831,Pending
PO1966,SUPPLIER1966,PROD0062,2025-09-03,2198.4302383346867,9799.6160621722,24726678.866247922,Pending
PO1967,SUPPLIER1967,PROD0104,2025-01-26,51.55873090905368,13943.233504122649,16714164.682827078,Pending
PO1968,SUPPLIER1968,PROD0104,2025-05-14,2069.5961962713695,18270.793304443072,11390514.655084163,Cancelled
PO1969,SUPPLIER1969,PROD0104,2026-06-08,1569.3978831577692,13977.655435880259,8834747.448268095,Cancelled
PO1970,SUPPLIER1970,PROD0104,2025-02-15,542.3568991368978,8702.227080219849,85706.75081479055,Pending
PO1971,SUPPLIER1971,PROD0104,2026-04-14,1176.1721340412728,5173.991097127721,564037.2056045579,Pending
PO1972,SUPPLIER1972,PROD0154,2025-12-18,1341.1289099810203,6344.019488983521,36309224.802851,Cancelled
PO1973,SUPPLIER1973,PROD0154,2026-06-16,553.628357816213,884.1507934324609,15198219.70707681,Pending
PO1974,SUPPLIER1974,PROD0154,2025-03-12,1642.7536885179618,5547.016991130984,5505673.538479055,Cancelled
PO1975,SUPPLIER1975,PROD0154,2025-06-27,518.0525691672773,20202.184795406058,23981552.409334823,Pending
PO1976,SUPPLIER1976,PROD0154,2026-04-16,1687.1749373642594,17845.78219724906,33643702.45780563,Cancelled
PO1977,SUPPLIER1977,PROD0137,2025-01-12,494.9006197712619,9947.913590705612,30009785.30848336,Pending
PO1978,SUPPLIER1978,PROD0137,2026-04-16,2056.0547793025407,7683.835639371359,5303171.607071753,Cancelled
PO1979,SUPPLIER1979,PROD0137,2025-03-16,1528.6254126223077,15957.32257232879,14920680.73765424,Pending
PO1980,SUPPLIER1980,PROD0137,2025-11-24,687.4487806357708,13384.371759280202,5119053.93057712,Pending
PO1981,SUPPLIER1981,PROD0137,2025-01-09,1729.0228712128196,1326.4316749572,1742177.3620878696,Cancelled
PO1982,SUPPLIER1982,PROD0108,2026-03-30,1256.1949384443255,6559.217501055681,12542929.518419567,Cancelled
PO1983,SUPPLIER1983,PROD0108,2026-05-19,134.36645087866893,3288.3464254231467,6193716.201891954,Pending
PO1984,SUPPLIER1984,PROD0108,2025-04-29,522.6306448521884,21205.228889426617,1259123.0148686147,Pending
PO1985,SUPPLIER1985,PROD0108,2025-09-23,2092.401245524514,15775.24775318942,3547721.7199981106,Pending
PO1986,SUPPLIER1986,PROD0001,2025-05-16,1492.8922791259695,3083.8462909980385,665990.9351849214,Pending
PO1987,SUPPLIER1987,PROD0001,2025-01-20,2184.9966432920896,5206.9774284262585,39310125.905338824,Pending
PO1988,SUPPLIER1988,PROD0001,2025-03-01,2069.77235858816,8165.398850171859,23852256.936737455,Cancelled
PO1989,SUPPLIER1989,PROD0001,2025-06-27,867.7150870278789,11149.28570254855,41600994.230412774,Pending
PO1990,SUPPLIER1990,PROD0088,2026-02-02,146.8010490588544,7074.274139335832,4254391.834037675,Pending
PO1991,SUPPLIER1991,PROD0088,2025-04-29,2472.8142673502452,20521.427461987663,10743463.869195705,Pending
PO1992,SUPPLIER1992,PROD0088,2026-06-17,1127.3191947585779,22631.347417445933,306916.0129182176,Cancelled
PO1993,SUPPLIER1993,PROD0088,2026-01-13,1468.9595399628727,11022.216271366842,3097567.719516234,Pending
PO1994,SUPPLIER1994,PROD0111,2025-10-23,1714.9193129620007,22771.52567966789,2357515.767817216,Pending
PO1995,SUPPLIER1995,PROD0111,2026-01-03,1088.8037067667815,4893.129344550208,21299847.606642976,Cancelled
PO1996,SUPPLIER1996,PROD0111,2026-06-11,361.1783203278575,2018.8046234820567,3662092.9601130146,Pending
PO1997,SUPPLIER1997,PROD0111,2026-08-06,172.73176230622963,13398.129769295896,13485880.367309812,Pending
PO1998,SUPPLIER1998,PROD0021,2025-03-14,148.20268569208312,7419.839743211681,1942226.177753476,Cancelled
PO1999,SUPPLIER1999,PROD0021,2026-03-16,1076.5519202037754,14182.552631881535,955678.7783590672,Pending
PO2000,SUPPLIER2000,PROD0021,2026-05-17,1098.0882687574574,11461.59170845043,21865379.039378554,Pending
