inventory_id,supplier_id,product_id,warehouse,quantity_on_hand,quantity_reserved,quantity_available,reorder_point,inventory_status
5029a685-f070-4d44-a0b7-46de3d1e0de7,c7c64d8a-716f-4357-abba-22380b27e83e,7f634488-a737-485f-b31d-841b9ba23196,Pune DC,1422.9389556038932,482.2728369275229,940.6661186763703,805.5703733112263,Overstocked
4459777c-75bc-47eb-a9be-29624da9c78e,233bfd9c-8340-42d2-aab0-0a0e1caa8ee6,4bbaedae-aaca-47df-b348-c9ee923b7b67,Mumbai DC,3154.8906077110482,99.8399066346683,3055.05070107638,108.59949612704249,Overstocked
58b867df-7d42-4eff-84c6-49fb6a2c03df,a69bd26e-25d7-496d-994c-b9a5c8560b56,546ad27f-4244-4ebf-bda9-ba5c30f87ba8,Chennai DC,952.4668038576481,50.09185247128437,902.3749513863637,560.9012290477436,Overstocked
acac69bf-4a7b-498e-aaad-29a8c32b5be0,1c451288-de60-4245-86c9-7fedadbbd49d,4e169861-8bd2-416c-8b61-5ab71453c2d6,Mumbai DC,3739.2022240050283,480.5545392016079,3258.6476848034204,191.72347337959295,Overstocked
99b31678-d021-4554-ad3d-5449b30c235b,07e6c5c3-d668-4054-bf57-1ed49a474b57,8bc5f552-f050-40b4-be88-27c95160658f,Mumbai DC,1070.8537102819046,402.31168025626346,668.5420300256411,620.6848069993871,Overstocked
5de2cf53-1d7b-4fd0-b53c-60147c5ab231,c61940fb-e1d2-470f-9e25-931237c8893f,e1b91b25-8933-4d0d-b405-fc0da37a7abf,Mumbai DC,4842.777379087572,133.1593433727994,4709.618035714772,379.2952949229236,Overstocked
12b240df-1f3c-4b83-be77-955d7effefea,cc0a5bbb-b05f-4ec4-8395-3ca2d3c795c0,1c447b2f-93b8-4e64-955f-c539a33b6e1a,Pune DC,4564.1959217502745,325.7363204411713,4238.459601309103,630.3378725702364,Overstocked
a218a5b9-3904-46ed-a716-caec8935841c,1817d953-32db-454f-886d-1137a6c67d57,47e5b700-3997-43d7-82b3-6d9ab03c670b,Chennai DC,3305.8629367228295,588.847549009753,2717.0153877130765,561.7985005528105,Overstocked
fb880d6f-98e1-43e9-871f-e2dd33ce6ea4,5726cd4f-4fba-4539-8034-d2a703d2d93e,6b6be25e-192a-4ac6-9b96-a84b8931452c,Pune DC,665.6761629512557,656.8425937436076,8.833569207648111,370.99379594238144,Overstocked
6388760a-c7d7-4c92-bf7f-2235e5e5bf0b,45e9bfc9-e6ad-4323-ba09-3d9604ae6aee,568a71b5-ebe9-4c04-b25e-2c169928836d,Mumbai DC,3539.5866402785505,606.2911777145127,2933.2954625640377,68.24787478859756,Overstocked
8f1f87bf-0ac9-43f9-8e83-b300d8a1b1fc,a3b94acf-be62-4336-8ede-60887aeec403,87891f83-6be9-4156-9a9a-1127dc36a43a,Chennai DC,3504.5864906895117,276.3142124255801,3228.2722782639316,724.0651868890767,Overstocked
9dc35536-9e06-4da0-807b-80cda512cc4a,48729344-db36-40fc-aa39-00ba7b2b79e9,78e23556-0c6f-4e10-bfe4-fd4fc0f01f43,Pune DC,3023.988889992383,8.979391099199347,3015.0094988931837,111.11178463192331,Overstocked
f3d791df-125e-4e52-a6d5-a6faa8ca6c02,e316d375-c710-47e7-870d-370fa56033f6,77728a80-aa6a-4215-8998-def53a703171,Mumbai DC,4211.203454785829,665.8575501113869,3545.3459046744424,64.89914415525571,Overstocked
7ffeab24-ed10-4b21-8676-89cb4f6a01ae,79200a81-3fbc-4c99-9bc5-7fcdcb40faeb,c286f088-711b-49c7-8d41-a4361b3a86e2,Pune DC,457.4376652174641,143.24760111402242,314.19006410344167,796.0070141592277,Overstocked
f9242654-0ba3-4a1c-b84a-402c0485fc6b,faa171dc-43ed-45ca-b238-9f7a668037ec,f2c7b956-4a75-4133-b19a-2be87418cb7a,Chennai DC,2508.368727824938,104.00406533750629,2404.364662487432,379.09486806963054,Overstocked
e45c8caa-c3b0-4c90-beab-d67da8271539,4219a381-4da2-499b-8e64-17fe40ce264b,9d944c4b-5353-4a97-9309-b52af4b539c8,Mumbai DC,1897.7974610673957,88.52321916703181,1809.274241900364,166.6634074768894,Overstocked
51e361e9-a7bf-4e36-a52d-5e1a9cada152,3323acba-9375-4612-9fa5-d352d6675141,bc503f58-19de-476b-9dd8-1e5e4722ed07,Chennai DC,4565.435746778389,144.00719256016055,4421.428554218229,110.95502749901372,Overstocked
df4ad4e3-608f-474a-9d0a-7da6358fefe5,ea0b4d06-5595-48ad-9a93-978ecec54e76,d924ac5f-d18c-4a75-b554-fccff95f4a92,Mumbai DC,2080.7277737460577,160.8174883639449,1919.9102853821128,77.48893040257104,Overstocked
6a9880ca-86bd-4801-8887-36c78df4c6ed,6bf889ce-483a-42f0-8744-5b91f50acee0,c9185393-9388-4635-9127-a245ab02f8a3,Mumbai DC,628.7769133819309,14.610129098692937,614.1667842832379,590.3963528398177,Overstocked
6bb3857c-c31e-40fe-898b-9be25deff750,484a458d-9699-4952-be1f-9e53a78b7d9d,5889d299-60f6-4cb2-82ac-c8aa0d07b55f,Mumbai DC,1338.3213869814806,618.0992958611514,720.2220911203292,900.5248655192104,Overstocked
907cd6b3-dfc4-47f6-922f-5ee5aa952c86,ffe025dc-05e5-418a-bf7e-fbf82408e510,17b1acc6-2171-4e24-b202-7ebadff24f05,Pune DC,2055.5250331999496,623.8171838454382,1431.7078493545114,146.68626956109225,Overstocked
3fa3c691-8b64-4241-b738-b282b4525fc6,964ffb0d-c8a1-4c54-90cb-4f46fa7501d6,5fb69f95-585f-40fd-86e6-4a1e20abf75c,Pune DC,1757.5903790830894,678.9103184537521,1078.6800606293373,320.78095850774514,Overstocked
bfbdc92e-345f-4f65-98f5-0fc8558beab5,a68bd110-52ab-4480-827f-f82ef4d5469b,bf86a44f-d472-48c2-907f-3e283d1e5466,Mumbai DC,2135.436216086332,735.0328755802839,1400.4033405060482,695.3356668775525,Overstocked
d66f782f-41f3-4068-951f-215a37f5c08f,f21437f5-9400-45f1-99be-46a645c9ab66,4f3ca919-5084-44fe-94cc-f632e2769822,Pune DC,2676.1918792874126,136.4657049005741,2539.7261743868385,353.3573405967832,Overstocked
e90c7e09-e7cf-46f9-920d-e4e8a12a6bf4,8d2e1090-e65d-41a0-88be-4bd152dc7d5c,4d20e5f9-2fa7-4a76-82a3-1c5bebc2d572,Pune DC,4005.771958917818,609.796763677844,3395.9751952399743,837.5349056314683,Overstocked
e3b6ccd2-ffe4-4cec-95a5-a63bf6e88592,bce7e640-4fc4-4bb6-8891-f0dfec268cde,3aa74e67-c9ed-4742-afe8-0bbc7a837dfc,Pune DC,3728.734439526432,776.0229820514728,2952.7114574749594,744.1954184398622,Overstocked
50e673eb-0c63-43d1-9228-275a81ef9ca0,5f853f29-a18f-478f-94a4-5e8e4ac124c8,031d6e08-8538-463b-a9e1-0a188d78f1fd,Mumbai DC,685.7202401704037,669.4888711957694,16.23136897463428,664.9892220928654,Overstocked
f8f32034-48f6-46ed-9679-a9b811029035,2a007c00-7ed8-4f58-b54c-d83d3f68f165,587bde86-e001-4712-bd88-804f200fa578,Pune DC,4587.820875702649,166.54653715449422,4421.274338548154,709.4958538844195,Overstocked
bf6f139f-3e7e-4cd5-82e2-df25d2475178,df7bbfc9-03dc-4712-b68a-818ec09f05ef,c1167566-3b59-479a-84a1-bfc81f023c1b,Chennai DC,3725.485418379251,306.1253669316329,3419.360051447618,304.1532324358007,Overstocked
8e3f156b-9b7b-4cb6-b9c1-fe548f2317b6,dd92874a-1cb0-4a9d-854d-13608413e8b1,15007bc0-433c-455a-8c9f-ecd92935c536,Pune DC,638.77496590345,536.3419663826287,102.43299952082134,348.341736854234,Overstocked
77c9eaf0-8de2-4ce2-b349-77cbfa26a6aa,22a8246a-9182-4ee2-8c23-6fd36c287be1,3ad82a80-6664-40ee-a284-c290e17010cf,Kolkata DC,1001.192514704329,561.1906286326887,440.00188607164034,320.7056596574541,Overstocked
08d9f6a4-a887-4db7-98b7-146bef275aab,a741bf80-10b0-4d1e-84e9-9aac3dbe6374,2ac1b653-95fc-493a-bc4b-5825df7a1255,Chennai DC,306.6394227349722,215.48907786467356,91.15034487029862,930.5960891213492,Overstocked
0ed4baaf-c71f-4c70-b99f-7b458840bb01,f948bde0-7640-44bc-bc9f-54e9132f32de,76b2a4b0-f411-40c2-bac3-0de036031181,Pune DC,3239.478831140617,12.816684318091575,3226.6621468225253,930.2191034785014,Overstocked
7c1087f6-211e-4a13-803e-e4ced6b0d7a0,1f9ff1cc-27d9-411e-b79d-59185da4fab3,4cac65b0-b547-4479-aca8-8ee1c2657d11,Mumbai DC,3190.0499722464933,677.759429394398,2512.2905428520953,753.3411585619737,Overstocked
98e34e73-712b-462f-8878-18a0c6cfd49d,a8d16d7b-96b5-4872-a2f6-aba38621407f,bfcf9f43-bb86-4112-b472-3d36cb3223a8,Mumbai DC,3026.8929286656116,157.98477416260312,2868.9081545030085,50.0,Overstocked
413e20b3-aeff-47aa-be01-67a6352e9bb0,fa8681db-5f45-4747-a27b-31668a1827e7,3a152c22-4601-476e-9b2a-c7bbce582bee,Pune DC,630.2295343864939,323.48050602851623,306.7490283579777,511.03028048653096,Overstocked
981e0519-daed-4925-be6c-4f58f31989b4,8b30019f-fbac-459c-aba9-73eecdb83cf5,2eab690b-fa6d-4222-a4d4-9dcbd0d60e44,Mumbai DC,436.9321446585437,37.934812481090546,398.99733217745313,456.95912071317224,Overstocked
2232ba1b-6a4c-475a-b921-7560b4a21f53,cf51a404-68f6-4c6e-a969-423888466309,f3328617-beb9-4547-9c71-7276461933d6,Mumbai DC,4470.185835679304,58.12429366903052,4412.061542010273,257.53082983053105,Overstocked
6792e0e5-4f30-422b-af92-e0ce8010fc0d,f1278c66-3080-446d-a2a4-54efcbdd0d98,263d056d-5703-443b-b2d5-c5ca164dccc4,Chennai DC,3347.3879009830034,47.76118726710456,3299.626713715899,433.2813669465973,Overstocked
41def640-7ed5-4344-b942-2def19801ca6,a2960f77-b46a-4f27-a6a6-b6a89933e86c,4365f67e-e71c-4329-8862-d5693651ec8e,Mumbai DC,4185.589989040918,78.08664816603323,4107.503340874885,470.40655826146764,Overstocked
a39766c0-4131-49c1-9143-947a4df3ec83,ee0774c8-b339-4c9c-8629-a7548f2a5296,05e1baea-9516-4464-838c-bda950ca0477,Mumbai DC,657.1006898421397,462.9888674608583,194.1118223812814,112.91388974072801,Overstocked
dc960095-4659-4b64-b053-6411708a7143,0459e53c-35a7-40ae-9ea6-7fd694e3e580,31b651d3-94ab-4490-9f9a-07c0bc441423,Mumbai DC,3228.8611850368898,480.51230277441346,2748.3488822624763,65.41054936602228,Overstocked
f7679396-35fe-43cf-b539-6c1b26000f33,9aef48b7-b5ca-42e7-a183-cc3794621efb,3295bfbd-4e6d-4bec-b84f-27fc3e58c861,Pune DC,3077.771167194706,454.8537590390715,2622.9174081556343,991.035973413628,Overstocked
eb13145c-4a11-43c3-bfcb-7dd887d8a4f9,628dbb5b-9aa4-4897-bb9d-4201a02583d4,3c936e53-e220-407d-a5cf-6c4b2228ad36,Mumbai DC,3322.9571734317797,68.48724685845673,3254.469926573323,104.21924810311877,Overstocked
5cc64202-4cb1-45d6-887f-c0ddb4c648c4,e06fb282-21cb-44a6-ae96-36c3cd9c0047,f4282ca7-ff8e-4f5b-adf0-fe14e16c7707,Pune DC,1344.0490284569773,3.7976855872711894,1340.2513428697061,159.88139664001753,Overstocked
b076e6b3-3038-4a3b-9dea-7fd7e74aebce,47cc38a7-e1c4-46ec-bad5-09721db688e8,12d86a08-a179-4d5d-950c-fac8fa2013f3,Pune DC,4764.371877279586,307.1657905150096,4457.206086764577,479.8069703939679,Low Stock
6daca4b1-1cf0-4782-94fc-80b9ad534edd,8a716878-5b5f-40b7-bb99-d1b72ccde685,76599d79-ad16-4d89-a059-02f066548167,Chennai DC,4119.053152149322,765.7314701067662,3353.321682042556,64.97597926316715,Overstocked
c0c128bb-28ce-478c-a688-e0144c5141fd,667ebb23-53ce-4251-9463-0ba8a7ce31fe,df8be3bf-8428-45b8-aa02-1e8ac93161f0,Mumbai DC,3421.2566451777784,59.99665360680956,3361.259991570969,649.9841084929043,Overstocked
531d76f4-aec5-414f-a78a-9eda278fa4c7,2ea34eaf-c38d-43e3-9058-8517ea7cd793,15e12031-61d0-4b99-ab26-83d3d1cbec56,Mumbai DC,4949.750800915757,564.3695806095975,4385.38122030616,394.50571960643214,Overstocked
f844688c-416e-405a-8d39-edee4482f3b7,42649110-de37-4f72-bfec-40e96473e544,852d315b-d9d9-49ac-910a-065f98308bfb,Delhi DC,491.18415534885975,431.65973482234256,59.52442052651719,667.1658110953703,Overstocked
0433b6ff-203e-4ca1-ad68-a5640a3f421d,52d3f4a8-a438-4393-8b17-40be0a086c9f,89089118-36fc-4761-956f-d073458c1770,Pune DC,3762.73251015494,415.93596001717106,3346.796550137769,836.4948645744585,Overstocked
6477cfa4-f600-419b-a61c-9344d7dca88f,136613d2-2877-49f4-8a6c-0ac8e979dc20,5c87c181-480f-4570-b1eb-67516d9f037c,Pune DC,4270.987997813944,143.62772338931336,4127.360274424631,57.67460258702313,Overstocked
4b478db9-eadd-4a0c-8d01-0ada02caff09,85dd3a25-48db-45cc-a866-c750ebf132bc,97db707a-1c51-4e19-b3ad-2b038b4595ef,Mumbai DC,1287.6588362697207,602.7057368873211,684.9530993823996,303.40119295258137,Overstocked
a9c558c6-8fe2-4611-9cfc-78578e2b5166,130c7b3c-e51a-42f4-bbe9-fe81221c2104,92bfacb9-7e10-4bbc-bdab-42fd2c2d4e1b,Pune DC,2420.5161937330304,123.34016393305274,2297.1760297999776,911.5176027408701,Overstocked
d8ef4470-659f-4e9c-948d-d8901c335162,b148ec08-57f7-47ca-a3e4-c6d5d04966a5,50398817-786c-435d-9877-0dbcdcc1ce2c,Mumbai DC,2049.741884720656,797.6785805755655,1252.0633041450903,296.8828918555524,Overstocked
74524219-843a-4f53-a62e-dbff35835494,b8da838c-a6c5-4f85-b595-d03efaf94f43,bea85738-b3cc-45d0-8873-867e6337ce6f,Mumbai DC,1686.2795522322976,24.244917058808596,1662.034635173489,292.61419846588547,Overstocked
bcd43f43-0ec1-46f9-bcd2-eb46865b2372,2ecf11a6-59bb-49af-b128-a898df228ac5,06c72b01-9174-41f7-a600-aa242513a7ee,Kolkata DC,4129.058752641634,781.1682178687511,3347.890534772883,232.52825618672824,Overstocked
83ae1330-b175-4b70-8bfe-fcfb8d36fe40,eac0748f-da1c-4d35-8904-ae464dad4d33,32b37f8f-bd6e-4a56-9414-d343fba4233d,Chennai DC,3571.7277101112013,144.93541938751287,3426.7922907236884,898.6940478772532,Overstocked
a945b645-134e-45c7-a0d1-d77b42f4aeaa,e4340e80-1426-44d0-8abe-340115be1aa2,cf01cde7-e68c-4153-b7fe-7bfc40be76cb,Mumbai DC,1970.542932976592,654.7080540541674,1315.8348789224247,188.7403615256586,Healthy
a204b7ce-bcde-4031-8817-ae4e588d315f,d98612df-6408-4508-b42b-b9bf9c0adcbe,bdba5f53-3965-4934-9fa6-9b723f893c13,Pune DC,2643.6542396760533,753.3037967438966,1890.3504429321567,385.32405335307925,Overstocked
b4ee76f1-d108-4b3d-b5a8-332023858e4c,e80a4052-3d0b-403f-820e-623fa3a2dc27,c7ba472a-6f24-4da1-bb3a-ef9b336bf2e3,Chennai DC,3863.1933228657995,194.70373443531935,3668.48958843048,558.1241313080204,Overstocked
714f472e-7a0b-446a-9bc1-a552782fbd4f,ee12f0e7-2938-4d23-8fc1-9a18abd4496f,ffe7bfa6-be83-492f-aa5b-986c368f29d7,Chennai DC,1359.5186249158062,69.0512953665334,1290.4673295492728,466.1162511573293,Low Stock
7f23b04a-7ba7-4605-ba99-31e28d45819a,0d4260a6-1b3e-432d-af08-1a2341fabda6,991e9499-f465-4d10-8290-490ce18b0712,Kolkata DC,227.96562144194039,152.0161936311607,75.9494278107797,373.17113654208964,Overstocked
95c8649f-f7ee-4474-bd8f-c434ab02e8d1,f894df06-2d2a-427d-9c54-8754dfd58c97,9dd10215-da31-4944-8c09-c2e0f3f82f1f,Chennai DC,3804.70644324211,10.509644911765463,3794.1967983303443,236.87439354129927,Overstocked
79ae9558-1fab-48a9-b801-b7055f82b467,2b370d43-e230-477f-bab8-9bee4efba0e5,656f5250-eab1-4ce1-811f-b922c92b0a6b,Pune DC,1577.1284435259072,727.2634718838116,849.8649716420956,721.6569990094468,Overstocked
2c753f5b-4327-4d39-8d68-e84200a540fc,0f714b01-64fe-4c6c-a32c-90eac32dd63a,fb0990b1-c23f-44d3-b7e0-6947ba1aa864,Pune DC,1372.3255173191776,460.87538748956297,911.4501298296146,378.14009714571904,Overstocked
80ce965f-d63f-4ae4-9363-73b55b5afdb3,4ec15b9d-f147-43b1-bcc7-431a8867456e,6bd90c45-e6e6-4e9e-adf8-8e133e5aac36,Pune DC,1465.817764257958,614.69045707527,851.127307182688,329.57102354626636,Overstocked
36bda988-9cf9-45e9-b6d7-f2eac770ffab,9f8deb6e-70f6-41f9-b61b-5987fd9e0279,f7af4cd2-8c6d-4547-ae97-2fa783968438,Mumbai DC,2389.321257789057,415.5370943284504,1973.7841634606068,821.2165679952049,Overstocked
b0b3e79f-1fc2-4a64-a577-54bcd5a4aa98,796037ff-891b-49d7-b74f-6c7934d17df9,77c02c09-6ed4-488e-b47d-9abc69eb3585,Chennai DC,1773.6870557176362,174.36005537223696,1599.3270003453993,859.3779454589863,Low Stock
e9c3a431-5465-4cd8-b577-4dbd32bd225d,feab4731-d839-4922-96f6-c560e1cf0560,bd2cf258-6f1b-409b-a6ac-0c4e5514af3d,Mumbai DC,1173.266961949668,751.9880023556425,421.27895959402554,718.3705929192918,Overstocked
865e460d-3668-4f66-8993-e6e9ca45a6d9,5a9e8d9f-1066-4ab9-b7e1-dc7af641af8a,8c966018-0c37-43c5-a3e6-a2d4f847e38d,Pune DC,4216.682683575534,615.2843774394346,3601.398306136099,428.70159426410675,Overstocked
28597328-c630-402f-b6ba-0d36fb14661c,1731f51f-2d70-4349-880f-45ae648d8a95,9d60e8f3-34e5-44d7-9b2c-b81d5ba5a466,Pune DC,3286.674824768219,4.068631209335763,3282.606193558883,211.80446329369568,Overstocked
37037207-3c5e-484c-8959-6eb7c00285bf,627511ff-0fbc-4500-8c78-2addded509dc,02b2287c-90ff-40d7-8855-072ac82e080d,Pune DC,3532.6229130336283,678.6307110517919,2853.9922019818364,157.2514532687483,Overstocked
df3faaa4-b1cc-4202-b8e9-2a0c05bb3767,83bd375a-5ff6-4688-9aa5-0710fa238212,afb245ba-d0ef-492e-b8ab-f5dc3e480745,Pune DC,260.04362134638995,14.493927823267711,245.54969352312224,387.0725997207727,Overstocked
d864378d-bde1-421b-be99-da45c70ef28c,49fb72cf-3900-43a8-8833-b1b25ff5e888,7cd5b7b6-95bf-42aa-be56-7c6450ac4804,Mumbai DC,4878.20782230015,139.90314842523003,4738.30467387492,829.9522125125856,Overstocked
148b10bf-e7bc-4370-826c-c6755da61e03,e7e427a0-5b24-42e8-b733-77795cd7a854,debe0072-b408-4ff6-9e65-b32ffe8444d2,Pune DC,545.6771854670983,159.72063916682538,385.9565463002729,883.2123635549844,Overstocked
7eeb54af-4909-43f3-a254-2db66141c4d8,4b50a18e-8048-49ac-8f75-6183e6ebfff7,0560bfc2-6e34-4db5-8d9f-a89d63c5b50d,Mumbai DC,4682.117129422441,358.4516543937607,4323.665475028681,78.31473904290353,Overstocked
c984e6ea-15b4-485a-a59e-281687ad28e2,2edd9d81-49ff-4f86-b4ce-6e12e5e7a357,dee9dde6-eb6f-4651-a659-c3877732954d,Delhi DC,48.64697805093321,4.855221226042076,43.79175682489113,203.95639718028767,Healthy
a278686a-5574-464f-ac44-0eb99c6ff9c8,2107fe10-d43b-4e34-aacb-0a4f375d1e7b,e46fa054-7315-4bd2-8598-71929b4aaa52,Chennai DC,1638.3256307224158,224.42418808187654,1413.9014426405392,70.10836122977697,Overstocked
a377c114-079b-4fc6-8655-7be42a0dde06,ffff0045-2798-42f5-bd31-ade8bb1ed0a6,9177f87a-10ac-4c6c-bc61-7bdf2a6d4c7c,Pune DC,3943.4500591922174,589.0933735692502,3354.3566856229672,909.9896642059268,Overstocked
9c21f82c-5f46-4bbb-9e88-c72fffad4254,31ed70b6-08bc-41ce-8249-11858ea2c282,7db18eae-3d03-4aab-9f88-c2ac953710e9,Mumbai DC,659.0727436052556,43.47248386157548,615.6002597436801,829.1269850209643,Overstocked
ed9457a5-0b93-45b6-877b-9a88d1ca9718,41aa1ead-f750-4d90-8dfe-a176fdbc1065,9ee162e7-8956-4a31-b285-7f31cd0bffea,Mumbai DC,954.0143850311192,21.814121333345724,932.2002636977735,911.6618066113532,Overstocked
201acba4-bbd7-4d05-9d9c-b054e7db63e3,8d84cbb0-9e8b-457e-bb24-dd52942e364e,01c13cd1-d9c0-42cf-a7a4-c3f6de16f1f7,Mumbai DC,384.4425000688126,370.5269046216716,13.915595447141015,214.63843137074855,Overstocked
a05af18e-552a-4773-9c5d-499ed2407f81,7e0ac58c-2de7-4801-ae4c-0d1c247a8c38,8c8d056c-4b75-41da-a83c-4c0103fee865,Mumbai DC,2001.0240950709633,57.321694072727496,1943.7024009982358,925.1253161752967,Overstocked
1a2cd464-4d9f-4e06-abf7-feaf6c90ff99,6e7dc4c4-daf5-4411-95b3-0f5a66b3a67c,100904e9-8de7-4562-8124-5943aa0a676b,Delhi DC,3102.836966233986,369.449034158426,2733.38793207556,577.4041249635474,Healthy
c4cd1851-21e6-4c5d-ae01-a34c80848e0f,7d6aaa94-933a-442c-871d-6048613d77a0,6d02ec4b-cb81-4f60-8f97-779a18912be7,Mumbai DC,3134.984469503577,171.1726849239799,2963.8117845795973,558.5551197073181,Overstocked
ba473b90-f217-4ca0-b300-b1a8ed7ca6b3,69cfb89b-bc2b-413e-914c-bd0a73d6613d,8be82bab-d7a4-4c6e-964a-b8509e7100f7,Pune DC,2011.4591748033715,446.8064513606755,1564.652723442696,102.21177208895537,Overstocked
077e1733-4bc4-4b6e-a4fc-01930d3948c0,ed81aeba-8b11-4373-ab1f-f5d9056ffbb4,594592ee-44ac-491b-a87f-cafcdbdd3722,Mumbai DC,2046.4639819896872,412.5449427306803,1633.919039259007,139.01077864120523,Overstocked
5d3ac04d-d6db-42d2-ad18-718f5f6c1cf6,9ff87e25-f5d8-46b0-80d0-1dbb44367fc7,f1032b36-05ef-4d83-afd8-9ff7ff5bd90c,Pune DC,2077.0955784695925,383.16944832414674,1693.9261301454458,104.2940551885735,Overstocked
44871408-15a1-4f33-9c78-ed95eff6fa1f,fcc9a4e2-5c7a-4f81-ae6f-b4bc90b10fd6,8d1e9a76-8925-4c51-a4ba-361bd3169a5a,Mumbai DC,3498.568557069905,111.75023469935377,3386.8183223705514,832.2667733345404,Overstocked
c5d92315-2904-43fd-a6dc-190dbae2eefd,4ff63ab1-b10d-4093-b007-67345447f929,9b864714-2559-46b7-9843-ca6d42ecc78f,Chennai DC,1573.9215014326412,269.5904984741387,1304.3310029585025,415.76434198038544,Overstocked
60932b94-b70c-46a7-a4d8-b9b816756f61,bf60bffc-c8b5-4b67-b905-aa4c42e255c2,4ebdb365-9d59-4bf0-9639-24c1d5617ba8,Delhi DC,1999.3658697418884,295.4488735093155,1703.916996232573,796.0622872920203,Healthy
56f9b4c4-578e-43a7-888d-c2e9d2e0fda0,d419539d-11a4-439f-b5bb-708c3be82718,259f3979-4095-4a66-b89a-a3361e47bb08,Kolkata DC,3764.1728885369516,478.58571126645165,3285.5871772705,208.50430676439908,Overstocked
15334c92-d527-4cdf-bfd3-b0735dda3741,85274078-1cd3-499d-84d7-0a676a1f37d3,b70bab05-1a41-42f9-a6ab-8e3e7f6c0121,Delhi DC,1716.5038100403851,305.63656800300987,1410.8672420373753,666.7981327362918,Overstocked
d3d0ec24-8f68-41c8-9856-11df9e931558,8db48a93-804b-47e7-bba3-e03e165be13c,c0ba87c2-6b82-470e-bb42-fb29e80177d2,Pune DC,3757.9034351173354,122.03947842402658,3635.863956693309,929.0511878455845,Overstocked
c3f5c6bb-4159-416e-b06c-8071c25e4b82,fff22608-eedf-4201-b4f9-179502f6f232,8ccc1a78-b255-4469-8474-ec82972b0497,Mumbai DC,2426.497332797719,37.14877872016177,2389.3485540775573,300.750717523591,Overstocked
346e5807-a899-47e1-b7a1-8079d5a3e7b9,475ec31b-d683-4655-bc7b-af9511ac7658,ae390dcc-9b6a-46a7-ab26-45c84dc909a1,Mumbai DC,510.06030925532866,411.2652691786054,98.79504007672324,76.34281462219965,Overstocked
4022aa8b-1ed8-440e-89e4-7b56476b373a,a4d08e0b-25ca-43f5-8f65-3bafada72231,42ec777f-8bba-4529-972c-5f26e2ccb602,Mumbai DC,3209.54557175232,32.01881887093259,3177.5267528813874,470.49127680160336,Overstocked
c00aa5a8-40fc-4d25-8204-48b903050478,62a0d29d-bf68-4a50-89f5-cb9d1daa6bfd,4c2f2b90-6a1f-4814-8ba3-1d2acec77d6d,Delhi DC,880.38228110418,553.6404912962121,326.74178980796796,276.78362926863184,Overstocked
8072942d-6960-4a84-8572-8c4052b9f4f6,5e496380-80ec-4206-899a-fa91c49233de,a7b3c465-e90f-4c91-b4f4-aefdd30bbdc8,Mumbai DC,1580.3043953331223,7.290832935089611,1573.0135623980327,847.2674610796098,Overstocked
5688ac91-6635-4c6a-8615-b14898663f0f,04bef2dd-7e35-45df-b150-91ddbb1666bc,068b4a17-e960-45bc-b252-12f8bf0bf36b,Mumbai DC,831.7878270433039,438.5696779259817,393.2181491173222,327.66883014136283,Healthy
6b35daf6-9392-4860-94dc-3a19512a0126,42efd6af-3ed4-450e-bac5-abcd1d31f530,3b25d791-4bce-46ea-b12e-ef075ab99daa,Pune DC,4858.376028385548,606.3351191342772,4252.040909251271,606.7602461873943,Overstocked
944e3cd2-3a44-4c3c-8b67-4ca8b53e17e0,8cca1e2d-c3ce-4c5f-9d92-308ff0891051,6d3a12ad-6d0d-4789-a3d6-ce8a54cc8dad,Mumbai DC,4467.984987999598,764.5676618192351,3703.417326180363,50.93687240276249,Overstocked
bb2c9cf4-bf1a-494e-92d1-eb07e9954bda,a890a428-5951-461a-b8ca-341340028ce9,c8b1d06a-8913-42ee-bc7d-90be191c406a,Kolkata DC,3775.49229904583,6.0204381157136595,3769.4718609301162,154.2688500964703,Overstocked
a66f5719-971f-4307-8e5a-82409aa00d30,5d80d17c-e65f-4cf0-9df8-14d2e0844be5,dc30427a-4f82-4efc-a3df-dffa3078beac,Mumbai DC,2612.436953623512,65.91013759462612,2546.526816028886,416.7414832414297,Overstocked
76049a1b-c2bc-475c-aa70-e03df694e45f,2dc33603-4e93-42df-a1a9-1c42387d9df7,129665ca-c795-4fe8-af1a-7a75f9e3c011,Pune DC,1202.299917510035,790.433395357939,411.86652215209585,455.22805899070664,Overstocked
ba9d4362-8b46-4233-a414-184cd09065f6,25559bf0-f501-40a6-87f5-e53114566a87,7000208a-bfba-4893-9d83-faf22b3cec96,Chennai DC,609.5757020679715,370.4235698148846,239.1521322530869,973.8879002944644,Overstocked
6fcaaebe-adac-4601-8306-3791ef21f3af,afd80fc6-b10d-4e32-82bf-05a8771c22ad,61fead13-f380-4918-81a9-9b34ae5519b8,Mumbai DC,3686.118795817345,501.9466514511382,3184.172144366207,520.8530695585482,Overstocked
dfafde79-012c-41cc-ae69-892fbb4cfaa3,3d7384c5-d92f-448d-bdbe-01608c518d1b,d4595238-e624-493d-97a5-5008f8e85799,Chennai DC,4674.058328343882,778.7946146820309,3895.263713661851,819.7209130758164,Overstocked
1655f556-f485-4be8-9023-ed942517e293,4eaa08aa-0bb4-4845-9e69-abd5b0f33bbc,5b54b03d-13c6-4181-9534-596fd528d6e1,Kolkata DC,4473.042797727542,143.18836700428255,4329.85443072326,534.7026455926361,Overstocked
cedf4aaf-49ad-426f-8518-f7a3cb8bc9a0,2fd02f0c-3a94-4a7b-bcdb-633499dfdb74,61c91860-7e2f-411e-a6e6-6aaafdfc432a,Chennai DC,891.120243591367,13.339609785252264,877.7806338061147,71.95155097877289,Overstocked
d66058e9-4232-4b25-9cc9-f9b8bb98d3a2,277c85af-51e1-4f9f-b3a8-853101eb91b3,81f82a82-2fc8-4ea6-a796-bceba7c9673d,Delhi DC,4798.437075632458,609.9842976835253,4188.452777948933,811.2953351908227,Overstocked
349d3851-b31f-47cc-9823-4cfc8f66b579,f4a046b1-07c0-4052-8c69-37104632bfac,1f25e910-2db7-4a09-98f7-b95c1ec638bb,Pune DC,3493.228714499464,6.715508374466026,3486.513206124998,284.96577620811433,Overstocked
5813163b-852a-46f8-988b-4192c094fa3f,c48fb214-655d-4b72-9072-c176336b697c,a31e2fbc-2126-4e15-ad33-fcbf2079ec37,Chennai DC,3201.150194850222,49.47561496055732,3151.6745798896645,532.5661362951254,Low Stock
30c588b6-870a-46aa-9e31-959d5ea5fd2c,a1069baa-1f06-4a54-81dd-4408ab019be5,783c44f8-7322-4904-8ecb-707f150303e9,Mumbai DC,4029.596822142351,347.4377642686645,3682.1590578736864,352.73176170649754,Overstocked
4304364d-addb-45c1-abcf-065985556dc6,d7c1410e-95b4-4497-9039-e978a50698c5,bb66b68d-3c0a-4abc-a99e-dbbfb25a89ca,Chennai DC,4202.3643215282755,134.24868904734103,4068.1156324809344,206.4129187786978,Low Stock
aa893c04-f8d6-4f5f-9196-e45a0670534d,d874e33b-b21d-4816-8d8d-16bf7b0d8885,b7553bf0-1167-4fdf-8fdb-b0a222de1667,Mumbai DC,3104.56611017122,59.363214363911084,3045.202895807309,930.7909758361133,Overstocked
d90d321e-2dab-4528-a67e-cfc30142ad62,edde0e4b-de72-4f82-ac7e-f0f6f27e1ea3,33220b0b-a564-4a25-85df-8618df4df8ce,Pune DC,3211.5383993422374,351.68376316400963,2859.854636178228,821.7235957149815,Overstocked
1cc1f687-4e2c-40dc-8ece-660d82047cb3,c3c77346-563e-4953-8130-676512de04d0,0be716ea-6179-4e31-b37c-a0ee50a4ad19,Mumbai DC,4262.0498598212325,3.7421233343229687,4258.30773648691,572.8626269422126,Overstocked
9a26ff47-068b-4a31-89b7-05cbffc4bb20,3c3bdd6e-15ad-4db1-9d10-4f67a73def70,3e011a61-4c61-4ab7-a187-0d7c611c043c,Chennai DC,3731.67044583274,182.0906620830433,3549.5797837496966,274.50075854248576,Overstocked
99e8ce34-03d9-4fa5-aeaa-2bdc1e2129e6,980df8e3-7f04-4022-af91-01231a197c10,e27ce13e-764d-46fc-b334-9823e17161ba,Pune DC,4227.550124064787,254.13232811214903,3973.4177959526382,890.8910846720116,Overstocked
38afecb9-bd31-40c0-b681-5e63edefa703,d52127ce-e90e-4074-8b9f-21e75ae66424,fc3e7bb8-82bd-4965-b866-0aba9b52a2fb,Mumbai DC,3025.68339550183,373.01895962157596,2652.664435880254,385.757831822269,Overstocked
bede3123-cbbb-4dce-996a-eb6e14c87d07,8faaece3-dda4-4be0-90d0-b94b2e0cef49,eff3444a-2bb6-4da9-be34-c4ab9e4a2dd7,Pune DC,1818.0282802694678,278.5740597779129,1539.454220491555,53.56438847984103,Overstocked
8bb45d79-4f98-412b-ba27-85306959a0ce,eb0fba84-03b7-4e5e-a2e2-887524f4a705,0154e259-5802-4dda-9c5b-853ab6ec10bc,Chennai DC,286.79485236430304,232.34719537183872,54.44765699246432,455.2504477276635,Overstocked
eab49198-6bd8-4eab-ac63-ad8fad0efcb2,e2af046b-97bf-4033-af38-e001aedb11c3,43f214e8-763c-441d-8c9b-d2b146fde772,Pune DC,3329.88551985837,405.23126867476503,2924.654251183605,202.52555862568227,Overstocked
dec432cc-630e-4ae4-8bf4-b0ef2d9c591f,32f25f7d-1501-4498-887f-2f24c37ecc69,21a567e8-2d29-4ac7-a9af-3befe9c69c8b,Delhi DC,1482.5015440684892,376.422255006529,1106.0792890619603,460.2626624392121,Overstocked
cad0557d-bb49-46cd-a824-8442ba01c307,e4b90d9c-84f9-41b2-93b5-67c83d2f54e3,9d978537-b147-4014-a0ee-08c5df12d1a6,Mumbai DC,966.2250024418513,276.2451703475018,689.9798320943495,212.4582421955259,Overstocked
af9e869e-a9c2-4ecd-ab1b-ff51030a8d3b,10bb5965-7e53-4f1a-9290-c8bd85616f8a,19599260-4120-48c9-8823-d02b83754d8c,Pune DC,183.75090759389542,24.189801478149775,159.56110611574564,467.2805644897072,Overstocked
0c24d3ec-b899-4234-a745-8ce932b47d7d,29beaa80-9122-4047-a041-5ae923f7eb24,f6561123-7cb4-4f94-9082-9d9d528674aa,Pune DC,3754.9062874865635,67.72411352643485,3687.1821739601287,135.33069244556964,Overstocked
3ca541cb-c94d-4b06-8bfd-563c8b2b7c8d,635b6956-328d-41ff-8c40-59eaadfc5be3,cb5f8c5d-7765-45ff-9a4c-34e1a5d002e3,Chennai DC,2988.1463679832373,168.13190562076898,2820.0144623624683,930.4011296335517,Overstocked
36fce0f1-4f22-47f8-95b4-42d78760de9e,bafb52e8-e650-4bec-a804-117750087bdf,e9a8244c-3e7d-44a1-b840-f6314b050f24,Pune DC,430.02333136772364,387.845901366725,42.17743000099864,194.27104747219084,Overstocked
a026f8dc-caa0-49d9-85e2-409c0d188ce3,9e5627bc-e291-4985-85c3-50da2e23d172,3a2d769b-24cf-4cca-ba9d-a4511342896c,Mumbai DC,3765.729662994129,149.62443418508064,3616.105228809048,790.3375530139125,Overstocked
c4c2c5d7-531c-4dfe-b8bb-e03beac470b7,8d2f48ad-b2b0-4799-aa62-9dfc3735dd8e,fdd8f24a-ac94-4481-aa16-b05ac598da0a,Mumbai DC,3642.478564456423,285.0820644893274,3357.3964999670957,662.9186096092436,Overstocked
4e7341fd-bb26-4b93-aa35-4cb293df3e53,e847226b-1548-4f97-b651-94e3cfa35c27,49f152a7-2a8c-4781-88f6-a5450827d574,Chennai DC,1122.8727693326387,66.00746951523547,1056.8652998174032,198.88066354608995,Low Stock
bbbc3300-4e64-46b2-915f-04c2d153988d,ceb02bad-ff56-45a7-aa69-ca0f9325cde8,9169176c-0c81-4db1-a97a-2eaacffb68c5,Chennai DC,4364.4605541775845,10.19827835497108,4354.262275822613,440.1280137423934,Overstocked
120c6bb0-48a1-48f4-be0b-26178961b4fe,9495e1e0-1bf9-417b-925b-ef829a53495c,ae9168f2-5592-49d9-a3ed-c02ebbb992a3,Chennai DC,3023.5082601348845,27.433327143345196,2996.0749329915393,169.97913651417457,Overstocked
95b7ca35-66d6-4eb8-b6dc-a4130b7d7a22,f2a66fce-ec99-4aaf-80bf-503c268bc41c,13f49dd5-fc4d-4cae-aca2-16ddf9c155f4,Mumbai DC,728.7772996356887,39.557445283988955,689.2198543516997,513.5651069583964,Healthy
2f220c2d-b76a-4979-93d5-1c128547c232,f2e9dd04-29f5-490e-a5ee-1a9929c47ea6,46af7a7e-178d-4288-b010-b644c1c9691b,Kolkata DC,2825.817536212191,462.3508459783393,2363.4666902338518,88.87367266995345,Overstocked
b0667956-631d-4922-ba56-e6f77a565a09,00bb3f74-644c-4dcd-9e0c-8bb2356d27db,a867efad-a88b-453a-a814-f5dd7aa7c7ed,Mumbai DC,2453.71624271489,300.2563444713146,2153.4598982435755,499.5694843056031,Overstocked
8bd0a0dd-4a14-4a9d-b7a8-a72eaec783b5,20e59a1f-592d-4337-b30f-6b4979cd7f39,be77f634-5a6d-45dc-ba2c-7464fcd904d9,Pune DC,871.0221550523444,695.7634447346182,175.25871031772613,102.11263842249828,Overstocked
e28c62cf-1464-4141-abfc-5469e28f53ca,6a249467-e2db-4e3d-9211-fe3c30e2d2b7,1da88b0c-fc4a-4272-be19-449ba33222b3,Pune DC,3072.093516157536,718.4139436064847,2353.6795725510515,794.1166753710728,Overstocked
28c39e42-9551-4a8c-9ad0-294f8c9f70fb,76bfee10-647c-44d5-8b9c-8e5d79a4a55e,804ea145-ceeb-48d0-9494-6f2e2da8275b,Pune DC,503.06704065632215,151.9600485924165,351.10699206390564,226.2385859912788,Overstocked
f2ec8703-0964-4e7c-8f2a-d13cbaafc37f,f114be25-2bf4-46c4-923d-afebdda5c8eb,41e80d77-fcbb-4612-b518-499f339cc811,Mumbai DC,3096.9019640421766,52.851314908733,3044.0506491334436,818.5830081872737,Overstocked
80391e69-ca2a-429b-bcdb-df1167c9ff3f,40faf05f-6669-449f-8522-a5773e440271,79d58270-eb3c-4b4c-9b2c-7d89d34a134e,Chennai DC,2851.106448565328,747.367862561422,2103.7385860039058,949.4780350671582,Low Stock
7f4c6f85-c0e1-413f-9140-cbee7962009d,00fd03c7-a051-499b-bc96-f58403948ad8,6b655225-aeaf-4425-80f1-1644145ff9cf,Chennai DC,1743.8332313785568,482.35196901832205,1261.4812623602347,245.57228875235072,Overstocked
770a61f5-b285-48c4-b5e5-a9bb4ede46f3,d910f7a4-2eee-4d95-94ab-4c26acabdcba,48ed0fc7-cec5-49b2-b011-10b3f26ad32d,Mumbai DC,2678.3582045679223,585.3200962839428,2093.0381082839795,589.7305041393003,Overstocked
19fb52b1-d830-4709-a54b-3784e1388d82,a3c7f875-e102-4253-9898-a5d657be7a9c,efe4e5ea-9295-4c0c-8701-7252f20ec4b0,Chennai DC,784.2976301832588,697.603672080982,86.69395810227672,196.0424081723651,Overstocked
7c331ee0-b795-4b7a-96c7-52d9e3cb164c,6d81dc11-d1fa-4856-9ebd-4344526d7fb5,650de03b-27c7-45c7-80ca-e74010c4ee97,Mumbai DC,4678.769887615249,290.09599439471185,4388.673893220537,313.74805273948584,Overstocked
cc1a26e9-d303-43eb-9dc2-8dff914a3e1c,8bf86908-8db7-4d45-ba1d-9ddcca3d626d,c36aa448-8ee9-448b-944f-b4b31cf5cb0f,Delhi DC,1599.553158584349,87.14826966805026,1512.4048889162987,586.883007467758,Overstocked
a43306eb-b7b2-450a-abdc-6d625d36eb7f,64043d14-3ee2-4afa-8b18-b39b2c1d0988,7fbfd1a4-0f00-4816-a013-5e6f503588ab,Pune DC,4647.283262946237,471.08945452855187,4176.193808417685,585.2485677234279,Overstocked
8bba193e-df38-45ed-a0a9-74150d3f3bd3,2e402cfa-795a-4518-88f9-8edb22b17650,5b88ab75-8f2d-430e-a827-e64b152f5e3f,Pune DC,1465.4805120883689,549.7866315872543,915.6938805011146,141.2808774957312,Overstocked
96166752-dc27-4bd1-a2ba-7516974e333e,97667e5f-a7cb-4827-b3e0-117c17b262d3,00f026be-46ff-49dc-91a5-673d55ec4291,Pune DC,1297.2804761655245,257.00912198858987,1040.2713541769347,701.846473005714,Overstocked
e7ca277a-21fa-4260-bbfe-f6593d39d037,b66d75e9-fcc5-4175-b982-faf86f71d5eb,de953532-9601-460c-b9b7-d5a6cfa772d6,Kolkata DC,4523.89471552994,316.13008145126696,4207.764634078673,189.01467544210274,Overstocked
6512f6dd-343d-4784-9ccb-7996a21534f5,c15ffca4-7982-41d3-b295-c7bac9bf1f0b,6e74420f-a258-462a-bd83-3d610ca6317b,Mumbai DC,2518.8059933191917,247.42622231288988,2271.379771006302,317.14362518893444,Overstocked
0df9f0f9-1f59-4745-8aed-41c7f7ad6753,c4c7993a-8a36-4aa2-98f5-16015478c2cf,eb9b5feb-5a2c-4021-a99c-3edcda6ff8de,Pune DC,1649.708239552274,520.1904986119339,1129.5177409403402,194.32894244686383,Overstocked
3f2212bb-8146-4d12-b12c-06ebdf879e47,03dd8877-5b12-4c79-8da5-6dfccdfacb89,a372c2f8-db03-48c8-a746-73f74da63881,Delhi DC,51.88272324417832,10.694818305712019,41.1879049384663,789.0923501547448,Overstocked
3c59d7f3-4e12-40d7-a9fe-f9605a442eb3,c8f4bd33-e422-492b-a4bb-4b00e9442af1,775f0c91-bb0f-4b68-b2c7-4b1eced0528b,Mumbai DC,2874.1890876242674,55.03490895401137,2819.154178670256,231.4101184872452,Overstocked
3b9719ed-20b3-4665-93c3-04fa4976373f,232d11d8-c38a-4d80-bef0-e653e1b1f526,fe6745f8-7229-4469-813c-736d7153f01d,Mumbai DC,2860.9136404162477,398.65824748099567,2462.255392935252,819.8314932932366,Overstocked
c0a6ed3b-9a8c-4a7f-beaf-a68198a9514a,03e6948d-66fc-4ce4-b7b3-d8ec84fd9583,40da0af1-fd58-4615-95f4-9b1d579055f7,Mumbai DC,4128.279216918985,228.13677818351744,3900.1424387354677,408.3866007235478,Overstocked
16a6fd21-dbac-42ca-9f75-d65b4c3f55d9,8bb2572a-f4f4-4992-a3c6-fd05730d7d2f,60cb435d-fdf6-4da4-816b-a6db698f7cb5,Mumbai DC,2716.387285444749,636.076697968811,2080.310587475938,274.62291582591075,Overstocked
18cea928-c1d8-4e89-a88c-ec02a8034cfe,d67b93fc-35a7-477c-8a65-5401c944f987,6f618633-7de4-44d2-a896-53e744ce0cc0,Mumbai DC,3370.39448333967,72.44865353228306,3297.945829807387,722.7576365983009,Overstocked
5b643a07-897b-4306-9779-b806cfa5c54b,e2796914-a2de-4d85-90ee-d26cd9c22f55,ff3e1fab-821b-40ad-8c18-9b5a9fc06d31,Chennai DC,3129.9962466616594,77.47544990425968,3052.5207967573997,345.3273106009098,Overstocked
d83cb813-183d-4710-a588-c267b337b77a,c7406dfc-1016-4d5d-b4bc-0a4ad892ed3c,506e696b-07e7-4659-8e02-201a33895fab,Mumbai DC,2819.715875603989,678.442271378231,2141.273604225758,184.36194440769722,Overstocked
8018b01a-2671-4716-98b6-58926f6eb01d,71499dd4-1eab-46bf-ad95-fc23078a52ca,b67d76a7-0db2-4ee3-8d9b-d13c44a8ff78,Mumbai DC,3570.081774698285,219.31316368560238,3350.7686110126824,912.9896266876785,Overstocked
7580a51e-d228-4645-a95e-d7f03bcfaef4,802b82fe-f907-4ae8-a206-5c061d41e0bb,82925601-4aac-482b-8e7b-0d712e641bf2,Mumbai DC,3584.7578699149576,66.65513754885205,3518.1027323661056,302.56873670057206,Overstocked
521d8b3d-8931-4906-b156-dcf9c306b93a,e160499f-c78d-4d85-8976-7cc8af98b6de,c688f549-4782-4b56-be15-41ca446b50db,Chennai DC,1669.9708519431301,88.6508160484509,1581.3200358946792,997.0,Overstocked
d3c194b1-9a1b-4099-8829-7207a7ea0351,3a695005-d4d3-45a7-ad6b-6c8732d9e36a,66a7c2d2-2a7a-42ad-be1b-48cfdff8c54b,Pune DC,826.5126789640287,123.676779591529,702.8358993724997,275.5838743520715,Overstocked
714394e7-638d-4178-bea4-3a7667e31457,176156c3-9ab0-4810-bd14-224db0b17b54,daf4e978-6c13-4e03-9428-e0f3a15af2f4,Pune DC,809.6155291937605,113.26579156037712,696.3497376333834,780.8028700184806,Overstocked
630def26-ff65-4ba6-b7b7-c15a0bd51ed6,72a95dcc-3f8f-4ef0-9979-678bc87a332a,9c87f46e-3ce8-4860-976d-a7923a77ed0c,Mumbai DC,3577.2025610650735,64.00321950914349,3513.19934155593,411.5967516973034,Overstocked
e84fd81c-9291-4024-b441-75b2dd52e13a,a618cd36-c622-42e7-934e-c93ba0e62bce,3e65dc60-2b5a-480d-a8a5-c4d0c3ce6ff4,Mumbai DC,929.1129909465209,528.5393506592023,400.57364028731854,96.08472200382985,Healthy
ac55080a-bf7d-4f28-9111-5c86ee9ab9a8,71e8418e-8430-4660-87b2-a9ad92958c9f,d6928a7e-1ead-4c57-9c76-ac1228f6c827,Kolkata DC,4615.033992589107,743.1108151352837,3871.923177453823,124.76761281499483,Overstocked
6a5db405-4dc9-45a4-9465-903f1c330081,acab804d-3f87-47bc-9f98-edc470b929d4,757fa241-4af4-4a64-bd33-3f4d08ee3243,Pune DC,1949.041731311847,365.59345583124104,1583.4482754806058,984.5472053331118,Low Stock
a2e1f696-6060-489e-b86d-526becba935f,4d715689-bc31-401e-b143-f9c963dd2e9a,d4fdfbf9-4b7d-427e-805d-5d7bc418f522,Mumbai DC,1037.1877809436996,373.1475961120334,664.0401848316662,101.72043823685995,Overstocked
63ca3002-6c6b-4670-8d4e-7fc3557eff70,ba473b9a-d7c9-48ab-a260-5d8f09be8156,4d2a09d3-9dd8-404d-a0a2-806d61ade082,Pune DC,1803.6206194268598,748.127123327775,1055.4934960990847,447.94291132552564,Overstocked
a50ae124-112c-4fff-bb25-4a9785fb76bf,cb39e8eb-e612-4c60-a49e-59229701d12e,bad78ce3-3e33-4373-a5f4-1c519eb877d9,Pune DC,2080.4186234205695,375.3882036674381,1705.0304197531314,281.38458872772344,Overstocked
18142b09-9804-43be-ae7c-7afcad79ea4b,1a9573c2-d162-4db8-a67f-5937a54d6b39,ce4b6fd1-cd53-4590-b5da-24582657f24d,Pune DC,276.5702690324081,190.37805690158476,86.19221213082332,171.7393406988091,Overstocked
d29db78c-bb71-4e50-b50a-f87d6ca68ee5,cc3c2711-1981-46df-8424-af14b38039e1,e6eee6f9-510d-4f8f-8db5-932c51eae5ec,Chennai DC,4848.69299289224,637.6327701042919,4211.060222787948,376.37931527574233,Overstocked
8db6b0da-c3fc-4be6-8c3a-2e650e0fc6db,4fac02bb-c85b-46aa-b2a3-b15ac613986d,5f860143-f5da-4351-a94c-3fdb21ba7694,Chennai DC,3629.5738735699797,315.93148907075056,3313.642384499229,496.50389450077495,Overstocked
bb019c54-241d-4839-bde1-d798f7d1ee7d,1562a910-046f-402f-8fc4-7160cce7dea0,11a870c1-4e65-4baa-8bd7-142092105063,Pune DC,3181.5068074872033,488.9049285357305,2692.601878951473,655.2401675455728,Overstocked
d6de7572-4a34-4f6a-b9b4-934d1eb378b6,614afc41-83a2-4a69-ae35-0a87033be3f6,b736fb52-4cf1-4ef4-8b24-1312d3c2ae71,Mumbai DC,3117.813274295725,368.32939413086297,2749.483880164862,385.22003257149373,Overstocked
a8485b64-f89e-4d55-906f-3a6fee5dd4e6,189931c3-584d-4082-b61b-899b6d8b488b,9926e307-bd4d-481b-80a2-176d91b9d991,Chennai DC,3398.8056454463845,641.0106099741201,2757.7950354722643,259.0698267900581,Overstocked
e62d32b5-af11-4ace-9686-968e2a9b5013,d42cf25b-f223-409d-b095-d67383b75aa7,1cf31fea-8b68-4ef9-bba1-e4aae32e8eff,Pune DC,5034.595028506561,794.1263480516163,4240.468680454945,357.04224491545,Overstocked
ba1f8da5-7aa6-4de7-8373-072760352560,b654742f-cd54-45f4-8baa-1ca95f006e69,e2700929-c242-4e18-87dd-c13ac9d41d43,Chennai DC,1935.4380584682858,273.2385851110298,1662.199473357256,226.06067106760014,Overstocked
d4669dd2-99f7-418f-9305-f25c49ebd516,2e6ece93-7428-4feb-91e5-6477fcf5b541,185284ee-84bd-4ff1-a602-e155c138f860,Pune DC,2667.0210387201532,774.4149657101186,1892.6060730100346,436.83497429733194,Overstocked
63415c64-a581-4ef3-9cd3-a7e61f36a42e,958eefe9-4a83-46de-8e16-bd1df80ac01b,bce96b83-4a49-4347-83fa-0c7363a9dec7,Pune DC,1486.4147569905876,300.7191493522789,1185.6956076383087,50.327529109427566,Overstocked
dae77bdf-5284-4039-9383-ae72b88f32e2,5decb830-e016-454f-8e2b-57b4faa98ba7,4c29f11b-89e3-48d2-8938-546ebb41b817,Pune DC,1452.4557130154776,98.60226789128797,1353.8534451241896,777.898419860392,Overstocked
bffa9809-42ec-4ca5-9054-c10efc6b3ced,bb05ddff-b395-4369-b328-a9851d312064,e157ee7e-c043-4bcc-8f3e-0e62d520d96a,Pune DC,730.0171584468225,611.7961132035376,118.22104524328483,561.2517989065831,Overstocked
80127c65-9da7-4feb-a712-6716abf9012b,dec98f4d-4424-489f-940e-50fd669004d5,f56854f5-d7f8-4db7-b9af-edb8c7bc9438,Pune DC,1411.545030542061,224.15487566369643,1187.3901548783647,100.94512991242436,Overstocked
1128941d-d6ef-4eb2-ae98-f90a369c182c,e7f04bd4-3429-4857-85b7-c75ffd4fecc9,f467fe37-56a6-4d2e-9463-344d4d2165cf,Kolkata DC,1279.8038248912621,559.1690564779262,720.6347684133359,891.1920763648592,Overstocked
a165fe50-1549-45f7-95b5-60d10b759207,0936622a-3689-492f-9e84-fadaccf8a66e,6809bd57-eaf7-4e2c-88a0-650ae070909e,Pune DC,994.5940568372243,794.3571350907914,200.23692174643293,395.90530049900536,Overstocked
22a58923-048d-4b4e-8c7d-339629351778,a4f695fb-91b5-4a09-890a-c2511965151a,dbe8d4da-1f53-4637-801a-d748ebd3e43b,Mumbai DC,3772.3671444423107,395.8799626857185,3376.4871817565922,881.9590768953221,Healthy
20609dd4-d5e7-4e3f-b512-c3d76e2e559e,74456d32-9b20-49ff-8905-9ab9e9c32691,3bc49270-8478-4682-b5f6-695d694d0c7b,Mumbai DC,1394.927905097833,482.00314068295825,912.9247644148747,261.7196757042274,Overstocked
0747745b-87f0-4a38-8c82-576504c70352,6313c3fa-cd32-4707-8411-6b88700cb24c,c94d4d5b-450c-4fc6-9746-19187322c340,Chennai DC,5144.740032658971,763.8270055181729,4380.9130271407985,310.3377203139217,Overstocked
acc9bbdb-ee21-4508-9858-de033a9ffa31,50c71153-fd86-4cc4-90f3-21dfcf1ff123,172f7373-7a2c-4624-9827-a3d4c81bd40a,Pune DC,848.0495887792993,324.05371884048554,523.9958699388137,994.3393612845356,Overstocked
9078d794-d2a2-492e-988f-d9383cbf4f98,a20b3ce1-2132-46bd-b7f2-ac9882ed8adf,99824e45-ab83-41cd-ba9f-dd5302fbeb59,Mumbai DC,3985.2201609175563,541.0771764641172,3444.142984453439,472.0076702968399,Overstocked
eff8e64e-1d61-4327-b47c-31c9f6de05e2,78f6246a-d5d5-4ade-8eae-ed7746b0b44c,30813320-34ef-4247-a3c1-711441eef019,Pune DC,687.7129859949025,6.520690210158591,681.1922957847439,589.3169470746714,Overstocked
46057d8e-b8e0-47bf-875a-1f698b638a2f,1f249555-eb4f-4f34-87e8-d1e1c49cb398,bae9ea79-0269-4aea-8d36-6140e518cfc2,Pune DC,164.3853141211111,137.97443639242093,26.410877728690167,237.40240454193972,Overstocked
06225392-407a-4ab1-a307-ec234b5b8739,8986a641-cf11-4e56-aaeb-a0fbb4034308,ba682247-aaa4-420c-9f89-8509d364c52a,Pune DC,4512.7389102721245,735.6926873364123,3777.046222935712,823.1105908891203,Overstocked
57ca7f8e-c8a2-4d3e-b3df-09d9d26bbe5f,01be3026-6b9d-48e9-b98e-7f1ca2b10293,730893c5-2220-4ca4-b598-31d5dbda07e3,Pune DC,1899.1533090706416,463.2402105705994,1435.9130985000422,411.25169289419847,Overstocked
71951806-e65f-4224-8f3d-20c8bbd5a8ef,82b6dc94-c3dd-4031-ad0c-196aa0fa4603,4ae15f2c-2f2a-41b1-99d5-2f6cfa5e3e4d,Kolkata DC,1160.1811600956808,701.8779301844521,458.30322991122864,481.3990784935452,Overstocked
beaf45a8-f9e3-4427-8750-fcea9a54104c,ffef3596-8a0d-489b-8928-83489c0bf7a0,e961b684-0ea9-467d-9ada-91c2966817ed,Chennai DC,2576.6889651785195,134.4728905679126,2442.216074610607,270.38904621067786,Overstocked
14311119-8bb9-41d8-bbab-268f26fe1c54,c9ca96e4-2b19-4659-bfbb-94dfb4d18c81,9c8fd024-3c99-49f9-bddb-b5cb118fff14,Pune DC,1654.200140800802,557.6612210885794,1096.5389197122227,189.74502423748535,Overstocked
7ae68ae9-2368-4041-99cc-05506e42003e,3db2ebf8-a530-4d74-9c3d-c8d7f3a708c1,935d27fb-d383-492d-9422-4fd3dd7d95f2,Pune DC,2824.5897197520526,626.680701638234,2197.9090181138185,544.0973105043264,Overstocked
4e92342a-7a46-48ed-a0fa-7a8e393a21be,f3769c6d-e28f-4014-8670-24fe9e4e2f59,a01b2347-4c42-411e-9f0e-f8c6fd01807d,Pune DC,2724.0417485124476,655.4209411476181,2068.6208073648295,903.9042803911983,Overstocked
36cd474e-6fad-4ec3-9882-393004a6fd61,d7354bb6-710e-4b1f-99c3-c76bc604f0d9,c5715556-10a0-42a8-97d3-a4651ca62ebc,Delhi DC,3293.2821150033956,183.38328747543892,3109.8988275279567,624.3892113613309,Overstocked
7d6fe17f-4c1f-4d61-a927-aed00c8ddb11,c9b2042a-2c30-4c97-b347-5e1a5d99f9b5,14a2f8e8-6ce0-4fa4-8181-6496700a5067,Pune DC,2980.1509831476023,27.802462874863068,2952.3485202727393,64.15728945854389,Overstocked
e74423b5-0734-41ab-856f-bffecc90c681,78688837-7296-4683-b664-491ae0a7fa6a,1f276c3d-8a7b-4302-945b-656ffe154624,Chennai DC,2422.9599042405407,42.6466999203426,2380.313204320198,466.33893709039194,Overstocked
74d6ee9e-7dce-4a51-9408-37ddb14a1e56,5f810297-416c-4857-9dc6-c763ec3df844,92f85976-b851-4340-9612-df7fd0646512,Mumbai DC,4013.706117856952,700.7108358302312,3312.995282026721,330.54790047422705,Overstocked
7fc6b1d4-2549-4fde-9068-f3022700d0a7,dc176013-82cd-4c72-abd8-681781cf98db,7f3830f2-2bbe-493f-be4b-ec888abd666d,Mumbai DC,2924.85457078611,59.049246989347466,2865.8053237967624,627.734670351105,Overstocked
4ab1a235-fa54-45ed-91d6-24f4d7ff65b1,79b2913f-1ba1-471a-b3e5-a64e869f69fa,098d4083-a256-4eea-a1d2-5851c67c4085,Mumbai DC,1639.515711751811,349.7736395500424,1289.7420722017687,351.47235141340286,Overstocked
4c1cbd0c-713b-433d-86cd-47e3e30f7626,2c304a29-8501-4f27-bef0-34b65660518c,3660a1f6-4b6e-44dc-9239-68af5dd98b08,Mumbai DC,2195.6013513147373,50.56810179622698,2145.0332495185103,827.1546258633914,Overstocked
18c475ca-1db7-4284-8840-45eaf1a54b39,7a18d80a-d194-4cf6-99b2-e2cfbcae1ec7,f93e0346-fbeb-4c22-b035-9c6ab5b21e42,Mumbai DC,3959.040806695747,254.4570632736677,3704.5837434220794,479.8254233896277,Overstocked
ee096653-dd95-443f-b7ba-5b0a419d5329,5cbcbf5c-fc1b-4b9e-8d1e-f591290dbac5,2981bf5f-74b4-448b-bc85-df035dde4ed8,Chennai DC,3643.2324152875353,674.8220744222235,2968.410340865312,422.9916971217906,Low Stock
5e23ed5e-53fb-40e2-a642-c5b2c4ce0148,52c6c529-cd67-451b-b47d-921be8bbe39d,8d69e867-48e1-4fe9-961d-38302e6c30ec,Pune DC,809.7667415208157,675.8317272523179,133.93501426849775,756.8575020235369,Overstocked
fb67db27-ff7b-4c05-b993-59382dd57c93,95ad27e7-eb28-4854-826c-b2239571efec,eee86b54-806c-415e-ab1d-9db971073858,Mumbai DC,2423.7199826344327,56.00976005576513,2367.7102225786675,455.6311949705486,Overstocked
0664c7da-7cd9-4629-a661-a4747e62a245,bd722c43-5feb-435b-98eb-471ea9d6fc66,90c78e1f-35ea-44e3-97c7-50458b892703,Mumbai DC,2486.5351639603864,407.7539516126735,2078.781212347713,377.3654968998424,Overstocked
f13cc7e6-6f18-4456-8c99-a959a0e1c069,6706922c-f97d-4727-866f-9f54866f4f49,dcd7bdd2-48a0-4593-828a-a563dd7aef4f,Mumbai DC,2427.834771187486,410.4367648633265,2017.3980063241593,158.40151141777105,Overstocked
2fb89081-d41b-439a-b746-070c63459928,ae075b87-7f80-4f6a-a8f3-38628591fb6c,d56c0534-42d3-4fdc-a6ee-0ff5d4e84026,Chennai DC,4063.7795894427036,469.37993921471707,3594.3996502279865,820.0841578278418,Overstocked
9633a7f0-e999-40bf-8849-a09dadd58176,060b6206-a919-467d-805d-8b03131e8874,869fad77-8b0c-4596-8902-ebe2f4e92580,Chennai DC,522.231958959217,327.28832985227393,194.94362910694304,76.6234634997886,Overstocked
795cfbad-16a8-461b-8d06-41082d211b71,16e2f2f9-7f05-4bf2-8889-72cf72264d47,a7bdd782-f719-44a4-ad0a-f73f296fd182,Mumbai DC,788.8682380774466,223.8866319735106,564.981606103936,589.3633798082163,Overstocked
faed3407-ab76-439a-9d72-aa0748455873,f502da0b-6281-4586-9da4-72cd09622523,e2fd7645-5989-4e7e-8161-24af49b54ea0,Mumbai DC,3205.294391154656,487.48252095701855,2717.8118701976373,554.9340280064384,Overstocked
a6c8463e-c3d8-46d7-94a8-d955cd425895,612401f5-e691-410e-afef-44c96a212b68,0d380ea9-26ea-4320-a68b-28bf96258f21,Pune DC,2643.290143568338,59.71488743827513,2583.575256130063,55.30318394014431,Overstocked
61445d15-82aa-48c9-b87b-e31185bb33bc,67af7cd8-1da0-44b6-82bf-6323ec373c66,62508ee2-a244-4ca7-8b61-763f0f861eb9,Pune DC,5389.475313037029,555.1307876249593,4834.34452541207,452.2702652593308,Overstocked
4f46228d-8009-4eaa-8110-bed218274836,e2acc62d-01d4-4641-977f-3594b5652528,1f9cfbd0-b491-4522-a7ad-0a043a521a74,Pune DC,1030.8590739154984,329.8247988993878,701.0342750161105,830.5813662198256,Overstocked
75eeb13e-4a93-4586-98cf-2962c4206384,81419bce-ad83-4950-ac4b-f6931d661960,d8e53ecc-5cdd-4bc8-a3e9-013f79a39d37,Pune DC,4215.437263423272,72.5531658971413,4142.884097526131,828.5141701406582,Overstocked
26b6a2c5-fcc4-41f7-a876-a2b443554e39,9e24ef0d-175e-4462-affe-098f7685a394,26aebc43-53ff-4e89-aa1d-dbaa8c43f80b,Mumbai DC,2577.560990943353,730.2854057303482,1847.2755852130047,833.1036781700112,Overstocked
9cd2dc7e-7e8d-49bd-a3b7-a6664a822a69,ffd8a7dc-1ead-4ad7-933c-aba4a74414b8,f71fd04c-2635-4a6c-ada1-7c1e42c2423e,Mumbai DC,3914.758437136629,88.62822710748651,3826.1302100291423,918.1106240624875,Overstocked
78f345ff-b0e1-4b81-9f96-9a5f6b92a3d1,4d6ff491-d6e3-4a99-ae48-307a77cc57dc,8a38896f-b241-481a-9919-089119b9bb7e,Pune DC,848.2485451654192,3.0,845.2485451654192,580.8333438431677,Overstocked
625fd3fd-f668-4941-8700-6a51667c05dc,a5d0658d-0061-48e7-bc20-0cc861eb4c57,d8736979-a705-469c-b0ab-b238e6e2fd22,Pune DC,3226.3792420135155,26.649276026381358,3199.729965987134,596.6874763019792,Overstocked
3bd14c55-3a3a-452a-a40a-5e2cb1d34741,dea7256e-ffb4-4cdc-9960-1228f3558bf2,245141af-e38b-4009-9474-8d7086a30ac9,Pune DC,20.594009038778545,20.594009038778545,0.0,969.8604152882306,Overstocked
aabf9945-fe65-4956-8226-df300d2a9294,9d6fead1-0c0c-469a-8c4c-7925cf00dc1b,996b54d3-8418-4c0d-86ac-f84dadb11616,Mumbai DC,5210.845474188052,758.1276796135699,4452.7177945744825,168.94795206089495,Overstocked
c843c8cb-a886-4ac8-bef3-127bd641a32a,85aea599-b65d-4aca-a403-299294aa0f12,efa7e268-18fb-40ab-9b7d-6da8e063a2dd,Pune DC,379.48503519113706,260.18372747503656,119.3013077161005,815.793857646755,Overstocked
648cb58d-2f75-46e8-939f-c501fa260ec9,8d8d94bd-bd9b-49ae-bf59-fdb291edc918,476f2031-9ba6-41ba-b3ed-2f20a1758ab6,Mumbai DC,2775.6660594876735,356.89322461859865,2418.772834869075,653.8563820408625,Overstocked
daf337d1-6863-4d88-9cda-b88d52b0ec26,bab1a90a-da63-4edb-b818-3c1914e10d67,6b942e8c-3bc8-47ac-896c-860bc13b3d65,Pune DC,3048.139909853097,320.10108735886615,2728.0388224942308,711.6101444462611,Overstocked
0e53a272-0746-4fa5-a230-8d88800756e8,6be14521-3530-40c1-b812-f8adde62d39b,13735ea2-7144-4318-ab95-7a0038783ab9,Mumbai DC,3783.0184416429065,152.98754738909565,3630.030894253811,808.1862544780852,Overstocked
eaf57089-588f-4c7b-8914-5e20bd154e0b,e83e3677-a120-4ca1-a262-8c11a140b8ac,e92a0c21-4338-4b95-b774-f1f529c52fa1,Mumbai DC,1341.6144685867048,146.8804055660371,1194.7340630206677,50.31687961395108,Overstocked
fb4b448f-93dd-447b-ab4c-541e20a65d98,c36f6930-2655-47ec-b367-4e6147f19055,0a422b37-f709-4481-a72d-39da61c13923,Chennai DC,2065.5879606338262,651.8352404078394,1413.7527202259869,522.4464213032577,Overstocked
27545dc5-4e21-4dc3-a2f5-5d29f150ae7f,7fffbd89-efef-489b-8974-26ff0216ca4f,fa186a2a-4175-4622-b08b-abf857080097,Pune DC,2266.7087922414603,308.2589983758653,1958.449793865595,237.86560212887514,Overstocked
40958bc6-05f3-416b-9a00-59f243b334e0,9b971e72-75da-4430-9b78-b87024854644,7cbe22fc-6944-4699-8126-89f0cac8b7f1,Pune DC,910.2461059718621,626.7510227433083,283.49508322855377,531.0057382963041,Overstocked
c2aeab5f-1503-4097-a316-8d96a44fe7ac,cae37762-cadf-47b4-b41c-c255ff29e542,2eed7c5d-f4ff-4a9b-bd3e-2f56583fe1d7,Kolkata DC,2223.052531974787,29.614377932591196,2193.438154042196,82.48441658301434,Overstocked
fa437fe8-d70b-4fce-837e-bb32bd2fa69f,022efbe0-993a-4aee-be3b-6ebd461a2018,ebf9eca5-ea49-431e-a8ce-eea60c3fd770,Pune DC,4452.005834919068,559.3445159555486,3892.661318963519,394.55641271840005,Overstocked
ef697b92-a9a9-4d48-9dab-df51f153eec0,bab8ed8d-bb33-4282-a311-dc822a29e42e,8ed0e9d3-4396-4b96-bdf2-c6ea5785fc6e,Chennai DC,1767.1430168371096,174.36048892129384,1592.7825279158158,598.2175731779812,Overstocked
cea09a3b-014b-4396-9943-4918619591be,afdf0d45-43b9-4da6-9ee3-a2b2e7e35446,396464de-1f06-4f4e-9c49-e0657dffa444,Chennai DC,1574.688378395149,333.67948354341434,1241.0088948517346,117.49529655843176,Overstocked
0fb5f81c-838b-4ecb-b036-f682fb7bdda8,b3e747f0-bd1f-460d-8b2e-3f614a18f476,35645465-6216-4aa8-ba8f-5d85e8511eba,Delhi DC,1069.1145510264942,119.30210695983953,949.8124440666546,968.3860767360229,Overstocked
235c2f72-7672-4ca1-8de4-fc957941ebb4,f57d94ac-f89b-4b89-bef4-e4d4e5857a39,a0347ea8-5b5a-4a13-b191-2748e15149b8,Pune DC,1762.921963644276,72.15466565191582,1690.7672979923602,868.9779294735245,Overstocked
45ed48b8-053d-48a9-8286-3d2fed4a3482,d7a8e03e-09fc-40d9-bbfc-442d141c2b3e,41f0b4b5-3a28-4a05-a6f4-652562f1df7c,Pune DC,2813.5707552095555,5.207863609963624,2808.362891599592,449.5053920259511,Overstocked
14998853-3991-4d04-aed2-d1135fad0a4d,3ea64341-d2ab-4472-b6dd-e0638f8f4277,80ef5cf2-62c1-421a-8db0-4bc906846b83,Mumbai DC,4928.024417632238,59.78576990919282,4868.238647723045,437.5325386163472,Overstocked
2d63563b-363f-4f5b-8e2f-1f6323283887,520d1d2c-971d-49d2-b0dc-b3fe90697411,ac3f0730-5a92-4c54-933c-059a934abe8f,Mumbai DC,1768.5256001550501,584.0956447824105,1184.4299553726396,962.0764509817766,Overstocked
f098c8fd-aa34-4536-97ac-02389b346513,46b143bd-3046-4d1f-97f7-2c626a639c7c,58ee1945-7d76-4305-aa79-2cf21725868e,Mumbai DC,2730.57320432475,175.06388174557878,2555.509322579171,408.51389046795435,Overstocked
5ab9bdaa-063c-4c07-8732-41899cab90db,4116b88e-95d4-4994-97de-b5c19d19e432,26d36aac-1329-4b41-bc95-82bff3faec26,Mumbai DC,1218.486387863285,293.3709397723611,925.1154480909239,758.7753158231496,Overstocked
9d15b2e3-1169-42b8-ab55-354b73c1eed3,afc49b45-2616-4a24-bd67-e575f02a1401,adcd7e20-ea80-45a4-81af-ad1411d7b7bb,Pune DC,1245.4711206791283,65.48544648981078,1179.9856741893175,303.4104891384282,Overstocked
8885d2c4-a222-4e64-ba28-efa3c1debf28,ec354623-51a9-4ce0-a44a-d7e0b6832b79,898f4c1c-6628-49f2-a478-2a1faa80e618,Pune DC,3290.476272861368,306.72900275328675,2983.7472701080815,617.76259471438,Overstocked
c37f7251-964c-4bc9-835e-9ebaad320a12,c4b674af-d1a5-4873-a8ea-c7ceac71c96b,3297d8b6-4061-419a-9941-6a1b4f007a43,Mumbai DC,383.44368751827034,316.0684490234884,67.37523849478191,867.7253019984744,Overstocked
5133ebc1-a332-43c7-bb23-face7834d14c,8a5e1966-2c03-41e7-81f4-2846361e8840,9bf7bbd5-26f9-4452-84ef-411c18a0968a,Mumbai DC,1124.428255778614,708.5940032601895,415.83425251842436,511.92931158930134,Overstocked
e924c38e-e13b-42b2-a06f-800e49a431dd,34d46372-0767-436a-aa00-19501dab5e31,fb115fed-9d82-4f23-b57e-6f20d135d5ad,Mumbai DC,3832.208225353718,447.0454784679291,3385.1627468857887,529.8895035318287,Overstocked
4be75116-6d3f-4f3e-9f71-37e0a113feab,fc2e9e33-0126-4255-b6e5-a7b7f8202213,5d355bbb-e04e-4396-b182-8c04fd7811f7,Pune DC,3874.1350530552436,249.7241199743812,3624.4109330808624,81.39617008593675,Low Stock
cffc437f-3130-4e02-aeee-e690f99e7fee,a4591e73-81ca-4575-806e-e6c855efdd30,dbf0c6f2-a750-4634-8b80-7659a4a319f2,Mumbai DC,2303.0625960270354,315.51071815661203,1987.5518778704234,557.3516757143777,Overstocked
ac0f98f4-e4f2-4064-87fd-67c9bfc3bbb1,c37b26c9-327d-4e4a-b399-e31ee4a04ee9,993aebc9-b736-4018-86a1-e58eff1f02a8,Pune DC,2413.371500981821,31.16336462620029,2382.208136355621,577.7775234834364,Overstocked
7f17c4c5-88c4-4edf-9d2e-89508a5c6227,c84fd3a5-5a1b-4491-861a-2b46699adee3,fb9150a6-92d9-4f3d-9c0e-7b7e3b1d972c,Pune DC,4108.375757040894,476.00964891095464,3632.3661081299397,726.8380221290904,Overstocked
98629217-eb19-4bdd-b69e-50cd9ecb0e60,d7a28f94-5004-424a-8913-18a4dfc4bb87,3fb00a09-4e10-4eef-9d32-2f04b0052316,Pune DC,2086.8731267744156,520.6562968493492,1566.2168299250663,253.64839982640123,Overstocked
f5b0100f-3f89-4732-9c63-abd1ad977504,a46d7929-1448-4625-b110-c392100d6bb8,5246a031-2b8d-471f-ba8f-cb5fa4976e5b,Pune DC,1788.0164896918482,132.58774874253004,1655.4287409493181,406.7854002266186,Overstocked
2aa428ac-06be-441c-9b7c-1d5f12ffaaae,e702f96e-11cd-4bf3-82d3-98d3f7f5df8f,64ca73ca-2027-4f27-8df9-790430cfe3bb,Pune DC,2999.4606431962925,733.2529680595271,2266.2076751367654,630.7074423764972,Overstocked
438208fe-8f07-44a0-ac4d-895246781069,c3549cf1-efd2-4af5-ae4d-7feb712ab820,05ab2d55-462b-4c06-933d-9855d4eec207,Mumbai DC,1349.0566304076801,414.3243171086084,934.7323132990717,529.1024490170943,Overstocked
07eee7d1-70bb-4ac7-95a3-6d4e2e62b19c,1d65e519-484d-4c5a-a300-be7dd923be22,16850606-25f8-45b4-8bdb-df3e9d3e45e4,Chennai DC,3414.2936357174185,711.644691314295,2702.6489444031236,997.0,Overstocked
73a9692d-b0d2-42bb-b30c-ca56229eb483,7ad31c71-fc56-469a-a5bb-711679db3800,d6ef6a03-4427-4731-b95c-3e64e2d0e849,Mumbai DC,2709.7476730331155,512.0851077124585,2197.662565320657,849.1984448135023,Overstocked
02ec683f-411c-4cdc-9c53-835863840621,66552471-d909-4ce6-a2de-0f77ddd13961,d1ee2614-e7bc-4467-ae9b-d2f53a224a84,Chennai DC,633.4667863690197,400.72560355382194,232.74118281519776,119.88402812472867,Overstocked
fe589b3c-1243-40b2-9269-a280d681163b,40578c71-c666-4166-9c44-5fd063089738,63036583-aa48-4b64-860f-a58cca4b921d,Mumbai DC,1843.0355921451585,481.2569613801322,1361.7786307650263,474.7045536279623,Healthy
6f1ff0c0-b476-453a-8460-4a0aa9bb9fb6,84b03ec4-0b29-4e65-8238-733fd2debcc4,571c4d96-4514-4059-af56-080b2982a868,Mumbai DC,2500.5001781975366,337.4898180866612,2163.0103601108754,385.54018940554624,Overstocked
9e97bc32-b60d-431e-92c9-cf938c9f2297,bf1a6bfd-a90c-49ac-b94e-31f50b4683bf,6dcc6489-6a1b-4345-a2ed-88776fe84a4a,Mumbai DC,4062.348819743441,701.8610283395419,3360.487791403899,348.06714811954816,Overstocked
902a8b2d-78ca-44c9-907b-1cc3ff7b03ac,dffd098e-e5ba-428d-b553-c92c199680c3,e840f3e2-4c71-4260-96b2-db29c762f05a,Pune DC,2551.453221601645,641.9073966586354,1909.5458249430096,763.07937780479,Overstocked
6d4be99e-0374-47d9-a4f6-efda68f883bc,e7047e67-c21d-4576-b221-21c36c3e53d4,dc9ad08a-cfae-4938-abef-d739ef37aef6,Pune DC,497.7275344067862,243.18018908419205,254.54734532259417,185.91471813474854,Overstocked
e66dc7bc-cf90-440f-bb49-6315a5ed6db5,0cc2b08d-b5df-4b6c-9f27-816b5f52a800,138056f0-863e-42e5-b9ec-7df3b6efd862,Pune DC,4217.536798514118,336.84124668040386,3880.6955518337145,575.5361229226372,Overstocked
221c6f08-1602-41fb-b682-d79020be590c,bf8f11dc-cbce-4021-81d7-4c713f2dbc6a,2085b85e-39cd-495c-aa58-2c98b4c18959,Pune DC,1091.0166333808147,793.4012988419252,297.61533453888956,232.31396066715166,Low Stock
441b4211-7bf9-4fe1-9ccf-641997b35d99,305eef6b-d7d7-44a2-b171-5a643087e59d,16dbe0d0-d02d-43b5-b08e-e35ad19799ba,Mumbai DC,703.6968825879085,248.2340740630778,455.4628085248307,560.9748935995242,Overstocked
fffe7bea-b906-4347-a29a-4ed36bc9c24a,add26b0f-49e7-4958-be15-c4ce6a8f84c7,71b1e5eb-01ee-4399-8a50-edaa2d0d3d98,Mumbai DC,4312.576802073217,320.9121698582667,3991.66463221495,538.6981780269961,Overstocked
5cf04912-b4ea-49dd-ab35-d6cc873cff2b,4092189c-d89a-4aea-a526-8419f2a1eb60,1c4717da-4011-49e1-8651-3c9678fc564c,Mumbai DC,2220.413590601731,348.9255277429513,1871.4880628587796,380.76109751672766,Overstocked
680fdba8-970c-4102-b690-31dc5c0ae5ac,287d4a76-bedc-4eae-8d34-fc808a8fa742,9155c29e-1523-4314-8b45-08d7c84d97ed,Mumbai DC,879.4921298715534,187.8809153881906,691.6112144833628,832.9140801258521,Overstocked
4515b575-933f-4b40-b0cb-3dfecbf53b84,8b6e1584-ed36-4790-917f-8f2934b60703,25be51ee-1c7b-44db-a784-b8bd3d29f3d1,Pune DC,3224.845786001273,5.722468486242633,3219.1233175150305,311.06820327255275,Overstocked
cdd899bf-1c93-4e57-a4e2-0402cbef93e0,d0a6e630-17f4-406e-90e8-03b2b54cb33b,86c49ae9-aaa1-4a0d-9ad8-d75e68b2dd47,Pune DC,356.8498434177303,233.99104373930712,122.8587996784232,256.4040881922913,Overstocked
66abd8ef-a15b-4841-ac44-14db0e7d9435,377e6acf-8e2b-47bd-a2c0-257b3d871f97,a12ff2b0-b8f7-4ef0-b819-40b96851823c,Pune DC,647.6129652472922,75.59091145852221,572.02205378877,406.08531812120015,Overstocked
aca0bd65-ad28-4e9f-93e8-f9822f0f8011,857c7fa1-b972-44db-b8b6-977e7b0dce0e,9b2a5b94-857b-4728-bf92-9a6a5ea02dcd,Pune DC,2457.7685053601585,657.5624791507298,1800.2060262094287,106.54194698979089,Overstocked
4c0d9311-31e5-48e8-9acf-b5798be3f3af,e4ab7f89-7498-4103-9349-d76d14beab68,8f43803d-052f-423c-83ec-65c795a305f3,Pune DC,573.03734190397,568.426248756479,4.611093147490919,533.5290550107608,Overstocked
fa3ad015-4d32-4aea-9f19-8f05c3658890,509542ee-3f25-4e6c-9468-c7a7d60cf6d8,cb6b1e04-500d-4ad7-9844-7f0ae4b91b46,Pune DC,2087.549036648802,90.69316487842752,1996.8558717703745,635.4513767717087,Overstocked
5fd9d670-134a-42f8-b05b-ddc9787e2b1b,0ead0d2c-43d7-43fc-9bba-c372870484ed,c1dcce17-d9e5-4c77-b003-37bc915115e9,Mumbai DC,3986.540343683141,176.48262129541627,3810.057722387725,535.505663077618,Overstocked
48b1bb9d-ecb0-4280-8714-e005ce15ea91,11c39779-8515-427e-8775-1de9ca0c10e4,ef6035ec-6966-41ef-94f3-a328a2583c05,Mumbai DC,4680.699256635071,227.09904781777368,4453.600208817297,762.0864813743477,Healthy
7bf6de43-803e-4744-b6f8-f790137997f8,ade7f89e-85b7-4e6b-a8f0-c6b92a35540d,e3f24419-d668-4673-94bf-31237fa7fc53,Mumbai DC,225.09970208917906,169.89640501513176,55.2032970740473,802.978429035612,Overstocked
8706bcf3-053b-4573-adaf-58e9214abf59,3b259e84-4f30-49aa-bcf5-5e655eafd6ed,cb037eb2-1f2f-4949-9efa-7c142a99a7a9,Mumbai DC,785.5614732716988,753.5015539170565,32.05991935464226,457.83215330304796,Overstocked
574fd9f4-2716-4e3c-bcfd-d5e0f554ce09,4a28d269-2455-4315-976b-7de959a424be,98155e47-1d81-45a5-8cb7-ea87e673d0ba,Pune DC,4061.8554464611384,66.05612033878515,3995.7993261223532,523.2765415039804,Low Stock
b99d3bc7-9f59-466f-abfd-de08e25c445b,62baa2e7-737a-4c6b-b4fe-98969ffa0281,546c79e1-a19e-4c61-866d-da7942af5959,Mumbai DC,4085.592261433048,361.5588659084892,3724.0333955245587,911.1226489029469,Healthy
d7ad22a5-956c-4f2d-9229-3c2d7d001d7e,4f9adfe1-89a7-4b06-920d-236175e71f11,dbde425f-26d2-45ab-9197-8186d476a798,Chennai DC,2083.426314010316,632.8928565196195,1450.5334574906967,755.6680763123353,Low Stock
b59a2c35-8ad6-4e3e-9f62-e9da96e94e7b,1e3d5fbb-26fc-4ef9-bbc9-9980de949dfa,52e818e9-3b38-479e-8884-646784c3cf77,Mumbai DC,4827.491619137225,642.8739279448255,4184.617691192399,931.5900191723608,Healthy
66971dbd-8d12-453e-a22a-21b6d5dece2b,5198aba4-4559-4546-b9a8-572c9439aaa6,266628f9-f4a1-451f-9663-fecf530db841,Mumbai DC,4568.3025933157305,644.4760992112369,3923.8264941044936,975.3263708487654,Overstocked
03ed7339-baa0-4c36-aca9-8bf5c0de3901,0bd8d738-3730-42ab-aa2a-33b0d004aeb4,7c9404af-2a28-4fe7-8dbc-d0cb40f99962,Mumbai DC,830.8360375039726,253.86813838460364,576.967899119369,269.548492647823,Overstocked
adcff609-9536-4086-b042-0b52ebf9269c,b3d2595c-ab0d-4397-888f-3a1b6036cb25,717fda95-4628-419c-a428-a85e1de241b7,Mumbai DC,2720.6288580851297,43.78424220112129,2676.8446158840084,763.8211796768468,Overstocked
645a479b-3df4-4365-ac5f-a3aec7e105be,5618085c-2c33-4a45-93f2-2bb6faafade3,e8c7c066-ab6e-45a8-97aa-3478340a36f5,Chennai DC,4085.539620072256,680.1603258368555,3405.3792942354007,338.2641365949833,Overstocked
4d8f2783-9dff-4f6d-a573-12120be44c84,cc326956-f48e-426a-9553-cfd6bff39ec5,371a503f-cf98-4645-afd5-cdcf5ac2c982,Mumbai DC,4400.029493573638,304.91231558288973,4095.1171779907486,374.5326824559065,Overstocked
ca66b636-904c-488d-afe8-b218c8190974,41498876-1765-4053-8aa2-c83b7f8204cf,13cf4fe2-f682-4559-8197-9afbb5d75831,Pune DC,1241.3115330947753,197.14529924482758,1044.1662338499477,840.7212746631163,Overstocked
09376e01-6832-405f-9443-b435c032baeb,8de63c23-a96d-4248-b7f8-293f0242eb66,5ffb15e4-32bf-4a41-bf7a-93c95470f50d,Delhi DC,1085.7346250639391,371.60179580311205,714.1328292608271,343.28340222710784,Overstocked
3f0b7b8d-d3ab-42ba-890d-e7f6471e9125,3b1f8e50-0cd5-4b24-88da-89faf13490e4,1e2ccec1-2968-4291-a601-760ec26cad2b,Kolkata DC,2425.3161728075843,82.81281133955554,2342.5033614680287,201.21297441251988,Overstocked
610108f3-2e1c-4a81-a6a1-c8f8dfe40b1d,57187414-0349-483d-a7b0-df8ec54a9aee,d22aa5be-e021-48e3-b9f8-14e23b5412e5,Pune DC,2263.5194066356726,656.9441718657217,1606.5752347699508,287.14801429460897,Overstocked
a95f8b3c-9b59-4127-9c0a-a4739a6b4f37,6730487d-9f5c-4266-8b28-3052a745877e,cd6047b1-4969-4a87-98d7-a0a29f41c5ed,Pune DC,404.0182582435217,253.81421986837032,150.20403837515138,365.17739327764286,Healthy
5bdabe8f-b7f1-430f-b3da-3af3cb827c31,b1b5066a-d085-4cc6-a17b-ff97de747a6e,ee9e44fe-d8de-4a6f-8d3b-34091b226bbc,Pune DC,4159.574787693454,784.980463962148,3374.594323731306,128.3815222701613,Overstocked
c4a0234b-ca0f-4866-bef9-a38887d8fee0,21cef032-5d7e-427b-97e4-6b63975b6f58,79b59c21-c71e-4faf-88cc-7c96298b8e24,Pune DC,3963.208519841821,701.4077867651517,3261.800733076669,932.9389635760843,Overstocked
a352cabd-632c-41f8-80a4-5c17661643ab,b12d9c54-f524-44af-9afb-40dfa6a90c58,7c7c5fca-4a1d-4255-b078-5c770175489b,Pune DC,3404.1838322110993,521.9450001850055,2882.238832026094,374.06082970701175,Overstocked
9574b432-cec3-4c01-a2e0-6690c08a4998,64aa0644-c408-4e14-a759-23786a8ccebe,7ae85676-2ea7-40b9-b133-d26588bf7f9b,Mumbai DC,357.13153549257026,338.05188343357537,19.079652058994895,367.26045937292116,Overstocked
a2ca80c7-79c1-45ef-be35-8f5a35570a55,0f134bc0-978d-425b-9a4a-023ae7b1dfba,26370b1f-39c8-413d-a512-e719528da28e,Chennai DC,5203.883764094811,270.88376409481134,4933.0,273.0297819889009,Overstocked
2c1aa9c5-16a5-4ea2-904e-34f0c8bace3b,a438588f-11c6-4165-b9a0-0fd5a09968ae,1dcbfddb-698a-43b6-85dd-9470eeea787c,Mumbai DC,4765.7595738023865,748.6190825093481,4017.1404912930384,791.8443885468915,Overstocked
04a54b97-0fe8-4405-9c13-f13b179610d5,6119eaca-85a7-4718-8dcb-63cd8ab9b467,e5e17955-8e44-4cca-8dc0-7e40c0a40908,Pune DC,3118.5713827165637,123.03160592013865,2995.539776796425,469.410008047027,Overstocked
07689835-a63e-4128-b9ac-3abab71ddbf7,582a2442-6c4a-45bf-b85b-38d44300701a,a2c1f934-7039-49a7-b55a-56a9a5d4584d,Pune DC,341.6415089244353,113.2139544588745,228.4275544655608,979.7607475135618,Overstocked
9420a254-a9bd-422b-9ba7-3a08cf15abad,c7a3290d-00a9-4502-abba-fad28383f5a1,02a81164-026e-4ffc-b490-4223a4ef0179,Pune DC,1235.3116164160406,348.4106856061229,886.9009308099177,757.079318453177,Overstocked
7a346fc5-6b57-472f-87e7-b4dac5f0b5dc,ab0bdc39-e39d-4869-9666-86047c505020,d6d00051-5602-4177-a3c2-fffe4067a0a2,Pune DC,4961.448743048053,130.21873568424235,4831.230007363811,539.700758063554,Overstocked
6351796c-15a6-4354-9977-158d117a9323,1b561fb7-e884-4c15-9191-acf6da6d451a,f56fec9e-052d-4dd5-974b-871050db9494,Mumbai DC,3902.8264647742144,309.6803638266556,3593.146100947559,160.83351305927928,Overstocked
5ed12daa-ab99-46f9-8c7d-8fa7c9baba4b,b6276100-8d3e-444a-a43c-e135b2baf286,1163f93a-8d9f-4e5b-be4f-d66a6b0cb25d,Chennai DC,2671.0239678118396,272.1285106569012,2398.8954571549384,529.5765368904022,Overstocked
63523028-f78b-4fad-8bfe-009b76f92331,99075386-820d-4208-bfba-80dcf8cf98b5,a9fef3c9-4651-4515-a84d-b141e5e3d4e7,Pune DC,3378.4074989538462,151.9914034762587,3226.4160954775875,811.0337872583119,Overstocked
2ee7c0e4-7d5e-49fc-8695-cd8a6d086b8d,0bb6d688-a904-4848-b414-a5800494bf08,47f6797f-d85f-4677-a3c9-821ad91838df,Mumbai DC,2126.9248202902845,7.476026483099304,2119.448793807185,571.8626875754511,Overstocked
e071f572-733b-4b2c-af15-909fe14c7a53,10443484-9099-4a69-9740-20eabadaa245,ab7157c4-5069-4952-9352-6e2a5b11f34a,Mumbai DC,1563.4313511594269,176.8114334959971,1386.6199176634298,392.54486079209624,Overstocked
4f25c43b-796a-4c8c-b2c2-524e06c998a7,24914da4-33e6-4733-8321-365ccbdd3b82,e28e167a-ba7b-4a09-8a6e-3a6b4989454f,Pune DC,4972.436373439973,274.3966272072139,4698.039746232759,807.2899987743197,Overstocked
418fd47c-09f5-4224-8534-794bd56ca738,a4f93323-7cc6-41a8-a3b5-520cdc19bf49,613b2085-6fe5-4a82-acf6-edf9879eb47e,Delhi DC,3428.088768208746,556.0391214863271,2872.049646722419,308.58079435132055,Overstocked
29a485d8-7119-40d9-ae27-bdc0455f08fd,7b452884-a768-4bc3-90a8-364440405e19,bf67e5fd-ecf3-454b-9e4d-99c15fee8a13,Pune DC,4147.176783970078,749.6057120961796,3397.5710718738983,908.2256637921477,Overstocked
bd10a5a0-31a9-4041-a5e0-3702aaedfde4,331a3003-77a2-4321-b48b-f05b341469ff,3675dac2-eed8-49a0-a056-0b520a2831cf,Pune DC,2915.0373097775696,55.96253212293141,2859.074777654638,74.28422871111329,Overstocked
29a9a439-033d-4e12-a85d-5763a0900b41,5bc92b57-39c2-4e57-b491-734395ceedba,cb5554bf-6a45-46f2-b1fb-fff45db0cb17,Pune DC,3201.399914944429,339.3247754210329,2862.075139523396,686.6738085160889,Overstocked
eb695c81-0b23-418a-a1cf-5b7992beaa0a,140bf519-f368-480c-b6c3-98bb881bd963,8a307b2f-8d88-4051-af20-8a5d9eaea39d,Kolkata DC,3802.3395980292958,49.164938229379004,3753.1746597999168,238.410435436948,Overstocked
8b693979-5764-4a3e-afe8-3bbf7f288340,be8f6b56-cf4d-4e67-b27f-53d8a69cbfe9,d00dfac3-7b08-4dbf-a366-51a6c93b0933,Chennai DC,3590.0959485236117,389.1645837234919,3200.93136480012,927.2928162920798,Overstocked
4eb0bcc7-a6db-446d-ac4c-d9b6f156dd80,8e5512d9-5331-4049-9524-41f2ca67ab13,141ae6d1-e80d-4745-824f-db664a3b2007,Mumbai DC,634.5865723205354,130.9332967997463,503.6532755207891,678.6412628057863,Overstocked
89b421e2-f3ca-429f-a55e-922387470f7f,99c4ecaa-e5dd-4851-a561-63c64c1096fc,3fe4ef29-675e-4129-95d5-8bd25a026ec1,Chennai DC,3859.2428760578546,246.37777302919085,3612.8651030286637,504.29969828526094,Overstocked
11550097-cde8-4660-9462-a6c51df0f90a,aacc65d4-e395-4172-bc67-d21a5f576c8b,b5ce9a94-981f-476f-85d7-5da593e4965e,Pune DC,1819.9318987550096,468.97065851671937,1350.9612402382902,972.7590493788093,Overstocked
630deb7f-00a4-416d-9361-2f0c4741461f,21a737a5-4765-4c79-afd4-14ec2286237b,55750f24-4290-4f06-a7b0-a3212af3cc04,Mumbai DC,1932.2107439278802,786.3587412021168,1145.8520027257634,340.71867317952353,Overstocked
1b2f2d8d-3655-457c-a1f6-acaf6541946c,1eed4dbe-f549-42dc-8810-9352ee056486,bef6c6f6-e58f-4d6b-8bd4-e6ece3dfddce,Mumbai DC,2178.19097616086,91.4122552529825,2086.7787209078774,511.76738042956805,Overstocked
c7fbc2fa-863e-49bc-b685-b7409dfc5a88,cfa1f0d4-1de7-47b5-b6eb-d936ffd93469,a1bf7817-1115-4935-9247-dd05b56c85f9,Chennai DC,615.7704337607905,88.51235210960556,527.258081651185,749.206166885902,Overstocked
0d511961-7e11-49f8-b61a-a3d784cbdba5,1b8352d9-a0aa-403e-b942-03d9392af995,1cd8ef05-6d30-43bf-a8d7-d05096ac326c,Kolkata DC,3308.6241161212515,215.90359459567662,3092.720521525575,281.2511118121661,Overstocked
b9e55436-6762-4f93-8bed-e419edf7bd6b,ce02549a-4a37-43c5-b79c-289204166a27,56ed443f-8f23-4859-9643-eee004e53808,Mumbai DC,1462.0375744908579,776.4315697465005,685.6060047443574,745.9952492276607,Overstocked
e2e4965e-2ac3-42f1-9f55-1817a30e272a,f7fdd838-73e0-4b32-b599-8f0ed189d99f,95f478b2-576a-44a9-ad7c-ceec6959f627,Mumbai DC,1363.2179618101345,687.8604370901548,675.3575247199797,102.84063354584806,Overstocked
c6c1cc7c-8e52-4b49-afba-6aa4e8b19132,b486ca49-ccd1-4fe7-93f0-facaa6cae328,84e44f2e-a00f-40d4-b0a5-acd5fdb7aefc,Pune DC,2180.7247594525043,224.172578183337,1956.5521812691672,942.5282929210267,Overstocked
bdbccc5a-4ffd-44b6-adaa-d99b2d45e0ef,abe41345-6aca-48fa-9109-1238f09920da,c1db7a04-5e3b-4db2-a09e-53c9ed693b29,Chennai DC,4570.001851946035,358.6525674279301,4211.3492845181045,90.01987029309602,Overstocked
0991149f-6c5b-4f79-8373-8ceac6dbd0d5,b6e072e1-bb44-4e32-9a2c-107e3b994558,a2018bf0-c0d9-46c4-a90d-6f73d7b97d12,Pune DC,1597.2321866565576,10.946540916935874,1586.2856457396217,830.5242686428581,Overstocked
b78964f5-5331-4652-b51b-4aa8951bb599,c1cb7e3d-3c7e-4df6-9534-bc9777b36f74,845d951d-2f89-481d-9eb5-fd5cbdb8d583,Pune DC,1894.5062706104407,101.24455526475776,1793.261715345683,534.9679182135393,Overstocked
33ce7613-ffda-4e24-b555-67af60ff2e54,389ace21-6fb2-49c4-8857-d16357088ac0,9a13cc15-d834-4fff-ba20-af2f0bf9c44a,Mumbai DC,2528.066140019905,335.54971003022956,2192.5164299896755,798.1501467960934,Overstocked
455e3105-2418-4393-aba2-8ad650986d60,4f426f20-42bc-4c3e-9fff-e9384c9e65ba,705b05bd-825f-4753-b635-a311e13077f2,Pune DC,1128.935974191055,679.3247184809381,449.6112557101169,241.0757132372763,Overstocked
7754f1c3-607f-4ace-b945-1500acdc09e9,b778a8cf-27ce-47f1-91ac-26b51cf79622,92066c69-4ad2-4248-9991-efea6a097408,Pune DC,736.0816638362486,329.7038887992624,406.3777750369862,129.32468160335014,Overstocked
7289e358-4f6f-479e-870d-612a27775cb0,aad5169c-d78e-417a-b0e6-fb5020a81981,8abafff6-5442-4919-9bf9-ce4aae440940,Chennai DC,2756.9644394625657,223.18204826862166,2533.782391193944,611.7521035727289,Overstocked
3be77db7-fe13-4554-9b9c-0d24bbe4e30a,0a445bc9-bdc3-466e-9a45-6b57b14d8cf6,0c6886ae-c80c-4dd0-8931-6918a6628972,Kolkata DC,1036.8916015043567,144.70249944344835,892.1891020609083,496.8241350832915,Overstocked
89b8a834-8147-4338-8ede-4b12f4354ca6,dd891b08-a81a-4bfb-8284-efd9c60c6375,89513e56-f08f-4b24-b1e2-7527ec08f7c2,Kolkata DC,1469.3055932873083,347.7830164755319,1121.5225768117764,572.8637138153625,Low Stock
a09cdb7a-dfe1-4755-8c51-f9b897281ea1,8ce0e948-97d9-40e3-bed9-da6cd7c55b86,307a95e3-e351-4d56-876b-320f817f2215,Delhi DC,4250.231782161407,518.4873928803368,3731.74438928107,463.1569147098734,Healthy
caff9474-1705-4a91-a8f4-204278297c88,ee8bd252-acc0-4d70-850a-9e9da350dde2,27794fee-7522-483a-8515-2ab889200916,Chennai DC,4867.560098629659,634.4174516622143,4233.142646967444,587.0252911895423,Low Stock
3918a848-55c4-4042-afb1-3bbf9b1e9004,858babaf-cdae-4d56-8edd-0cfbb0935d8a,3ef3e7f4-42e1-4c84-9f0a-d63ff11f5794,Pune DC,1145.4331897023396,103.10624098512062,1042.326948717219,695.6794459600779,Overstocked
c44b7a2d-da89-4ab7-b5b5-ed5dff86915a,de3e499a-062e-4626-9314-3e8004bec145,4864946e-1738-4488-b2f1-80fb0cffe8ce,Mumbai DC,1085.28898122008,640.6490105805933,444.6399706394866,728.0789186715828,Overstocked
e44c7460-581f-42eb-af42-f122a074871d,f281c019-3340-43ac-a53d-e08f80fb6421,a849f795-32b3-4368-a633-3e301636f40d,Mumbai DC,717.3500844450842,679.989923863388,37.36016058169628,524.3059497660017,Overstocked
c0714b0a-e7f6-4894-9b83-7558fb32bb47,06528ade-9369-4243-b11f-ef09d2d974fc,6c4ec965-44f2-4f08-bfb6-fcf02b33f1c5,Chennai DC,18.468168106182368,18.468168106182368,0.0,347.4112706672848,Overstocked
41bb7345-be9e-429a-9580-af79f5ff89ef,9d83b79e-ae02-4cc1-b9ac-1c169fdaec01,45ed99d2-16cb-46f5-b6da-62954155530c,Mumbai DC,567.320141182249,252.12588245603143,315.1942587262176,459.8759047345241,Overstocked
258c4507-ea2f-4dcb-a7a8-89e4c765118b,01028a9d-162d-4c50-ab45-dac8ceb62b86,0a060d97-a504-4e1c-854d-88c3bc18e85f,Kolkata DC,2120.739582600493,701.5808348663336,1419.1587477341595,114.47666838091781,Overstocked
8a85d0da-253c-42b3-87b2-7832cf097acd,e5e3ab83-e4d3-409f-b074-3f312e4b3c29,1f35d040-b9c5-4196-9718-28e7cc29c427,Chennai DC,866.274883220089,755.5136329819464,110.76125023814257,848.7037744617224,Overstocked
3f85f3ba-1f60-44b0-bd4c-d064fb63148b,f96a47b3-8d6c-4666-b5aa-7169d78623f3,5cc83882-8046-43c6-ba1d-da4dbae3f66b,Kolkata DC,2274.1666906550113,118.48625040333536,2155.680440251676,440.6757205187403,Overstocked
a2b5d50d-1350-4a30-b114-66577ed739d6,f996887c-86d9-46f5-a381-42b67e387daa,ab73316c-bebb-4126-807e-9d7e7186a793,Chennai DC,1861.6020295473043,186.0827726421944,1675.5192569051098,967.2548229642902,Overstocked
e3942dc6-6044-4f00-94c3-45ae073d376d,19db4bd0-17cc-41ce-968a-0e305ed6344d,4ec0aa5d-a721-4bfb-a117-ea0c3fc7d87a,Mumbai DC,4047.3125082699326,158.02794921220038,3889.284559057732,283.3599685761679,Overstocked
1c3297a5-1849-4e1b-b339-f9296d5e0d18,f2e7b5ee-188e-4020-b3ff-4a75e208fa07,56068955-4adf-4bea-8802-4440ad0da496,Mumbai DC,3292.5334241117603,554.0548487193264,2738.478575392434,209.7035230864328,Overstocked
1f69173d-51db-47d6-baa6-080cf1cf3846,90e01abb-dd22-4fa6-be52-5e7f6d4a80ca,f32abf46-7405-496f-a6a4-a7c7c5a52073,Mumbai DC,2142.4362451399024,4.734358974447787,2137.7018861654547,187.52832071451428,Overstocked
dfdb737d-e0e7-4633-8377-b5c95f30f55f,6b36235a-efb8-4518-ac2e-516e39f0a758,e8073a49-22c5-48bc-95c5-afc4be1e0b8a,Pune DC,3710.2355250719056,757.5192598458566,2952.716265226049,267.63597722484246,Healthy
85b981bf-ee65-405f-b5cf-5fccf2963880,454727b0-8967-495c-b767-bea1cb780ea5,f7b79c98-f4c8-479b-91f7-5040950e7c6f,Kolkata DC,554.3765572227755,36.55031029649251,517.826246926283,483.2983789472035,Low Stock
4b1468f8-76ed-420a-8ebc-abe30cd23de7,5aeecd36-f450-4ebb-8773-c9c6475dc16e,337039a5-aa32-4fc3-849a-28fcb349f92e,Chennai DC,315.1239756087924,209.78537007154557,105.33860553724685,596.2078810143634,Overstocked
5e2f48ef-d9a7-45c6-b379-65f8005e4ceb,03df12d1-b95b-47b5-a00c-d89efd093bc9,4cc0439e-9ca0-4635-b978-54b7a51d9482,Pune DC,3470.5503554291067,566.2403961697605,2904.309959259346,656.5371612296105,Low Stock
b052b0ca-86fa-471f-9f2a-2fd337c401a6,f7b47df4-bffd-466d-9f98-59df72be640f,1fcaeaad-592e-454b-8a8b-cb3aa0758261,Chennai DC,4692.067599642205,698.2008830287414,3993.8667166134637,546.0219141266408,Overstocked
3bb8c4a8-59c6-47fb-bf62-38886f1a4be9,3bba16c7-ede5-4d0b-8f82-6c87d1678437,9be88e88-0e44-4ba5-a0dd-55f058ef02d0,Pune DC,660.7972749337993,621.7377358177331,39.05953911606616,443.6001861135086,Overstocked
bf1d6c6b-681b-4971-8936-1702f6883cfb,24b2db25-a9da-441c-b0d0-d55c91937ff2,38c4f452-0fae-42ad-89bd-f809e60c74d8,Delhi DC,989.2509119727903,151.39235280009905,837.8585591726912,666.0176529510455,Overstocked
6cc0b278-563e-46c7-94f5-a4107ff3aebb,297534bb-85a7-43e4-b91a-5980d76ffc6c,d4203d84-4b75-4a7f-8cdf-4e62b347c91b,Mumbai DC,5017.311102890576,701.3510818653322,4315.960021025244,301.1676951106471,Overstocked
9d81e260-c287-4f4a-bb8f-587d06a6d594,209131a3-8a11-454f-8327-eac6b0e79aaa,4b9a487b-99f6-418b-81fc-099b45bfbbea,Pune DC,126.27071657130188,49.895744411766756,76.37497215953512,917.1181484899388,Overstocked
6d850d06-3e4d-4b5f-8dcf-03dfa970ab70,d10b67c5-329e-4ebc-8288-51faddbbdf23,f94701ab-a1a7-4f56-807c-b4f1ed94295d,Pune DC,1687.4016493289064,312.8473256389077,1374.5543236899987,478.43475636467315,Overstocked
47e56154-560d-48a9-a9f2-834c2e2109ca,7991a6e9-6267-4e94-a4a5-6be732bb537f,2c7c9c79-9641-4991-b28b-26a6f8c9fca7,Pune DC,4948.8536673513,96.59662679639314,4852.257040554907,116.28835860260115,Overstocked
2bdc4055-6e8f-41f3-b7a8-0fb0311d8bfb,9282b33e-9f5a-43f0-80af-d43e62cb9cfc,6b054dac-59db-4539-bc13-3db0589aeeef,Chennai DC,4894.23488699832,686.1201753043379,4208.114711693982,509.1675980336209,Overstocked
805b733d-531f-49fd-a9ec-46b335e2c4db,0ef921f4-e9f5-4625-832d-707a5d4280f7,54db74ad-4bd4-4b77-84e4-b7b5c08cf28d,Mumbai DC,1181.7852591590356,464.0960023569877,717.6892568020479,273.69084593768133,Overstocked
9a35b6bb-00cc-4388-9a0f-c15a29109010,ffc64569-b573-46b1-9c49-9ffc97e6a453,2a5d0c0c-32f2-40ea-8493-a0b06dec40e4,Mumbai DC,3365.9083914536777,350.78147998521035,3015.1269114684674,507.57229658694337,Overstocked
60bbc835-ca0e-4291-992d-34a3bdc0659e,55e1e45c-766c-47cf-93bf-f02bf07c52ef,162543eb-2a10-40df-aa00-a9d1a53958e2,Mumbai DC,1949.9227435658063,137.01399671885315,1812.9087468469531,206.9451286399551,Overstocked
0ca7b494-d72f-430f-9284-add116c917ba,a6cf810f-acd2-4841-87a7-06e659055f0c,7bccfa6d-b2ed-4b91-b776-f498049a9ff5,Pune DC,1840.7897866923556,173.38975471533354,1667.400031977022,88.7729513181539,Overstocked
a09193fe-690b-4509-af34-d7bd178162bf,5938ef14-521f-440f-b673-1fe2435626aa,1090988d-de65-46c9-a59c-cb38ff3121b4,Pune DC,348.58887522249654,289.09217111386533,59.49670410863121,832.6710652548421,Overstocked
79697001-9cbe-43a2-958f-4ad29a4b2853,1c40978b-520c-41f5-870e-ad9f3dc22e65,37ff7740-37b7-40a7-8f8b-11454142395d,Mumbai DC,4002.1486179351155,320.2017988646994,3681.946819070416,651.7339956180596,Overstocked
d7c9022a-171d-4aca-9899-140573e77f05,7131c867-606e-4a82-bdc2-593b000b3971,e7998857-a52f-4aab-ab99-0c649046d2b2,Chennai DC,961.7626564580619,291.8352830002243,669.9273734578376,384.3434068990927,Overstocked
d92b9d99-29d8-48bd-9d4a-089e72226b2d,fcaeeb01-6439-4416-a383-cd38707747a6,c66d2c1d-0eaa-4805-a50d-183952e5ae17,Mumbai DC,809.4784870727381,412.07129437360567,397.4071926991324,275.8317715426872,Overstocked
af6521e4-ebde-4490-b0d1-9d5c8422bd50,45e2f142-d8f7-4d56-bc5d-ca80b98537f2,864dec5a-f49d-453a-b99c-b2be5b9b6c7c,Pune DC,1520.9612316937887,145.08765369226398,1375.8735780015247,455.3478449327023,Overstocked
9ebc63a5-5fef-48c0-84e3-da2e7567e77c,d0a15a27-cc47-41cd-a9a3-fca5445c7269,94e5b167-6cbe-41af-8962-8c62bbde544f,Kolkata DC,1012.5249931277799,589.9057654083438,422.61922771943614,707.0636887935881,Low Stock
42f8d26a-b8e8-4832-ab96-6c84c5a56fc0,57ffc1e5-7664-4c63-a9a9-b385b794e4f3,839f979f-6922-4c32-859e-7464ace4d583,Pune DC,2362.0419726257896,66.291968003477,2295.7500046223126,127.54679527377155,Overstocked
781e6171-f7e3-49d8-a53b-932e679e1207,585cda12-e3c9-4209-abc5-31574c98be14,6a3a6aa5-dde9-4c3c-b81e-61ef910dce69,Pune DC,3472.9697644085004,309.1925590399296,3163.777205368571,450.9508739473848,Overstocked
0796d2e6-de3a-4bd3-b46a-1feee0588ac0,69fc2500-7585-4578-9053-58bd1156a18f,e36641e7-9da6-4624-a4a8-5ec80af2dcc9,Pune DC,3863.4034836904734,199.9931282293278,3663.4103554611456,211.7448555199424,Overstocked
9e581642-2d67-4806-a03c-29f4a686c6f2,51b3b48a-e9de-4835-a2bf-86a192a91276,b6c064a8-9ffc-4d67-a362-6bc22ab8cd13,Kolkata DC,1880.174067749771,197.3057938987372,1682.8682738510338,311.8401168104972,Overstocked
7f4e5444-bb25-47df-9736-093a7eedb460,f08d9017-f85d-4b16-8273-e4eab799a0a0,2fb801e4-ab2e-438a-9771-a47b73296123,Pune DC,857.8493864134718,533.3602054976755,324.4891809157964,523.4353091387865,Overstocked
ec28466c-7b88-4c47-adfb-afe15b4acdd4,36ad6cb4-6ca6-4b1b-ad2e-cd9d7d975df3,911a2c64-7740-4c9a-af78-712f1d3e3755,Mumbai DC,3560.9710638645593,318.99228968573243,3241.978774178827,608.0056306894407,Overstocked
6fbc805c-4b15-4ebb-aae9-103989ef8aee,a3fd9389-c17c-4dc8-b901-da5922d820cf,cb83b670-3328-48e8-aedc-ad3917a897eb,Chennai DC,4825.671296835822,55.972823684574905,4769.6984731512475,871.5333219083899,Overstocked
3e398b63-da33-4d0f-aa00-d4a46e613aba,d4778000-e7b5-4eae-880d-6e0f6b7cecfa,6a4b4239-7bb0-47ef-b63d-6cf7ce6e04f5,Chennai DC,3755.830607140521,151.14270405122716,3604.6879030892937,218.4064827085533,Overstocked
e8d44796-b287-4fc9-a3cb-4c222b91bb00,f98542d5-12e7-4bf7-bab7-bf602de1184a,1dd882cf-1709-440d-93a8-038d01b6b460,Pune DC,1108.5539525977808,410.94161597290656,697.6123366248743,812.216408004906,Overstocked
f183307f-3c6b-42d5-9dcb-67281a0357e7,f4f69097-e2cc-4aac-80fa-1b354347f379,8836b80a-7c15-47db-82c8-f67e7e860634,Mumbai DC,1430.6708028507687,629.875937577682,800.7948652730868,870.1780775166864,Overstocked
00fb1e34-6bec-46a0-ad09-358e2904a0b5,b25ceaec-1c71-40e1-914e-2ccf116475b3,a8bb69b8-0763-4844-99e3-3d022a72ae06,Mumbai DC,924.2733312270635,484.33618969676445,439.9371415302991,724.5777063070508,Overstocked
d2fab04f-17e3-4246-86a7-ac8e16d1c448,010818b7-c084-467e-b34d-4cf0dc74705c,28d89b5a-4054-4783-bdfd-e5cc77eaee92,Mumbai DC,2117.0379375130397,703.4259401978495,1413.6119973151901,183.9172303812782,Overstocked
84c58ecb-4564-40bb-b766-45997bd4befe,13d73350-9bba-4398-bbb0-04e507bd13c9,ce0c4a1e-cb7f-4cec-9d95-4e1fcf28e05e,Pune DC,1473.3750621091287,392.6997980972794,1080.6752640118493,538.1320604676812,Overstocked
ac5ff667-95fe-4568-beb0-5b8a8347eb72,235e1cf6-971b-4587-ae97-202620f21ce8,3128f609-47c1-4edf-b220-47a46669f69d,Mumbai DC,2291.0978703057026,632.5409313307994,1658.5569389749032,471.0399777306707,Overstocked
dc377a4f-2d67-419d-b36c-9a99efed707b,b863d4da-962b-4d42-8d8a-dc2a93ff6eb5,c149680e-4a30-45c2-9306-94189bf8dd39,Delhi DC,5012.692591753257,729.9460289918006,4282.7465627614565,87.77524614719292,Overstocked
e9d0121f-1b17-43c9-ab00-ea534d7d1ec3,22328112-0655-4aea-a6b5-16bdc26a20f2,cbc0e9fe-37b0-4fa1-83be-e9cee469dacf,Pune DC,2080.958817328332,138.11077210291432,1942.8480452254175,170.32252144634674,Overstocked
e46a7721-ab83-4958-8784-8ff433df2a86,5606d1af-c3f2-4aff-8a7c-d26034fb1896,b94c9341-a28c-4e35-bf2a-d4600462255d,Chennai DC,3142.033764506138,484.23722893950344,2657.7965355666347,182.816391166729,Overstocked
ff99a172-19ec-4705-8a4c-04e696d7c9c6,2a434d86-e556-4e28-9cb6-9a39687edc83,88f3cd65-d388-4a00-ba93-39dcdaab04af,Pune DC,2479.9615349838054,524.6043611055509,1955.3571738782546,515.354627267635,Overstocked
1b1eeef7-dbef-4285-af2d-00c3914d3636,03e032d4-436d-4f49-b9c3-e7f207e304eb,1e15d1f9-7a0a-40f1-a7cf-8c362e2f5bec,Mumbai DC,1277.1654074644068,334.78989361548565,942.3755138489212,50.0,Healthy
589f5aed-3445-4420-993e-4105853bc5b7,5602bc93-6d5b-4151-86e6-9e81d32bbf3b,e87c1408-eb93-48f3-9a50-b9efdf0a6480,Kolkata DC,3621.991056447225,215.22631186449735,3406.764744582728,505.7080956250801,Overstocked
fc943da6-f161-4e56-808e-63d4f61c2135,7247fbe6-c1f6-4ba8-85e9-3f044195a6e2,b49aa9ca-22c4-496f-a3d5-8bb8b009a732,Pune DC,2107.4887629946347,124.0006320147586,1983.4881309798761,519.0929217618924,Overstocked
aee52364-635f-4b8a-a542-a3b0e51980dc,a0aee146-3cf8-4e68-84e6-6fa3cb0a822e,3f89c2b9-37b7-4b79-a50a-4959447d22da,Pune DC,4487.326877607566,347.38909308295933,4139.937784524606,235.84250272099112,Overstocked
f5219046-965f-4747-9d17-25f472456e42,1f379980-1210-45bd-8155-7897e03e4b2f,b5eeb199-9c1e-43a2-8cc4-ea65bb81cb97,Chennai DC,4093.9402655472845,6.808335650619483,4087.131929896665,708.4642561770148,Overstocked
43716cf9-dab4-4a50-a9f5-7c0754dc8331,29073a1b-cb67-4053-a9a3-3321d115b14b,caf64a14-d894-46dc-85f7-d4ba24b2f454,Pune DC,1453.2467206198883,782.7993736603228,670.4473469595655,348.0743665945539,Low Stock
b83df009-6749-4e86-9e5e-e1a56e85d732,d238b045-23d4-4980-962d-ae853bb16e6f,4b7364ae-5985-4d24-92f3-3fc5b861a06c,Pune DC,2424.105460118337,713.3854669224897,1710.719993195847,835.1452885515732,Overstocked
d55529f1-4d6c-48c0-8646-1b99b66cbd31,f45467a7-bff1-48be-ba08-900c91dc836b,29e3db0f-6751-49b8-b30d-9c0c140822ef,Pune DC,2039.9689861359866,721.5500196555606,1318.418966480426,368.9947108573448,Overstocked
228fa07c-48a1-424e-b9bf-bd312e6dc4ce,6dc71855-5102-4ffb-8838-be1d7170d76b,cb1b4b80-b76f-4fec-96ac-26a3df66720a,Mumbai DC,3451.4367796684724,3.0,3448.4367796684724,69.83667625207323,Overstocked
e856dcb8-bcec-4908-8f5a-104cafb1a777,4655c2ca-1fb1-4fa1-866a-085fb7a481ae,034b21a2-875e-4d0b-b82a-fc0027955ece,Mumbai DC,2535.7955257661943,411.11064741520613,2124.684878350988,582.4102736273845,Overstocked
a81b7189-02f5-493d-93df-53cacc60f543,4c65ad27-9be4-4c7f-9349-fca163b9c722,ee46ca40-62b2-4bdd-999c-b9a6e07f1c0a,Pune DC,3814.9036452254363,17.503662031419935,3797.3999831940164,144.39055592005334,Low Stock
ccfdd486-7096-4f40-bb42-f43809147989,81965d7e-eea0-4215-8d90-6520ab1325cd,59fd0871-4bdd-4177-a50e-da9fcf4f96d1,Mumbai DC,90.92093332649281,48.47495088305382,42.44598244343899,432.9049117196244,Overstocked
142c4d9c-c281-4d24-9ecf-6158e83f5350,1f21269a-f32d-4430-8dce-8bd5e06c9bf3,de765c39-00e0-4fb0-9be2-f0490f25df15,Mumbai DC,4952.907687128376,222.44810968477032,4730.459577443606,986.0834362070045,Overstocked
f8265b55-1dfd-41e1-9c5c-ea1b19f4868f,e0f08ddb-b092-42fa-85ee-f6418f068a87,f0ef46fe-967b-4bc3-b9f8-c99a4e5e2b1a,Delhi DC,1303.597773439555,407.56147230260046,896.0363011369546,128.74594298513318,Overstocked
5739b45e-082c-4933-a73c-0aa9856a6ca0,06e552b5-27f8-4c37-b298-424691837dbe,dc7bd57d-80ca-4d57-9925-98eabaef942d,Chennai DC,1874.7685051713206,646.3829770048635,1228.385528166457,409.162422617131,Overstocked
6efc1058-5554-4cf8-9a8a-9bd2d7d016b7,33849428-243f-4b2c-a6f6-a4e6060df17f,f339f071-7060-4229-9a5e-76134744ab27,Chennai DC,4593.557705317669,505.612353967284,4087.9453513503854,101.74079458655987,Overstocked
f026bdeb-30dd-490a-8007-dfb0d0b6bb41,af3572a8-5eea-408b-b79a-b2f2169f5ad0,50095c72-ad12-4a25-8a51-35383941201e,Kolkata DC,1917.8115224378005,438.84149550900474,1478.9700269287957,586.1715906193957,Low Stock
051aa59d-80f1-4ffe-ab45-6723e5087d10,fd07c1b5-c03e-4e55-b7b8-3e51a6dcc6aa,fe40bfc7-35de-410b-bf45-6c9271ca58e5,Pune DC,4401.175441056917,604.2214990680122,3796.953941988905,887.1741517381424,Overstocked
be763ba2-6c2a-4f42-b048-b0394aea34ec,1d4318d1-d550-44ad-a77e-52216551d0fb,d40114d7-d3ae-4328-9183-5d0dadeee0f7,Mumbai DC,3534.273414604141,588.5096426756099,2945.7637719285312,213.66285888724548,Overstocked
5d4ec6d2-950b-45b5-81a9-3e1e4094dde5,df47f920-f8f8-424a-9f13-e61049abfdc0,4151b28d-d967-462d-986a-72c7bfbd85b0,Mumbai DC,1270.9391076568509,566.8186038869222,704.1205037699286,316.69872365835187,Healthy
90e62d57-df38-4100-a711-8cbb391e0640,d5773a03-9546-47de-bf15-700cdec59647,2f9c6874-6b59-44d8-b3ec-4d9f1e1bceee,Mumbai DC,616.7347870762485,267.60475648121127,349.1300305950372,878.2167535797597,Overstocked
ff843c92-6733-4e10-8cf7-4fd8fac87690,15cbab23-34ce-4df1-b118-da62ca1ec144,11e9dfa9-e0dc-41ef-b0dd-0177d0eaac40,Delhi DC,2221.9431326080175,103.66921954202553,2118.273913065992,984.6212091509071,Healthy
76a499ca-f009-48e7-8d95-edcff14e178b,6a2de75c-1152-42c4-9db3-a0c61cf1fdac,aa6cadee-054f-4f1d-b900-7aca16c1de30,Mumbai DC,2702.7199158985404,62.61491692318896,2640.1049989753515,764.2292141216677,Overstocked
5bcb7df6-bf55-4709-9a35-f3d65e1370e8,05715cce-8301-4e61-8319-e2f23ccc7fc0,75b53234-bb60-4dd0-8944-deafee907943,Chennai DC,1713.6722497896033,185.56608141455513,1528.1061683750481,500.4548093765885,Overstocked
15da93bc-0ca1-489c-9cb1-9b453216fa8e,fcbdff71-63f8-46e9-9094-9f1eb737ebf1,d832f292-375c-45cc-b4b5-d7aca01648c3,Pune DC,2430.3012174327855,750.9788672972347,1679.3223501355508,202.12219431516138,Overstocked
f7a67277-f5e5-4bc6-a989-011acde264d5,4ca341d9-d76e-4db3-84f2-cb20c27d31b4,19a61c8f-0790-4e6c-858c-2a48443ae8d0,Chennai DC,1030.8382191608089,342.23316452326355,688.6050546375453,675.8155704466553,Overstocked
abcaf989-2eb7-439c-95cc-33ac801b82d2,f222db80-108e-4c53-a479-8ab766fd9d08,0c3b4ea8-11b6-45e9-8401-7c4d8a59ea4d,Pune DC,4524.783877575749,247.99355104878578,4276.790326526963,51.519191730562184,Overstocked
5ced4781-164f-4489-89cc-f6e66ae4ab1b,40e8b88b-8a45-47ac-8307-14dc67f4d93c,fbe5bd7e-68e1-48dd-9e58-110e3bb9468d,Chennai DC,452.73991821347255,369.35780829195176,83.3821099215208,672.872640945845,Overstocked
a4c4ba1c-f96c-4ed5-a07c-aa1c6088c86e,25613a65-b088-4165-9b14-d9484dd49e61,8f2f7a36-9b12-4d99-8360-c4c5f7dbb9df,Pune DC,557.9311147708954,46.23243009300876,511.69868467788666,330.11353575956167,Overstocked
d0e39fc3-44ff-4ca9-a1be-f703b2e44b72,0d0480b9-ee0b-4a10-a979-0708af62cf36,aef1ec0c-e17a-460c-a248-0423ca9240fb,Mumbai DC,3091.807400214274,528.0298981798396,2563.7775020344343,53.15018628394278,Healthy
a34a0359-1735-403c-aeaa-684ffefd3a25,e8db0dc1-5a8c-44c3-bf78-5697d3349241,d9be4930-8b9b-414d-8cf9-51ce3a85b53d,Mumbai DC,2585.2146498427805,65.2869360099653,2519.9277138328152,870.0552439998518,Overstocked
eee0635d-a712-4387-a445-190fc858617c,32b72287-5e00-46c7-bfcc-cd1187ded39f,2cf75ad1-fd32-47c2-a8da-c423128b6152,Mumbai DC,3565.971369743164,332.95235308934025,3233.0190166538237,175.6939629323657,Overstocked
a27435b8-e0e8-41d5-9c71-a6178790db22,2879ce53-b9cb-450d-b942-d17410ca84d9,779304a7-d53a-4070-b130-f0e7f12b8a6d,Pune DC,3647.1286090396784,645.3567072119827,3001.7719018276957,283.4995011718405,Overstocked
310a11ee-399c-498b-8fd6-8a2248c2ff1a,1d4b5197-2b1b-4d79-aebf-8fbc89ab29b0,51f31290-b7b7-44b0-acbc-6f40da0b497a,Mumbai DC,209.77027320702163,41.39205719426337,168.37821601275826,529.6628545528447,Overstocked
94e4e8c9-5470-42f4-bbca-204c9c66543c,8ce3d103-8bf7-4736-bd99-15592ba60727,3bc381bc-5c24-4f31-98cc-740943ddc439,Delhi DC,577.6054793964602,72.33354366958514,505.27193572687503,563.2051184114235,Overstocked
6cfac6bc-5e63-4a9d-ad84-f0e6d8283f0b,76844577-23a8-4d0f-9550-00e18308d9d8,fadc7b29-6fb6-418e-9124-0f39a36fb479,Pune DC,2259.0181458907973,775.0673343328633,1483.950811557934,212.99691286001195,Overstocked
a176e680-1fed-4bec-a227-ab867fcb4c9e,94512ed2-e473-4e3d-a662-f98c621e3b85,82da9eda-c472-4534-ac1b-30c697fa54fb,Pune DC,4575.807909138974,619.4780286624073,3956.3298804765664,912.837874514156,Overstocked
f84fac32-b2e1-4c6c-abcd-47e65ebcd97f,99ee5dc5-245b-43b4-802d-1b3b41ea8375,41dcc3ff-ddc3-4a43-9f94-dcdd92fb66e9,Mumbai DC,1414.2714472086657,10.496812877188177,1403.7746343314775,647.9852764328525,Overstocked
ad651336-86fd-4241-af15-a609e1e23f7f,6af5065f-47bb-4e3d-a96a-2d1c54a03f51,5d003059-c54a-493c-8835-b62c1a25f845,Pune DC,4298.405338195987,62.93840345657827,4235.466934739408,374.36137149797787,Overstocked
b1eb24e7-2af1-4b89-882e-edb3cf6d31fe,e4978ec0-cb7b-492c-8acf-4e5dcfee03e8,b614a475-8861-4031-b6b6-a99f72b1c5e5,Pune DC,3591.584374812561,67.36690148273601,3524.2174733298248,861.344905744376,Overstocked
afc4819e-8bfa-47b1-b9bb-b443e524c07f,153ad6e8-8030-4da9-8e53-f5a36dbcecd6,e3e2d3fe-ac3e-4985-b77c-10a60718307c,Pune DC,4251.512829058296,477.435678767225,3774.077150291071,831.0480496156637,Overstocked
58d29f0f-6ee8-4ebf-b342-1b77afa67ab1,a5429006-7c3d-4d26-97d1-b0d44018677b,8208a78e-ed43-4441-8d11-d9c0d921fd71,Chennai DC,3414.6601697379538,138.80989798369455,3275.850271754259,973.1884606603805,Overstocked
4895299c-628f-428a-82b8-ba42f76dfe9a,d03c722f-5587-475e-b7b6-7cf519086843,b61c31f2-6636-4569-b6d8-d7e4463bcbf7,Pune DC,2515.1329438120306,551.9810104824817,1963.151933329549,230.51485827921152,Overstocked
a555c7b3-9ee9-4882-90ae-878292f9c8c6,aafab57e-7f89-41fc-9dd7-6246f979a95f,135f2e3f-7678-454b-856f-aa741504b543,Chennai DC,914.8532421825884,226.2134272003093,688.6398149822791,536.009418213655,Overstocked
d6735f9e-ab34-496c-ae7b-032250a48e99,322a0af2-2007-4ccb-99a2-ff25343a1490,beabbd25-87cf-49c6-be1c-1152ec9afbee,Pune DC,2900.2890184025423,56.573077167748124,2843.715941234794,453.6183791826354,Overstocked
ea22ff27-908e-4ffc-b559-64363458bc56,89aec1e7-93a5-4d93-8355-4f7d147221ae,b741682f-85fc-4a8b-bdeb-9d439f311b73,Kolkata DC,1339.4528523588015,409.79135452471974,929.6614978340817,620.4903946220188,Overstocked
77cf341d-3bc2-45b0-925b-1a863ea76015,c35af9dc-61ab-461c-beea-4d35a21149ab,59eaba91-3e84-42fb-b6d3-c7f4e5d9af23,Mumbai DC,3936.3802368386423,101.34898853964205,3835.0312482990003,645.2231972167706,Overstocked
69777711-cfbc-4b9f-91d1-74115b619070,06c26933-49a0-45ba-bbde-fe2396354488,77e4f41f-c58f-4def-8181-57b09b950c95,Mumbai DC,2903.118443682403,340.76773790895004,2562.350705773453,936.135547729573,Overstocked
74306723-b160-4c93-8399-6a14661e9ff4,4ec74178-553e-4dba-a788-7345b9261336,e52d19f6-eb97-4325-b3dc-f715e5f31060,Mumbai DC,1898.7426913796035,362.9138235929013,1535.8288677867022,694.4773702240578,Overstocked
64136b70-e30d-46b6-827e-9fefff9f9876,77635635-f5d9-4919-ae0e-cf59401eb2a5,6ada6652-d5da-4205-b740-a0faa144ecee,Pune DC,877.4446884601571,619.0701558855478,258.37453257460925,170.20763012993848,Overstocked
a531f042-ca08-430a-9b80-0cce32d0d5b2,862ceab8-7796-467e-9647-bc4bf6fac3ee,26acc8d6-a8a7-44d5-8833-1a8c2fbeea96,Delhi DC,3619.815868144834,623.5693622937656,2996.2465058510684,792.7632084191494,Overstocked
6d33a42d-8519-443d-8859-a8d93dc4090e,1d3128a6-0db9-4287-b04a-7dd0532ae8a4,1865cd17-3e1c-41fe-8435-884f9fcbf1fc,Mumbai DC,503.0069683387266,412.7994814558319,90.20748688289473,585.2768080217731,Overstocked
c8abf738-610b-460d-b437-02e8f7f03c02,62d256e2-ebc5-4f22-9f77-625414ba94ff,8c57b566-07a0-42c1-a98b-ded87d2d8ff7,Mumbai DC,3174.0614134368016,566.942756376392,2607.1186570604095,586.1407915891533,Overstocked
bcba2f6a-b1f6-44fa-9571-3f7ecc196b0d,d17b0e8f-c2bb-48bb-be85-5d3817e6b4f7,60196e36-0df9-4a01-9702-a78a5ece2c6c,Pune DC,656.7947068778399,260.8979625483063,395.8967443295336,327.9429125849356,Overstocked
88f905ae-6ae7-431b-a722-d6df8653a779,4ddd23fd-f2fd-46d3-87a8-d2a6899b3440,b08eee77-ea4f-494f-9030-af06969d06f6,Pune DC,2085.242886495484,393.0028288793692,1692.2400576161149,459.39774766431503,Overstocked
bd165505-67ff-4ccf-a5bf-54809f2e46e4,9a269e18-e947-43c6-b31b-22108f3258d6,085b1200-28f8-4f34-ac68-c367326561b8,Mumbai DC,792.0064481390109,452.6932607879198,339.3131873510911,984.2483255480308,Overstocked
b89e46c5-572f-416f-bf80-4c8d8dea6f19,0a66bc40-d6e6-4094-93a9-5d384d5e4a1a,4fe32172-bc78-4d0a-b121-389c3c1ebf45,Pune DC,3925.9160080903807,584.4029744617478,3341.513033628633,649.9125177424158,Overstocked
b7110c8f-5913-4b9e-b32c-e89ee0f6116a,7ef522a3-bf9b-4a16-8e73-6fe80cc61ed4,8857612f-8efb-4f15-84b9-0f8f515dcc0f,Pune DC,3578.7146581832076,138.8664634216002,3439.8481947616074,994.9178152489438,Overstocked
0120c818-e03a-416c-8412-7dee17561d99,57879cae-85b8-49de-91fd-9eab19fc66f4,b643673b-f8ee-4f56-a19f-a6d95814b295,Mumbai DC,2879.260888728797,367.6583309302755,2511.6025577985215,430.4469446288235,Overstocked
554fb2f2-2881-4978-9617-7ddf679281d6,11dc1fe6-aa42-4d2c-b60f-bbb3809d468a,9ebcdf25-c0d5-4c5e-8334-99f40352a3e1,Pune DC,3961.512387596544,63.457056144557555,3898.0553314519866,323.1283812023481,Overstocked
dd00f10b-0fd0-4dab-bf88-15ec83d71b74,0938fc64-32f4-4ffa-a794-a401b0a254cc,e5375f8c-4f2f-4ee1-a326-d3dc829d8972,Pune DC,4557.759999144909,654.6539168625663,3903.1060822823424,532.9195099322762,Overstocked
7828e0c1-fb84-41e7-92fa-7fd06dee8143,c479bc06-70f8-42de-adc1-14e83218fce2,eca99f5b-678e-4532-8753-1c751a118a51,Pune DC,5036.860335564589,655.6969362021118,4381.163399362477,307.8937163234194,Overstocked
9d534040-ad62-4b65-b968-906adb89dcf8,2c6b4fba-c83d-4ca9-86ef-c5a53e82a509,9a07c556-c52b-4d1b-af15-f11ec459b3a9,Chennai DC,961.0983001341764,754.5886012940103,206.50969884016604,876.9302076824233,Overstocked
1160d62a-e066-4296-ae47-657d20a12423,70f48766-4ff5-47f8-8867-a544a650d17e,1b5c0eab-0a3c-41f7-b6b0-47a4e014526e,Pune DC,5270.039723594514,596.6438441584305,4673.395879436083,655.5289118979471,Overstocked
c7dcf5fe-ff26-4a2b-b29d-b687b59a0d40,0667f05e-bca3-4cf6-95d8-2827227e44ba,0758a464-b640-453c-b2f1-ce29223e0ce5,Pune DC,255.5563313294099,232.26335544155802,23.292975887851867,936.4881210392821,Overstocked
9f3681b4-2319-42da-8916-6b7185fbfdd6,4d368cbd-2acc-4ad8-9edf-0d63fd6777e1,f0048be7-976b-4f82-9abd-79061caaf04b,Pune DC,3064.0775835862896,573.5745550355318,2490.503028550758,832.067406577023,Overstocked
8cff7417-03c1-461c-816b-b2e4c2f6492f,46968eb6-412c-4f5f-90ba-9fd375f3e08b,8a1c5e04-f573-40de-bdd0-5bf8958f0797,Mumbai DC,1264.4126264182978,156.21774998691308,1108.1948764313847,701.1910702685615,Overstocked
f25799ae-9b12-4faa-98f6-8dac611013e9,3c47c960-4aeb-49d5-9707-c9e28311f258,499407ad-ad67-47aa-b6da-7f1eb1e412ea,Mumbai DC,1699.2457503555509,418.22523121973813,1281.0205191358127,537.6357891179124,Overstocked
ab25feed-8bdb-4467-9be5-11df9863ff64,fa7428f7-8882-467b-ba6f-d01165c8b1a2,7515e04b-3cfc-4fc0-a1e9-e5f11d631db7,Kolkata DC,4596.482967200099,194.74715760499384,4401.735809595105,927.6263013140932,Low Stock
c10f17c1-6741-4b3b-b655-605cae030676,fdbd1f1c-23dd-4507-8174-5d6ce44e1428,34d84f03-b824-4b96-bdb3-317a8fe88b0c,Chennai DC,3213.5785484112535,334.05027038762364,2879.52827802363,382.41142529505447,Overstocked
25bd1bfd-1c2d-4181-b5af-3b39bb1da782,43239068-4fd7-46a9-b312-d29848e4d0b7,dd3ebc25-a4ce-44cf-b930-35cee1d929be,Mumbai DC,4664.076256001522,253.52548038506575,4410.550775616456,89.16476775616255,Overstocked
c2e9ac7d-f001-426d-826a-46a1249d7285,fe77457b-53bb-4518-ade8-e67062ca0365,6952c66c-0c71-43fe-a42d-3f200b083b2d,Chennai DC,244.98300469754554,194.7255657860618,50.257438911483746,93.00170512377069,Overstocked
f959c9f2-677a-4107-ab29-fb3dcf4a3d91,d3e219b0-a7fb-4569-9471-db2415c5963b,cb5d91d7-a7ff-415f-9264-6629e0bcb521,Chennai DC,2670.901089324523,774.5256678323115,1896.3754214922117,60.223747070554815,Overstocked
680b0996-5d09-4c37-9a10-674687c9d8d6,f0facf8f-6757-47da-bdc6-f621efdd95fe,27b17e7c-0ea9-482d-942a-a45df9d1517d,Chennai DC,3966.186219793208,69.21804472245276,3896.968175070755,113.7751338612433,Overstocked
0314ab59-05e6-4806-9317-1bfe78a4c60d,9cc53c5d-3e4c-4e55-bb0f-2596338cf9a6,501e50b1-579c-4cf7-b00e-f5a7c2685b0d,Mumbai DC,674.2136725376286,339.2899300798003,334.92374245782827,235.08119902806018,Overstocked
f8fd3208-aff3-4f36-8289-ca219cfa02ab,5a54914e-9f0b-4320-9710-6f3c5c5bed7c,95ab43da-0199-4b73-906f-bc54db9f9e21,Mumbai DC,39.85860054124902,39.85860054124902,0.0,797.187856464857,Healthy
e1c3911c-8579-4f9a-91de-ef7b7ff90097,cae86df7-bf79-4b54-986c-459565bb92ef,187edcee-7d90-4e91-bb43-f4052154a778,Mumbai DC,3321.3747412205366,67.31389176418497,3254.0608494563517,260.06297625015,Overstocked
fd98625f-d19e-4215-b541-8b746910826b,dd838aec-c0f7-44ac-a893-b2f81073ac30,8d666faf-198f-46d6-9a36-e88586a088e8,Mumbai DC,1296.7180875061276,675.2588367676503,621.4592507384773,956.1325102956096,Overstocked
698020ba-fa79-489f-8a64-b6e2ab9335b6,9d50f3e5-c0ba-415c-9122-bf8c57f21f97,ad86360e-0d32-444f-835e-fe1711bf087b,Pune DC,4861.935507698676,637.9485074585391,4223.987000240137,726.1929893339841,Overstocked
0ef0c333-ce0f-4a21-95c4-12cab0e57b0f,3f951d9c-d5dd-4c22-abed-d78efbc2da89,7d8b260b-b9bc-4139-82ea-bc2e6133b959,Pune DC,3079.050343147003,336.10462448079943,2742.9457186662034,456.4646139619081,Overstocked
97ac25fa-4d77-40b4-ad99-a37016e2b02d,f9bb0974-3b77-42c3-8ae5-19d5af5077f2,227b89a1-5081-434b-b3a6-711df1e09c33,Mumbai DC,2252.9411195547464,698.3753882243384,1554.565731330408,152.31375215405782,Overstocked
2f2611c5-8a05-469a-acbe-4fb34a1e0c3e,91cd345a-f017-4d25-b9e4-2e17e3a549f4,f4d3fdda-c967-4f43-934d-54a5bdba24a0,Pune DC,3467.9845779158277,186.0967320895802,3281.8878458262475,919.508309951272,Overstocked
d3342ab0-9b00-43f1-adcf-b23563dfa091,7a8fa316-65c3-478a-ad18-50743a5c53ff,b618bccd-19e4-4f92-98b6-620ec136f23b,Mumbai DC,4187.535908665296,11.908933733902813,4175.626974931393,196.3788669430117,Overstocked
a1124314-9e87-4eac-86a8-749042bd63e9,878435a8-dc11-440b-99a5-895e5100cc5c,1ff8ef14-c137-4014-acfc-233223d9f1b3,Pune DC,852.7329297958063,792.7314439257887,60.00148587001763,791.5010446290897,Overstocked
af1779cc-1348-4b24-ba60-b2e5a0fa3d13,8c40fcfa-8301-49f0-9dce-72d3c4c67a40,bf1f31f0-eec1-4802-8cea-fa47214f60f9,Chennai DC,1459.7632116773748,792.5707431237354,667.1924685536394,873.9243646147291,Overstocked
fcecedbc-deb0-44dd-82e6-c36c1fe71f2d,6544d015-6c91-45d3-976e-fdb43cea97d5,135eb8bf-3827-449b-ae37-3ccf7e705734,Mumbai DC,695.908770734455,356.7525922006132,339.15617853384174,585.8393468003935,Overstocked
253685b7-1066-4cf1-b035-cbf55def74b8,2526b880-af95-4c52-8bf8-2fd603eeb791,e690e870-5ed0-486c-a957-9c353091bc74,Kolkata DC,3025.90491548505,131.26308166560602,2894.641833819444,377.97005133017876,Overstocked
1b0aca48-d6d1-4f08-977b-a2a079425667,5c06ae8b-d860-4304-b17d-ca898d0a5a03,1e5a60a1-08a3-4c35-8e4e-61a8ff959498,Kolkata DC,4465.712080550001,61.703360799084294,4404.0087197509165,795.0780985169903,Overstocked
ee9a61f5-dd19-4362-8179-779e9fb3fbad,36fca460-d16b-464f-b0a6-0e6245afa236,1b4218e7-a1fb-405c-bd6f-27a9baea4a5b,Mumbai DC,1073.3950432196732,754.9677632919377,318.4272799277355,676.5888447512849,Overstocked
6a83465e-11c4-43c3-b3c5-c57faa108e44,a9553de0-0034-46b8-b6e5-dac3549649bd,0b04ca02-176b-4471-9dfc-8d64be39b169,Pune DC,1184.8519299117288,561.5684639268286,623.2834659849002,788.8871950992674,Overstocked
92355a06-4197-481c-94a1-182e639ac5a7,4775fe14-fee7-4dbc-a056-dcd2ed3fccbd,d38638c2-ac4f-4f0b-ba8b-b1a83e618995,Pune DC,2430.9010937000085,274.54162291752937,2156.359470782479,494.12074823437086,Overstocked
153c22ae-d998-4ae8-97fc-f1011adabd4c,4597dd72-4c0d-4ef3-9571-32fd785e8fed,242612ef-989d-4a8b-a696-6f4f609146f4,Mumbai DC,752.7996871174462,63.60881133870873,689.1908757787374,981.600690789519,Overstocked
9fb74533-496c-4c6a-ae6d-84fbbee58bde,8160fb4e-dcd8-46d6-b0ae-60ebd94bdafa,671f4c0c-ce17-49b8-bdbb-7e6d0b7308f8,Chennai DC,4225.0401955298075,530.0364619078046,3695.003733622003,528.910466362062,Overstocked
7743d034-bbd2-4943-8809-6868568ebc3f,f2438892-27fa-4081-bb14-4126e76aec98,2edc46d5-dd5b-40b6-a216-5ab3d73f6280,Mumbai DC,3811.270097247735,141.49865268667372,3669.7714445610613,523.8344046804245,Healthy
243ff66c-aa18-4152-9ef6-7197edbdd62a,104bd8a3-c46f-44b0-b543-a2c23301fe63,985422d6-5c69-4650-a3d4-56b2be428838,Pune DC,4561.3059106887495,270.06124330297826,4291.244667385771,306.85304082741067,Overstocked
d7938eab-2321-4309-8baa-20325dd3904a,585f7d67-d052-4bfd-b387-d0566efd7728,548f3fcb-59d5-4399-9ce2-833a07ecbf55,Pune DC,1886.1890105229809,236.09898242781173,1650.0900280951691,943.9152374302407,Overstocked
f7046816-baed-4b4c-9b67-849e7ea4c147,d06c83b4-3d46-401c-9fa7-4f05395db70d,dd6ad204-d7ca-4462-8857-f89d1d8ed7bc,Mumbai DC,1411.1034031668687,114.0812500605191,1297.0221531063496,833.3897964743238,Overstocked
92a9eba8-8d8f-460b-a919-b4a8668ac781,cea65cd8-9ec5-4fd0-88dc-3c1236bd0d63,f237cefc-e81b-47f9-85ca-a022c0cf6ca2,Pune DC,2534.6243901740536,347.35358135906745,2187.270808814986,742.328431741604,Overstocked
9a90b22c-eaa0-452a-a9e3-00e921957c50,d44cfae1-dba8-4c75-a4ee-e5146a496e27,17acaee9-927a-4a84-98e7-d9d4146194b1,Pune DC,3520.1153623519867,121.2753342062997,3398.840028145687,70.87674126928016,Overstocked
aa4e6c3f-cff5-4257-96f5-e479b8380d56,8a2c62da-e820-4d72-b836-018548d1cb25,ccf9cf02-2b64-497c-91cb-fad0711c970b,Mumbai DC,1835.5104461941216,30.792819205638807,1804.7176269884828,805.837752756133,Overstocked
dbdef95e-d59f-4e61-a437-332a7cc8a698,f24e2137-6a60-4620-b3eb-badaf5977147,0114d92c-564a-4cf8-80cc-ef4191e2dea8,Pune DC,4176.945966767317,114.86851293588461,4062.0774538314326,116.65524512583487,Overstocked
d309f3b4-57ca-4a37-8d61-9307cb44438a,cbf6d27c-6569-475e-bf54-84e8f927ec0d,5b398dff-be66-4565-8d59-01ae971f26e8,Mumbai DC,3633.233226762558,12.05489053390238,3621.1783362286556,912.3179212254348,Overstocked
64d62554-dd48-4908-9fe5-cd7c9783b69e,89288cab-8421-44bb-9465-033c121ff89b,3a01130b-5a8f-4aa1-bd35-1045180b5dbf,Mumbai DC,3946.029603985578,721.1098813083818,3224.919722677196,386.3403102928684,Overstocked
d0865655-1b52-4c4e-9c3e-14b279aac8d2,cb4b1742-c754-469a-8558-4e2be6593efc,64e41811-e6d4-4175-8fe3-515a7140618f,Pune DC,3803.912063198417,108.70081988689117,3695.211243311526,101.75260694308585,Overstocked
