inventory_id,supplier_id,product_id,warehouse,quantity_on_hand,quantity_reserved,quantity_available,reorder_point,inventory_status
928cd533-7d20-4eff-96f8-ffb65c99ed93,69419a11-a032-4b9a-a8d5-ba33a24c34fe,dcce0975-ad94-4c1a-a4a4-1e62d41088e8,Mumbai DC,2541.405632049774,376.5382593828699,2164.867372666904,516.0912941972432,Overstocked
8dd7af78-3346-47f4-89b4-0f7ab5f467ff,d5748a3c-de56-40d2-b47c-f6eff0cfc3d5,27827b58-7ac2-415a-892e-162501e7314f,Mumbai DC,2610.9947719035654,391.19938188404194,2219.7953900195234,479.0771464502193,Overstocked
0b9efe3c-96c5-4609-b60c-31324223eb30,ff025426-fb6c-4f0e-a523-5b76aa28e4ca,f83c235b-1252-4824-afab-f988da4dcc55,Mumbai DC,2638.009823735956,358.94514411508317,2279.064679620873,528.9668230155551,Overstocked
fc4d36e7-963f-4fb7-b047-c573b3b8fb7e,36d92597-ddcf-48d8-92a9-5911341afda5,d986c065-b33a-4138-8e19-6c3de5388b72,Mumbai DC,2532.425487260274,336.9057963777518,2195.5196908825224,528.1692849434879,Overstocked
5a522fbb-144f-4e33-90d2-ab6e98b0b67a,3950d664-97fb-404d-a6dd-84333c042fb6,030e8bda-391e-4c63-85be-8eccb74e8d5a,Mumbai DC,2385.5240885783664,339.448653641781,2046.0754349365855,492.7966119235632,Overstocked
c26f4eea-af8d-4c95-b255-98f872edc91f,c0a6114a-9095-4fff-add6-55af95b9a46a,96a2d35b-ffd9-4640-b9ea-5b9f2b84d21e,Mumbai DC,2669.4514161111965,359.7781977543905,2309.673218356806,494.7726178020566,Overstocked
61089cdf-8254-4875-a04c-f9a94b889ecb,77270f2d-0812-47fb-9838-f4c439eb02cc,c1e3897a-8c2b-494f-83fa-94f1dd93b927,Mumbai DC,2362.003546362826,362.97126635816335,1999.0322800046627,490.8734086664206,Overstocked
291e2fb3-b193-47f9-a67f-0d49a1a5a0f3,298a7d52-bf3a-4ba7-a35e-ce308e0ed853,ded13240-1f81-410f-9e02-6f5671750a6a,Mumbai DC,2547.1011568148406,367.20237872180496,2179.8987780930356,482.6068944136337,Overstocked
170b9f59-c23e-4966-bdc3-d2377a24b983,1818cfff-3017-4ed0-9986-19e24f946028,c946bafb-23b2-4d23-a02c-d0933f5a96f8,Mumbai DC,2750.6477125367574,374.2396306850833,2376.408081851674,520.489426724091,Overstocked
264fe713-56f9-440d-bf24-58020ea086c9,3297a348-4eb3-4b3f-98a9-dbe6b9c725b9,c038a5db-8bf9-47b3-a4d1-d507a1887940,Mumbai DC,2476.7939451051384,322.98483368632697,2153.8091114188114,503.77375369576504,Overstocked
ef6a6313-3ea7-4618-a689-4e4f3f203291,c4b59a94-2079-4ad8-853c-f66d5f8b558c,9a889dcf-4def-4b55-a92b-e73425f5680a,Mumbai DC,2627.2696590015407,349.9060939368569,2277.363565064684,527.411126113687,Overstocked
4b60c17a-c7ac-4686-9771-9049bbbdcc2b,6f721682-8e18-4172-b3f9-172a766fb625,2204b448-0ce9-4fa8-9bb4-acb1cc7daa8b,Mumbai DC,2376.0956588991817,325.91900210302447,2050.176656796157,529.160143300501,Overstocked
6cccf1f7-d189-417b-85d8-d46aeb34f7c1,7b96bdf5-4cee-41e3-be15-99236a22c308,cba99ded-96b9-48fe-be24-6d27c725e7f7,Mumbai DC,2666.996358531289,359.4660130055813,2307.5303455257076,488.27325735130614,Overstocked
df4c8f46-3eda-407d-ab4a-32c54c6bddac,7853985c-d2ae-4e92-a7b2-ee24ad01c3a5,eb528122-7102-44dd-95b4-de24b168749a,Mumbai DC,2722.845141207641,379.25720047960795,2343.587940728033,522.4369406751114,Overstocked
b2c964f5-35f1-4fc4-888e-1d016df7bc21,e4eea94b-564d-45dd-aa80-ae45d58dd91c,d72d0dce-9b60-469b-a473-d8f46b3997b9,Mumbai DC,2657.9648591970013,367.3568999898571,2290.607959207144,501.7812314844715,Overstocked
6f34da07-5e94-41a2-925a-51f53d9a469f,438c6ec7-fbff-4e03-a8f3-8b778b2509a2,661c4429-6252-4803-b34b-14d42a56bcf5,Mumbai DC,2766.055539648801,371.04003977184175,2395.0154998769594,512.9143945990525,Overstocked
260bee24-8f54-4f7e-9363-2ef6826932fc,5729c236-70da-4678-a648-bbcd0788a52c,8dd889e3-6640-4b90-8dfc-c22ac9914162,Mumbai DC,2526.9989909668097,381.1015507244074,2145.8974402424024,550.211083592286,Healthy
943cd2b9-8326-48c7-a8b1-d77c3f1dbea1,28b767a7-a107-491f-94f5-8d83e521d792,9ef574ce-66fb-40b0-9c56-e8583c5cc305,Mumbai DC,2455.772395727691,353.2732489817745,2102.4991467459167,494.80705239717963,Overstocked
621b7851-e501-4387-a17f-306630c888f2,44ff1241-c6ce-4005-b070-bdfa8a6aa7be,8d718a25-d6d5-47f0-8409-060e9ebf9981,Mumbai DC,2506.220623956004,359.66460913954415,2146.55601481646,510.9616800104455,Overstocked
7deeea1c-1722-4897-8b2f-2f28b472bccc,5d9b0d09-d883-4dee-9336-c4a257cd55db,6f289f47-ae06-4f2a-9ea8-13328686e90e,Mumbai DC,2623.0834402928995,383.74235461043963,2239.34108568246,470.61043091864155,Overstocked
5b076324-12b7-40e2-998e-315b67e6cfbd,1871e110-0627-46b8-9576-07fd91b0ff65,637a3a42-6d8d-4ae8-9b5b-fc551380fc0e,Mumbai DC,2668.395434535001,348.51255189547237,2319.882882639529,507.88827310315673,Overstocked
1cf77401-fa17-4586-a21c-a23f9056ce7e,17408833-9def-4a16-8d1c-44fbd4fcce8c,812a86d3-dfce-49b5-8b29-935a9b681a77,Mumbai DC,2671.392710629585,362.2610967306955,2309.1316138988896,502.1230548590293,Overstocked
1a35d6f9-cbf6-41da-a767-d4ceb3a59dd0,79b2701d-7295-4812-aa97-1571fc516a27,80254602-a5fc-4c2a-aa6e-00df7d0366fb,Mumbai DC,2688.244024280885,389.0857653940193,2299.1582588868655,522.3189743848914,Overstocked
49d873df-4c20-43ff-abf2-9c7bfb14c674,21b00815-30f6-4ef5-a032-c6f458731a81,43a4dbb1-ae9e-439f-bf6e-540e43d136fc,Mumbai DC,2665.8464290064094,362.72309943886967,2303.1233295675397,508.72984994964276,Overstocked
d4852d10-64e6-4723-bc5e-b274e77ed01e,9c417014-b963-40e4-b449-35bbf390585d,bd52c2e8-750f-4d3c-af79-bd61dc24fca9,Mumbai DC,2447.0561362951903,357.95563460452513,2089.100501690665,508.52533908342264,Overstocked
5a016215-5418-41fe-902a-8715e60b125d,a58c5e05-798d-40bb-8ecc-c073104b672e,cb8ee72b-87bf-42da-a3de-cedf27eb1de5,Mumbai DC,2597.9366770947477,378.8037565552545,2219.132920539493,535.4176612783564,Overstocked
230ea687-5569-4685-90eb-05738c1f5576,326538d1-97af-40aa-bad9-c1a2d268be52,28846c9f-978f-4c8c-850f-f01f11b58cd8,Mumbai DC,2341.4195399326245,367.3104434603961,1974.1090964722284,533.6122939521105,Overstocked
8d59bfca-4c0e-4c5c-8bb3-30028c6ce6fc,c2e1a71c-52ab-4acd-8c92-8fc602bc34de,babb4c24-7d8d-4639-a096-8ee650b3751e,Mumbai DC,2641.1123407429495,365.3222532500736,2275.790087492876,519.5699726983171,Overstocked
0032b3d9-0e22-4a94-b01e-ab08f560dd44,bc762cdb-adf4-4bc7-85ba-f8187cb0e74b,cc2048a6-01ac-4370-8039-65184b7b5e28,Mumbai DC,2510.6768591886234,374.66411198709966,2136.012747201524,478.2789117001428,Overstocked
f6d505b6-3cb1-46a0-8b50-dd0a42e4a606,0f49aaa4-db03-4f3b-925f-44b55c97811c,95f07771-f992-4c6a-96b8-55796c66dd76,Mumbai DC,2730.061164501627,385.22674870956325,2344.8344157920637,503.863836973229,Overstocked
5d8a70b8-941e-48a9-bd4d-680519525c9d,07cc3105-53f2-4372-a1e1-c20045bc2ba1,a4bbf9db-b9a1-48ac-9ae2-5809d3ab044a,Mumbai DC,2742.5528502016764,366.6513028171653,2375.901547384511,507.3905568452867,Overstocked
929c03db-db71-46fc-a8e1-d8f4cdead1c4,3398b8a2-3656-4733-acb8-ef4a2fefed80,66d205b9-d9bc-41a9-a643-9856551e99b3,Mumbai DC,2619.388767327811,370.61704665328307,2248.771720674528,504.43335917024086,Overstocked
36a4dea5-3354-4cb0-9726-1de300325ac5,223e5331-7d85-4446-b0c3-07badf90b7af,0d8e24bc-faee-4357-a71a-f1fab20f570e,Mumbai DC,2543.884055447421,371.70835631271757,2172.1756991347033,531.4531807520254,Overstocked
66a1ba28-5fae-4ff9-b395-56325bf28ed6,0e56cce3-3beb-4bcf-8680-b1fa8bc1d2ce,3bdf4ce0-c2c6-4ab9-8018-563e32430f52,Mumbai DC,2594.698292435257,353.3167025464172,2241.3815898888397,548.7631029382923,Overstocked
c0229964-f6c3-400f-a060-6ed554f4f76b,03cf547c-07f9-4a11-809d-f8b54bf5cc10,2074307a-00ca-4949-a26f-2abe337eb2fa,Mumbai DC,2190.441978029359,355.5589003057996,1834.8830777235592,522.024722828155,Overstocked
25f819e8-5f35-488a-bb9e-f4c95f6606a7,efc245e6-f386-421a-a675-ec67323d0aaa,be59f559-3b08-4845-94fb-442669e8d79e,Mumbai DC,2241.0165412255215,324.9482762813079,1916.0682649442135,516.0834825288995,Overstocked
27a93bf2-a466-4384-a7cf-1b260f19b35b,42dfed1b-589f-4435-8c14-54d91acdea8e,3abedfd7-d679-4cc5-88ee-9db3abe9407d,Mumbai DC,2552.5969577773226,360.59903300903215,2191.9979247682904,511.62886687491067,Overstocked
c923fe35-96d8-4ecf-b269-afe7fa4bb7b9,55d5b861-2d82-4058-9ff5-80efd9aa80ef,34aa353b-dd50-4598-9f33-8ef4f8086ac3,Mumbai DC,2729.066597511788,400.45414038948775,2328.6124571223004,534.6925569328404,Overstocked
29efd350-7694-4791-b671-48d058fa692c,24e3ed88-251a-4367-9d73-55f7b9fa7a95,ef74fb1e-e925-4507-872a-abb9a80f8c68,Mumbai DC,2703.4874674368766,374.14527582167193,2329.3421916152047,499.4972231554284,Overstocked
9ae1acd6-7f2c-4243-849d-dbae1d2d28ec,4b079fab-4217-4a70-bff3-485c59a5c97b,94a3b5ad-24ec-4604-8289-6fa05968ee72,Mumbai DC,2554.0535693262395,348.77183532934487,2205.2817339968947,509.10328647673407,Overstocked
75ee0574-cca8-4d47-9f61-b9d46cd4b17a,38fe1fae-8a65-4b44-ad8f-6cdffa3c9fbf,7433de24-1d42-4d2a-94ec-70d8c5e0bae3,Mumbai DC,2399.0677466099582,358.8742337652202,2040.193512844738,499.73956213497036,Overstocked
80bd64f5-ed66-41a8-b05b-035f86088063,9e138fea-3cd6-430f-abc9-d2ddf8226d33,20e07291-f90b-4ca6-a523-708924239de9,Mumbai DC,2700.9210764639292,378.51188632056846,2322.409190143361,539.1837275770071,Overstocked
0f2bf827-50c6-4726-8c7c-2d862c76e0d1,c8968161-038b-4080-b8a4-662b0d85d2e2,d726d4ee-26a7-44ae-8bfe-dcd53b385787,Mumbai DC,2752.8021252525036,353.8931972409755,2398.908928011528,510.1969000298796,Overstocked
8f1b87ab-f97f-4574-8ada-694b4d593337,ba8e6b43-4be6-4440-9390-d81befd63491,3b4b4dc8-91b4-4c94-b4c9-a417b28820c0,Mumbai DC,2520.120080755059,367.08998376923637,2153.0300969858226,492.1424868778158,Overstocked
5e33d857-7818-4ad2-8a2d-56955b022a48,7e946336-5379-42d0-a1b0-526cce7ea971,04b11cef-6d23-4dfc-aff6-5627ee2049d1,Mumbai DC,2431.6133486055073,356.6145018968018,2074.9988467087055,520.3273420685774,Overstocked
be81ee03-dc75-46f6-bba0-065ab9ebafe4,db5b2cdf-7564-4afb-b3d9-25beb9a826be,a92dbccd-fb29-4367-8871-e9112660eb9f,Mumbai DC,2370.331006025109,337.5277903192016,2032.8032157059076,530.9212137741184,Overstocked
aac04518-d865-4ffb-a92a-33bd8f9fcd25,b8621dae-97fc-42bf-b1e3-ce00fb68de42,7f15ed29-f1c7-4eff-bf3e-e1a49be84855,Mumbai DC,2713.1632093693743,385.5258727934106,2327.6373365759637,524.7179077773853,Overstocked
3b31aecf-aa74-4a52-886f-2a91302160e9,d85e030a-052c-488c-8b84-ba4a84e617fd,8eff18f7-284c-4d03-b1f2-89dab64cf88d,Mumbai DC,2527.7468201558777,352.81931458764393,2174.9275055682338,515.035819173762,Overstocked
2a58cfe4-8503-485c-99ca-4c731b0bc0e1,11680ea0-df17-465a-a2c6-1bf5913d77f0,ada282bc-08b2-4b1c-a0b9-c68813428544,Mumbai DC,2568.583504029611,364.72063029062565,2203.8628737389854,512.4783029761096,Overstocked
6f997f3c-334f-45f2-a0e5-e9e1f841e45c,07d356a6-63d0-4a95-bedd-fc151dc81f3a,4a8431d9-6374-4ee6-b151-fd2b4c0d7a0e,Mumbai DC,2564.3662081606617,347.3182831431759,2217.047925017486,508.34901131475243,Overstocked
45cb65d4-b53b-4fbf-85ac-e1e9fbd9f40b,fe320d99-0fdc-4209-9136-d242d2df2295,bc8e3b37-47e3-4710-9f98-03b1c7431202,Mumbai DC,2707.4821174777526,374.19615356265695,2333.2859639150956,503.02445842751433,Overstocked
9698dee3-5f21-4505-a024-b62ccc2b5273,e4d58495-c0e8-4b2c-bcea-aeafd6d4bcf2,afe3cca7-3559-4890-b762-b9d12b3fcf4a,Mumbai DC,2616.599700406621,359.9480837714441,2256.651616635177,542.7539223297645,Overstocked
4b93035d-4fff-42d5-8da1-1e93d7559d82,268b895a-bc2c-457d-a210-064d85554b9d,58d794c2-95f9-4c46-bbad-f2ebc50d6640,Mumbai DC,2634.3359651446754,365.67980373363025,2268.656161411045,493.12990219872256,Overstocked
400d7683-e122-4db5-9e90-1edd0adc4566,d23fe075-b620-4fd3-b745-618b00ff22a3,619e13fb-3632-4175-aba1-a9c6b5424bfa,Mumbai DC,2461.8876718795395,356.0838698492653,2105.8038020302743,485.82794251179587,Overstocked
33757e37-35ac-492f-b712-9f7d42bec33e,4d7d9a73-d3f6-4156-bc44-b4b91c77160c,6598dd08-9299-43df-b5be-3489573e39cb,Mumbai DC,2540.561868951381,355.6268963159414,2184.9349726354394,490.4822110378251,Overstocked
c36930c8-8f3e-4518-98f3-67c03e8626fa,cf413f10-3331-4f2d-8aae-581344e06c1d,20bdbcee-1464-45f6-993f-cb107dcc81cc,Mumbai DC,2738.4447779694074,370.52600173894325,2367.918776230464,510.16043756968156,Overstocked
ac09d02c-e345-4905-9a07-54d34305f873,8787dfdb-484d-44f9-bc08-c8ed6a64413c,42a11537-d508-4bf0-8b87-c091dea76e47,Mumbai DC,2657.9536584249804,374.5146769784915,2283.438981446489,484.60691414381216,Overstocked
273959e8-adbb-4289-a274-6b0bbd55e448,fc2a47c6-42d0-4c9a-8354-312ab64c357e,32216496-b998-4709-b788-53ed6b666679,Mumbai DC,2703.5502330444947,366.0380694103537,2337.512163634141,518.8160419303425,Overstocked
0971ca27-44fa-4f8b-acce-36712149489e,40a65315-4b46-4a97-b4de-c4062b21638e,c795fe40-c993-41fe-ba73-e829498bebed,Mumbai DC,2570.5274137914193,373.68704913032707,2196.8403646610923,496.3685853099145,Overstocked
9015330f-d16c-454e-978a-c9e23a875218,25236c7b-e26e-4365-90db-686b083864e8,72353147-8a2f-427f-b1e5-8355dcbb35c0,Mumbai DC,2412.5030609049777,346.74230350113476,2065.760757403843,531.8105958418938,Overstocked
4cbe1517-4500-4351-a762-26c11d9930f2,8e372743-764e-427b-bdd9-8ed98b2c14bb,17ccc557-b394-4813-ab88-e73d93833eb9,Mumbai DC,2616.912739630832,353.3467200506675,2263.5660195801647,497.7860380082627,Overstocked
1e34e54a-a604-4262-928d-8fd2456d4716,4db6adb8-1d27-4ffe-8fc5-8961208cdd3a,2cedccc8-0dc7-44d6-8f3a-127ecab2357e,Mumbai DC,2792.822374453672,358.6628499903977,2434.1595244632745,520.8744351682121,Overstocked
554d0a59-32b9-425c-9934-8dc6d77ec25e,3f422a7d-f12f-44e7-ad51-791b7367c487,bc08ef49-c688-4ea9-9a03-a9cbbd3a70ed,Mumbai DC,2661.5112913749736,382.92707350917226,2278.5842178658013,536.4115222377558,Overstocked
b209510f-d54b-4ffc-8819-f2af475fd4a5,b3469af5-20b5-4f4e-ab49-1923c64858e9,d2cfe07b-acdd-4fcd-9d88-c5c420918c20,Mumbai DC,2657.164177452081,350.71149681016186,2306.452680641919,509.1705235543312,Overstocked
83b88639-1a4e-42b8-9e4b-a43fe169e5b4,1d6bc8a8-9167-41ec-9048-7f984c90e84a,83edd7ed-091f-49c0-84a0-6381d1ad5c6a,Mumbai DC,2599.786128689081,365.01180064127357,2234.7743280478076,512.8011785807312,Overstocked
669300da-bba4-46cc-8ca8-8ceaf794d4ba,87e64a4a-d1d1-4bcc-b11b-b7ad5da9b973,2b73b188-ca80-421e-96e2-bbdbf2e205c1,Mumbai DC,2523.2576188074772,356.6081756158392,2166.649443191638,548.1800953115696,Overstocked
a6b9c9a3-0c53-40dc-9200-c5fca07a6caf,e7ddf09d-f2a0-4f62-a3de-51d41cac7767,25c09356-16b1-4cf2-9321-bdc20abde955,Mumbai DC,2650.517427518963,352.3374225074185,2298.1800050115444,521.6253094002448,Overstocked
662242e7-3902-45d7-ac60-64e34e7642e7,59dfa858-5bf9-442e-ad59-b97b0255f8c1,c89fd7cd-b734-47bb-8630-12cd3438cf74,Mumbai DC,2621.3054471470846,378.174508250318,2243.1309388967666,482.19746993850396,Overstocked
c07c16c2-d522-41c2-b8cf-ca1fb73fbef6,daf7dbbf-a192-47bb-a1d8-34d223806be4,eb3f68ba-56fe-4756-8825-c3720bb43d5c,Mumbai DC,2712.2771538449297,377.25072323133645,2335.026430613593,503.88911284047646,Overstocked
6bf0cafa-b3a3-49a8-94fd-65c74dc54586,97ca4349-2358-4a5d-acb5-6f32abe3075e,d493a531-985d-4d0a-87c3-ac08058f111d,Mumbai DC,2838.1748626504846,381.00527287769773,2457.169589772787,511.38253618188486,Overstocked
233863fb-eb01-43e0-abb4-e2f20f3bfb0c,3a9eb1a4-aaa4-47c9-a6d1-61469d9d9108,a1fc8001-ac15-4a18-83da-a6b1f7cfc692,Mumbai DC,2461.848946075541,352.2226811108844,2109.6262649646565,518.9332914434569,Overstocked
45a5aa66-8ebd-4cf4-a12f-2728614b6480,55ee31c9-3fe0-40a9-8caf-1a01c37df32b,458a5485-1363-4d3e-ab84-3fa891504ca5,Mumbai DC,2465.416365822391,370.7346104491644,2094.6817553732267,570.2586497806813,Healthy
aab5c306-4d98-4916-bcbc-195af472c50e,224c672e-bea5-4a5b-8c9f-954862cd53f5,9b305eae-550b-4f4a-ae66-868f808e464e,Mumbai DC,2516.581925724696,382.4028061141903,2134.1791196105055,546.6459599511702,Overstocked
95aa7fe1-061d-4264-8d84-b2e30dcf8b66,3a466ec1-48fd-494d-b72d-90a0e7e808da,5028968b-b469-432d-8aed-5a0518cea358,Mumbai DC,2526.101370279858,336.0325743804824,2190.068795899376,512.2491792851126,Overstocked
c1d0593d-566a-4167-8923-a8f35cda0a0f,5febab7e-df36-48bd-92cf-2efd43a1bc41,066ebb3f-e882-405e-92a9-1dc4f262352e,Mumbai DC,2564.7036056336256,368.4335081152544,2196.270097518371,517.5377141232159,Overstocked
6dd31252-d383-4e52-ad47-7053c13a13da,a2f52725-5540-4f60-a0ab-619a0bf164bc,8bb6518b-014a-4aa7-a1b9-0931b61ffe9c,Mumbai DC,2531.2659339208744,345.71283937513726,2185.553094545737,522.3844190425195,Overstocked
ec4fb27f-262a-427f-bddd-7bb0ebf3f623,0e95fa09-5d63-4ed0-989a-663be99ae392,48c75b0d-5330-4eb1-9df0-7717119f2376,Mumbai DC,2616.0423763809736,395.1583560519075,2220.884020329066,500.2361543142338,Overstocked
d2274d4e-9477-463b-abc5-bb04dcc0e558,5fefb7f3-cecb-4f68-887e-9dce382e7ee9,905592e8-dbf4-4006-b053-e12845a504f8,Mumbai DC,2532.6086632768565,385.5249243926064,2147.08373888425,553.2009024558976,Healthy
e2b0b45b-deae-4b59-a006-c7e2ae5e3597,bdaa5a4f-e5ee-48e7-b3cf-93ec4704556d,273ef72c-2b40-4966-90be-310127df3923,Mumbai DC,2654.485132865057,370.28045138346215,2284.204681481595,489.1144157692344,Overstocked
30e80036-ae38-4c2e-bbad-1f0f9e666fb0,577bd0bd-5f9e-4e22-803e-a0f1b4ff7af9,f01b7d6e-4159-4998-a913-2c12c5e30435,Mumbai DC,2611.778416611876,345.964311413441,2265.814105198435,535.9254743824797,Overstocked
b830d7bd-1bdc-43de-b149-a14e0c9cbbcb,667dadde-ada7-49ae-aa62-e9096fcb28c5,68614d39-e17e-404f-a750-07c89b5229c1,Mumbai DC,2732.0222445508803,363.25229738752296,2368.7699471633573,519.6840540329333,Overstocked
55fe26ca-a006-4de1-92eb-afba9f43f152,03fb12fd-f4bc-47ec-a75c-ebe67a81daf6,69cdbab1-3cff-4124-9d11-5124eac1fd2d,Mumbai DC,2535.730924118921,361.1163017915396,2174.6146223273813,510.1092142900865,Overstocked
2c2994f4-da87-4829-ab1a-f743789833f0,d6be5064-d115-488a-916a-d67c1d6a0022,ea780ff6-081c-4f2f-9bef-662b7391af3b,Mumbai DC,2647.1537150861905,383.42728599684733,2263.726429089343,521.102099991717,Overstocked
1835e3fc-15a7-428f-ac0b-161d146e04a1,0ac0767d-9c9c-4d7d-a1b2-58bf1185d5e9,663229ef-cca4-43e3-a46e-9885a0c5a101,Mumbai DC,2657.038229412697,372.1059312107932,2284.932298201904,523.341721669756,Overstocked
f04f7992-6e20-498d-ac17-6d621789f9a7,ec578f57-69b7-409c-9e0b-bb0374c8f076,dcd085bd-3888-4ef7-8c29-d19916397cc8,Mumbai DC,2626.5804350047306,375.1600811419389,2251.4203538627917,516.9295411316255,Overstocked
f35c713b-83ce-48a9-b474-cdaf8eb33db3,ecd0232c-3986-4943-a38f-d53b262222f9,2a73b8b7-20df-4d46-b633-a4d654a37401,Mumbai DC,2578.7483842723004,379.4803748676509,2199.2680094046495,558.9782162838771,Overstocked
04ef3f79-74e7-4394-bbf7-f21466e07a2f,0081786e-fdc4-4206-a46e-a43aff6700bd,e6a4ac79-dd74-493e-8f95-9474d295345b,Mumbai DC,2632.5438795570562,380.00452874921893,2252.5393508078373,486.8937665026542,Overstocked
5d77c0bd-6970-4266-b847-9687e2ba0de1,900069b1-feff-4fe8-8feb-b6b00e014967,931632ae-75d9-4dae-896a-019bc98f9bc8,Mumbai DC,2611.4963834790874,379.02782588757054,2232.468557591517,500.79715478409,Overstocked
a9e4a081-6b7e-405e-a0de-235c31173b51,9913a79c-7b0c-4250-b8a3-606c5420e846,e35d94dc-6803-4ce9-ab57-b24fdc0cd199,Mumbai DC,2710.331802347664,366.66667214527433,2343.6651302023897,510.34768869380486,Overstocked
4dd63be5-d7ba-4850-9445-f33edfad3f64,4410c6dc-f71d-4297-9097-5b2e7d1210b8,6350c5eb-a8c4-482e-a300-e71ca214ebab,Mumbai DC,2529.7397141444203,371.4555484574653,2158.284165686955,491.86808137388095,Overstocked
17dbe479-207f-4d41-8728-a08fce5c0ede,aedb6ceb-4ab7-475a-9e1e-f738fb92407e,df66e1b4-a2c7-439e-b788-01d0d4dc4467,Mumbai DC,2652.1626138366996,388.45051492895436,2263.7120989077453,510.0815471197672,Overstocked
a671d43d-bec1-4f9a-97a0-5890931e681b,00d23bf8-8213-4b11-9e96-adb12a2c4987,8b334f52-ae5c-4998-83f5-f52af7130dca,Mumbai DC,2762.5101151412855,367.3638918968413,2395.146223244444,530.1216149687673,Overstocked
111a2a50-ff5f-4405-9b76-9542a490a825,076f3d5f-0439-4032-a905-247cd02b3ed7,39519397-c1f0-426c-a26c-aff599e843ed,Mumbai DC,2805.0763531447205,373.21265806675,2431.8636950779705,514.9167116634711,Overstocked
23f5256e-d5f4-46f7-8985-089bd1692a36,22fd3bf0-c60e-47df-9bef-ec7077eb892b,a7f086df-47da-453b-a1e3-73583a0a09f7,Mumbai DC,2511.4997915829535,358.93901388374616,2152.5607776992074,500.05803774661354,Overstocked
69093891-3429-4fd2-aacd-1fa5756da3e7,381bd15d-6d0b-45fb-bbbc-5c88159ce4bc,b4ce0d0f-db00-4212-87ea-ab79cfd4ba9a,Mumbai DC,2604.9677121721993,352.2999066273551,2252.667805544844,513.6403831143184,Overstocked
9013533a-bde2-4f3a-a496-e7319faf06f8,30906387-c48c-4e83-a4c3-948c1b3efaa2,ba1fbaa8-1332-4c96-8d7c-33fc98c71e0e,Mumbai DC,2606.189415704662,369.461607499577,2236.7278082050852,518.5515008003903,Overstocked
83b7ba82-4c9d-49e1-906d-da152ac472dd,ac10d645-fd22-4182-bd9f-5fc71de406d0,3db22011-8eac-4331-b29e-62ecf6829932,Mumbai DC,2604.7156249645504,344.6355916166194,2260.080033347931,508.37186009616903,Overstocked
284a5636-efca-4551-85c6-a4adae19d1f8,435f5509-cca8-4fb2-a616-d6510638ebea,5d28f737-7a49-49d9-969f-65e08fbed6cb,Mumbai DC,2558.721903003879,362.1642552368935,2196.5576477669856,517.5995353278104,Overstocked
6e862f30-a98d-4de7-a70d-6977de8339a6,aca0e955-ca74-4d3d-9dee-e9c7a1e24078,ee34f09d-681f-4c70-9625-276b07c6f0db,Mumbai DC,2721.8835718303835,344.2398304143376,2377.643741416046,528.6266919962692,Overstocked
0ecacf9f-c1ec-472e-81a4-0fb42e6422ce,12cf6f15-160d-462b-81f4-b5d5a316d71f,1a0796b0-f4b1-4877-8cda-be592955850b,Mumbai DC,2594.7645546589547,338.07686324679025,2256.6876914121644,511.2337715616167,Overstocked
ee2a8455-052a-49e4-b59c-79a2edde68ac,73d37191-2101-454f-898f-74e258fa572e,2ebd6265-f2cf-4ce4-ab64-fbe8ccaa4281,Mumbai DC,2592.793739185043,364.4361052852423,2228.3576338998005,528.6134480782921,Overstocked
e680567a-441d-427d-8fda-aac1d7c4302d,0ffae0d3-b2fb-41ee-a08e-90280c4b64e4,6b53d634-56f1-4c99-9426-87f3832d0cff,Mumbai DC,2373.295830363757,328.78129760240995,2044.514532761347,517.5287168712815,Overstocked
ba1543de-b00e-46bb-bc49-10c9ec2f5feb,4f388ade-1551-49b6-ad90-055e5695327a,e0294256-ce73-4f09-9621-b64d0253501b,Mumbai DC,2467.505933922613,360.156488909141,2107.349445013472,528.3742956655525,Overstocked
c977dbb9-3e3b-4542-afae-857d9e4f5b68,f742b423-0829-452f-a9dc-109b083836f1,a9a7579b-42a2-45e7-947d-bf54c9bfb3e7,Mumbai DC,2636.608544985368,329.9932634941183,2306.61528149125,530.8742566356785,Overstocked
b5322877-2dbe-485f-93cf-b03d74ae977e,1e3f83b6-25d0-41c3-85d4-8528b3c65a19,754f84e4-fe55-4957-b801-a41177137a54,Mumbai DC,2590.5864177177177,370.7106820244344,2219.8757356932833,508.9621900860828,Overstocked
730aedf9-5f72-4f54-b779-e1302c118fdd,ee64eb0c-5cfd-4da6-a191-e69d1a3c5b20,6192b986-5c9a-456e-9261-5961f90f7aa0,Mumbai DC,2706.5961878224753,378.97723843787344,2327.618949384602,531.8497039455866,Overstocked
514857c7-125e-4cf6-9393-2ff0d4727bd1,44476077-4eb0-45d3-a019-2c98e4612377,127f3652-36a1-4248-aed6-ff3e58417be5,Mumbai DC,2531.9170962357202,372.1333654654686,2159.7837307702516,507.0751713106298,Overstocked
c3be9084-824e-49b6-89d0-2b385023682b,03854587-3410-400d-99d9-e86da10647dc,173ac287-767e-4eb6-a8b3-0cde7f717873,Mumbai DC,2446.03584475938,361.35214748829003,2084.68369727109,524.0594059722018,Overstocked
6ab63527-25f4-40fe-aaee-7046c9a66e44,7478d011-bbb7-4a41-a0ee-37b1f0356528,dee4a7ec-f646-4781-b9f7-fc997cab9f6c,Mumbai DC,2503.503610102325,359.4173833663026,2144.0862267360226,514.4621729677879,Overstocked
fbd25553-90aa-4523-bd04-13e16ebf09be,e113fd26-e0e4-4a2a-9782-362bc95e0b97,e057de3f-557b-4a09-b80b-93f1ea497bab,Mumbai DC,2575.7393416361297,341.91818177277537,2233.8211598633543,520.8598372825733,Overstocked
9592a5f7-36ba-4640-a314-6be70507341c,6b1be2c1-486d-41f3-ae7c-56956c8b2b00,c2f80f81-a413-4514-b5a6-f0518cdd1fbb,Mumbai DC,2426.3472583925595,342.9401429298173,2083.4071154627422,506.0901694938943,Overstocked
42bb8ff0-4f05-4731-a273-61a736c60aed,5aad5af1-48e0-4394-b405-dfb412f0cec9,97833eb6-bbb4-4829-86ac-7e7797632ed2,Mumbai DC,2501.7932371199086,369.0750417857371,2132.7181953341715,470.64583173368317,Overstocked
496d6a9a-8845-4688-aec1-f555fe497abe,97335b01-0baa-4bde-bd7f-044afe29cf97,f597b00c-14e5-4e60-b06c-bee602b521b5,Mumbai DC,2584.9980992189867,364.91999736994603,2220.0781018490406,506.23590294552054,Overstocked
75140d79-0819-4f5d-a9f4-8c4aab84140f,de819966-e030-4199-9ae0-4b1629545621,77f674fb-04d5-40dc-a119-7cd7dff90f62,Mumbai DC,2201.5564488160257,326.0100968786653,1875.5463519373604,498.0740867530565,Overstocked
faf76879-78a4-4f0e-a16e-ab1924a4cede,ac924c6e-1ab9-4ecf-9b94-6f9c0f83b560,1d87c956-2c21-4779-a1f1-4d21c12eee7b,Mumbai DC,2493.2808457950623,377.45948426029463,2115.8213615347677,517.261345002059,Overstocked
45e33689-12c4-47db-9ceb-9251a3154df8,0d87fd08-1dc2-4eb8-b451-da1760a6400c,d152abd3-4971-4f2e-80b7-172a2d6c779a,Mumbai DC,2650.7265461518386,384.8445561047488,2265.88199004709,533.5772109778334,Overstocked
b7affd4b-689e-41c6-bb7c-29cb20e9eecd,bcf24d5a-9ce7-43f9-93c0-1f82500a6fc9,cf263493-d95a-4b2b-8d97-72f523aa15b5,Mumbai DC,2552.650050196502,339.8902019950983,2212.7598482014037,500.5464504563261,Healthy
63731e58-4259-4334-b58c-2eb580ee2d33,01aea3e9-e7e9-49e3-8c08-8ae65a8862ea,6e8cd5a0-4515-4fdd-973d-4d43a8a14318,Mumbai DC,2625.473543924664,369.0589199047563,2256.414624019908,504.40729906790017,Overstocked
fcfb6f63-a269-4f4b-8e40-df365b14366c,c173947c-46c0-4e4a-b3c3-7a144699aa9e,7e7cb46d-7db3-4fbb-b70b-527fe4a01413,Mumbai DC,2582.2760677334054,346.6595487601794,2235.616518973226,508.4127261065205,Overstocked
76e699f5-5509-4c6e-b9c7-77237621eff9,5009de61-6192-414d-bae2-b19ac524e431,020f0e3d-b386-46e6-a67b-547426d51790,Mumbai DC,2582.3369598132936,374.9193707271229,2207.4175890861707,494.1582437156762,Overstocked
8e56a8d0-ec55-4fa3-a040-7ddc32cbd31a,967cc230-4f61-4fad-9d05-597517a1f1b8,4bd41bc5-f41a-4da8-bfb0-2712649e1e50,Mumbai DC,2734.3209998513767,380.1259728699638,2354.195026981413,514.1012413263496,Overstocked
c29bc04b-6016-48ef-b604-3a01b7b79d99,994c8a04-21a2-4e3d-966a-e40ea99a9c2d,347f27fa-20f7-4bae-b7b2-4f294595486d,Mumbai DC,2565.116408718611,367.6464188643213,2197.46998985429,531.5351482775129,Overstocked
953e5cae-5b9b-4da1-8495-a95a995ba807,87db98fa-e3da-44ec-b945-57dff4acff25,c41b6fc1-bf0c-41ca-8154-d48d958fb367,Mumbai DC,2542.5840708816604,355.6430518777797,2186.9410190038807,542.6614996686094,Overstocked
2b5c8dce-f1e3-4e42-80f7-c58429e2d045,f837df34-9de9-457d-9a34-d435a8fce1a4,5a9ecbd9-eff1-41b6-9440-ba61eda7f191,Mumbai DC,2644.9002096434747,370.38258144776,2274.5176281957147,539.8577695845315,Overstocked
c49c8e5c-f63e-416d-ac77-ee4b2a1884ce,d717e848-e943-4218-96b4-9d8f39d09fb6,43981af2-9456-42be-8bae-05c3b686fa58,Mumbai DC,2573.4064074783428,385.13936034586595,2188.267047132477,487.4907686347891,Overstocked
15e5c5ff-6ea6-40be-8d36-627ebdf6908c,3e2ff98b-d489-4bc5-a169-9e4b994aaec6,812b79cb-8b85-4cab-bad2-67cffa6a8b64,Mumbai DC,2479.1085550594316,370.21557116133044,2108.892983898101,499.59080574557305,Overstocked
8bfa0784-4ae6-4e32-a252-4cee98470a8c,0a36ec13-0ff1-4776-bc27-ea923bb81c63,b1612f90-df28-4be0-b92d-8aed45efce54,Mumbai DC,2477.1824456398435,357.0831069955357,2120.099338644308,473.0346063290678,Overstocked
a1346bc2-f8ec-4681-b277-44674c9bc225,7e4ef175-a19f-4187-a630-27b199b4cbed,24cb1f39-3aa2-47b4-bc40-2ed3c3ed7d9f,Mumbai DC,2644.43600464072,387.1803935196508,2257.2556111210693,506.5207920731021,Overstocked
e4e36998-1faa-4ab3-85d2-e8ed42f03f40,d2d537c4-0088-4a37-bd44-ce9863d83604,b00a579a-fa71-49cb-8bf9-1ea119a55baa,Mumbai DC,2642.474324224134,356.3031030017264,2286.1712212224074,502.3057636550839,Overstocked
5dbee917-7891-499e-99ba-cbc194e6623f,8e1122df-cea2-4c20-aeda-7e96eaeeaba1,162ec4cf-d0d7-482f-b516-dd968b1d3c6f,Mumbai DC,2438.0712606791126,351.75532341138114,2086.3159372677314,530.288416573027,Overstocked
35d9b775-ef0d-4bff-bb36-dcc141397fa3,60581bae-ec28-4ba2-b044-6ccdc888f38d,75c3e9a2-6dde-4383-8dc6-4d8efe209600,Mumbai DC,2708.7938121657385,372.8109791278812,2335.9828330378573,496.6628119893468,Overstocked
30952aac-a26e-408a-af00-bd19bd64ac22,9f49cdab-d5f0-4588-a59c-cfed87504ce5,25f99b3d-4379-4ade-b51a-06e44c0e812a,Mumbai DC,2601.6064838693965,376.42076753232413,2225.1857163370723,519.9770284963449,Overstocked
e5651403-68fe-4782-8c3a-b807cdf180cf,b3759a63-76f5-45b3-85a9-5d7ccf599dd3,59db0904-79e6-469b-8ff9-96326ef95fa8,Mumbai DC,2470.322040031512,369.8495819154846,2100.4724581160276,506.2105883436398,Overstocked
41d501c2-166b-4cf3-be81-177fd44e0e7d,6ef36ed7-9546-4a9b-87eb-f5ef08903d9d,e25f9097-8d71-4280-8bcd-3db4e7801041,Mumbai DC,2544.545346857568,353.13814925876386,2191.407197598804,504.9582018041044,Overstocked
938f787b-38b2-424d-b22b-b51899b8ca53,84a69fb5-1b33-4cef-869e-12e5ff07be9d,ee5e0def-dec4-4be5-9483-d285a3cce414,Mumbai DC,2720.1893640018334,366.79902759787456,2353.390336403959,508.64960639676065,Overstocked
96566a72-8ee3-4071-a2bd-d77059d3a642,e9839807-3e2e-487c-84b5-ace8c4fb6be7,cabd8e4e-921a-43af-b7fb-99354c00fce6,Mumbai DC,2694.471105364246,377.3672612503219,2317.103844113924,526.0635132608725,Overstocked
06ba2f5d-d84d-4472-8d07-f66541316267,f7845d18-3a47-460f-b362-3e352acf1f96,06eca290-10e2-4853-90a7-9898c08286aa,Mumbai DC,2650.5310512816795,390.81164741727207,2259.7194038644075,504.54374053682386,Overstocked
22a2038d-8fbf-4026-9deb-7c62925bf0f7,dd6d5c2c-84ce-4c8e-b0a8-c855d4a5009f,37d40fa6-41da-4547-b9f8-14a4ac38a7ca,Mumbai DC,2765.697948794485,358.3569075467858,2407.341041247699,510.23295567908525,Overstocked
62a39256-5b2f-4c1f-b39a-d7fde1154270,d1c3e3c9-3a1b-4795-9e93-a3e9f1242bfe,3fdcb3cd-3525-4a03-9f4d-baeec3c2b4b4,Mumbai DC,2479.1688065230946,381.06839676396385,2098.100409759131,516.351787311139,Overstocked
a2f0a45a-1534-4825-9fd7-5c84bf77a529,bf3cdde9-6824-467d-9542-aee2f49db6db,10eadefb-c67d-439e-a924-b7eb2b27af43,Mumbai DC,2563.523068092709,387.69237432956834,2175.8306937631405,478.1004025079446,Overstocked
db602f8f-aa9b-4913-9931-e98414182de5,f7ae7411-768a-46a5-a13f-c734610db50c,c40f224b-3060-4202-8d4a-deac1818a455,Mumbai DC,2662.7907071362647,339.30083224490636,2323.4898748913583,483.5869532737534,Overstocked
2beb203d-5b73-41f0-9f01-ed754607f69c,85d476ec-3b8a-4065-88bc-c718d0310577,aa01d2a4-db32-4841-a672-ef2faa05104b,Mumbai DC,2304.044026118602,348.2124346314906,1955.8315914871112,503.6601443312443,Overstocked
49abbaab-9018-4ab1-a9c1-51ba91466ef5,b5655b56-c95e-4368-94d7-5054ebc1ad33,1f330895-f686-4e93-8fb0-a87332e92da1,Mumbai DC,2482.4072333012555,366.303140218492,2116.1040930827635,522.4375251134245,Overstocked
c9d4f321-739f-491a-93c7-ef6435d6c9eb,7a9176ff-379a-4b99-bcad-bf5c07c93fd1,e1c39a14-2b63-4517-8117-3571f04c6cfc,Mumbai DC,2577.0398315157427,373.23397055364603,2203.8058609620966,483.9240438783581,Overstocked
ff934852-722d-4e3a-a641-2413586f2e46,7debb7c9-6780-4f44-a950-bf8bded15541,eaa795c3-a271-4ccf-a76f-eb5f16bb5a4a,Mumbai DC,2667.137402757465,382.2619833155354,2284.87541944193,513.8190309542152,Overstocked
a8d2275d-5b5a-4799-b55b-f26069525d9b,7169e95a-e30b-4ea7-8bf0-7d983d70c76d,33b2d521-c22f-49fa-9fd8-7cb7b0957938,Mumbai DC,2370.060714954332,335.90139267900713,2034.159322275325,507.49883711013695,Overstocked
c05eaba1-64ca-4825-9f8f-3bf4fd78698a,9cf02763-85b8-4b57-8e5c-07c902241508,fc86b3df-6680-4796-a02b-a02873207fd1,Mumbai DC,2674.223907346446,378.3016189543323,2295.922288392114,519.0784894214307,Overstocked
7e464da9-f949-4127-ae06-475972815a55,73c0df3d-6495-49d7-b12c-70777615c8f4,96c2162b-0c15-4920-9a52-7bdaa49140f7,Mumbai DC,2710.4220695985337,374.736481556537,2335.6855880419967,526.4653161018595,Overstocked
88bbedc2-67d2-4ae3-9a52-8c2a3a4282f3,63ca1131-8ae5-43dd-9b80-2e7ae72e51d3,2e9adb4a-930e-4761-8cf9-e8a2cdcfe9bb,Mumbai DC,2661.383727201893,383.05150520806956,2278.3322219938236,517.8247151258744,Overstocked
6c6d22cb-2751-4174-bcb6-5734c189bd64,cd15eab6-3397-41e7-b24a-1224ba3f78a6,c69016ba-33e0-4ea6-bbfa-6db1ccea1b71,Mumbai DC,2639.2488758512927,374.89181788600536,2264.3570579652874,507.02700799240864,Overstocked
89620ff7-1bfa-4e69-aa3e-f4b3694d56fb,68f3dc0f-8e93-448a-a8cb-97893485b8a8,bf775ad6-04a6-48ad-9ed9-99b941e4e926,Mumbai DC,2665.2415495377813,367.6632659091042,2297.578283628677,483.7352173414828,Overstocked
5961482a-d2e2-4665-8525-80120029f409,92ca6324-b9d4-4880-b693-a0b5fb497743,d17b023b-3084-4fb5-8985-72c7e650387d,Mumbai DC,2559.4556431211895,370.2065493187429,2189.2490938024466,537.4722823693876,Overstocked
93c86144-4351-4f8c-88ac-214a3a36584a,dff336fd-0b8a-4103-98a0-77c6cb10496b,a278c6f6-cff9-48ea-b427-28a07a275d92,Mumbai DC,2513.0545363260626,371.11107211784156,2141.943464208221,523.715406514645,Overstocked
a32390bc-4144-46ad-b308-3b91aa26d461,56d3129e-5fff-4846-9531-7b9955011351,feb912f7-8ba8-4967-ac48-210d87b9679a,Mumbai DC,2639.4596359138745,362.06665949389253,2277.392976419982,500.66519164509594,Overstocked
f0f555f9-de41-4716-94a9-18e3c1e4d1a0,d2cf1806-5b2a-4c8b-bee3-5ed7cb6c111b,42fda9ee-e5e4-445d-9a69-f881da84d231,Mumbai DC,2600.924315209615,389.81254717059164,2211.1117680390234,494.61043047398636,Overstocked
23bf9339-c997-4f7c-ba4b-49bc17438a98,2e7b2700-3643-4ce8-a41e-7bf44abfe026,0f8f498b-3226-482c-a5fe-796ce09d6308,Mumbai DC,2615.05262169873,344.92837944085295,2270.124242257877,473.91191817929405,Overstocked
a3518694-e14f-4b55-8409-13510c39f0aa,21fd8950-186b-4a83-b015-4ad43935927f,c65f52aa-c7d7-49dd-ba10-80e7f5239727,Mumbai DC,2656.032790623049,368.57847786737966,2287.4543127556694,521.4562371773941,Overstocked
9b7f3fac-bde2-4b34-b903-38c74f8e03fb,1b964b39-76fa-4b53-b8a4-7a4d17c863ab,407558aa-6b30-4926-a0a1-6110d61adb6e,Mumbai DC,2713.636287759295,388.18209826364637,2325.4541894956487,486.9415466949196,Overstocked
e73f71f1-7ec5-4735-b60a-dca8ef544a0d,35483c16-d265-4e6e-9173-f012daebae05,5cdce667-b43c-4ba5-bd42-52b4ff2d8b95,Mumbai DC,2698.0963477719756,369.55908843367433,2328.5372593383013,539.4388345439755,Overstocked
196b55e1-1ec4-47a1-90a0-636f838ed94c,f50e6c08-74cd-4b68-a8fd-01d81cd5d5b1,46cf65e9-2f1e-43d8-a0c0-41b5eedf5539,Mumbai DC,2604.3940075611918,348.0176971050737,2256.376310456118,500.8480404964818,Overstocked
2a0cd19f-0fd3-4068-86f2-f74129ebe29f,fba833fe-96a9-4f99-b7af-95b0d2621a5d,b27d34fe-e30c-4dad-b59c-638645b895f1,Mumbai DC,2645.2226910325307,358.82796765977855,2286.394723372752,525.9488394751928,Overstocked
20343d83-ad0c-48de-9693-d29336f09f68,6f7bf6c5-c6f3-488a-ab19-16b4488f7c46,e81cf6be-73f1-407a-b781-60a522c42b40,Mumbai DC,2554.1605633428658,374.06347916100685,2180.097084181859,509.571082434105,Overstocked
d94d4654-e59c-4b4f-b281-4416f5a4c438,5b3ba9b2-d7a7-44f7-9352-30eeb05836ad,51515584-826d-46b3-9496-dcaedfb19158,Mumbai DC,2668.4241555544495,365.43782346048965,2302.98633209396,504.9424097479539,Overstocked
2bb7f659-6352-418a-b931-35bc7713d333,139f0b00-1f3a-44f2-88bf-c2260bc8d492,6deacf91-04e8-4a59-a8d0-6469115090b6,Mumbai DC,2440.975300224886,375.93206401680936,2065.0432362080765,513.0312909054967,Overstocked
4e560091-1e56-4c8d-82e2-5f55ac6e96fc,a7a40562-5731-4947-b3c7-ffa5ce072f8c,454e5f2f-3f97-4e99-bbf2-4d4a15b3aca7,Mumbai DC,2538.397598048146,369.03130815744134,2169.3662898907046,520.317562139157,Overstocked
d84f338f-f655-4d63-bf76-f2e5267a0a96,c56789eb-8f7d-4923-815d-38bc80c72383,fc1f6991-bdc4-4afb-a48e-79cb4eb27db5,Mumbai DC,2742.24877127107,364.95256346036376,2377.296207810706,498.6634479168056,Overstocked
6db1e6c2-1b54-4169-889a-c76ed1be67be,11103dc5-eae5-4b95-ad61-ac76b1af348f,7687baef-fdb0-470f-82a4-d4857294e178,Mumbai DC,2619.6900267331725,379.736923656822,2239.9531030763505,509.20433855624333,Overstocked
7608d25b-6384-4036-a384-ee5701becf7a,b7313e84-1f2c-4d54-ac93-7c719ad062c0,94905de7-6be3-4377-a90c-0d912d2acb99,Mumbai DC,2693.7735798959516,359.9392397413849,2333.8343401545667,503.24323581400444,Overstocked
6879c68f-5ea0-4a88-90d3-cd22fe54c5a8,5883a518-24f3-4aa3-9488-94adf251416c,2a89d572-8a02-4dd5-a947-f285f2c297cb,Mumbai DC,2414.866904566983,339.93741601033526,2074.929488556648,534.961448405589,Healthy
41409df4-222f-4261-b8fb-f0a7fbfc87e7,3b490b21-328a-4dde-983d-4d11c6448d52,115f2245-43e3-478d-b79a-585aa72a0ccc,Mumbai DC,2667.6510073853074,351.5004051924243,2316.150602192883,502.30968868488037,Overstocked
6ea17411-96bb-4a60-8ff2-6aa1a13f1eb0,f62e7f69-3c59-42b1-b70a-0502e30d8fea,69277c57-b965-418a-9b5a-2050abe3f737,Mumbai DC,2712.7787263130226,371.2308024484496,2341.547923864573,512.2854554118322,Overstocked
56faa75d-6c65-4307-9a63-8237fe485e0a,dfc7d74c-a888-488b-bbdf-f42556a37347,a619aa52-9aa5-46cb-9950-796d8e7fcdd8,Mumbai DC,2444.0943413901864,382.91316132952534,2061.181180060661,543.2904401953256,Overstocked
7761b850-7197-48f8-b1aa-041e5b814808,095d0cb7-f559-4f61-8fac-c7dedd6ad9a9,3f3a8aae-856a-48f9-aa7c-d5806277b913,Mumbai DC,2510.9461092322554,350.0201384829261,2160.9259707493293,522.3586159743776,Overstocked
7715e943-ffa3-4be2-928b-cf58793a276d,e4e7d9ea-178e-4769-a1ee-f9ed0cd6f549,10e2334a-37e3-4d8a-a6e6-36d85108d71a,Mumbai DC,2705.6103801116446,372.86585399472597,2332.7445261169187,516.5231294493492,Overstocked
292830d0-6442-47d0-9878-2c4fa6029b28,cad3c7f9-448a-4199-a46c-eb0bb76b6d8d,b9d1364d-68a2-4f18-b98e-f0eca7aa3755,Mumbai DC,2498.5834419340167,360.25319654691975,2138.330245387097,505.15327842115056,Overstocked
ebc9a996-d423-46d1-a72e-72967266f161,a555dff6-f41e-4334-aa8f-3b0ec2a6d914,7251affe-09a9-4500-8bfd-df709b13ad1f,Mumbai DC,2479.860174394881,343.4427087372501,2136.417465657631,527.0466226522655,Overstocked
6f0b4ce2-df98-45ec-9180-ab1a250cbaac,7a8bef05-1f6e-4a39-8b49-9ad6ccac44b7,2dc0d51a-35f0-46db-8235-a241d9163224,Mumbai DC,2538.4712482823174,361.19844783746976,2177.2728004448477,523.3210609481578,Overstocked
8ff1db5f-0f01-44ec-8e07-24c3dca145a7,f9e455b9-2f89-4795-a667-e7bd9f31b06f,03b32458-b9bf-40ed-b5cd-e58d447d3fe8,Mumbai DC,2714.7119323985617,374.46721611452995,2340.2447162840317,497.9041821339049,Overstocked
cb8d2b65-52c3-4991-8ec7-514bcbdc253b,53af79b3-afe1-4431-a5bd-848828a3e96a,72939ba4-27f7-45c4-ab01-0053eb2ed22c,Mumbai DC,2627.95420826511,374.24129801073695,2253.712910254373,524.6767849540787,Overstocked
8a4749fe-9140-49bb-9d6d-63bbb4432c2a,59ec6ea2-6a95-4bcf-b772-ef1ea8f8c5d3,dcfa224f-4077-4f75-8bb0-e95c19f15564,Mumbai DC,2649.1860147008006,361.3201140504293,2287.8659006503713,501.28206410775397,Overstocked
e3880732-cfdb-47e7-905f-4dd9c780b742,cc0042e4-2ad2-4387-99fa-5e53a60d2508,48727a73-7cbb-42c8-b32d-bdadfb1284af,Mumbai DC,2485.815162467008,358.6014663885867,2127.2136960784214,505.8736196007762,Overstocked
10575bb5-c114-4d3b-bb07-d094ba39a402,eaf6fa87-9932-46aa-9821-41a60dd8f231,b2043818-a0f4-4170-aa8d-a6fff3411b07,Mumbai DC,2702.7540563901607,355.64109867888055,2347.11295771128,520.849783939968,Overstocked
f5d75d6d-cda0-4bfb-a304-06d21d056cfe,61159faf-fb5b-4bd5-9629-afd9caadf9ea,f949a4b1-5820-44cf-b583-df96f1e08032,Mumbai DC,2378.500585185754,356.03499521040703,2022.465589975347,516.4862308906605,Overstocked
ddc38bdf-d66a-4c20-9f85-afae5dedbcd4,7ed7a0e5-c502-4a9b-8a28-957bdae5fcce,4a85e510-2567-48e8-af96-e9f5bf7cab68,Mumbai DC,2690.964700356502,368.10502484878043,2322.8596755077215,546.1698309091873,Overstocked
5cbeffcf-0297-42df-ab6e-8f7d4b3820f1,cd8a7f2e-455d-4c04-8018-574bb3ed0261,f628f3a4-06c8-4e81-ba9d-6858d38fa586,Mumbai DC,2507.6614904122616,349.07001380306247,2158.591476609199,495.3971335195534,Overstocked
295c1d90-692e-4cdd-90cb-7bbd41bbe483,c2a55233-2c47-4c60-ba42-b8f62f432ca0,ca913856-c53c-480c-a85a-f2fe3273d582,Mumbai DC,2376.832487637775,340.89436240531336,2035.9381252324617,480.34716726436477,Overstocked
7a69ba6b-ef3a-46ab-b91a-021e05c2b5e2,b4567da8-b641-4ce7-910e-414930bb07da,c01b5825-2253-4fb0-8dbe-986b53ec9a00,Mumbai DC,2673.9043485429493,357.80246602407806,2316.101882518871,507.3765513984609,Overstocked
677e955f-eb36-4cb5-9c20-8446d1e24474,d66f8f52-7713-41da-ad63-a78208652de9,3a44126a-c457-49a9-9358-ed3a06d73e4c,Mumbai DC,2654.183899466618,408.3034523092397,2245.8804471573785,481.9655157820967,Overstocked
5aa3567b-bad7-42cc-bf5b-35aae522a6f5,cd9da90e-ff6b-498f-9add-9ac3dca0e0b0,506ca546-50df-4fca-b6dd-009d12173390,Mumbai DC,2733.56755539644,358.8638006507754,2374.703754745665,534.0971306418825,Overstocked
976a12ac-dc9a-434e-8e6c-974125078b1b,3785eba4-1b5e-46c0-85a5-9fdff6e1f731,7234fc07-ee1d-4237-b29f-930121d22ccd,Mumbai DC,2777.0161113105355,359.79471457341606,2417.2213967371194,520.2731772080762,Overstocked
f893a100-8ff5-414d-ae72-3ff6b6bcb9a8,e53ef249-7461-4d91-9daf-2f45fe7979a7,1cdb5228-cd09-4584-94dd-02b64862ae01,Mumbai DC,2738.6689045168205,377.3505581080799,2361.3183464087406,541.768978440461,Overstocked
58f48253-6578-4df2-bbf2-5cbc5d6dcbfe,14cd18eb-c7bd-4cc0-8fa8-9fe8e456b1df,c166ac48-21e8-4269-a3b7-76fcb8f0901c,Mumbai DC,2640.0457126012393,347.0524889364847,2292.9932236647546,502.08725379202224,Overstocked
bf757a3e-a7b4-41cd-a813-3ff77b28e6f4,558d62d9-5107-4cab-bc8d-5361b5b6833a,2815348a-907c-4d4e-8ab0-2f89600bfff8,Mumbai DC,2651.271544255679,369.73111065212106,2281.540433603558,492.7769335583769,Overstocked
ff140d1f-44cb-4286-b502-be2cc9162e1c,5572ff8f-e121-4578-8097-9eb25d45bb03,74c2587e-e021-4d91-aaae-ef4078a1eff8,Mumbai DC,2602.973997173087,340.1876830309793,2262.7863141421076,522.213248530051,Overstocked
a3b1abc8-f132-4bc0-bc94-bd4ba2bd61cf,ebfb8f2f-137c-47e2-8afc-7e8495efa268,31fe8b09-f801-4d11-b635-cd38f8c335a0,Mumbai DC,2768.297608565595,368.8265842722485,2399.4710242933465,476.62335501806365,Overstocked
061c426e-73db-45a2-94e5-6d1cb10cb3d3,115c79bc-2840-42db-9bb4-7a94a44040ac,7043616c-c914-4c02-8a60-b7fce1ce25db,Mumbai DC,2763.044632738857,382.1339049961698,2380.9107277426874,498.3814894707712,Overstocked
e1d880d4-1de1-439c-bc6d-1b15509d2f84,275b9131-dc7b-4957-bc86-92524d785965,13e14633-f3cc-4458-a569-292b3ebb4880,Mumbai DC,2381.8639367751107,364.2171421923265,2017.6467945827842,477.9738457937715,Overstocked
14f442f7-9582-4c0b-a090-420e836e799b,78a0ad85-62e8-462d-bd89-7dd1e1fa7155,c60607de-ca08-48be-8c11-6a3078ee8a83,Mumbai DC,2285.733934868006,324.9499230961378,1960.7840117718683,516.9823433564577,Overstocked
6f6a652c-31b6-486a-8ab9-9ccc8fe81c3d,73225a44-aa45-4a74-9a12-3d057c3889e3,a86e094f-ec26-4c92-aeab-8ba9dd121af9,Mumbai DC,2708.2903967504244,364.95756971734363,2343.332827033081,508.05361276716746,Overstocked
c7d64a9f-4f16-4bde-9527-4c64cb9f1f36,0dda94e7-88ec-4938-b4b5-bca691ed68de,f7be1304-719e-416b-ac6e-f924a049f568,Mumbai DC,2560.9119693130897,368.40980605702043,2192.5021632560693,523.0380418310287,Overstocked
eaedccd4-7827-4a89-9fc5-288713b3648e,6fb64cbc-d24e-4450-82dd-af25701a7954,85cab554-1790-4946-a076-a3e3819e4bcc,Mumbai DC,2549.8267860047254,364.3355639867282,2185.491222017997,516.3573261253996,Overstocked
961222a1-1087-4cb8-ba0e-ff9a990497d6,364d461d-8358-42c1-a313-0f7f664d8bc7,81643845-f050-4b85-9dab-1d7c6a2d4e85,Mumbai DC,2467.924308625863,362.8791959374762,2105.045112688387,506.7987937715577,Overstocked
71ea79e7-87ba-4e0a-b657-eb7736073a95,10f35cca-5fde-47ab-ac6b-4f4b314f1dea,db9d2f47-b0d9-4544-b9eb-2f12ebcc2c81,Mumbai DC,2690.8443202309554,357.13735103646604,2333.7069691944894,533.7922096876695,Overstocked
7c9e7814-a681-4120-9608-8328101cece5,0b295f30-3827-403e-9afc-452e350e940f,4ae8b263-b7eb-429c-92bb-0af322d6a560,Mumbai DC,2743.288248561138,382.53640537566935,2360.7518431854687,494.7607123704499,Overstocked
822debaa-0dff-4d28-a0fd-02c527aa1c2e,ed9ad953-73b1-4473-8e34-114eb436341b,a4801800-7b8d-449b-b862-f9a7a5db9d50,Mumbai DC,2423.6068022594413,365.7733358775804,2057.833466381861,521.5241027926019,Overstocked
c9e24f3d-5222-495c-9f80-f7f9a9570f52,18a8e696-31d4-470f-a1a2-66b9698a6b2d,b5607044-630c-46cf-960b-947532c28d14,Mumbai DC,2512.3665787168648,361.7139101726966,2150.652668544168,509.11696386013205,Overstocked
b1ca4cf3-97cf-4407-96fc-b89bf6430f85,fb9ca090-5493-46b5-bc7e-a73fabc47784,92c5d6ff-ff0c-4466-8bfb-cc9899cd6316,Mumbai DC,2540.9907489090524,362.75651217373115,2178.2342367353212,535.3951204910653,Overstocked
1d1bca98-fa63-4f73-802a-25c8b8dd7303,f1207445-8d36-4469-add7-f5b88df37f29,84184141-fcd7-4fbf-84c8-413e1fe87aca,Mumbai DC,2543.9671872481995,326.8106569933484,2217.156530254851,493.88153785872913,Overstocked
582ed23b-ee55-48ee-a58d-fb4055d77258,7b6486df-21f7-4088-824f-b3a30e35cba0,d1f9bbe4-b7d6-459a-a5e8-d672381caf2f,Mumbai DC,2622.58578608235,369.4756039727263,2253.1101821096236,512.7122486746307,Overstocked
61daedff-7fd8-4071-8597-b12ff026ddc7,33ec11e5-eb5c-4dc4-97db-a14c9fc73c4b,db14e3b3-467b-4949-9a35-b6b071ca3ec3,Mumbai DC,2699.6138359072697,365.87945067838655,2333.734385228883,483.45324575731945,Overstocked
af569c3c-5eed-4c20-b807-f3891b5ba400,b73a1720-0307-4879-b72e-33b5b4c77510,9736f3cf-ebee-4ead-9d70-2d3c6a1ca8bf,Mumbai DC,2688.7376920897987,385.2941406122859,2303.4435514775128,529.785571117841,Overstocked
30038657-53f0-4c57-8231-bd54169cdc41,b7ff952e-7e49-401a-8a80-5c0d56552f54,e621443a-aa71-4ddb-a6ef-db9391f80cb9,Mumbai DC,2602.7293384790028,367.2461182851375,2235.4832201938652,507.68959915990337,Overstocked
fde2e7e0-2eda-463d-ba26-d53eb3fe68e2,05052e7b-faa9-4d27-b27a-7d676c540a34,9fbd5c93-a240-4f16-8d3b-8c3c9ac0b9bb,Mumbai DC,2503.6293878443444,367.86057545629956,2135.768812388045,545.8508707703263,Overstocked
da2fb11d-9d92-4e2d-b98c-36395f39a57f,0f21d4aa-f6d1-45d5-83cc-add79f9ea60f,0822d933-bab8-4022-a20d-3c7e66be47f9,Mumbai DC,2671.7151696919836,362.7461534754848,2308.969016216499,523.4318894109736,Overstocked
598c23f1-1f21-4fdd-9273-f4868b5cdfb8,2aa1be59-6378-4d75-8738-758985b52322,9dabbe93-6122-4c96-8342-e55ebdae16b5,Mumbai DC,2590.4979342882,344.8654813671228,2245.6324529210774,497.0776980254141,Overstocked
31339aaf-18d6-441d-9b08-744dc1d92e90,467140d5-f871-47fc-9f80-364aaaddda42,ff239ee8-30cf-4a4f-8858-494898f9a0aa,Mumbai DC,2533.2975568930287,371.5387908945231,2161.7587659985056,499.38407284498305,Overstocked
cdb5024b-b471-4912-910d-a976daa9fee2,5fc9cae9-2957-41f9-9404-81e7420e8290,b5af1e02-d7bb-410f-ab5a-1382874bbfec,Mumbai DC,2604.2548194893734,375.7018757813544,2228.552943708019,530.5310557378582,Overstocked
a7405764-a1a3-4ef6-b1d0-2121bf116605,2c515868-e0b7-4c97-972f-82fbc7cfb57b,4894ff80-d92b-4ca2-83ec-edac54da0746,Mumbai DC,2581.4256181130227,365.2923845105788,2216.133233602444,521.431227512956,Overstocked
c766eaa0-be5e-42e4-9d8b-866ded9849c2,ea3a52c9-be5c-47e4-b196-7df20a5a2f15,9b0c3f9d-d59a-4ba8-a4f4-1622c5dc7d5b,Mumbai DC,2680.5338546823864,374.54289792588406,2305.9909567565023,526.8974613151668,Overstocked
2e917d02-1ee8-4b8e-90e3-54ca8735f5b4,6dd9cfad-0706-4d8f-81f7-6fea171175f0,816a36aa-b789-408d-8152-de7f12883746,Mumbai DC,2410.324128392751,348.12033342681934,2062.2037949659316,511.8120258521246,Overstocked
9ca443b2-25e9-496f-91cf-a41b255489a2,d213c53b-c7fe-454c-ae18-8a0d655caf07,9045d692-8ab3-43bf-a6f2-5609fd854ed6,Mumbai DC,2608.7667486776263,355.446637742707,2253.3201109349193,534.0074968617524,Overstocked
2b8879e1-728c-44a6-a9f9-9cb25bf4eb35,b8392d75-7a97-4fc0-ae0a-5165d2af56e7,cdf8faa1-bfb2-4840-89bf-666cdd4e3b04,Mumbai DC,2728.1365987603244,375.6185439350652,2352.5180548252592,527.9550062013967,Overstocked
1900ab9f-a98a-467f-bc4d-e5a0f2e94a8c,2a6ab0ea-b981-4fb9-a091-35a2eec4d957,8d180c0c-5561-4553-b237-be629048b009,Mumbai DC,2544.599046027457,361.7020885869474,2182.8969574405096,548.1098663476607,Overstocked
00c4caa6-9c7d-4280-b55e-01d3820b1110,674de92d-cf0d-4df1-8448-b1ebe07a0475,987dc891-6ef5-4705-a8ce-232d42f18a2e,Mumbai DC,2630.3576953148017,363.7403963129577,2266.617299001844,511.00672201007643,Overstocked
830d710b-926f-4a88-8fb5-64fca07652d7,cb3b8359-f734-43b1-ae30-7dbfb31cb7c4,02bce405-5193-4bc9-9131-c7d9fae394a2,Mumbai DC,2408.57529436925,331.9580038587551,2076.617290510495,520.8839793707488,Overstocked
f22443b8-4fcf-4f22-892d-a639fae7f1d2,eafa140c-a8f9-46dc-ac78-45d8f2a0fb63,767bad2b-15fa-4834-b4eb-06f6f4f0a7cc,Mumbai DC,2258.451268670182,349.53673306882865,1908.9145356013532,498.09148918417213,Overstocked
0af89625-60b2-4ae6-96b6-92f7f5c07dc7,ea49513e-1018-491b-993c-a8f57b974e4a,d45f082f-ebff-4868-a09d-84395c27c7ef,Mumbai DC,2743.1025866538466,370.4014299093278,2372.701156744519,520.0939164318636,Overstocked
f8bc8eda-bfaf-4bd0-b1c8-efe284904203,e0529831-1068-411c-b415-714dcab2bbed,f322fa46-11c4-4374-9804-8a5b610de8e0,Mumbai DC,2804.9325195306724,386.25847742846827,2418.674042102204,497.7403419684367,Overstocked
d85683f9-c1db-4f6a-84c3-189e53ea2dd8,99f7038e-3b09-4ac0-9fb2-3fae072f50fd,53dd0802-33d6-42a2-89ef-7e3deab9efbe,Mumbai DC,2576.728688843771,373.97211434629344,2202.7565744974777,484.3331385154309,Overstocked
7103960f-cdc0-4280-85fb-486e69fec510,69b2a8a1-cb22-4440-a5a6-603df11f12a1,059c7270-6dd5-4504-8c6e-d1b8b5b760dd,Mumbai DC,2845.659738942818,372.7470226040341,2472.912716338784,516.3500814664479,Overstocked
3bd13339-b167-4346-bdb0-33dbc8555b94,b951e519-85b6-4a25-b260-26249cf5722d,d88f808d-44aa-4727-b2a0-b2715616d8f6,Mumbai DC,2401.5386568918784,356.87654685568054,2044.6621100361979,534.4989019197425,Overstocked
a8e86981-019a-4de4-b7c0-af0d35de4dac,6e755969-cf79-47fd-be57-c098a2f99724,39033bea-f1dc-4401-b9fd-eef1c4c03ec8,Mumbai DC,2497.4984188397293,364.75199565128423,2132.746423188445,535.3868786103432,Overstocked
87d7c2ea-0df6-43f2-a313-dd7c21b7c298,c01c8cd4-12fa-4c6b-8c01-c9375db4f42d,faca42d1-2d0a-4270-ba82-49e176add988,Mumbai DC,2625.345892957394,357.8534374123533,2267.4924555450407,526.8717747978474,Overstocked
b551b896-fa04-4b4d-93ab-5bf7f3af0781,9d1c93af-00f0-4e57-bd71-d7fdc8c09968,fa5dbc32-0d53-4ae0-bb01-4efddf59c920,Mumbai DC,2731.4154522255885,355.7849509196585,2375.63050130593,511.1179360647046,Overstocked
1f2eb8f7-2ac5-4530-a356-d3b1242a5cfb,45f2c8af-0070-4f26-8c96-f2d114adcd77,d937cf3c-5bf1-4cda-b1d8-a476a0f025d9,Mumbai DC,2701.917621518126,355.63026764745973,2346.2873538706663,491.74326990486213,Overstocked
9b5402a8-915c-4e81-856f-e45978f53984,8b9db6e1-e252-4e7d-a928-05b7a70c4776,112c06d6-ab2e-4ea7-953c-19bab819cc9e,Mumbai DC,2625.786151891437,360.7869205677903,2264.9992313236467,538.5925591605236,Overstocked
35b66d1a-30e2-427d-a111-49eee116462f,8489e54b-d581-410f-ba11-4856764d81c3,cc82d50c-aea6-4281-b33a-fd610e945ab8,Mumbai DC,2485.8956197412676,354.92640987173536,2130.9692098695323,553.605448529637,Overstocked
18cb5327-d37c-4f39-93d8-3a52171add52,39b2297d-20bd-41b9-98e5-956844e143e0,e49a7b56-b583-45b0-9155-e534ee994f8a,Mumbai DC,2531.327238880485,369.70955830281764,2161.617680577667,523.1753389215125,Overstocked
6f17e3dc-fa74-4e56-a850-b61dca8c0221,a2a62af0-54f0-499d-9382-101a0b92671d,acc4a453-c993-47d7-a7fb-8ff000618025,Mumbai DC,2554.1375551135625,352.55214212221154,2201.585412991351,489.5356388456938,Overstocked
65baba68-25e0-43f9-b4d0-c5319c179a91,11207157-0b64-40f5-9ba5-436b1f9e0895,f5a85383-c3fc-49aa-9ba2-d455560e9b86,Mumbai DC,2773.5439566369787,372.78027655438746,2400.7636800825912,499.636853305444,Overstocked
05983cc6-df7c-4b10-86c6-645c01de0425,9e2510ef-d4e3-4753-b715-5d79539ff6b1,5b783687-be37-40ff-b0bf-7f7699eecc26,Mumbai DC,2575.661059124663,381.0396767007287,2194.6213824239344,502.8506698354343,Overstocked
5b4500a3-6bb1-482f-9d3d-677c865d9d1f,59f62408-0e41-4afe-9a13-223028f7b6e3,1dfffe10-c87a-4547-a3b9-772b759d2d69,Mumbai DC,2547.2601662210604,358.7136900007581,2188.5464762203023,525.9579018562122,Overstocked
87047a73-b721-4e48-af9e-0e58ff9d6304,ab34de90-482d-4c2f-a326-d8f57a2e0429,92135281-251a-4e61-87db-a67b314f1e04,Mumbai DC,2394.539686038738,339.3249589225434,2055.214727116195,499.54981198517544,Overstocked
7fdf07e2-1202-4c78-8cfc-dd603ccf4e4e,935bc18c-8792-48ba-a0d1-576d8f46f072,123c178e-ea9b-4079-8a6b-3965f2970579,Mumbai DC,2696.070065639195,371.00110627409913,2325.068959365096,512.7748325975772,Overstocked
9ffde3f2-662a-4c07-ab04-dd031894ba6e,9d6c0aeb-988d-4278-b059-2f77a8fc4a40,14591c99-5593-4f7c-b904-db099d38abb6,Mumbai DC,2399.1327133746036,365.52391456606506,2033.6087988085385,535.0012323402572,Overstocked
d2b0b730-efff-484f-b9ad-2a373a601c9b,a3a8225d-3d0e-46d7-b300-a3f34f9e7cfa,a171e653-9196-46d1-a558-1d23397ac2bd,Mumbai DC,2634.85666051121,360.86068093733365,2273.9959795738764,510.35503287052813,Overstocked
5a651de4-cfb3-49ab-9b4e-84a45bbfb19e,fb84ae87-72a7-4d48-9c1d-43841398f91e,92ea5946-6823-4fb1-a97d-a7a565df6cc4,Mumbai DC,2784.6785094925644,367.0630766595091,2417.6154328330554,519.5522443521996,Overstocked
e4f2b465-86df-46e9-9803-af9c6d83dd69,8cc0d02d-baf6-4006-b10e-07db8ac2d194,5b00d661-64d3-4c91-af3a-b18c6ae3e6b3,Mumbai DC,2521.8899266176313,348.64276217151064,2173.2471644461207,535.9770933124776,Overstocked
2bfcb883-b4ce-457d-aced-9a697f705668,f45dd9bb-ef9a-4944-9ded-c3a1a83b9031,65817d61-5d66-4423-920a-2f7350db6fd3,Mumbai DC,2618.7804314371747,371.6518778214263,2247.1285536157484,491.3927457353311,Overstocked
04c31c52-97db-4538-9d8e-a2a60fb7bf0e,4f40c7b2-5816-4d75-8804-9286bd170b77,551e43b3-b05f-4938-9579-55ccaeeb3658,Mumbai DC,2449.443091389727,365.75876809781266,2083.6843232919146,564.1250336895225,Healthy
220fcf72-f810-49b0-a421-d1f7c2b7ada7,75eeba44-7bda-43d2-8f33-64d7772d2795,ad60309d-2be5-414a-b710-e9e873e15b82,Mumbai DC,2556.9737147734454,358.79196398372005,2198.1817507897254,518.9503951062352,Overstocked
1e6f4448-e535-440c-a6f3-03ac662d619b,836a5f16-d401-4a77-81b8-885026907e34,7b17d3e7-d4df-4b4e-9681-7e045045bd1f,Mumbai DC,2446.729206388981,340.04892202148403,2106.680284367497,529.5331223266255,Overstocked
222d7ce0-56fb-4630-9cd8-5996ff167d9a,4e73057d-19bc-42bf-977a-fba1e11406ee,4441a7ce-eea4-49fb-99fd-f5a16b63e9d0,Mumbai DC,2693.269399791127,364.68096105088125,2328.5884387402457,504.8231598345087,Overstocked
13e5abd6-967a-4eeb-ac60-a269ac2446b6,c2126386-0cb6-4f64-9b07-8835d98ed7df,13e2db76-d8f2-41db-9277-dd417c9d5084,Mumbai DC,2667.007430584792,362.5381034257207,2304.4693271590713,526.8171178992717,Overstocked
af4a9246-d5e8-4bf5-83dc-843f64f30a2d,07ebf1fe-59cb-4975-bc66-1e596b3ea109,c9b57ac7-0149-4d04-85ef-59182c3e4d53,Mumbai DC,2275.7412795407104,370.755132067824,1904.9861474728864,495.20218487246257,Overstocked
979badab-86b3-4c05-b81a-1bf2bcc5c4dd,750734fe-ee45-4691-aa7a-b07283f91800,f8073f3c-5d10-4341-a292-e08b9e5f003f,Mumbai DC,2632.0361823525427,351.1412235217417,2280.894958830801,532.7209680095591,Overstocked
b7d16948-22e1-472c-9d26-6ca6f6199174,bdb07721-1819-49da-8726-f0ec0362285f,f85bbbab-899b-4897-a1fc-672b3697bb04,Mumbai DC,2832.268382829642,359.4272614700958,2472.8411213595464,508.95052193751235,Overstocked
47484a2d-1934-4c97-ad81-c4df4c34b2c4,a1c0c238-2b80-4bb0-befe-67757ae3aeeb,b6bba677-961a-4c46-995a-7c0bb4dfcaba,Mumbai DC,2686.9046369404596,383.11306614040586,2303.7915708000537,522.0309208587488,Overstocked
ebf0e1d0-53f0-4df8-ac2b-65e92390b0bf,9362d8e7-6be0-4050-938a-6648a0d2cc82,268d75c6-0c7a-4a5a-9234-2d2513756250,Mumbai DC,2579.6540984827902,375.36397119222966,2204.2901272905606,526.9649187161384,Overstocked
67beeeae-ff8f-40cc-bb18-45d7e5a91238,899aa161-d3a2-492d-91b2-8464a44c554e,05fc3ef5-fa05-4c6c-8ec7-005297e75c1d,Mumbai DC,2484.2257553410536,352.93376015214153,2131.291995188912,516.2523055471078,Overstocked
c7442bc4-6c89-42d0-bc57-eaa241013086,dd5e4361-92ad-4cf5-b920-058d08093bc9,0aab5eaf-7367-45f5-a8bf-68f7ba38cd0f,Mumbai DC,2482.425532506541,378.188066039304,2104.237466467237,508.6761460251232,Overstocked
795682df-95d9-4b43-869b-ac582ba781a8,8b0ed016-6781-4d2a-b9df-ee097ca3120e,50d639e5-675c-44cc-a30f-faeb87b58cad,Mumbai DC,2567.0929661101673,354.2056327800651,2212.887333330102,528.2699463531472,Overstocked
94c74ec1-8a67-49f0-afde-22af298d2eb0,96549b08-9d92-4827-8cbe-06f87b508dba,ce805566-de3d-48ac-bfe1-98c91cc73a20,Mumbai DC,2673.2657464228723,368.3783904935417,2304.8873559293306,497.3446849596709,Overstocked
fd20106a-4312-4df1-8f2d-2d7995c2be4c,662c2698-58bc-4003-84e8-5bcd99633ff9,8e185c8a-103b-456b-9b85-fedcefc06268,Mumbai DC,2440.0478666224913,340.28086057389737,2099.767006048594,510.49856103719475,Overstocked
e5c319ce-7eee-4969-ab1f-7345da3b5d13,e4da4fe6-e172-4886-9869-1c2e46b802bd,d9504b00-6780-4412-be41-dd3c371a9d99,Mumbai DC,2439.4718305425977,364.6440066751984,2074.8278238673993,480.42075015391754,Overstocked
c05d706d-7851-445c-aac4-3946673913c0,7af4130c-1c18-4d5c-8cb7-66f8f0a7e231,aed37267-baf0-4abb-b263-c69528ff2029,Mumbai DC,2711.9615525716367,369.37195309139406,2342.5895994802427,529.6409139948456,Overstocked
91fe127e-686c-4295-b70b-ce59f93e7ac4,e041e394-32a5-4eb0-9deb-facdbd571985,fc72dbf2-f01e-43c2-94a5-9b3d7eca2d5b,Mumbai DC,2703.8623979618646,339.3871138257905,2364.475284136074,501.4417062408074,Overstocked
920654de-ed5e-4706-90e0-14b0a773b6b8,89330fc8-83d5-4f89-bc43-8e3e9e9b5f03,ae6056c5-b1ba-45d7-ad6c-9cb3ad029c15,Mumbai DC,2592.311741860959,360.106161523825,2232.205580337134,509.4118731235567,Overstocked
a262f6f3-8ed2-4c7d-b999-f185a72e47d5,f8bd93b3-f4b8-4281-8153-0e157e298444,ade8ace9-409e-415f-ad84-0fce1482872a,Mumbai DC,2582.433633246642,376.1520051502489,2206.281628096393,519.4526389106522,Overstocked
792b7267-fbe8-49ed-9970-f3ecbb75b73e,e30d4442-7f0f-4c7d-bd66-b32deec9360b,55a70e54-0604-416b-a25e-62ac7bd46aae,Mumbai DC,2645.5521419653965,375.6143257653125,2269.937816200084,485.4407708758615,Overstocked
63690944-c46d-4539-86b9-f848c5f29a34,3942dbe1-ab12-4d83-8d08-01b83c50c303,5e740aae-0a9e-4877-96c8-c4658c1f5af6,Mumbai DC,2749.7679492496204,385.4305674219959,2364.3373818276245,505.2146082900955,Overstocked
05e21c11-e6e4-4674-ad55-55f7e045e771,a6a85392-d103-4887-b815-42ed112b7fca,f03f825e-e255-473e-8702-2bda2eeaa9c2,Mumbai DC,2742.4948349408446,398.22537376926266,2344.269461171582,485.29895485645676,Overstocked
19ed345a-9686-4ec4-8ad0-a542420762d7,ceb30cde-fb76-44ca-940e-5d99c81f72da,943643c2-d9b4-4c38-bbc2-a7afcdc038d5,Mumbai DC,2685.917800140126,371.8764518838216,2314.0413482563044,515.0705077135192,Overstocked
e5ebf568-e49c-4a56-a351-85f94f0e2550,bbd2cdb0-3f72-434b-b9c2-6797f896c026,6e21a4a2-07b7-485b-bb6d-c6943556e043,Mumbai DC,2544.0893346018606,371.86888098236113,2172.2204536194995,535.7338648458133,Overstocked
1c19e275-7893-4a3e-be4c-4d0fac05e580,f8c8d9ec-c1b6-4388-b721-bfe2b339651a,c17f125b-baad-4e36-ac5a-10c01e3d836e,Mumbai DC,2605.8249454031743,376.86121087001675,2228.9637345331575,513.2391777758086,Overstocked
c45a9123-dd34-4fb8-8600-5cd124b91a5e,6c779c5e-2c3b-4020-bb62-cd117192f468,0a18d5ef-68ec-44c2-8a12-5e3523b681b3,Mumbai DC,2283.087052502454,312.6078249759819,1970.479227526472,499.1667663870387,Overstocked
e0bc60a2-acd6-44e3-9f9c-83313efcb236,b1cc0e4d-bdb4-410f-855b-798b90bd25a6,8c0e6832-7856-4e26-a17b-aa066c7735b6,Mumbai DC,2461.661463427611,350.6329394874615,2111.0285239401496,472.49073616223995,Overstocked
0e3507d5-6cc0-4589-bf0c-8a0d4cde77c9,ea966f28-e83b-49d2-afdb-56e8cde1b371,db3a74b9-012c-45b6-b7ef-16417b3f5e27,Mumbai DC,2628.896267456859,337.67462847228853,2291.2216389845703,502.4951210469281,Overstocked
e9d78b44-5990-405f-aefb-75af0ca7f69b,4e914b8d-0f7b-4b82-b3d3-304df6c07af5,cc424a45-e879-4bc3-bb97-607e77aa9566,Mumbai DC,2598.21236926283,368.568815417731,2229.643553845099,483.8722950067625,Overstocked
70a373bd-d4e0-4a7e-9176-c8d3f102f8c4,ac6bf6c8-31cc-4a70-9747-21ffad1fe828,d33e0703-3071-4108-a090-ac7ef456c422,Mumbai DC,2642.6007724194246,369.11302168734755,2273.487750732077,519.9234133277532,Overstocked
bf3720b8-13da-4690-80d6-a5ae0d62d638,beb5d79a-f1f5-4476-860b-3fd530414fab,403155e1-0935-4cde-adaf-e59bdff1ebc6,Mumbai DC,2703.9383760310834,343.46446547382493,2360.4739105572585,527.166240125784,Overstocked
0cfc998e-f8e8-448b-87e0-8da845671972,8e98693c-3af8-49d6-ae16-23631df472df,ce76dd56-561d-4ef3-98df-44302a1f488a,Mumbai DC,2473.565354563829,351.9727487968007,2121.592605767028,517.7500096957814,Overstocked
20a0095c-affb-4feb-8ef2-4a4f31f821fd,f52058e5-e885-4b9e-9b9c-809997239d61,84a4dd7b-3c1f-4761-a7ac-9b37c6bcb378,Mumbai DC,2638.0427671218217,355.1485295915818,2282.89423753024,490.92503901185205,Overstocked
26db7616-abf3-491a-bb3c-10a188aabcf9,db82231c-8131-4d03-b593-b3839fcc22fa,9fc6723a-6f8a-4afb-a673-a2f76a2644fc,Mumbai DC,2575.5171450192947,337.0389411943761,2238.4782038249186,491.2070495985348,Overstocked
ccd1f180-486c-49b5-a2b6-a074a1808846,f24023b8-183d-4f96-8a9d-2579f3b6a421,92a97f3f-2663-4ce6-8b97-f0611efb2ec0,Mumbai DC,2730.1729139417575,375.97197892540726,2354.2009350163503,520.1503136515357,Overstocked
cebe4b27-43e7-499e-b7e4-1d909fce2afd,f1a5d3cf-9bc2-48c4-9db0-18e3ee68f4b3,9e7d2ccc-bb96-479c-9f35-6451a390f825,Mumbai DC,2696.943349542391,371.8196813678951,2325.123668174496,517.4462234804935,Overstocked
64b65759-5d6c-4c5e-8e9a-f2a9ccbf2c2d,87df4a22-dcbf-4b2f-bf47-de7d238da2ab,14b50fad-24f1-45a6-af68-53039ed496f4,Mumbai DC,2592.882104276675,352.74533208094044,2240.1367721957345,522.5156672173164,Overstocked
87a08abb-8ade-4a5a-9158-53085fe523ab,562c0ebf-8b37-47b4-97f6-9fe1989182bc,ac4a7ba2-8076-4b97-908d-62fed4c23119,Mumbai DC,2482.3685665117773,377.5684176767704,2104.800148835007,515.4225138308136,Overstocked
64e7ae2b-c606-4b62-93ca-aaab2e419c89,6e847f0a-fa09-44b8-a40d-c79d7fba5cf1,c9921b08-075b-4bd4-a069-3612ee264f8d,Mumbai DC,2725.2447350318994,348.38385014481946,2376.86088488708,502.725151369814,Overstocked
a0816a35-f5dd-49f8-bcc8-6b35ce5ac9d7,712f35fd-09e6-4398-a019-e87c85b8e6c5,545680f6-4677-4d23-80a0-de1047646b8f,Mumbai DC,2622.9366569577287,365.1159240064453,2257.8207329512834,536.2196980980511,Overstocked
e58beb88-2e95-4327-b79c-49f03c6f6912,3212ae0a-cc81-498f-a2f4-eaee250b7e0d,1676d383-4041-499c-97ed-b4e64bf4fffc,Mumbai DC,2627.765063067575,387.655306702045,2240.10975636553,515.0194925310171,Overstocked
6d10ab72-36e6-4f39-b4d5-64b501159557,933ec626-0a1d-40e5-84dd-b90954fc14d7,b7ff7a18-eae8-4027-93a6-6add6a9c9c58,Mumbai DC,2627.6378848592376,368.25944360876065,2259.378441250477,513.6229463801292,Overstocked
077c5160-5473-4a77-9b0f-922bdfc6b229,cc3b4ec4-160f-474d-8fd9-10bc0fe7f800,a70ea7ad-8195-4c91-aedb-8e8b7a84647d,Mumbai DC,2619.678876458421,370.13411080160995,2249.5447656568113,508.99541194631536,Overstocked
80b6add2-10df-4f8c-8c74-42665369ef72,4fb41678-6d0d-4fe1-961f-df12f7b33753,36159114-7b72-4070-b256-e8925057e16f,Mumbai DC,2596.418535394081,330.7449855760997,2265.6735498179814,509.34885090767784,Overstocked
a7ae53fb-2269-48be-b447-f59af72c8a74,a838f985-4add-4eea-9f2b-51d23c57e9db,27a2668e-6b22-4926-a72a-1f94de07adc4,Mumbai DC,2628.31934423884,356.0209559348946,2272.2983883039456,486.3728231300192,Overstocked
05718d6e-5980-4228-a0c4-af2f84fd1055,a08731db-eefc-4e99-903e-01d42aca072f,3a0b5729-6236-4552-986d-75f1ebd8bc61,Mumbai DC,2715.8061374428703,379.3664383987002,2336.43969904417,516.3142735285907,Overstocked
b3c21ff4-44e2-4331-bf8b-b3d95d032519,cae8127c-df8e-465f-a44c-2421ae6046f0,e94a8b25-3671-4069-bc25-b2a51d5fb4a2,Mumbai DC,2616.422548151705,386.1954920952553,2230.22705605645,502.65754267713686,Overstocked
81d1b33a-cce0-499e-ac7b-82989286ca10,643c9480-4e5c-4a2d-ad14-14b790afd5bc,cb386484-7bfe-444b-b40b-a8b4684547ac,Mumbai DC,2527.2383732958674,359.24746186319226,2167.990911432675,517.0813718098619,Overstocked
f2012be7-ab00-4cc8-93ce-547f0b2c5f27,be03e16f-dbfd-47be-80bd-b75465132711,5c924dee-0240-439d-a4c7-788628129b38,Mumbai DC,2480.9726440225677,357.30737229189526,2123.6652717306724,527.7243037644741,Overstocked
559360d6-92ae-4cce-99e4-5d40d8bd16f3,ad98ab25-25f9-4b43-86f6-28f51d163e92,4d8fc18d-7f00-46b6-8ef4-94f6c665a7ea,Mumbai DC,2502.15899083334,363.3087575581435,2138.8502332751964,504.6050207197627,Overstocked
c08f26e8-8842-422e-be67-d31579a7989a,679e9917-0466-496d-b0d1-f0ffe0ec53a7,763c9676-b921-4210-948b-a812b363f070,Mumbai DC,2645.507217239121,377.21399329752694,2268.293223941594,499.3741387986496,Overstocked
85102334-a009-4f8b-93c5-c6574c91cc9d,a155e7d7-0494-4cab-bbaf-cbec185d29a2,5a48c1ed-fa86-4cd2-a799-e79485f2e699,Mumbai DC,2560.1860138495244,371.62180772263764,2188.564206126887,512.9324239116827,Overstocked
05e40dec-0e85-43ca-8129-166f19ee0a62,8c1f493b-c8bf-4314-8039-5ad925eb3d18,c51d62bb-2239-4e96-a4c1-6868cf76a60b,Mumbai DC,2770.322344345482,371.0491825870199,2399.2731617584623,513.911383785578,Overstocked
4789ff5c-e6ef-4360-8ab1-7c97845f61c5,cd384cab-0437-4263-bc40-7ddf550cee96,db9bbeed-db0e-48fb-a7b8-8a1d1b769abd,Mumbai DC,2266.450204067157,346.5415432666316,1919.9086608005252,500.51063262164314,Overstocked
105c501e-9358-42e7-80cb-b6b3cb4a921d,e95397d1-baac-45ad-b80a-b61311bf24d5,586d5ebd-371c-460a-9d1a-e03b65ce6d19,Mumbai DC,2473.8516983593754,323.5884835012016,2150.263214858174,499.4140698657102,Overstocked
9e2d6443-1a9c-4f17-b7e1-5dfc8497dadb,2d48c172-9690-4612-8c12-a41f259dfb9d,21633561-1b5b-461b-97ef-f0b8b79145dc,Mumbai DC,2627.668194346352,388.54853361345477,2239.119660732897,501.97482341664323,Overstocked
b9f052b9-3455-4c28-bf2a-43b81e3e72e9,69287bdb-3dd2-407d-afa3-94144bda20f3,85ab34da-9e95-40bf-b915-f7b3bd2f58b1,Mumbai DC,2522.0554898774762,365.2981820927189,2156.7573077847574,500.81612610219986,Overstocked
8c5b155a-d578-4f1c-8769-0c891aca3a18,84de0eda-5991-4d77-a3f8-8079ba3a11b8,3e98c3bb-37cd-4ad5-bb70-d7cd40f9f396,Mumbai DC,2608.0038376947027,359.41875946348864,2248.585078231214,515.6446069182967,Overstocked
00675cc2-df7d-45bd-bc0d-2bff7f275876,5996266d-fcd8-4e28-9677-a7711a308a62,f749da21-c0d2-4c45-97af-b9feb8b9eaab,Mumbai DC,2699.0667546813634,390.3134481271263,2308.753306554237,489.362622710105,Overstocked
e5bf83c9-818b-4f64-9601-8214587c4171,9e1517a5-8060-4ac0-ae3b-ea9b0c466b46,6772077b-2cdc-4e85-b512-f6efc1e20a91,Mumbai DC,2655.9776735254895,371.8245899630233,2284.1530835624662,511.7800381347985,Overstocked
d63a16ac-9bd4-4275-928b-0a12cefbda0e,18121933-2f42-4d44-b6ea-d34911ffe465,f5e60967-45c2-4e3a-9bf1-44a33c3c2cb2,Mumbai DC,2726.771407145498,385.1473269437033,2341.6240802017946,501.7539167076896,Overstocked
bce4eee8-6f61-4e0f-8729-55bfc6a997ae,7d85376a-4a6a-45f7-b76d-f4647e42ef4f,260dd0e9-e493-459d-8858-0546fb063792,Mumbai DC,2503.4238045309166,360.36963613724174,2143.054168393675,505.51087190202196,Overstocked
4b6df670-16b3-4ec5-bbaa-59ebdc16c2b5,8cd68393-613f-4d22-9b14-d85b86aa5c1a,1d90c8b2-ed2a-4a0d-bb85-f31678f59f6d,Mumbai DC,2743.747139960975,379.61007008718934,2364.1370698737855,515.8642269929602,Overstocked
cbb704a9-b497-465b-b1f4-868dacacef5d,06bf9018-92cc-47b5-8474-f9bef77da41f,767ead43-fe63-4fda-8bc2-7dca5350e62d,Mumbai DC,2232.235995222259,342.98167106345636,1889.2543241588028,538.9321352431085,Overstocked
811431c8-3c06-41b0-a8a0-d8aafb66f92e,1159e8c2-64b0-46d5-90c4-15c1b9c2f0bb,91026756-d5f7-47c8-8012-892409a9752c,Mumbai DC,2697.700429645057,349.65985555024554,2348.0405740948113,497.58405975975285,Overstocked
cd449608-bc25-4a5e-9a03-228774374130,7e381bf6-90e9-4843-9a60-5f584fe362f4,8ca93e02-f13c-414d-9862-fa5778069f27,Mumbai DC,2714.389161471344,370.2949045786154,2344.0942568927285,514.540509532468,Overstocked
4a448d04-1eb0-4e6f-b223-f5f1a34dedaa,4e070734-fc19-432e-80d5-eb11da85f45c,fd3f7359-c3e6-4e33-928a-f28ed3a0241e,Mumbai DC,2596.818200320256,376.16653395612866,2220.6516663641273,534.7712857366464,Overstocked
64800b65-2200-4a11-b2e6-d2d57ede4c75,688452c6-bee1-4928-b058-337a328d6ceb,98286cd3-4f12-4d31-843d-7beb4e56cfc3,Mumbai DC,2665.1719603741585,377.7727404967259,2287.3992198774326,495.88022685920646,Overstocked
10e3eb10-e1b9-4e52-8fa2-2b1a3e9586e0,c94160bd-c71f-4eba-9fb2-406e09f93a64,668c71aa-1a8f-4169-91fb-87d91522fc4e,Mumbai DC,2673.377199024774,373.20343011130444,2300.1737689134698,515.4125814745153,Overstocked
938ff473-3cd5-46af-a933-ba6fdef60d6e,51f240c6-4f74-47ab-badd-6aafc0e8e19b,84a5d6a4-ef86-4946-9e0e-e7b01bf91b4d,Mumbai DC,2707.080294091279,355.31273623161496,2351.767557859664,529.2448046331933,Overstocked
274066ee-8400-43c9-985f-ba9b6a7be55e,8a5004a5-c497-4630-bbee-b38f94c2a766,507aff8a-c144-499e-aa0c-f138324c058c,Mumbai DC,2464.0301525895643,322.5401717490472,2141.489980840517,498.6687277178017,Overstocked
602adf30-3488-4036-bdd6-7753cee56d17,49bd74a6-454a-4554-87c6-a83da5b256d5,138c28d5-0256-4b5a-bbad-c02ab5e3dda4,Mumbai DC,2525.312182279621,351.1876368836929,2174.124545395928,522.1609969026548,Overstocked
83a78640-2e81-457c-90ab-9d0661bf711b,41c1275e-ad6c-4607-9d92-ae0760d67460,7ea940a2-9e6c-43c7-abe3-16d2c650b411,Mumbai DC,2285.4465256364088,328.3941211792778,1957.052404457131,527.0473109728622,Overstocked
17757df7-244b-45e2-9e97-cb168eea6a40,10e23678-ef44-44ad-b352-d7190813cbda,61d28825-a95e-4637-a53f-a2bf66b4be83,Mumbai DC,2489.2118912247456,345.136187205293,2144.0757040194526,510.4492503765449,Overstocked
a3a46cb3-0d17-4766-a316-62325329fb7d,7a0759e8-d711-4481-9f94-7fd6f086550e,7903b00b-49e4-4c9a-ac79-58402e164cb0,Mumbai DC,2715.2480642751243,374.08402443193154,2341.1640398431928,507.6213038799914,Overstocked
f14d81a4-b970-4663-a772-152492203038,80a97442-479a-4b9e-b634-074da57a700c,d523f38f-69d5-45ce-b811-4870cf94c4a9,Mumbai DC,2592.94973893814,362.0533992610958,2230.896339677044,542.8828076864709,Overstocked
adafc692-329e-4e95-9046-88d8e64c37c1,3d0bdba9-399a-4a31-8469-2668287eca67,d1b0ed1c-3663-4e9f-a6cc-52ee4aa15c81,Mumbai DC,2601.911189410866,386.50982147173954,2215.4013679391264,544.0412971889731,Overstocked
be3104f0-fa9b-429e-9d4b-c397c2480508,3d1f461b-aac3-4e6d-9ce2-f67da194b47d,289faa91-ba75-4c2e-81ec-3eb3f2f24e27,Mumbai DC,2643.8410774324398,387.9038836018931,2255.9371938305467,521.5719969229144,Overstocked
f147d726-daa4-4196-99ca-1460b3f3965a,529781ad-82f1-4ef1-b86c-a8ba68b85c79,4acd9e9a-3f8e-4d59-a46f-d4251fa9470b,Mumbai DC,2635.5045236704327,353.870785657381,2281.6337380130517,511.94820014145046,Overstocked
bca68379-d671-486e-97e0-79a7c92b7d3d,a7693ced-486f-4563-b73a-68d672d3e225,3e24e208-3313-4672-8848-04db56267157,Mumbai DC,2662.6776733443244,364.5015508069305,2298.176122537394,485.98975083566353,Overstocked
2a1e88ce-1ad8-48c1-a7c2-f4f2c469506f,a21ef624-931b-4a25-b1dc-63c4181e0075,54ea48b0-9b0b-43ad-8441-683cb4357ba7,Mumbai DC,2637.7964406590436,353.52708610934087,2284.2693545497027,521.7401763857539,Overstocked
45dd3449-a961-4ea4-a4b8-329e8fe00b6e,95231993-572a-43d2-baf8-ed65e9c2fe14,d3f2a41e-062d-4a5f-9eda-38ebd0ce9675,Mumbai DC,2613.334387022571,391.7854464867628,2221.548940535808,489.77844933477274,Overstocked
4b51418a-405a-48b2-a261-9ed45e93b16b,01dd757b-9833-40a2-b556-e17592a81a5c,18c359a2-6ea0-462c-a182-42c5f4f97840,Mumbai DC,2760.4166261364703,373.8307736350871,2386.585852501383,494.5803880539853,Overstocked
9ce29de9-9751-46d2-8a9c-a921b7fb54ca,510ae3b2-9223-453e-a5dd-f7cc178cf368,f031c2e7-ef32-4846-91a6-6924637af8ee,Mumbai DC,2559.8016244525847,352.7542758764557,2207.047348576129,503.5864015917099,Overstocked
15c8b5ab-e68a-4300-b534-700a603313b1,dbe50ce1-f4b4-40d8-9336-19cd21764d29,d8b402ef-de95-4b16-a0ac-694289f284d0,Mumbai DC,2596.353076064742,362.75669848176994,2233.596377582972,499.71212921925377,Overstocked
8136386e-defb-4710-aa4f-47c6967ca61a,a4e2b8d3-5731-4ffc-aa1c-8002f0e9b7ce,560870dd-1430-4acb-9760-96e6e1248b96,Mumbai DC,2675.8899205795738,341.15552913026704,2334.7343914493067,549.0029403198556,Overstocked
39e180ee-2846-4749-85ee-4eced393b3fe,cd0ef3c9-08c2-4151-a065-8825c604118e,47362e41-0c92-4d0d-9e66-40ed68df34c3,Mumbai DC,2742.581363736178,370.9881958535666,2371.5931678826114,508.02100956941496,Overstocked
99986b38-924e-4887-bc8d-0fa110fd0f3d,527de810-e774-49a9-9837-700bbc1221e6,18a7291f-d497-4aea-82cb-15ed96dfce36,Mumbai DC,2750.376339345751,370.5393252726776,2379.8370140730735,520.0133062139464,Overstocked
2b0411b6-9536-4d07-b5b1-3cb763568049,89250b03-2867-4727-8692-6031a4820c42,a0c7dccb-da40-4a4d-ae13-6fe329ed7a1a,Mumbai DC,2455.5576958087213,359.76305858502883,2095.7946372236925,536.2013804457862,Overstocked
b12fa0dc-fede-4865-8a69-6ba87ccc6c2a,b8fee2b0-2c0c-447a-80d1-2873d909bd27,6626f445-a09e-41ee-ae65-52ebad0c7b11,Mumbai DC,2544.2624504270034,345.1517289370595,2199.110721489944,537.4393593369474,Overstocked
d59d95f3-bfca-4e99-9487-db7826633d47,296616ba-0904-4271-8d71-2416a65c7e1e,f81e161e-4a94-4c41-97af-a81a890c1178,Mumbai DC,2437.021398782637,373.99553022123837,2063.0258685613985,513.7813993099321,Overstocked
3744a93a-cbeb-4084-8f12-48f0aa3b8cbc,92fae00f-0176-470e-b4a8-5c6fc9c3e39e,fce2983b-df1c-44ac-b26e-c6829eaa5dab,Mumbai DC,2550.67426969774,351.6652453701113,2199.0090243276286,532.963137477456,Overstocked
81eadef8-ee1d-4904-a157-b652d2001701,98d91143-53eb-4e8a-a614-c0dcbe53cdb8,5e3274b6-8dfe-4866-8de8-3a520fda252e,Mumbai DC,2555.0183245222265,371.19086180147406,2183.8274627207525,521.4874945962555,Overstocked
cc7b786f-09e1-41f3-b9bc-6b284944bd23,8c81b7bf-ea11-402b-b857-38aef05cb10d,266c4e3c-69eb-435d-884e-5fdd07ca0ee1,Mumbai DC,2692.6447259645624,382.3014528687863,2310.343273095776,510.35692432868996,Overstocked
a8d18983-1a5f-4685-9e86-4d35b9d0950e,7cfc92d3-b049-48f8-99fc-3d709e8e97a1,bec90418-98b5-4819-96ca-e4336c1ffc55,Mumbai DC,2619.5186001941474,381.51471954117824,2238.003880652969,495.05585815316624,Overstocked
b06b01da-da8d-4537-83ab-a94a096e88be,951408fd-d435-401e-bf29-640d1279607e,67104608-cf77-4324-8148-eab3661a7972,Mumbai DC,2741.566444758863,374.8145933040987,2366.751851454764,477.9363274833826,Overstocked
678b0981-efdf-410a-a36b-e78268925c72,a09e469a-2bc0-49eb-af97-ad27b1e37d1a,dc8892fd-7ca8-42f5-be0e-c176c2c02c4f,Mumbai DC,2657.8383610406254,375.75969779680054,2282.078663243825,529.073437461051,Overstocked
b45ef3c7-560b-4731-81f4-c97ec02ee9f7,b87c0a2b-5290-43c2-a661-730f3b976498,4810073b-6c11-4521-87ed-52346014c9a0,Mumbai DC,2568.4338774797834,352.67896236127126,2215.754915118512,526.2964202845401,Overstocked
c9184414-c430-4d53-b373-56d943a8bc25,d6b15b55-616a-48d9-9e77-f6ebeda9433f,28d8c74f-2e00-46f0-bf6f-d8042ef205c5,Mumbai DC,2796.5360535750197,382.57322223049687,2413.962831344523,520.8351652747364,Overstocked
5e2b4189-a9cd-4a74-a2a0-684233661c42,67a3d57a-f58a-4936-8026-dfa628090103,cca4253d-4885-4023-818a-58dc5290d9a5,Mumbai DC,2623.510513121688,358.3716469527326,2265.1388661689552,500.00890618872734,Overstocked
d6b6b353-f02d-4fa4-bb87-6d49478c6aa6,36de9702-fc32-42dc-b762-aeb1f53d053f,cbc72107-2869-40d3-8cd1-22455999291f,Mumbai DC,2617.8031513858195,376.43006150013616,2241.3730898856834,516.4752402927511,Overstocked
5760a26c-2c8d-4ada-9482-8320e2158c76,f168716e-0d7c-4bc2-a7f9-40d2d557ec00,503b9e1b-2c82-474e-b315-c4dd8a3d66e1,Mumbai DC,2459.9209001995846,308.9900918042131,2150.9308083953715,533.6119955398575,Overstocked
2606f0d4-5220-4916-8435-66001cf68f5c,87cee4af-6601-4427-a97f-8c2b6c9643dc,dc9a43da-b592-4fd7-8e31-aab8a4202b71,Mumbai DC,2459.183161844832,364.9675849064988,2094.215576938333,511.01728037546593,Overstocked
f6a0a738-fc3b-4c85-9fd4-4b66e62b1480,046bf580-8144-4972-82b2-9a25d57f8a02,5e94ebd9-825f-4a53-adae-b507617e67ac,Mumbai DC,2593.6331875639944,344.08027268462047,2249.552914879374,536.789106660938,Overstocked
6daed32b-d6fa-4649-8264-7e77de4463a4,437d66e9-f18b-426c-a9f7-7732ba5c9289,55c54f68-1803-4463-b473-6b51be83f271,Mumbai DC,2710.9346959468085,384.856274284718,2326.0784216620905,508.2721014534027,Overstocked
c77f8781-ffad-4a85-9416-02a4c0db17ff,8bd2f3fb-af07-48b0-8b9f-cc61adbfbcb7,2be05fe3-ba7b-4dd9-a85f-d49b66488fa9,Mumbai DC,2665.2780901499873,376.4930586419846,2288.7850315080027,512.8482253951674,Overstocked
3a03a294-ee2f-48b2-b7c3-a6b290ca79d8,aab5f870-871a-4fbd-9782-977cb16ccca8,43a3bc3c-23ca-403c-99dc-dd707f3307ce,Mumbai DC,2606.5289240373886,386.17843648850067,2220.350487548888,509.3326787112463,Overstocked
4406c19a-f2a6-42fb-aa81-8f7be75d0891,0acc35e1-a956-41c2-be98-5f8e7e470e39,3cdbe622-57b3-457b-b2e6-5ffc991f1f6a,Mumbai DC,2607.8314065712393,373.9453816738351,2233.8860248974042,486.87643989843554,Overstocked
e0a59b22-5104-4cf2-af4e-2b1f061b8e93,394ffb7a-05c1-495b-8031-6fcc5440d168,d131065e-05d2-4eed-ab32-7fa491c72d0c,Mumbai DC,2612.93616634725,352.2006628403951,2260.735503506855,550.4774577003535,Overstocked
92215b75-6418-4c01-b81b-b2292d98e51b,9bd2980d-35ad-4437-ac56-85e206dfd7f0,38e47a04-911b-4329-9338-1b4a77e226d4,Mumbai DC,2615.797187190585,371.4462892499264,2244.350897940659,506.60027413849485,Overstocked
34f0d3ab-8f63-466c-af05-4412194ba2e6,31a5ad1d-5a47-4699-9c48-af86c815786e,2cc6f2d0-bd95-4459-8dce-7749257308e0,Mumbai DC,2870.1461025590934,391.04699673151026,2479.099105827583,514.423822242327,Overstocked
a226cf83-e177-4e9b-b0f8-addbf8705b9b,e7584203-8adb-4c4c-8dbb-267fa244fac6,7f06502c-595b-4545-acf9-7937b63a2f1b,Mumbai DC,2543.513858728046,359.6839814359537,2183.8298772920925,527.9166813884405,Overstocked
0ad818c0-019b-4227-9407-a2b976c58f7a,3d6cf1df-57ec-46d0-9729-a5201799025e,5e729d27-bc0d-4470-ba9b-a0caecb501ae,Mumbai DC,2390.14100596139,375.2165563725425,2014.9244495888474,514.541126866275,Overstocked
3e084385-1bfc-4945-804b-8c02dff1dc7b,c1d0ae2b-ce1a-4e2d-89a9-f3e5c7ecff65,b56aed50-bd09-47d7-a1c5-4e7b9582b574,Mumbai DC,2593.8202423467765,354.1182511613333,2239.701991185443,543.265760579079,Overstocked
0ddf5920-c540-4479-b745-38d10813040b,37aa8839-2b6b-430e-b9af-0f34a8440a59,6cf1863c-7f81-4136-9887-bddcc9597bdb,Mumbai DC,2671.339448223803,364.31492343858963,2307.0245247852135,515.7827477634459,Overstocked
15dc42a3-e38a-46f9-9d3e-c9a0c907822d,f395ce40-5fb3-47f6-a52f-61ac204c3a51,fe46af27-8180-468c-9ef7-100ceb37002f,Mumbai DC,2640.1884052374744,392.5047931125155,2247.683612124959,515.7327732631928,Overstocked
7384d674-aa0c-4b29-985a-7b67cfc675ec,3820cd76-e400-455d-abc8-a78a70e2d457,1b92c528-c8a1-425f-b073-9aca3cc5d97f,Mumbai DC,2652.7475579132556,356.0921344699527,2296.655423443303,500.4946037203764,Overstocked
1b128fc7-3f45-4f08-98a1-b2a0ac40dde7,55b75ba2-89b3-4018-ba4f-b97baf180a64,93dbbae2-9055-49b3-9b6b-e90b9474b909,Mumbai DC,2599.3296025035365,368.5589830525055,2230.770619451031,491.8974465801936,Overstocked
c315a3c8-6571-4f5e-bb99-1a65d3d09c36,7e0bf3c2-83bb-4ab2-9454-63269b1a5318,975443b0-da7c-48c5-b227-fd82933705d6,Mumbai DC,2668.6614853505475,372.87634363532516,2295.7851417152224,493.1312243081659,Overstocked
2558e6bc-c70a-4008-9a69-711f627d7702,3fa9dd77-6e74-4476-83fd-ed7a86be388b,7690e06e-2506-4372-9cda-442a4aff914e,Mumbai DC,2705.073037097982,385.4295440377541,2319.6434930602277,498.43557477666286,Overstocked
9f6586ca-eb8d-4df3-90f1-54a77ef66cff,d1497dec-a294-4d0a-90d2-7cc7a7af7c2f,a03ebd6f-ed84-41d4-a106-430ef5d10a25,Mumbai DC,2535.229621027809,367.280367281704,2167.949253746105,495.3454848371083,Overstocked
e753166a-c10c-45fc-8506-cc9c99692231,69232e46-cc07-4671-b702-2f3f09debd7f,c816ce99-fa54-4586-a3f6-e2eac28742b8,Mumbai DC,2423.068654151477,328.16778724464166,2094.9008669068353,501.23722470504487,Overstocked
150d99bc-bdc0-4ae1-a856-980fd1de829c,9c57f002-262d-4055-97bb-91254aebaf80,3033c55c-53af-4825-a2c8-e8c26df00b2b,Mumbai DC,2766.4645590378004,382.1997643180498,2384.2647947197506,490.347205351475,Overstocked
69f5ed66-56e4-4bab-894c-6c8c53ef727c,f86d2b10-6f7b-467e-9ab0-c068d3b2f6ab,f97c6a69-b69b-447b-b078-57fb056ab3f7,Mumbai DC,2631.0908738910866,366.19567691868724,2264.8951969723994,540.3434663461172,Overstocked
53e79d96-25cc-49d1-90ea-6ec1183f45a9,12f830f1-380d-4f87-ace6-b6ec0bb5676a,0afed105-6a94-450e-be64-f23da2ed8183,Mumbai DC,2638.1580268290504,368.65304674975187,2269.5049800792985,527.667904486264,Overstocked
2b5fd8c0-030f-46d0-8f98-f115f70523de,624e43e3-d04b-4d96-9a1b-89fc03c22446,1f167c06-0784-4160-a819-1636905e5adf,Mumbai DC,2729.579685701918,375.08100401441334,2354.498681687505,503.11489055818424,Overstocked
92fc6aed-3753-43f5-a9f6-b8851593c1ad,b9ae6173-67b7-4695-8b8b-50c81e6f1d52,0eb06411-f77c-43b8-8e52-c96c8dd2fd27,Mumbai DC,2692.6985059511667,370.0247657713835,2322.673740179783,518.3416428808168,Overstocked
07f8f822-aba7-418b-88fc-41c9314e0166,9d2ca40e-b11c-4226-bf89-26caf2d0dbd0,bf24aeaf-06e1-4df9-a1a4-680aa3118bfb,Mumbai DC,2537.0369214905863,346.67381024504084,2190.3631112455455,509.68531227750714,Overstocked
eaad163f-7396-44de-8e90-7bc8dc90a7e7,a6886ba7-c606-424f-911d-2d80982d3715,e80452e2-b5d7-4922-a0db-3a8d3b503dbc,Mumbai DC,2678.6457918520273,381.400571618668,2297.2452202333593,521.0807437625243,Overstocked
3d153b94-4278-4fd0-b3ad-95c1c64674af,74374f48-5d66-4788-b6ee-9f70c9dab77b,b818a279-9635-4839-af73-00a74da8db96,Mumbai DC,2555.2102974426625,351.3744470204797,2203.835850422183,526.209256090156,Overstocked
6a2478f6-7468-4d92-b754-46d7be96f0e8,f82b7140-9a15-45af-8119-c8c2b187331c,bfb0b1d0-a924-4146-bf68-88d33330a134,Mumbai DC,2500.093032389131,354.6638612314314,2145.4291711577,563.2150776519421,Overstocked
b583d70f-4e79-450b-90fb-9863b6883588,c0f0ad5f-5f6f-4c2f-b028-3546efbe27a9,5e3bc9b1-d3d6-459b-b08d-40afa41ebe74,Mumbai DC,2651.2602799325505,378.00419547120737,2273.256084461343,501.79001417555673,Overstocked
37444c1d-a719-4f35-9811-9f3c5ebabd0f,0f7670c7-ccfb-4a1e-8d35-7f55a18651c0,745b778c-097c-48b8-8704-c70c51178e3d,Mumbai DC,2627.764838290975,336.7188278580429,2291.0460104329322,515.1887144760294,Overstocked
e949c246-b60b-4f8a-897c-9872241e9b5f,20071ba9-b529-4f30-90f5-acce0ec8e8cc,7b5c8260-07f4-4811-b1aa-810d3f3ab25d,Mumbai DC,2581.0694471210704,353.19995240431444,2227.869494716756,517.9444634934821,Overstocked
d77a4793-1501-4226-999d-816445eec1e7,ea1ef854-542c-4c2e-b112-63e8e867b401,53834078-7b4d-4207-be2c-b44c3de7911e,Mumbai DC,2707.139549718309,361.88658763754347,2345.2529620807654,484.7143036286571,Overstocked
0dd546da-0e10-4f43-90c6-f169d41a2940,5d96bf2d-9586-4a7b-9728-c13bcf94ebda,493e54dc-467e-4d3b-bd35-10d787163ae4,Mumbai DC,2648.404585367953,381.45390461861416,2266.950680749339,541.9973697367559,Overstocked
30498672-4b39-4859-98db-56e25939b311,dd312e5f-230d-45bb-aa56-c12b087b5440,21445c22-032c-4ed7-9e24-237b1a6987b6,Mumbai DC,2653.8044295801055,373.3351248652207,2280.469304714885,510.47587881282817,Overstocked
a035f57c-abff-4f4e-9fc3-989fd3141162,83155834-1622-4adb-a652-f65632acebcf,0c14dce5-abf7-46a0-9e5f-6dd7673f0e1f,Mumbai DC,2724.6078179425017,375.14767622329146,2349.4601417192102,525.409051148289,Overstocked
a5c2e457-3f0f-48ef-8040-79bc36e57cbf,67ee84d5-e27b-48cc-9b22-d663a06737fd,696868bb-a3a4-4840-82b1-17643f93ea8a,Mumbai DC,2542.2086486288295,362.3806864814642,2179.8279621473653,523.4832221321708,Overstocked
36ecbbdd-d9aa-4234-b7b7-b45411406676,3a622870-a85d-4577-a5e1-94f543cdb59c,b100b84b-7d76-4a4c-96b1-0667cd19bc73,Mumbai DC,2445.388735173581,363.3561580703449,2082.0325771032362,537.2040126088601,Overstocked
49375713-3b5e-4c1e-a4b1-c6c807ee2fec,c573d47f-8629-41ad-a56b-97a053ae2324,a01c9a95-5253-4e04-aae7-3c13aa629a79,Mumbai DC,2512.963984554383,330.80975240797943,2182.1542321464035,529.7585102276387,Overstocked
23c2020a-cccc-4248-8a1a-73cf5edcd054,6cf9764c-dae8-479d-9846-e1db1b9cab7e,cdbb382d-3aba-423e-8bbf-dc3be73c1993,Mumbai DC,2432.3109063543534,350.496169703194,2081.8147366511594,515.2469444937602,Overstocked
002e5769-f99c-4f57-8991-5f281162d2ed,f3206934-3ca4-45fb-863b-96d9fc466625,266d984b-0716-4f32-9005-d6360d633fab,Mumbai DC,2718.2651759166865,374.5730995999029,2343.6920763167836,521.9785392994334,Overstocked
b6695270-2d67-43a6-873c-88f579aac1e4,8d17d30e-d718-44f7-96c1-1a1344471881,533b14bd-4f54-4d32-b71b-633ca7ffa9f1,Mumbai DC,2661.6132317298443,383.3433657383016,2278.2698659915427,531.5199060712569,Overstocked
3d052d7f-22cc-48fa-901b-244e32d3c999,644659d5-8dbe-4618-9189-26f262477130,e3c382f2-91b1-4f47-b1ff-f32b65c22549,Mumbai DC,2583.6824246965675,351.39476258792456,2232.287662108643,490.6296763227792,Overstocked
82ab4cad-319e-44bb-9877-e394d9ff70be,a47057ff-3781-4f55-afd6-2d9c6af0b6fe,55e76037-beec-4dbd-9748-e1a44e1a8694,Mumbai DC,2605.1903041327723,363.7070102227249,2241.4832939100475,494.4231963708033,Overstocked
565bd512-373a-4cfe-948b-1b12d6189dc2,7cf6dfec-4449-4f85-98b6-6f1dbc8006c4,10de08db-ac72-418f-982f-253298ceaf16,Mumbai DC,2646.9300794720225,378.3800855599475,2268.549993912075,485.0729467140609,Overstocked
ed9113d5-fedc-47d5-bc7f-aaeebd868821,1e1d0656-a24f-4488-8032-7efd915ed49c,8a3b7abb-58aa-4572-b766-ecee0a208069,Mumbai DC,2479.762718877229,373.94118182370494,2105.821537053524,524.9691374260369,Overstocked
39191d97-06a8-40a1-92c4-414e94fa4cfa,27c2ce9e-0e3e-41ea-8be6-a8cfcc69db6d,f587d4e2-5e16-4e95-94cb-ff0138119fc6,Mumbai DC,2532.4507003828558,344.1757155956284,2188.2749847872274,509.8123602275558,Overstocked
c683bbdd-ece7-45d2-85c8-8cf65072795e,9c834404-f358-4fe4-8e06-10af4bfc186f,4ec139f6-9be6-4d1e-82df-d41fa24fe870,Mumbai DC,2506.440339976558,335.3711876807515,2171.0691522958064,484.19874561744837,Overstocked
aeaa6bcd-4da6-4e49-9394-dfd4e9d4ec47,54f8ccf9-09cb-4b37-a5bc-de3572c4fb8b,a1bc21da-0c75-400a-8d91-e16268dedbab,Mumbai DC,2699.8893549204345,367.4300729959132,2332.4592819245213,498.23467718408216,Overstocked
bbeaadee-3989-4447-b2e9-75bbfb3426dc,8e727cf5-6431-4b03-8c3b-f16f4d54cc70,3178840e-6a83-4681-a96c-abd2787a533d,Mumbai DC,2414.218172445944,351.02558315621764,2063.1925892897266,501.1912531895362,Overstocked
14194d6f-2a78-4e40-bffe-21ce24fbdd3f,af380922-0ca1-4387-bef7-4a36265fa5f2,69f014a2-1189-44f3-b57f-b357c7508d7b,Mumbai DC,2505.497579800052,368.83259209760445,2136.6649877024474,502.55719716116687,Overstocked
f12a4a5c-63a3-4415-b644-2e2043ec814d,af88b1eb-b7cc-4225-8220-98a163f6aacc,e81db297-f43c-4c13-96ee-40427599177b,Mumbai DC,2621.8141279710453,367.75350117924927,2254.060626791796,567.1643923583242,Overstocked
20c732dd-4e47-4968-9c98-a7fd803b67d9,db18f835-2a7e-4fac-88c7-b3bb52a31b51,b7b618e8-1bcd-4994-8994-3103b7b64cac,Mumbai DC,2641.9551963576205,348.74630501569845,2293.208891341922,505.1843289753415,Overstocked
99f692aa-72cf-4298-b7e9-0c8f876bb74a,6cd4bc8e-7a6a-4f0e-95f4-ce1840f62b2e,a5fd9bd9-fed7-4b69-bbfa-70a3e4511131,Mumbai DC,2668.153759142824,356.37906172725934,2311.774697415565,523.60650092004,Overstocked
2e608335-95bb-49ef-b6c3-06f11dd8006b,f6a2d6d9-4289-47b4-bd0f-57e24453a022,f7f88286-5a23-4a04-9115-81dad4bb8c8b,Mumbai DC,2589.757786228914,373.1304394981066,2216.6273467308074,519.153243139862,Overstocked
e1d1333b-5264-4a73-b538-b6cc38e2f289,17639b3b-2ede-4f0f-8823-322ec535e979,f9da95b5-567e-4257-b185-292bf025c9b1,Mumbai DC,2441.558383515564,352.96549765822147,2088.5928858573425,522.2247184699099,Overstocked
35b6b9f4-9dcf-4e83-b99d-a57fe7d721ff,bd191c3d-6402-4f0f-822a-56ad6079b403,680af970-7319-4773-884a-609a5fe49357,Mumbai DC,2531.022086542448,359.2000521721793,2171.8220343702687,500.070987184308,Overstocked
ddf813a5-82f3-4806-b024-16d98c21b195,8ce962d5-99f0-4bd7-b38b-4eb68efef7cb,43514713-6696-4952-981a-a8044e4f068f,Mumbai DC,2744.461416385263,365.6522239138226,2378.8091924714404,535.1705656641467,Overstocked
b1df2e62-f05f-4c08-9664-51a3d90f3f9d,1ac1bc33-3339-42e2-ab24-ba3c89b657d3,7c87979d-1ad4-4770-a3c7-fce31e8916d7,Mumbai DC,2455.4627755601673,319.400207979907,2136.0625675802603,529.9776453264412,Overstocked
3f89d5eb-ca4a-4078-980e-33b29947152a,7038e2e4-6359-425b-a66c-f21f7b1ba04c,b1e80b54-da02-4f97-ac78-9318c72df1f7,Mumbai DC,2632.636350308871,330.63122508531205,2302.005125223559,515.7381916046799,Overstocked
26935c86-e57a-47d7-b97b-7b69ba71da5a,c8e6e471-11ff-4601-859e-0bbc3b3acf2d,b71acb80-4668-4917-9980-2a6e0dcff513,Mumbai DC,2595.1751729849507,383.60499658938807,2211.5701763955626,508.3874128121146,Overstocked
c8a8bece-61b9-420a-9a3c-5b7cb86a516f,e862d81b-d083-4ebb-ad0f-ba90340e38dd,4eedf8a6-6b9f-4459-b85f-8abb24e92457,Mumbai DC,2372.847733804873,374.82127110519605,1998.0264626996768,530.1722459982535,Overstocked
65fe961e-4e6d-4973-a545-e1ec2f51dc87,abb98cbc-8955-4df0-876b-83b765e15f9c,783fff1a-9a27-47c9-bb42-deb1aedbcb99,Mumbai DC,2765.436562138681,368.2948545563204,2397.1417075823606,518.8538180149056,Overstocked
200d4e93-069b-447a-8a94-909a0128b4a5,29d6e050-9b5b-4539-9d15-9473610b19f0,174323ed-e36b-4807-b2a1-51aa3a2f134b,Mumbai DC,2447.0580563021404,361.1598621157236,2085.8981941864167,487.8751951169779,Overstocked
087a90d0-7d50-47fb-b63b-fb37d6b7a6ff,05dd0ab0-f7f0-4c9d-97c1-91b69c8c9bce,d3d525c3-2754-460a-ab6c-4b9fb73de9a3,Mumbai DC,2632.597404872496,391.13331566367697,2241.464089208819,505.50855069168335,Overstocked
b2fe268a-5b0f-41c1-bf74-e726fc27dfb0,c4da2d30-eb88-40d5-860d-8a5564583b93,b10b3f7e-a30c-48b7-9774-1ee8fbba5201,Mumbai DC,2551.474563142051,342.8682052661252,2208.606357875926,493.44300965080373,Overstocked
b6fb90b6-0a22-40c1-b453-54f0f1acd8be,aacf4b99-3097-435a-b09e-547cae216152,001c7f21-88ae-4167-98be-c0c581281d79,Mumbai DC,2571.519580323776,344.51796371671844,2227.0016166070577,506.8176035605718,Overstocked
9ef2d59a-8620-4b02-b53b-71340976ff2b,d1192b42-fc0a-4e47-845e-549435504345,707576f0-6e13-4091-83bb-b389f92b44e6,Mumbai DC,2418.7982824404426,331.04756687862846,2087.750715561814,559.0435010044489,Healthy
76e02d17-436e-4f92-8058-4c6c17ea72ed,e2d8c911-ca37-409e-a22e-aa5a63704bdb,fb360def-99e5-400f-a785-f919dfac8934,Mumbai DC,2636.1393496141104,358.4555540991605,2277.68379551495,522.70241892871,Overstocked
68a9b1d5-34ad-48a2-9344-e67ee062ba94,a43030a4-8bf6-48eb-8c74-42c73554d2ec,66386a50-2b78-4f3b-a173-f5104dc029a3,Mumbai DC,2658.901834803088,368.60058133019584,2290.3012534728923,495.04790397215544,Overstocked
71027ead-1039-45fa-ba2d-458d16cfe0ba,9b0545fb-719f-4163-b850-fbf4a46c5fe1,ca6b20d3-d473-4cc2-8738-29292b78458a,Mumbai DC,2388.6907517473533,331.9155647869702,2056.775186960383,507.39782018396386,Overstocked
c984c1da-fa32-4df5-9091-1f78eb6ef6bf,32ab8bc1-950b-44a7-bb39-7e11a0ede3cb,d9bcb6f5-d458-4321-81e6-7b31d12d8a47,Mumbai DC,2627.7896371948646,366.7831302101631,2261.0065069847014,535.9901720877992,Overstocked
10defd12-076e-416a-912b-3c036f905458,ce6b0a4d-c4ec-49d2-8092-5b28cc246c24,8d9ec77e-6608-4768-bea6-bc13058ff0f8,Mumbai DC,2613.1185354672107,351.3274081825175,2261.791127284693,508.4406283157386,Overstocked
c12b7457-7722-4bb5-8135-8d9a49f20aa1,08e4fe45-5fcb-4473-bf22-ad89bbaf99ca,35fcf720-1043-46a2-b63a-e45d16fbcf9c,Mumbai DC,2609.701608886215,344.7790851182517,2264.9225237679634,526.2921943018175,Overstocked
4eed7e5a-fa84-4e43-8a80-8376f810f391,35c7e889-526a-4101-b3da-76b7cc885393,9f804ae0-bcba-44e6-b90e-37a71ffcdbe9,Mumbai DC,2527.6140869425626,344.2044200687942,2183.4096668737684,491.3292551039291,Overstocked
8b7760d1-bdbc-4f2f-8ff4-4ae07cdb9864,90bfc728-4082-41b6-b5b6-0a13a471bab5,b736ccf3-0581-486c-8a30-9e66318d8473,Mumbai DC,2575.641829994844,358.660124531149,2216.981705463695,530.9039773143436,Overstocked
fdd37453-c843-4949-bb5b-c6ff6da70799,0da556a4-e2bd-46ae-82a6-12702c0a1db2,b1f079b8-df88-4599-b89d-9e282a30afc1,Mumbai DC,2789.5913034131318,380.5421602868919,2409.04914312624,485.69699247634793,Overstocked
af9fa459-e80e-4149-85dd-259b0f5b7036,16157e1e-4794-4110-a39a-46132b3cf0c0,f50e4788-b1b2-41ba-9a49-3b8a4dcc5c8b,Mumbai DC,2655.35103034017,358.8554543388186,2296.4955760013513,513.1951560460474,Overstocked
e7c8504a-9885-47b7-8614-85607bafee35,84fceb61-bcf5-4cae-af11-3443b9defc8d,03ffc449-4de1-4f40-a168-940b65065bc6,Mumbai DC,2436.886665563344,337.78116849893104,2099.105497064413,477.9322508154844,Overstocked
56dbbeea-368a-47ee-804c-b2cca48bb53d,bc0ba27d-c4ab-4ef9-80e8-7a64599d8207,b8c2fdc1-3d79-4039-80f7-1e8dce45251a,Mumbai DC,2539.0187813059215,371.1108830918274,2167.907898214094,502.6199675055651,Overstocked
fc8c9c05-98ec-44b4-baef-d3ee6ab0e3cf,14776db4-34f5-4998-81da-b3a910533c6a,2ba432a0-3fd1-4732-83d1-4c776cc0ed55,Mumbai DC,2557.118290553216,378.0736037444408,2179.044686808775,483.9088083743315,Overstocked
d33db309-68ee-4f4c-96c0-e9e0d4d8084f,79c68395-6136-4643-a3a6-cf400effd410,223343c1-d331-41b0-9cb7-e7d857955c76,Mumbai DC,2638.8768414556175,362.49655182106426,2276.3802896345533,502.5696559569762,Overstocked
3f9eb79d-6e9a-4a3d-b59c-2378c1145fa6,0cbfefa4-9a25-4dd2-a42e-3ea9f8d0e520,c4d039c0-4577-41d9-9fa7-aa14febfb71e,Mumbai DC,2518.439485397691,356.46885445615044,2161.9706309415405,522.6915877584476,Overstocked
329ceb07-841f-4a1a-b503-7b6ad7d8e29f,d3f38ed0-de16-417e-a3cc-a1788d403c92,f903f0f3-a412-4857-a29d-14ecee1180db,Mumbai DC,2467.894538536778,347.0991900380873,2120.7953484986906,502.5593508806589,Overstocked
cba1d60b-e28c-42c3-bedb-6b34e9dad49c,2db320bf-c3e5-4384-aeb5-c741da187065,53ee4a12-008c-44a1-9668-ce5aed7b4443,Mumbai DC,2793.1436959605676,360.9486973158546,2432.194998644713,512.8387096436958,Overstocked
47ff455c-7b39-4302-9f87-ca94fb4a0b2d,d8915ec7-01cf-4e35-a4e8-85746e798e68,7408d2db-6fe4-4419-904c-e5c009338388,Mumbai DC,2464.8034845917537,362.9235739962087,2101.879910595545,529.1822004746051,Overstocked
a683a438-748a-4fd9-abe6-09302dda935b,94fd38b5-239a-4cff-af8f-36f1fd4b4167,513d0f03-8f1c-49d0-893c-007857f0ffb9,Mumbai DC,2482.7137650174814,344.51106434708436,2138.202700670397,524.079405804939,Overstocked
78326524-5cb2-492f-a201-b7449d190586,fae22125-fe6a-4d86-b867-2456ff95c85a,d5381d75-8a06-4397-947a-2aa2f87311a9,Mumbai DC,2686.4048748201835,367.29278601551505,2319.1120888046685,513.6163077207335,Overstocked
bed9aa83-40b5-40d0-b1db-856a12829a59,a2d14ca5-0fbf-44ca-a3a8-bceafb8259d8,a27d9963-742d-4acf-b456-4657e4a50628,Mumbai DC,2311.994219543177,352.8558900096366,1959.1383295335406,505.9667467835849,Overstocked
799a7d6a-1d3a-4121-b3bf-bbd1279cfa58,fe4c1906-f853-4a13-bd95-c70ce2a73dd9,e1bbec9a-1d8c-49e9-acb2-a0d24b72dfd7,Mumbai DC,2574.7992475090446,358.5414878040756,2216.257759704969,510.49839275254567,Overstocked
23d4fb98-1617-4017-962e-154c5ecaa4db,47fc1e03-2f22-4b3c-8a2c-2e2eb363fc21,49372280-d85e-4a08-a49a-e336c26f636a,Mumbai DC,2381.7835318782727,339.0762296638429,2042.7073022144298,529.9794483436324,Overstocked
0829def7-fa64-48ba-b89d-c2c17b6ab261,ea601c8f-b76d-4e13-8eae-7e30cbee93d2,5e624998-90b7-4216-8d2d-1f6370d6bfd8,Mumbai DC,2706.938683215872,374.11009428971283,2332.8285889261592,514.8748875449509,Overstocked
bfd145e8-0e22-43a9-bbb0-fec5fb4174b1,1d6bd40f-f2fa-4633-81fa-a4cb1e4e4d91,93fa7318-8473-4a69-b3bb-1696e3c5689d,Mumbai DC,2364.126214675276,352.52341376562094,2011.6028009096551,503.31095470137666,Overstocked
8fca3806-8e3b-48f5-b472-25bf65f86f6e,5093a1e6-cacc-4a03-8b19-fa4bae0b5c0b,3dd0ab92-1a6a-44ef-9ffe-7502b8452493,Mumbai DC,2501.7169768522203,350.2190789791989,2151.4978978730214,525.6208483813455,Overstocked
30e754d3-db28-4e17-8f1a-def76899ad50,fc04bfcd-2123-4999-adce-3585fd3cd4e3,d12bbf68-6115-42a4-a163-1bdca05c275a,Mumbai DC,2648.1961255105243,372.7031473145794,2275.492978195945,488.13711740720163,Overstocked
44bbddc9-b98c-41c5-9bdf-643be26b7f43,972bc6b7-aa75-452b-9a9f-22128e203eda,4826f365-efcd-4a92-a1d6-0f9b99e01cb7,Mumbai DC,2392.4275166831076,338.8674061509905,2053.560110532117,497.1470337976497,Overstocked
aa337ee3-1cdf-4dad-9160-906521b81d47,1036b1fc-372b-433c-b1c5-d7179acb5e4a,515ae728-bf19-4b2b-9b85-e3430c9bbef3,Mumbai DC,2462.569599368579,374.01079595921965,2088.5588034093594,507.48665750236427,Overstocked
080c215d-fa05-49b9-a510-c25579e5c455,1cc0a2ac-6ce1-4be3-b4d3-4b0396691033,4ce5e8ed-6c17-4528-b75d-f4ef243d8b5f,Mumbai DC,2642.4772513685393,368.57919491865823,2273.898056449881,545.4021974817587,Overstocked
fcd32b68-527b-4d69-9e1a-57fc2e760716,c104eb7c-c382-4741-9733-e68309e51d94,a8150896-0dfc-4f0e-bff0-8124853355c1,Mumbai DC,2498.687083541363,342.89247816649413,2155.7946053748688,527.1594470167611,Overstocked
28de74fd-5b0a-4698-a728-17f341acf527,42702a3f-0d90-4a4d-83f5-23cba1595925,1d2d26c9-62a8-4b2c-a9ff-ef410b0730d8,Mumbai DC,2497.646042495654,359.71833977686083,2137.927702718793,538.5360369331715,Overstocked
2edd4505-2ccf-45b2-adfa-ecd6c3d9223b,3a44bbde-8669-4123-b84a-f6b8f97d00a9,3940f165-e89c-4d00-8863-1ae7707a3afb,Mumbai DC,2553.2972765673994,373.93050145671896,2179.3667751106805,512.303741258525,Overstocked
eccb4331-f251-4ca2-9a08-5e41e3e6d032,93d397ac-3802-4e00-bff2-7fbb4f977bd7,03642584-1640-47d2-a724-b79a01d5aeb4,Mumbai DC,2585.7459805498193,357.27524091816576,2228.4707396316535,509.2404854690334,Overstocked
4884750d-e170-424a-a5a2-9b237e2c5c8d,8cb66739-5c29-4ce3-b088-a5266284a664,720ba0b6-d529-42b0-a18f-a1992928e040,Mumbai DC,2469.2899974716365,346.7722839640019,2122.5177135076347,490.9696314981677,Overstocked
895ad628-75fc-48b0-85eb-9a4df4a017b8,fa232ba8-948c-4b96-b08c-86ac9712af5a,3ca7d122-24aa-4cfa-8d11-381df6cc0d1a,Mumbai DC,2433.098238022641,387.22160470526,2045.876633317381,518.1547912356318,Overstocked
e97e6717-c421-4286-8253-f51a250a4d97,13d9259b-41ba-4257-92fa-77d258d6ad45,98b57b29-2624-43ed-88c4-b103ea71b1ef,Mumbai DC,2683.9880650548184,361.2367349822798,2322.7513300725386,496.8713323545972,Overstocked
97062c5b-a1c3-4eb6-8f1f-2eda5c37646d,727a4688-7335-4b7e-8b30-32b93baed424,61c27e56-f4f0-4d4f-9891-e36aaff7425c,Mumbai DC,2628.6551906066957,376.46804843731707,2252.1871421693786,503.426270831185,Overstocked
a20265b8-a707-4892-b7eb-3fe041aa6046,6552d54a-11e1-4f24-8104-4696144f9776,f4f01c6b-44e3-43be-8c9b-d49351248740,Mumbai DC,2729.813247208948,376.3597831308525,2353.4534640780953,524.5113683949958,Overstocked
8df5c284-ad1d-4d7a-bd13-842f52558329,19a61845-4678-4f65-81e5-a894e256d15b,3c5ceb1d-b68a-4af4-9973-0b1c01bcd2b6,Mumbai DC,2594.903161206349,359.6736103943804,2235.2295508119687,518.8407306235715,Overstocked
62f34768-d976-440d-826b-bc5179ac13e8,ff7ab2cb-578c-4150-a081-3c33d70cfa6f,df078631-bbee-4474-977b-22538a849967,Mumbai DC,2580.197878413939,373.0252417134484,2207.172636700491,502.6996934575269,Overstocked
caf5c804-d957-4594-9700-3abe68cb236c,5a3f7e04-5c62-43c1-9427-e09a04b11028,52020364-6fa5-4f27-a8eb-b5d502653a6f,Mumbai DC,2589.9597183612436,356.04216107064076,2233.917557290603,542.2199319684862,Overstocked
99757b77-affa-4a56-9f7a-3ed965cba5e6,3438dda3-ef33-4f12-a867-874d59bde4ca,9ef91e10-962e-4a15-9e4d-4e78f3e1e2e9,Mumbai DC,2505.582600653477,375.50331885971127,2130.079281793766,511.15434992202137,Overstocked
2dc262c6-3f2b-409d-8c2c-2db7e6e40362,e228777d-3c77-4181-9e21-8f71da512668,1669b2ca-1453-4a92-af5a-cdbc1694621d,Mumbai DC,2746.687531325212,373.54164388158733,2373.145887443625,499.05712729227884,Overstocked
f5347d08-47cc-4cbd-82bc-77f1d760b012,f5d1a241-a9d3-4876-bfee-1655e7291e70,a6c38275-fcc1-46f4-b8aa-f0f1e12ce52e,Mumbai DC,2683.2329870100766,381.6624392933654,2301.570547716711,499.6981705400606,Overstocked
c8c18738-2539-4776-8059-a917af5f62f6,858933d8-31ea-4a2b-b639-dbbcf40550d0,a409a376-1ac8-46a1-944e-566edab64890,Mumbai DC,2564.2755668390278,354.1532951387594,2210.1222717002684,524.1549770690907,Overstocked
600b9964-d89e-4ec5-8e6d-b52131ae1623,9a3b1d2e-d677-44ef-8c38-620c6bd2f6d6,17a1be5a-22ee-4152-a1e1-8d6c14ac4d2c,Mumbai DC,2509.271787935521,366.8914912985879,2142.380296636933,482.29730786218227,Overstocked
1a46f5ed-bdd7-4584-b569-b9a6de4aaff7,04eb16b9-5696-4053-a316-e89d5cb8a203,21eeab7d-cea1-4970-86a1-18be1a53b2c8,Mumbai DC,2560.7667136040795,340.75550237881407,2220.0112112252655,510.57207786100844,Overstocked
efcdeacf-9e29-488f-a73f-a08fa8c70030,063dd24e-b5ef-46ad-b3ef-eff0ef3548b4,90dbe32b-e53a-4b5e-b5be-26861d402b37,Mumbai DC,2608.7004792039734,343.1391770385467,2265.5613021654267,499.8600448385407,Overstocked
9c2f02e7-e1ff-4a6d-8915-b680b6ef9bc6,e8916f2d-470c-4388-8715-806aeeb0eca9,30fb817d-3e6d-44b3-a313-50bbe5f97977,Mumbai DC,2578.1801567816074,353.50896801954195,2224.6711887620654,519.5235953891495,Overstocked
79b985af-bb26-4c00-a25b-502606ed93c4,1488420c-fbfa-4b5e-88f6-d701149d6266,f0382132-dcc3-4325-a957-94e3a38c847a,Mumbai DC,2421.9817600633637,344.98038369589676,2077.001376367467,498.2384657621614,Overstocked
4130ba6c-f1cc-4585-bbec-4841e81abd87,47ed5264-7c69-4ea2-af47-c2925b053904,36f3fb4e-213e-4a61-b0b5-ceb6187fda89,Mumbai DC,2647.345736227458,366.6606937379852,2280.685042489473,519.682923509244,Overstocked
cced0946-6579-4e24-a9f6-1cb303616a85,e5fd0d4f-2f98-4c09-878c-cb22b9ccfe49,a2586ff8-cda6-4360-90a7-97ee17cef820,Mumbai DC,2520.6602057215428,358.21688063648025,2162.4433250850625,525.424994527773,Overstocked
c9fe6484-7542-4e9b-813e-e2a5f7b6de6e,950b543e-7a51-4fdd-b68e-6c80e7c97b26,4da00c20-f150-4524-b246-e8b8d30ff03b,Mumbai DC,2496.344765281559,357.08169129359703,2139.263073987962,521.3211997370498,Overstocked
5ee679aa-4325-4e56-9ea5-10a10e822310,92034c46-e44b-4828-b58d-7f84b6277251,3f30751b-1f89-408b-85bb-fbcc431e8563,Mumbai DC,2637.836365041108,372.37861834885234,2265.4577466922556,517.5060089595836,Overstocked
32c879e0-2ead-46f0-8acf-5a64bfb54aea,c0232712-41cf-422b-8ef3-e994b5538a1c,03722267-4af4-4d50-9d8b-0a956c1d5593,Mumbai DC,2713.996803306064,379.3676990250092,2334.629104281055,493.7540052879349,Overstocked
d88aa296-3570-4174-8483-30a10ccb3696,7a46277d-1673-4fce-9396-69cd0f228eb0,05d51d6a-21c7-49fe-abf9-0d8ed56c3624,Mumbai DC,2634.555997750091,383.93408385184784,2250.6219138982433,514.6318841727472,Overstocked
d4304b2c-3a5a-481e-a411-61f70be4cf4c,e09d1e06-0388-4bc0-bf22-3f3d37d9b386,ee05d24e-9c31-4814-9625-206d08cb0ce3,Mumbai DC,2618.357253674981,368.60167594347786,2249.7555777315033,520.7363448982302,Overstocked
d5d2f221-efba-4cff-8685-3536d0463d24,1e0b9d65-1214-4223-89b8-ad4667eb222a,926c60fa-f6e0-4fb9-a1d1-70a43cd2fccf,Mumbai DC,2707.201488959921,393.05870077418285,2314.142788185738,514.1171157219521,Overstocked
496083af-e737-45c0-bf41-eebcef38d739,841be038-958e-4185-b489-b3a8b99de889,608555ac-841b-4dcb-a576-ec2c84d2cdd9,Mumbai DC,2712.6188333847754,350.5846233585303,2362.034210026245,532.5336546160778,Overstocked
32e4d229-0490-43b6-b3ac-818e955bf930,a9fbd092-fa71-4d1a-a163-cedcd840990b,f5dab2a6-30e1-4530-b529-e8a1661be36e,Mumbai DC,2607.740700949373,394.85898941792266,2212.8817115314505,484.79906896330976,Overstocked
292e24a3-c4ae-4c74-99d6-ebb217c8bea2,b97f4b93-5271-4f7a-a1b1-a34f46c63921,da6dc4e7-af1b-4814-a15a-56b99f9d1084,Mumbai DC,2599.556815203569,363.7271347793435,2235.8296804242254,522.8815313975149,Overstocked
ae7b7c45-a1d1-4b40-903d-bdaee526225f,0492c117-668d-41eb-b217-c3db72142e58,7726f338-73b3-45ef-92b7-96e7aa45ad74,Mumbai DC,2653.02490058188,390.43853808933227,2262.586362492548,487.61183118674654,Overstocked
f3a97096-8d9d-45dc-8060-1762fde5639d,0898408e-e633-43a4-a7c3-fda253719b20,ba4ea846-38bb-4dc1-8da5-f1403293cafb,Mumbai DC,2614.907369039735,366.92791685517705,2247.979452184558,515.0054232694599,Overstocked
c3ab5291-6e01-4a13-bd58-db32f16280d4,534962e4-fc9d-434a-9d26-ed300edd127d,2eef4c9d-2f8d-44ec-86e9-ea178e358a3f,Mumbai DC,2628.3191082699764,366.53495378077696,2261.7841544891994,531.5634983738732,Overstocked
9cb38861-1f42-41e7-8011-53f2860572d5,2003f166-8b6d-43dc-b203-5152cf797f29,6b1e1033-dfc6-46ea-8ceb-b37e6108adeb,Mumbai DC,2777.9567105654487,383.18241365615586,2394.774296909293,520.433009135822,Overstocked
1b9c82d8-243f-4c21-8dee-efdeb153d4f5,fcc03fd5-a87e-4479-b42b-d45bf312e042,f02303fd-2827-4781-9c93-0221e713be15,Mumbai DC,2318.068955255558,334.05245679991685,1984.0164984556413,466.5518287910912,Overstocked
536aa235-1b70-4216-94ec-d9501fb35b46,a7555458-b942-484a-9352-3b42d1096962,49fea305-214b-4f0a-8719-77f79afd2e7e,Mumbai DC,2522.7447999384576,350.6175792756253,2172.1272206628323,489.39086372027646,Overstocked
73f48c2b-c29a-48b7-9ef7-0c4dedc614fc,e14ad713-e05d-41a0-a31a-fae4cbf13dc9,8a27b78b-5045-474d-98d7-e0667acc9376,Mumbai DC,2645.9638152195967,362.84228673969665,2283.1215284799,542.0188150692009,Overstocked
298867cd-e85c-4be7-acb3-3a5efdb63b06,9a4d09bb-aa36-43be-a607-34aeb144f432,62d30f77-e516-4a87-912f-7beafe25e3ba,Mumbai DC,2438.791752174131,322.8414785581631,2115.950273615968,509.62372641545045,Overstocked
b99f34aa-c684-45d6-9a4b-fe6537a5f48d,a64c89fa-6139-4d02-8061-9aa27fdd7619,a1f6a76a-c0bc-4b9f-b3ec-81ea98710f30,Mumbai DC,2637.858602486703,367.235068425588,2270.623534061115,497.3136892824996,Overstocked
464c9906-bcce-4e0a-857a-23c953001a77,2cbf3343-c79b-40ca-bb2f-919618af626b,d47279b4-90f8-4a92-bb14-66480ceed82c,Mumbai DC,2477.7486872009645,329.770765898576,2147.9779213023885,530.002988149964,Overstocked
85dea124-9f8f-425f-b557-846efc6a251b,28470ce6-110f-435d-bf49-5eba81551e9f,f7388e2e-bbc3-4d0f-bd5b-583967c103a4,Mumbai DC,2362.7037357505305,336.9902600337425,2025.713475716788,522.9454134133198,Overstocked
9651143c-b0ed-470d-83d9-b2137f5be75a,c34735f8-3ccb-45f7-88b1-8ff5312f23ce,a872f112-617b-446e-ba70-c63d154642f9,Mumbai DC,2661.095729966076,362.1089652290125,2298.9867647370634,511.645312844478,Overstocked
55106fe8-a7d7-469d-bcc8-d566b88e53e7,82bbd5f1-b56f-42f7-a52f-d9eb540e81f2,f7faae19-3fb9-487f-971d-7ee239acc119,Mumbai DC,2669.336815052291,356.0632916740624,2313.2735233782287,517.9679279977323,Overstocked
bf227c8a-d34a-41e3-b1aa-96da1929da56,e631581e-a217-43cf-b84a-814b3cfd12be,526ee52d-5885-498a-8479-5fe49ce02004,Mumbai DC,2632.1251134681975,350.6958017234333,2281.429311744764,506.3179368781155,Overstocked
7703c542-dacd-481f-b534-4fd91f1512a5,b9fb4807-6954-43c0-9730-d80c6522fb2b,825704df-deec-4d96-bcc8-d25820494e44,Mumbai DC,2394.7036575792054,358.36887179236146,2036.334785786844,513.1181190680089,Overstocked
dd17b090-5564-4958-8635-f9ff363f6082,3794bd84-a8d8-4295-9917-444ac28d16d8,1e10b661-12ca-4037-a09f-9e565c77bb51,Mumbai DC,2741.279341752619,390.0485835320219,2351.230758220597,543.8640913963377,Overstocked
cb3c2bfd-4d3f-4f1a-a7bb-ebb26fa9240e,521b27ae-6197-40fc-b2e7-f407eedbbcf1,3d0748f4-a650-4482-821b-5cd071c66fd8,Mumbai DC,2639.817780584933,337.57475875221735,2302.243021832716,520.4468153295493,Overstocked
b823f2b7-f921-4037-bdc0-a1b17bb87bc3,8e0b6d97-e382-49f7-8ebe-38ac0f0a4ef8,61fbdda7-5e76-4295-a949-4f2d956e91d9,Mumbai DC,2495.1649926655455,351.0637887430039,2144.1012039225416,495.2643179771006,Overstocked
