po_id,supplier_id,product_id,po_date,quantity,unit_cost,total_value,order_status
PO0001,SUPPLIER0001,PROD0001,2025-01-13,1428.6894103861905,15051.808327068104,21504359.164044883,Cancelled
PO0002,SUPPLIER0002,PROD0002,2025-05-25,1563.6140352941848,17524.250302591456,27401163.731140364,Pending
PO0003,SUPPLIER0003,PROD0003,2025-01-20,58.247657528353216,9987.276316044123,581735.4504979713,Cancelled
PO0004,SUPPLIER0004,PROD0004,2026-01-29,2418.9765182351057,18948.308692603143,45835513.78767714,Pending
PO0005,SUPPLIER0005,PROD0005,2025-12-26,2432.2402389320782,16501.143170733823,40134744.40823807,Pending
PO0006,SUPPLIER0006,PROD0006,2025-03-02,1190.5964997244555,15629.163864045157,18608027.79015211,Cancelled
PO0007,SUPPLIER0007,PROD0007,2025-12-26,1838.4134761189387,20109.334208681354,36969271.005019374,Pending
PO0008,SUPPLIER0008,PROD0008,2026-03-16,552.8467826303896,10953.251502642415,6055469.85257734,Pending
PO0009,SUPPLIER0009,PROD0009,2025-04-06,184.54715253853124,2329.0928313058116,429827.4500153932,Pending
PO0010,SUPPLIER0010,PROD0010,2025-01-28,266.9042851781283,2694.174137443103,719086.6222996518,Cancelled
PO0011,SUPPLIER0011,PROD0011,2026-05-23,932.0496156875948,18337.21392879752,17091193.195116937,Pending
PO0012,SUPPLIER0012,PROD0012,2025-01-12,1297.862103137171,9464.994923184497,12284258.217186878,Cancelled
PO0013,SUPPLIER0013,PROD0013,2025-03-07,1442.1756026290072,17823.917973610878,25705219.64480226,Cancelled
PO0014,SUPPLIER0014,PROD0014,2025-09-03,642.3155390621537,1658.1218975661204,1065037.460465944,Cancelled
PO0015,SUPPLIER0015,PROD0015,2025-04-29,2243.0473091634476,18273.80556611803,40989010.40325708,Pending
PO0016,SUPPLIER0016,PROD0016,2025-03-02,581.6420051150591,11395.717935487513,6628228.229722599,Pending
PO0017,SUPPLIER0017,PROD0017,2025-12-26,2398.2633003805045,17767.98415783349,42612304.32747426,Pending
PO0018,SUPPLIER0018,PROD0018,2025-07-31,2422.6788385622294,18794.120236511593,45532117.3863908,Pending
PO0019,SUPPLIER0019,PROD0019,2025-05-16,1152.5220022295127,22072.377150704167,25438900.307694513,Pending
PO0020,SUPPLIER0020,PROD0020,2025-01-26,1591.952066388705,12090.212576763972,19247038.894658115,Pending
PO0021,SUPPLIER0021,PROD0021,2026-02-23,2165.3686838260537,12779.300057516122,27671896.1457619,Pending
PO0022,SUPPLIER0022,PROD0022,2026-02-21,41.83467196083762,3355.650217432697,140382.5260616103,Cancelled
PO0023,SUPPLIER0023,PROD0023,2026-05-23,1476.54550294552,779.566777012996,1151065.8188442723,Pending
PO0024,SUPPLIER0024,PROD0024,2025-03-07,1838.2290660531396,11712.850643599682,21530902.49940416,Cancelled
PO0025,SUPPLIER0025,PROD0025,2025-12-18,1619.584618073804,17765.605581500095,28772901.53056367,Cancelled
PO0026,SUPPLIER0026,PROD0026,2025-12-26,476.8392137997153,8837.091106342867,4213871.575424989,Pending
PO0027,SUPPLIER0027,PROD0027,2025-05-14,1311.407813803253,1719.5551765467346,2255038.09478922,Cancelled
PO0028,SUPPLIER0028,PROD0028,2026-04-14,1309.2148215940883,8425.06749379057,11030223.235801173,Cancelled
PO0029,SUPPLIER0029,PROD0029,2026-03-15,357.5238102770135,10112.28835198376,3615383.8622210952,Pending
PO0030,SUPPLIER0030,PROD0030,2025-05-16,1072.4868296381273,25322.84249192121,27158415.061586235,Pending
PO0031,SUPPLIER0031,PROD0031,2026-06-11,1602.8670617272496,6005.818065749907,9626527.956316987,Cancelled
PO0032,SUPPLIER0032,PROD0032,2025-08-31,1786.9356539146638,8960.85669245076,16012474.31336009,Pending
PO0033,SUPPLIER0033,PROD0033,2025-03-07,196.89418138762852,6188.285351008967,1218437.378379964,Cancelled
PO0034,SUPPLIER0034,PROD0034,2025-03-14,1089.575816278817,4724.622279179859,5147834.17644648,Cancelled
PO0035,SUPPLIER0035,PROD0035,2026-06-08,2485.7817503566584,2170.2283158951236,5394713.941759364,Cancelled
PO0036,SUPPLIER0036,PROD0036,2026-03-30,166.03433063160693,21917.05970879113,3638984.338162097,Cancelled
PO0037,SUPPLIER0037,PROD0037,2025-07-31,714.5358039991336,16023.084689025,11449067.700818686,Pending
PO0038,SUPPLIER0038,PROD0038,2025-04-06,221.02141782604014,13342.201925982707,2948912.3866020213,Cancelled
PO0039,SUPPLIER0039,PROD0039,2025-07-01,2390.434296436574,25003.608889285046,59769484.22363337,Cancelled
PO0040,SUPPLIER0040,PROD0040,2026-02-21,238.7946022233977,10178.122126998507,2430480.624697771,Cancelled
PO0041,SUPPLIER0041,PROD0041,2025-12-26,2091.317905706907,9528.81885164916,19927789.484691415,Cancelled
PO0042,SUPPLIER0042,PROD0042,2026-05-17,2027.4111646778722,1920.1106113371686,3892853.6908414303,Cancelled
PO0043,SUPPLIER0043,PROD0043,2025-01-25,2151.710723559933,19026.455491959707,40939428.31338548,Cancelled
PO0044,SUPPLIER0044,PROD0044,2025-03-12,2254.1645709953214,18081.395317784103,40758440.71950962,Pending
PO0045,SUPPLIER0045,PROD0045,2026-05-17,1826.3200895104762,863.4290342538621,1576897.7911244575,Cancelled
PO0046,SUPPLIER0046,PROD0046,2025-11-22,1170.4170329260144,8735.494176441362,10224171.175132975,Cancelled
PO0047,SUPPLIER0047,PROD0047,2026-08-06,1597.157335263377,17433.444615043558,27843953.945824638,Cancelled
PO0048,SUPPLIER0048,PROD0048,2026-03-30,101.52242335240348,18869.334217106272,1915660.5367670557,Cancelled
PO0049,SUPPLIER0049,PROD0049,2025-03-07,2333.6941396043117,17182.20608130966,40098013.63742592,Cancelled
PO0050,SUPPLIER0050,PROD0050,2026-04-09,1585.373314518467,17613.880667869307,27924576.375952713,Pending
PO0051,SUPPLIER0051,PROD0051,2025-01-05,1581.0405239260128,7120.813201799132,11258294.23535177,Pending
PO0052,SUPPLIER0052,PROD0052,2026-04-19,1445.5898741533115,1516.668495275032,2192480.619216926,Pending
PO0053,SUPPLIER0053,PROD0053,2025-05-24,2259.434138881517,9463.220873012053,21381524.304259583,Cancelled
PO0054,SUPPLIER0054,PROD0054,2026-02-10,952.4319021689093,6103.885562748895,5813535.337150274,Pending
PO0055,SUPPLIER0055,PROD0055,2026-08-18,762.2614098868534,17458.559945283836,13307986.518486202,Cancelled
PO0056,SUPPLIER0056,PROD0056,2025-01-12,667.9324359105082,5897.984332317097,3939455.0420465707,Pending
PO0057,SUPPLIER0057,PROD0057,2025-05-16,1770.4086138818557,8828.16166092197,15629453.449237807,Cancelled
PO0058,SUPPLIER0058,PROD0058,2026-06-08,405.9170110894808,7415.812939914465,3010204.623368775,Cancelled
PO0059,SUPPLIER0059,PROD0059,2025-05-20,2151.3923435549864,5567.31547472183,11977479.886471739,Cancelled
PO0060,SUPPLIER0060,PROD0060,2025-05-25,905.3999942628858,12160.506496812413,11010122.512447745,Pending
PO0061,SUPPLIER0061,PROD0061,2025-03-02,445.2580187451145,24882.82962876165,11079279.421274645,Pending
PO0062,SUPPLIER0062,PROD0062,2025-07-19,1197.9668498029355,6074.526862460826,7277081.809465505,Pending
PO0063,SUPPLIER0063,PROD0063,2026-04-16,614.481072466692,14814.921020142778,9103488.556966674,Cancelled
PO0064,SUPPLIER0064,PROD0064,2025-01-05,1538.4978524050534,15482.17874021373,23819298.742370002,Pending
PO0065,SUPPLIER0065,PROD0065,2025-08-31,2225.4509115280234,10574.885421887204,23533888.401443284,Pending
PO0066,SUPPLIER0066,PROD0066,2025-03-07,518.4197781648861,10536.451922180375,5462305.068141738,Cancelled
PO0067,SUPPLIER0067,PROD0067,2025-08-31,1013.4714618845273,23391.81289078853,23706934.806556784,Cancelled
PO0068,SUPPLIER0068,PROD0068,2026-03-17,703.2226033605108,8962.046742325116,6302313.841576452,Pending
PO0069,SUPPLIER0069,PROD0069,2025-09-03,729.9900351939201,12383.509311031808,9039838.397784347,Pending
PO0070,SUPPLIER0070,PROD0070,2025-11-22,1682.0560779682332,25211.995868228492,42407990.88786372,Cancelled
PO0071,SUPPLIER0071,PROD0071,2025-04-06,202.00899182186353,23411.362508924623,4729305.737604037,Cancelled
PO0072,SUPPLIER0072,PROD0072,2025-09-07,1635.7648533960862,13545.716798649524,22157607.45328784,Pending
PO0073,SUPPLIER0073,PROD0073,2026-02-21,2441.8469940626587,10675.9126905904,26068945.312393557,Cancelled
PO0074,SUPPLIER0074,PROD0074,2025-03-01,1429.1682005933321,10028.277368813702,14332095.122238314,Pending
PO0075,SUPPLIER0075,PROD0075,2026-05-17,1488.9684817233842,18478.1789799769,27513426.100829158,Pending
PO0076,SUPPLIER0076,PROD0076,2025-04-29,1149.9984353219204,858.1472021379634,986867.9397345417,Pending
PO0077,SUPPLIER0077,PROD0077,2026-01-03,1819.7293079018723,18134.64640787953,33000147.55685579,Cancelled
PO0078,SUPPLIER0078,PROD0078,2026-02-10,652.5453649111776,10622.037171794156,6931361.12236851,Cancelled
PO0079,SUPPLIER0079,PROD0079,2026-02-02,2008.8521434069792,22170.11188500751,44536476.77976988,Pending
PO0080,SUPPLIER0080,PROD0080,2026-04-14,1907.152875623807,22956.33434938494,43781239.068211064,Pending
PO0081,SUPPLIER0081,PROD0081,2026-04-09,2033.8824133867408,14221.70025605041,28925266.03923864,Pending
PO0082,SUPPLIER0082,PROD0082,2025-01-05,401.16223774176393,22840.030646427247,9162557.804211222,Pending
PO0083,SUPPLIER0083,PROD0083,2025-07-20,1804.1305210904648,1703.5177090808766,3073368.2921709167,Cancelled
PO0084,SUPPLIER0084,PROD0084,2025-01-10,121.11489590378886,17731.591869950083,2147559.903537473,Pending
PO0085,SUPPLIER0085,PROD0085,2025-11-27,449.5398328629603,10048.010831310197,4516981.1097124005,Cancelled
PO0086,SUPPLIER0086,PROD0086,2026-01-13,39.7845599964317,2294.813992515336,91298.16496587735,Cancelled
PO0087,SUPPLIER0087,PROD0087,2026-03-16,1071.4955821515491,19798.05075283672,21213523.916876696,Cancelled
PO0088,SUPPLIER0088,PROD0088,2025-06-27,830.1449257216569,14734.533648570507,12231798.341235818,Pending
PO0089,SUPPLIER0089,PROD0089,2025-01-24,25.532671166133213,4899.416110174882,125095.18044715076,Pending
PO0090,SUPPLIER0090,PROD0090,2026-06-08,2132.072163896469,18026.858292911384,38434562.76882259,Cancelled
PO0091,SUPPLIER0091,PROD0091,2026-03-15,1425.9420487431294,4842.044584743885,6904474.975275271,Pending
PO0092,SUPPLIER0092,PROD0092,2025-07-20,243.84681203793258,6397.00933364575,1559890.3325864156,Cancelled
PO0093,SUPPLIER0093,PROD0093,2025-01-05,2373.182143330266,12938.584192409007,30705616.96540031,Pending
PO0094,SUPPLIER0094,PROD0094,2026-06-17,679.9003405915761,7279.814800162276,4949548.562073927,Cancelled
PO0095,SUPPLIER0095,PROD0095,2025-09-06,252.40413102491564,3301.7862303083402,833384.4842910086,Cancelled
PO0096,SUPPLIER0096,PROD0096,2025-10-23,1156.7338227702382,15119.214164230088,17488906.397471804,Pending
PO0097,SUPPLIER0097,PROD0097,2025-09-03,701.1014513736277,11898.07620954467,8341758.499065799,Cancelled
PO0098,SUPPLIER0098,PROD0098,2025-01-12,1186.389375117629,16868.138586749174,20012180.397330917,Cancelled
PO0099,SUPPLIER0099,PROD0099,2026-04-16,42.56888138219291,10806.705627876756,460029.3700053622,Pending
PO0100,SUPPLIER0100,PROD0100,2025-07-19,465.3298115910612,917.4681172268711,426925.26612998557,Cancelled
PO0101,SUPPLIER0101,PROD0101,2026-06-11,133.25582051177557,9191.220261126742,1224783.5974009002,Pending
PO0102,SUPPLIER0102,PROD0102,2025-01-05,1215.3402757312679,17187.03197404179,20888092.17833407,Pending
PO0103,SUPPLIER0103,PROD0103,2026-05-17,242.446495148031,2617.3011023856243,634555.4790204725,Pending
PO0104,SUPPLIER0104,PROD0104,2025-03-12,1404.5912283961243,9897.257893626062,13901601.622561468,Pending
PO0105,SUPPLIER0105,PROD0105,2025-04-06,1459.0246074900053,12295.899944517143,17940020.590285502,Cancelled
PO0106,SUPPLIER0106,PROD0106,2025-01-10,871.359347675183,11972.626940174425,10432460.40054871,Cancelled
PO0107,SUPPLIER0107,PROD0107,2026-08-06,613.6031167388833,6980.45842005724,4283231.042813303,Pending
PO0108,SUPPLIER0108,PROD0108,2026-02-10,1887.4681056371357,6482.349513294244,12235227.955935296,Pending
PO0109,SUPPLIER0109,PROD0109,2026-06-11,16.62271685560189,18179.515538858643,302192.93937446206,Cancelled
PO0110,SUPPLIER0110,PROD0110,2025-01-10,1969.437904075043,16173.456359505488,31852617.99431366,Cancelled
PO0111,SUPPLIER0111,PROD0111,2026-04-16,990.1006803269692,7696.0742929809185,7619888.393327305,Pending
PO0112,SUPPLIER0112,PROD0112,2025-01-26,1115.8028215530899,2645.977703090026,2952389.386874415,Pending
PO0113,SUPPLIER0113,PROD0113,2025-12-18,628.2699694138844,9901.901203631283,6221067.166344731,Pending
PO0114,SUPPLIER0114,PROD0114,2025-08-31,371.7441163833871,7737.659620773815,2876429.438599976,Pending
PO0115,SUPPLIER0115,PROD0115,2026-04-19,665.9177812746585,3249.865040858974,2164142.9174508858,Pending
PO0116,SUPPLIER0116,PROD0116,2025-01-05,2075.0953328941505,2105.1090429457813,4368301.950250062,Pending
PO0117,SUPPLIER0117,PROD0117,2025-01-28,1371.44302955773,18755.099216193605,25721550.088712364,Pending
PO0118,SUPPLIER0118,PROD0118,2025-09-23,473.789911935989,8483.132593420136,4019222.644377844,Cancelled
PO0119,SUPPLIER0119,PROD0119,2025-11-24,1826.0782633350325,9144.88033851786,16699267.206967378,Cancelled
PO0120,SUPPLIER0120,PROD0120,2025-12-18,2398.9961388724787,1785.1205325073422,4282497.264907097,Pending
PO0121,SUPPLIER0121,PROD0121,2026-03-17,2149.9549349360805,24572.306737754225,52829352.1335978,Pending
PO0122,SUPPLIER0122,PROD0122,2025-03-31,689.6741477314085,9120.302215248883,6290036.657354651,Cancelled
PO0123,SUPPLIER0123,PROD0123,2025-03-02,1234.0201343608567,5536.334336516406,6831948.0418146,Pending
PO0124,SUPPLIER0124,PROD0124,2025-12-26,572.7348191323739,23241.97949838042,13311490.924283253,Cancelled
PO0125,SUPPLIER0125,PROD0125,2025-08-31,211.0608601106105,21926.10783143665,4627743.177781012,Pending
PO0126,SUPPLIER0126,PROD0126,2025-08-31,1793.6879600310463,18708.127225242388,33556542.5586463,Cancelled
PO0127,SUPPLIER0127,PROD0127,2025-01-26,1671.2905538745135,10512.25540822612,17569033.16368458,Pending
PO0128,SUPPLIER0128,PROD0128,2025-03-14,852.3057455599547,17100.780456688542,14575093.436795032,Pending
PO0129,SUPPLIER0129,PROD0129,2025-06-02,842.7744651100792,24030.92396371916,20252649.089624397,Cancelled
PO0130,SUPPLIER0130,PROD0130,2026-06-11,2105.299508844461,9850.262770127085,20737753.37193743,Pending
PO0131,SUPPLIER0131,PROD0131,2025-06-27,1791.538689590524,6706.7321488447815,12015370.12537602,Cancelled
PO0132,SUPPLIER0132,PROD0132,2025-12-18,1082.9668315959009,18939.648876106934,20511011.534896392,Pending
PO0133,SUPPLIER0133,PROD0133,2025-04-06,1435.8865671208148,5619.658224890849,8069191.756930773,Pending
PO0134,SUPPLIER0134,PROD0134,2026-04-19,517.0861730282616,17287.04129640607,8938890.026940132,Pending
PO0135,SUPPLIER0135,PROD0135,2026-04-16,782.3940493818229,16020.601028171563,12534422.911961745,Pending
PO0136,SUPPLIER0136,PROD0136,2025-12-26,1812.2813385366787,15232.073767834723,27604803.036660943,Pending
PO0137,SUPPLIER0137,PROD0137,2025-03-01,2255.7183150640376,17446.470631130276,39354323.335867405,Cancelled
PO0138,SUPPLIER0138,PROD0138,2025-01-24,111.14824557628398,892.066444923408,99151.62029070956,Pending
PO0139,SUPPLIER0139,PROD0139,2025-03-01,274.0138679043746,6888.8474109920035,1887639.7244889557,Cancelled
PO0140,SUPPLIER0140,PROD0140,2026-03-16,1838.2987762177006,16221.486946458497,29819939.60210606,Pending
PO0141,SUPPLIER0141,PROD0141,2026-04-09,2232.314421229148,22672.951824181764,50613157.328954674,Pending
PO0142,SUPPLIER0142,PROD0142,2025-06-26,389.3273684346878,13201.952651719515,5139881.4840933075,Cancelled
PO0143,SUPPLIER0143,PROD0143,2025-09-07,2394.012007545492,14128.338535896914,33823412.10160491,Pending
PO0144,SUPPLIER0144,PROD0144,2026-06-11,1153.6427459584756,25124.551253126843,28984756.298631713,Pending
PO0145,SUPPLIER0145,PROD0145,2025-03-14,1921.0560946795092,5038.911020452385,9680030.726387799,Cancelled
PO0146,SUPPLIER0146,PROD0146,2026-03-15,439.75534099797403,5089.839114219028,2238283.9352982147,Cancelled
PO0147,SUPPLIER0147,PROD0147,2025-11-08,14.279605385368539,17283.337381946018,246799.23755637775,Cancelled
PO0148,SUPPLIER0148,PROD0148,2026-02-02,2490.7300621386185,20043.24458184429,49922311.82279655,Pending
PO0149,SUPPLIER0149,PROD0149,2026-04-14,999.5651861020832,5211.5863105253175,5209320.240367308,Pending
PO0150,SUPPLIER0150,PROD0150,2025-08-31,1730.1117972349148,10814.371670737755,18710072.007226445,Pending
PO0151,SUPPLIER0151,PROD0151,2025-03-02,782.4150102347944,25022.797075203365,19578212.029698424,Pending
PO0152,SUPPLIER0152,PROD0152,2025-09-06,139.51890396674852,20029.371036637658,2794475.894175024,Cancelled
PO0153,SUPPLIER0153,PROD0153,2025-07-19,1133.9260994368183,11967.315344786612,13570051.209644265,Pending
PO0154,SUPPLIER0154,PROD0154,2025-03-01,841.2221446159823,18766.174972385554,15786521.956508948,Cancelled
PO0155,SUPPLIER0155,PROD0155,2026-04-16,604.0222425359464,8916.691380237693,5385879.923492114,Cancelled
PO0156,SUPPLIER0156,PROD0156,2025-12-18,49.634878276400286,1294.5594456134086,64255.30050458577,Cancelled
PO0157,SUPPLIER0157,PROD0157,2026-05-19,1024.3125757178957,16830.50616510605,17239699.120615702,Pending
PO0158,SUPPLIER0158,PROD0158,2026-04-16,614.6821716177393,13413.429172160888,8244995.77238459,Cancelled
PO0159,SUPPLIER0159,PROD0159,2026-04-16,604.0669653643873,15808.624664363106,9549467.927586427,Cancelled
PO0160,SUPPLIER0160,PROD0160,2025-04-06,1029.67443628109,19845.541488425606,20434446.744787622,Pending
PO0161,SUPPLIER0161,PROD0161,2026-05-17,450.2955916377909,16173.64314850018,7282920.210492391,Cancelled
PO0162,SUPPLIER0162,PROD0162,2026-06-11,1643.254855905861,24128.338927590212,39649010.10770503,Pending
PO0163,SUPPLIER0163,PROD0163,2025-06-27,639.9921585516138,1851.1830508025166,1184742.6365572643,Pending
PO0164,SUPPLIER0164,PROD0164,2025-07-01,1343.6016991902493,10098.128959523649,13567863.228658238,Cancelled
PO0165,SUPPLIER0165,PROD0165,2025-10-23,1409.1176369205677,21456.905525618615,30235304.009887576,Pending
PO0166,SUPPLIER0166,PROD0166,2025-06-27,1845.0925344959014,18351.00705750522,33859306.12228448,Cancelled
PO0167,SUPPLIER0167,PROD0167,2025-03-07,2302.8864998078775,19471.94032541535,44841668.50046362,Cancelled
PO0168,SUPPLIER0168,PROD0168,2025-06-27,2349.819824619491,16397.092066630925,38530212.00428033,Cancelled
PO0169,SUPPLIER0169,PROD0169,2025-04-29,299.21917479819683,15701.21788957629,4698105.460245703,Pending
PO0170,SUPPLIER0170,PROD0170,2025-07-31,1442.4415137150638,21488.519776593974,30995932.994046297,Pending
PO0171,SUPPLIER0171,PROD0171,2025-03-06,58.26637546134479,7595.144488997205,442541.54047907493,Pending
PO0172,SUPPLIER0172,PROD0172,2026-05-19,2239.3646368685695,11308.57322416122,25324018.97162542,Pending
PO0173,SUPPLIER0173,PROD0173,2025-09-03,2019.0271632298368,8441.073448467036,17042756.579273093,Pending
PO0174,SUPPLIER0174,PROD0174,2025-07-31,499.298453412919,16059.8833867769,8018674.9370095385,Pending
PO0175,SUPPLIER0175,PROD0175,2025-02-23,1174.4025439866666,9500.391323022357,11157283.738626309,Cancelled
PO0176,SUPPLIER0176,PROD0176,2026-06-11,1851.678386865143,25194.95035776102,46652945.03560628,Pending
PO0177,SUPPLIER0177,PROD0177,2025-03-02,2250.113462542568,11505.84253294293,25889451.18126977,Pending
PO0178,SUPPLIER0178,PROD0178,2026-01-29,1789.1039510115404,19385.666864264695,34682973.17984946,Cancelled
PO0179,SUPPLIER0179,PROD0179,2025-03-02,344.93788794065006,20028.475341878566,6908579.983098982,Pending
PO0180,SUPPLIER0180,PROD0180,2025-12-18,1289.385069688279,10518.126817117793,13561915.679079581,Pending
PO0181,SUPPLIER0181,PROD0181,2025-05-14,119.25061426739023,847.7166247567151,101090.72822691702,Cancelled
PO0182,SUPPLIER0182,PROD0182,2026-04-14,439.29153934286785,5550.043276043691,2438087.0541527662,Pending
PO0183,SUPPLIER0183,PROD0183,2025-08-31,1211.371332910205,13889.07261119278,16824824.401907217,Cancelled
PO0184,SUPPLIER0184,PROD0184,2026-01-29,2025.3169846660944,1132.802711645222,2294284.572170876,Cancelled
PO0185,SUPPLIER0185,PROD0185,2025-12-18,1544.888081060752,14040.596906588948,21691150.81196773,Cancelled
PO0186,SUPPLIER0186,PROD0186,2026-05-17,2122.9508522334677,15016.266528106778,31878795.82320918,Cancelled
PO0187,SUPPLIER0187,PROD0187,2025-05-16,1722.982433719681,6065.600209775622,10450922.61140981,Cancelled
PO0188,SUPPLIER0188,PROD0188,2025-03-12,925.9930723966289,1956.2763879358872,1811498.3829217318,Pending
PO0189,SUPPLIER0189,PROD0189,2026-06-11,1536.791467471384,14338.410513600706,22035146.93440355,Pending
PO0190,SUPPLIER0190,PROD0190,2026-02-23,31.009586973933057,16106.354604490032,499451.4039409408,Pending
PO0191,SUPPLIER0191,PROD0191,2026-03-16,44.53939001150369,11591.381904397147,516273.07941223093,Pending
PO0192,SUPPLIER0192,PROD0192,2025-10-29,961.4633323692543,4968.691218060709,4777214.416030498,Cancelled
PO0193,SUPPLIER0193,PROD0193,2025-12-18,491.856077839415,8078.808799258886,3973611.209618029,Pending
PO0194,SUPPLIER0194,PROD0194,2025-03-06,2148.5061829300676,4899.408876308894,10526410.263452113,Pending
PO0195,SUPPLIER0195,PROD0195,2026-03-16,450.4007696421362,9291.339683285774,4184826.5443584346,Pending
PO0196,SUPPLIER0196,PROD0196,2026-01-29,1941.1782081581225,16674.946235359093,32369042.254287396,Cancelled
PO0197,SUPPLIER0197,PROD0197,2026-05-17,629.2146682854319,8540.05775391364,5373529.606767201,Pending
PO0198,SUPPLIER0198,PROD0198,2026-02-02,2136.9509219288866,9612.275548989805,20540961.096248258,Cancelled
PO0199,SUPPLIER0199,PROD0199,2025-09-07,818.840439807868,3204.805937104764,2624224.7030377313,Cancelled
PO0200,SUPPLIER0200,PROD0200,2025-06-27,605.5835487411546,8932.357324569506,5409288.647236846,Pending
PO0201,SUPPLIER0201,PROD0201,2025-05-26,121.89196173316283,15448.225186293128,1883014.4732529242,Cancelled
PO0202,SUPPLIER0202,PROD0202,2025-05-26,1256.0538190870896,4598.133872276486,5775503.610946587,Cancelled
PO0203,SUPPLIER0203,PROD0203,2025-05-25,2323.3984610441503,6600.880099226484,15336474.66407977,Pending
PO0204,SUPPLIER0204,PROD0204,2025-11-08,1988.7771276991834,15302.96485217705,30434186.483994234,Cancelled
PO0205,SUPPLIER0205,PROD0205,2025-01-28,2427.3467993849267,16512.347343847454,40081193.47542031,Pending
PO0206,SUPPLIER0206,PROD0206,2025-07-19,1323.1636899543646,20934.67447368532,27700001.124594916,Pending
PO0207,SUPPLIER0207,PROD0207,2025-01-28,2088.8600932006784,24855.253735262235,51919147.63396638,Pending
PO0208,SUPPLIER0208,PROD0208,2026-03-17,777.3928709887712,739.9119012188296,575202.237167266,Pending
PO0209,SUPPLIER0209,PROD0209,2026-02-23,650.5500847683284,1190.7012044043686,774610.7694590127,Pending
PO0210,SUPPLIER0210,PROD0210,2025-03-07,455.5478621006376,7637.6718086192195,3479325.0638427953,Cancelled
PO0211,SUPPLIER0211,PROD0211,2025-04-06,2115.0634679553036,13450.37364124017,28448393.91893604,Pending
PO0212,SUPPLIER0212,PROD0212,2026-08-06,1613.6203309118994,2053.9836408518986,3314349.7622390683,Pending
PO0213,SUPPLIER0213,PROD0213,2025-09-06,1238.9871272761898,16751.108610514577,20754407.936032902,Cancelled
PO0214,SUPPLIER0214,PROD0214,2025-03-16,1471.5515362651674,1233.12632564051,1814608.9389053136,Cancelled
PO0215,SUPPLIER0215,PROD0215,2026-01-03,2193.115512679585,5370.770806509868,11778720.770803438,Cancelled
PO0216,SUPPLIER0216,PROD0216,2026-05-23,1796.2742640898605,22979.066862806518,41276706.418459475,Pending
PO0217,SUPPLIER0217,PROD0217,2025-02-25,1674.5282733345073,4163.395711176305,6971723.831444351,Cancelled
PO0218,SUPPLIER0218,PROD0218,2026-06-11,1240.9238773277025,7525.713132846681,9338837.120468115,Cancelled
PO0219,SUPPLIER0219,PROD0219,2026-06-17,2192.151566937594,7165.3169380508925,15707460.753352746,Cancelled
PO0220,SUPPLIER0220,PROD0220,2026-08-06,81.73751800990611,3394.9697444792,277496.40063245496,Cancelled
PO0221,SUPPLIER0221,PROD0221,2025-06-09,2368.6142785803822,12843.00128498099,30420116.22343217,Pending
PO0222,SUPPLIER0222,PROD0222,2025-02-23,1529.3859367534362,17732.60811002847,27120001.46543747,Pending
PO0223,SUPPLIER0223,PROD0223,2025-05-16,76.99119261725286,11248.291106201357,866019.347172481,Pending
PO0224,SUPPLIER0224,PROD0224,2025-03-02,1428.9603014271756,8697.252164369362,12428028.074385399,Cancelled
PO0225,SUPPLIER0225,PROD0225,2026-02-10,1582.2090180958205,2140.204655729107,3386251.1068652538,Pending
PO0226,SUPPLIER0226,PROD0226,2026-02-02,70.16356884435002,18714.437908640903,1313071.75258624,Pending
PO0227,SUPPLIER0227,PROD0227,2025-03-06,1572.3673289392923,22718.436750748497,35721727.711450666,Pending
PO0228,SUPPLIER0228,PROD0228,2026-01-13,1621.8368269896018,2999.6856464461225,4865000.650798432,Cancelled
PO0229,SUPPLIER0229,PROD0229,2026-04-14,1780.027809300523,3704.089640358317,6593382.567979776,Pending
PO0230,SUPPLIER0230,PROD0230,2025-10-23,1066.2133213684194,21486.336015660567,22909017.687295344,Pending
PO0231,SUPPLIER0231,PROD0231,2025-03-09,454.37039944677883,1946.6344783285595,884493.0854950194,Cancelled
PO0232,SUPPLIER0232,PROD0232,2025-01-28,491.6250044293879,20969.193550831118,10308979.87230804,Cancelled
PO0233,SUPPLIER0233,PROD0233,2025-12-26,425.427706516247,2887.0557253606994,1228233.4958248022,Pending
PO0234,SUPPLIER0234,PROD0234,2026-04-07,2260.5368525707863,12507.362736146273,28273354.393529236,Cancelled
PO0235,SUPPLIER0235,PROD0235,2026-03-16,1242.5211465850048,21999.331165371725,27334634.183700904,Cancelled
PO0236,SUPPLIER0236,PROD0236,2025-02-23,1555.0068382792404,12939.87109106895,20121588.03306407,Pending
PO0237,SUPPLIER0237,PROD0237,2026-02-10,2364.267323256317,13268.278588244231,31369757.502047293,Pending
PO0238,SUPPLIER0238,PROD0238,2025-01-28,524.3450374457099,18886.46842480253,9903025.9934203,Cancelled
PO0239,SUPPLIER0239,PROD0239,2026-06-11,1884.175823448279,2665.2624528618526,5021823.0768267615,Pending
PO0240,SUPPLIER0240,PROD0240,2025-05-16,196.90303137638278,24917.617985953115,4906354.516112846,Cancelled
PO0241,SUPPLIER0241,PROD0241,2025-01-20,173.706865463838,4859.393629557759,844110.035445421,Cancelled
PO0242,SUPPLIER0242,PROD0242,2026-02-10,2103.3257140012465,21787.269071157265,45825723.275229126,Pending
PO0243,SUPPLIER0243,PROD0243,2026-05-23,1761.1287739621716,13654.581085901238,24047475.646780305,Pending
PO0244,SUPPLIER0244,PROD0244,2026-03-30,1548.345006181499,4116.098712294963,6373140.886132004,Cancelled
PO0245,SUPPLIER0245,PROD0245,2026-04-16,679.500515508658,19918.904136435318,13534905.629075339,Cancelled
PO0246,SUPPLIER0246,PROD0246,2026-03-16,1489.6694285664457,20767.456280166465,30936644.729654223,Cancelled
PO0247,SUPPLIER0247,PROD0247,2025-05-16,198.89432399913042,13235.811819412913,2632527.8444018317,Pending
PO0248,SUPPLIER0248,PROD0248,2026-05-23,1652.0262937908326,7861.26281932725,12987012.879928868,Cancelled
PO0249,SUPPLIER0249,PROD0249,2026-05-19,863.139962669305,6545.061410462427,5649304.061494848,Pending
PO0250,SUPPLIER0250,PROD0250,2026-03-15,1312.0445227937087,22284.408594287754,29238136.239832297,Pending
PO0251,SUPPLIER0251,PROD0251,2026-06-11,1809.9021751092,23041.61807791164,41703074.67724774,Cancelled
PO0252,SUPPLIER0252,PROD0252,2025-06-27,1936.4468760782793,9705.340694487544,18793876.669115804,Cancelled
PO0253,SUPPLIER0253,PROD0253,2026-03-15,108.48042417399603,20567.74205070321,2231197.3819616195,Pending
PO0254,SUPPLIER0254,PROD0254,2025-06-27,2195.682046935562,9976.590884941548,21905421.49568713,Pending
PO0255,SUPPLIER0255,PROD0255,2025-04-06,834.2343404996785,16180.675133825833,13498474.84910674,Pending
PO0256,SUPPLIER0256,PROD0256,2025-01-13,1025.940693955107,23335.080288917645,23940408.465110306,Cancelled
PO0257,SUPPLIER0257,PROD0257,2025-01-12,2346.5994247387553,19938.20851467641,46786988.63086102,Pending
PO0258,SUPPLIER0258,PROD0258,2026-01-13,1385.5538329428862,21950.453251483883,30413534.637427133,Pending
PO0259,SUPPLIER0259,PROD0259,2025-11-24,504.7490139250807,22657.740260217186,11436472.054115226,Cancelled
PO0260,SUPPLIER0260,PROD0260,2026-04-07,1894.2141518000644,6615.307970506211,12530809.976248628,Pending
PO0261,SUPPLIER0261,PROD0261,2025-05-24,1526.8739292081732,15603.552153873385,23824656.98678931,Cancelled
PO0262,SUPPLIER0262,PROD0262,2025-01-05,989.003666038393,3729.3599578185967,3688350.670259379,Pending
PO0263,SUPPLIER0263,PROD0263,2025-05-26,2286.051229936928,13502.363157968557,30867093.904329084,Cancelled
PO0264,SUPPLIER0264,PROD0264,2025-03-16,1940.0677990703236,1934.5033211484892,3753067.600554781,Cancelled
PO0265,SUPPLIER0265,PROD0265,2026-01-29,2007.966281474359,20985.506198646377,42138188.84655308,Cancelled
PO0266,SUPPLIER0266,PROD0266,2026-02-02,1463.527234429395,7167.9146785873945,10490438.346178876,Pending
PO0267,SUPPLIER0267,PROD0267,2025-02-23,2202.618971067168,18731.72043899828,41258842.79966423,Cancelled
PO0268,SUPPLIER0268,PROD0268,2025-05-25,88.33984601405865,17729.41957681057,1566214.1953340827,Pending
PO0269,SUPPLIER0269,PROD0269,2025-10-26,2070.3292585869017,9423.02959267849,19508773.87025249,Pending
PO0270,SUPPLIER0270,PROD0270,2026-05-17,611.1902254667866,4739.8718607116425,2896963.3512320262,Cancelled
PO0271,SUPPLIER0271,PROD0271,2025-10-23,495.0823502202668,5340.671370945158,2644072.134081623,Cancelled
PO0272,SUPPLIER0272,PROD0272,2026-02-19,1446.4233254641304,18234.888926123545,26375368.679992665,Cancelled
PO0273,SUPPLIER0273,PROD0273,2025-04-06,2148.1041312814477,3005.638630800717,6456424.759962134,Cancelled
PO0274,SUPPLIER0274,PROD0274,2026-01-13,1998.1371508796053,22479.75447457166,44917632.55829367,Pending
PO0275,SUPPLIER0275,PROD0275,2026-02-10,2353.83548298857,11090.017356131528,26104076.35982148,Pending
PO0276,SUPPLIER0276,PROD0276,2026-04-16,500.046524761764,8011.078020248851,4005911.7236207905,Cancelled
PO0277,SUPPLIER0277,PROD0277,2026-04-07,1945.200716319837,2560.17338570517,4980051.103776679,Pending
PO0278,SUPPLIER0278,PROD0278,2026-05-17,539.4763538313729,17735.351783773647,9567802.914226942,Pending
PO0279,SUPPLIER0279,PROD0279,2026-03-16,675.4864631045048,10705.227517005804,7231236.27219127,Pending
PO0280,SUPPLIER0280,PROD0280,2026-03-15,1870.0509572571934,971.9270838941812,1817553.1736205062,Cancelled
PO0281,SUPPLIER0281,PROD0281,2025-06-27,2320.0654292250247,2382.0005040159317,5526397.021763948,Cancelled
PO0282,SUPPLIER0282,PROD0282,2025-06-27,1344.7724084998722,8835.718894665644,11882030.978807347,Pending
PO0283,SUPPLIER0283,PROD0283,2026-06-11,687.8421818551583,14858.108180163452,10220033.548883604,Cancelled
PO0284,SUPPLIER0284,PROD0284,2026-02-02,604.9212934452657,9077.858563029975,5491389.943661273,Pending
PO0285,SUPPLIER0285,PROD0285,2025-03-16,552.8530707837667,13239.581967365506,7319543.546551404,Cancelled
PO0286,SUPPLIER0286,PROD0286,2025-12-06,1145.2978815631195,11774.349022029694,13485136.991715396,Cancelled
PO0287,SUPPLIER0287,PROD0287,2025-08-31,1791.160684143454,15735.242780112323,28184348.223189335,Pending
PO0288,SUPPLIER0288,PROD0288,2025-03-09,1481.8096231233442,2112.1432112486523,3129794.135842895,Cancelled
PO0289,SUPPLIER0289,PROD0289,2025-05-25,1073.5030180093595,14653.225932174284,15730282.261762103,Pending
PO0290,SUPPLIER0290,PROD0290,2025-10-29,1505.541723717569,6067.465157612435,9134821.951988118,Cancelled
PO0291,SUPPLIER0291,PROD0291,2025-03-02,1959.724248082491,14958.506789948406,29314548.471368473,Pending
PO0292,SUPPLIER0292,PROD0292,2025-03-16,2128.4476626709998,1806.7615141198783,3845597.3217323716,Cancelled
PO0293,SUPPLIER0293,PROD0293,2025-05-16,1699.5494933002476,20340.779385675258,34570161.29825651,Pending
PO0294,SUPPLIER0294,PROD0294,2026-05-23,1244.1505277284184,26499.167257912453,32968952.928295404,Pending
PO0295,SUPPLIER0295,PROD0295,2026-04-19,355.6970198999467,15967.496682671868,5679590.985288668,Pending
PO0296,SUPPLIER0296,PROD0296,2025-01-24,1327.694011654967,11315.137192817085,15023039.891957637,Pending
PO0297,SUPPLIER0297,PROD0297,2026-03-16,849.8004633437122,1808.9959426822852,1537285.5902783014,Pending
PO0298,SUPPLIER0298,PROD0298,2026-03-17,2420.6453928166275,11049.754032863282,26747536.191407453,Pending
PO0299,SUPPLIER0299,PROD0299,2025-03-02,1091.1735735886002,16011.494174873435,17471319.317289703,Cancelled
PO0300,SUPPLIER0300,PROD0300,2025-06-09,391.0177802127505,8287.039138786735,3240379.6485845726,Cancelled
PO0301,SUPPLIER0301,PROD0301,2025-05-25,2259.737376414383,16063.70552842225,36299755.78629012,Cancelled
PO0302,SUPPLIER0302,PROD0302,2026-02-02,1580.6527113982252,19421.64000502906,30698867.933749426,Pending
PO0303,SUPPLIER0303,PROD0303,2026-02-10,1277.2470479320468,9128.09573053331,11658833.325064791,Pending
PO0304,SUPPLIER0304,PROD0304,2025-02-20,433.9974141526024,714.0116763131057,309879.22119465284,Cancelled
PO0305,SUPPLIER0305,PROD0305,2026-03-30,1876.3704627286165,7116.31514598337,13352843.543391477,Cancelled
PO0306,SUPPLIER0306,PROD0306,2025-12-18,177.3171670895315,11556.724791683093,2049205.700894602,Pending
PO0307,SUPPLIER0307,PROD0307,2025-10-23,373.6692924698427,9595.209158396583,3585435.017318206,Pending
PO0308,SUPPLIER0308,PROD0308,2025-01-05,1481.5379646720535,18006.060609429194,26676662.387055364,Pending
PO0309,SUPPLIER0309,PROD0309,2026-05-12,2132.1671137434478,21412.827558523335,45655726.73254286,Cancelled
PO0310,SUPPLIER0310,PROD0310,2025-07-31,134.70862688899834,17316.945773836742,2332741.9871047903,Pending
PO0311,SUPPLIER0311,PROD0311,2025-12-26,738.5920509352244,6844.580269651102,5055352.579152378,Pending
PO0312,SUPPLIER0312,PROD0312,2025-06-27,207.60236081116184,17215.40526538624,3573958.77541509,Pending
PO0313,SUPPLIER0313,PROD0313,2025-04-06,1107.4399413135984,2937.334546309171,3252921.5975830336,Pending
PO0314,SUPPLIER0314,PROD0314,2025-11-24,145.5406708611107,23807.504511820152,3464960.178179225,Cancelled
PO0315,SUPPLIER0315,PROD0315,2025-03-02,636.4686466696933,25967.000165462192,16527181.453383423,Pending
PO0316,SUPPLIER0316,PROD0316,2025-11-22,831.5885391289612,18580.048053598362,15450955.017837761,Cancelled
PO0317,SUPPLIER0317,PROD0317,2025-03-07,2276.6944455901103,4093.460086136326,9319557.841351388,Cancelled
PO0318,SUPPLIER0318,PROD0318,2025-06-27,537.4326684629658,25497.954611569992,13703433.787243646,Pending
PO0319,SUPPLIER0319,PROD0319,2025-03-16,38.792012515005865,1742.0287251542472,67576.80010768327,Pending
PO0320,SUPPLIER0320,PROD0320,2025-06-27,42.50926919452575,11191.06515767047,475724.00136089174,Pending
PO0321,SUPPLIER0321,PROD0321,2025-05-25,403.8337563758357,20220.703914916692,8165802.818524375,Pending
PO0322,SUPPLIER0322,PROD0322,2025-03-14,1118.3356637076813,23334.26369302257,26095539.274266448,Cancelled
PO0323,SUPPLIER0323,PROD0323,2025-07-19,703.8973761321267,10824.656388383572,7619447.229315059,Pending
PO0324,SUPPLIER0324,PROD0324,2025-03-16,81.2142972463865,6692.828407045967,543553.3556688905,Cancelled
PO0325,SUPPLIER0325,PROD0325,2026-04-16,1551.8584478954126,4366.7214125029595,6776533.513598506,Pending
PO0326,SUPPLIER0326,PROD0326,2026-04-14,1478.1767221640116,11425.887520928467,16889480.963500727,Pending
PO0327,SUPPLIER0327,PROD0327,2025-11-24,2017.7650004795526,16874.23778529384,34048246.41293551,Pending
PO0328,SUPPLIER0328,PROD0328,2025-04-06,1372.8434884371675,20383.22582573992,27982978.848211356,Cancelled
PO0329,SUPPLIER0329,PROD0329,2026-02-10,372.0496653775601,15672.702611507291,5831023.7621733,Pending
PO0330,SUPPLIER0330,PROD0330,2025-12-18,1078.7260081293473,5520.220363106027,5954805.276287701,Cancelled
PO0331,SUPPLIER0331,PROD0331,2025-06-09,1761.2673792848366,6563.255450062778,11559647.72610899,Cancelled
PO0332,SUPPLIER0332,PROD0332,2025-09-06,35.71802057175793,6989.723212159811,249659.07748281807,Pending
PO0333,SUPPLIER0333,PROD0333,2025-09-23,944.0926453268744,11993.773545831904,11323233.394335927,Cancelled
PO0334,SUPPLIER0334,PROD0334,2026-05-23,2002.3826758250689,15556.749870453838,31150566.432740647,Cancelled
PO0335,SUPPLIER0335,PROD0335,2026-06-20,847.0855263417529,19653.32157458343,16648044.250369735,Cancelled
PO0336,SUPPLIER0336,PROD0336,2025-10-26,610.3952748033726,11715.564825176632,7151125.410940416,Cancelled
PO0337,SUPPLIER0337,PROD0337,2025-09-03,37.39404143089847,11898.699505080718,444940.46226679947,Cancelled
PO0338,SUPPLIER0338,PROD0338,2025-12-18,2050.203291564523,4099.626412198553,8405067.564474331,Pending
PO0339,SUPPLIER0339,PROD0339,2025-09-03,241.24984481166098,19505.750365052656,4705759.248503952,Cancelled
PO0340,SUPPLIER0340,PROD0340,2025-07-19,203.87034926799836,11211.658165246563,2285724.6660222225,Pending
PO0341,SUPPLIER0341,PROD0341,2025-02-20,2102.8217541779877,9199.534005397465,19344980.23484995,Cancelled
PO0342,SUPPLIER0342,PROD0342,2025-01-12,671.1226829364334,1081.14943094667,725583.9067521275,Pending
PO0343,SUPPLIER0343,PROD0343,2025-03-14,1524.5133739118528,10307.560152505606,15714013.304895693,Pending
PO0344,SUPPLIER0344,PROD0344,2025-03-09,110.55676821526878,14725.59652523517,1628014.361871992,Pending
PO0345,SUPPLIER0345,PROD0345,2026-01-29,1015.7569229337422,10790.823480187724,10960853.654156659,Cancelled
PO0346,SUPPLIER0346,PROD0346,2026-04-14,1447.1693730351117,13497.244876457718,19532799.40556469,Pending
PO0347,SUPPLIER0347,PROD0347,2026-02-02,1194.890402692679,4436.908811223395,5301619.756153418,Pending
PO0348,SUPPLIER0348,PROD0348,2025-12-26,876.0460256224046,7611.158099170584,6667724.803162166,Pending
PO0349,SUPPLIER0349,PROD0349,2026-04-09,789.1387035134769,13671.369061730195,10788606.456628025,Pending
PO0350,SUPPLIER0350,PROD0350,2026-04-14,429.54789428908623,5868.929518421143,2520986.316368863,Pending
PO0351,SUPPLIER0351,PROD0351,2025-12-26,184.69070142325754,8320.273371100582,1536677.1249418182,Cancelled
PO0352,SUPPLIER0352,PROD0352,2026-08-18,131.37401749874698,18226.161329065537,2394444.0373796416,Cancelled
PO0353,SUPPLIER0353,PROD0353,2026-05-23,1752.5177381388107,8988.613781859827,15752705.093988325,Pending
PO0354,SUPPLIER0354,PROD0354,2026-02-10,1417.5583489470691,23585.364477359584,33433630.32784071,Pending
PO0355,SUPPLIER0355,PROD0355,2025-08-31,773.987648933761,12095.922828719898,9362094.87188512,Cancelled
PO0356,SUPPLIER0356,PROD0356,2025-05-16,1077.8408108773835,11509.161221557353,12405043.663561916,Cancelled
PO0357,SUPPLIER0357,PROD0357,2025-01-05,539.8171304449708,3506.632611032396,1892940.3536122635,Pending
PO0358,SUPPLIER0358,PROD0358,2025-03-10,1852.6369128011556,5690.497060481709,10542424.906434884,Cancelled
PO0359,SUPPLIER0359,PROD0359,2025-05-14,1433.9224886417671,4347.821872045195,6234439.558934153,Cancelled
PO0360,SUPPLIER0360,PROD0360,2026-05-23,674.0960224895681,7178.6707988827275,4839113.432288857,Pending
PO0361,SUPPLIER0361,PROD0361,2025-10-23,780.6309986727454,19839.48089375807,15487313.783243213,Pending
PO0362,SUPPLIER0362,PROD0362,2025-08-31,1034.114110271616,16618.646603205187,17185576.945991945,Cancelled
PO0363,SUPPLIER0363,PROD0363,2026-05-19,1737.3094219369614,26204.555408386736,45525421.00865944,Pending
PO0364,SUPPLIER0364,PROD0364,2025-03-02,95.56247120381754,1357.4891218710886,129725.01511830147,Cancelled
PO0365,SUPPLIER0365,PROD0365,2025-01-25,1299.3097520488066,2268.259043283672,2947171.095111371,Cancelled
PO0366,SUPPLIER0366,PROD0366,2026-04-19,566.271911810344,10906.348568366164,6175958.8546787165,Pending
PO0367,SUPPLIER0367,PROD0367,2025-03-06,1676.9326075003844,2180.9045105642795,3657229.887609907,Pending
PO0368,SUPPLIER0368,PROD0368,2026-03-16,2134.9477705609115,18323.806971269536,39120370.84150039,Cancelled
PO0369,SUPPLIER0369,PROD0369,2026-01-13,2491.3051994115303,24401.830155109477,60792406.34058131,Pending
PO0370,SUPPLIER0370,PROD0370,2025-07-31,680.3526246630502,16158.301693477319,10993342.967254702,Pending
PO0371,SUPPLIER0371,PROD0371,2025-07-31,526.7073705897874,7981.996020692784,4204176.136117242,Pending
PO0372,SUPPLIER0372,PROD0372,2025-06-27,74.39613364107862,3232.5617051562017,240490.09261983377,Pending
PO0373,SUPPLIER0373,PROD0373,2025-06-09,1168.4701692799433,18155.339736320333,21213972.895033102,Cancelled
PO0374,SUPPLIER0374,PROD0374,2026-06-11,1059.2909282491971,14309.065355667928,15157463.122983908,Pending
PO0375,SUPPLIER0375,PROD0375,2025-12-30,2163.0610014950717,11307.660129297823,24459158.64384484,Cancelled
PO0376,SUPPLIER0376,PROD0376,2026-08-06,262.1411021756805,20215.373686655643,5299280.33911316,Cancelled
PO0377,SUPPLIER0377,PROD0377,2026-08-06,2183.2312057585555,20381.049064558494,44496542.32384032,Pending
PO0378,SUPPLIER0378,PROD0378,2025-12-18,38.612913915794394,3787.1469529547267,146232.7792809039,Cancelled
PO0379,SUPPLIER0379,PROD0379,2025-03-07,1978.5275754035583,10101.041264072404,19985188.68125647,Cancelled
PO0380,SUPPLIER0380,PROD0380,2025-03-02,646.338655387496,25264.99956267714,16329745.845706418,Pending
PO0381,SUPPLIER0381,PROD0381,2025-04-29,2284.760295653551,17127.28555114781,39131741.99958326,Pending
PO0382,SUPPLIER0382,PROD0382,2025-01-05,1182.5537345245236,10136.90531769778,11987435.239965012,Pending
PO0383,SUPPLIER0383,PROD0383,2026-01-29,483.2190362670701,13636.582807914305,6589456.402416447,Pending
PO0384,SUPPLIER0384,PROD0384,2026-02-02,750.1905633417523,1120.7553701863383,840780.1025283833,Pending
PO0385,SUPPLIER0385,PROD0385,2025-01-05,1387.0232178405909,6548.024781025843,9082262.402278395,Pending
PO0386,SUPPLIER0386,PROD0386,2025-03-14,2309.756225226027,16772.975659051863,38741484.94405966,Cancelled
PO0387,SUPPLIER0387,PROD0387,2025-03-06,1818.5231451288885,7010.320241188942,12748429.613367623,Pending
PO0388,SUPPLIER0388,PROD0388,2026-03-30,2005.6877204914854,21809.638522886336,43743324.17371118,Pending
PO0389,SUPPLIER0389,PROD0389,2026-03-30,1854.335630049252,9160.841988173957,16987275.699922197,Pending
PO0390,SUPPLIER0390,PROD0390,2025-09-23,41.308098392450944,20266.971414935346,837190.04932514,Cancelled
PO0391,SUPPLIER0391,PROD0391,2025-03-09,42.37152152774146,15553.783626232182,659037.4777567295,Cancelled
PO0392,SUPPLIER0392,PROD0392,2025-07-31,1823.0639040509843,26042.319638878198,47476812.911396906,Pending
PO0393,SUPPLIER0393,PROD0393,2026-06-16,1539.1828268298148,4373.951955467437,6732311.735234166,Pending
PO0394,SUPPLIER0394,PROD0394,2026-06-08,674.2966898123515,18817.471820388015,12688558.959124843,Cancelled
PO0395,SUPPLIER0395,PROD0395,2026-04-07,1472.5564616779686,5854.271720095463,8620745.64984517,Cancelled
PO0396,SUPPLIER0396,PROD0396,2025-06-27,1807.5984097156206,6576.851376479289,11888306.089059953,Pending
PO0397,SUPPLIER0397,PROD0397,2026-02-10,148.16784866323,22515.605840570704,3336088.8787466176,Pending
PO0398,SUPPLIER0398,PROD0398,2025-02-23,666.2832379471123,13874.790430178751,9244540.293657105,Cancelled
PO0399,SUPPLIER0399,PROD0399,2025-05-25,1090.6971656150104,16938.417684964643,18474684.1589941,Pending
PO0400,SUPPLIER0400,PROD0400,2025-12-17,40.93608994328323,7932.856094991229,324740.1106116835,Cancelled
PO0401,SUPPLIER0401,PROD0401,2026-01-14,598.5067225874002,14442.708063243861,8644057.868218701,Cancelled
PO0402,SUPPLIER0402,PROD0402,2025-03-01,2113.9128624995965,1834.508821059414,3877991.793206466,Cancelled
PO0403,SUPPLIER0403,PROD0403,2025-01-10,1647.866135493456,13900.531940231529,22906215.84965268,Cancelled
PO0404,SUPPLIER0404,PROD0404,2026-08-18,828.1615108206403,13546.106949515888,11218364.397049053,Cancelled
PO0405,SUPPLIER0405,PROD0405,2026-04-19,2137.932590476515,7675.577009203412,16409866.238688232,Pending
PO0406,SUPPLIER0406,PROD0406,2025-03-16,324.8968500754517,15821.916080646193,5140490.6967600845,Cancelled
PO0407,SUPPLIER0407,PROD0407,2025-03-06,965.5138404446562,23776.432531586823,22956474.685645655,Pending
PO0408,SUPPLIER0408,PROD0408,2025-03-16,564.8261455020343,22890.489612623594,12929147.016552538,Cancelled
PO0409,SUPPLIER0409,PROD0409,2025-02-20,1808.6083450456993,3129.0671742349396,5659257.0035298765,Pending
PO0410,SUPPLIER0410,PROD0410,2026-05-17,2159.9788723129027,20963.344844224015,45280381.95653349,Pending
PO0411,SUPPLIER0411,PROD0411,2025-01-12,443.26835408496214,1772.6361429408328,785753.5054728986,Cancelled
PO0412,SUPPLIER0412,PROD0412,2025-08-31,2143.0838412993526,15044.589232556782,32241816.083278667,Pending
PO0413,SUPPLIER0413,PROD0413,2025-01-12,570.5440968959145,16487.807772133932,9407021.395145595,Pending
PO0414,SUPPLIER0414,PROD0414,2025-08-31,773.7726115662078,16452.52475045907,12730513.043020386,Pending
PO0415,SUPPLIER0415,PROD0415,2026-02-19,1430.4854291996373,20488.926204616913,29309110.39565112,Cancelled
PO0416,SUPPLIER0416,PROD0416,2026-03-30,2338.728639383284,16154.809156228956,37781714.83744397,Pending
PO0417,SUPPLIER0417,PROD0417,2025-04-06,776.8218763796466,11763.113542505656,9137843.934156075,Pending
PO0418,SUPPLIER0418,PROD0418,2025-01-28,1304.4632503391683,19980.64138678131,26064012.407262053,Cancelled
PO0419,SUPPLIER0419,PROD0419,2026-08-18,353.6739058188446,6274.692389577814,2219194.9652337646,Cancelled
PO0420,SUPPLIER0420,PROD0420,2025-01-28,297.9352070844749,16933.428930829738,5045064.655156996,Cancelled
PO0421,SUPPLIER0421,PROD0421,2025-11-08,1840.2253065796453,19712.22723808849,36274939.41257903,Cancelled
PO0422,SUPPLIER0422,PROD0422,2026-05-17,1047.4070417153869,14561.490194197295,15251807.367271803,Pending
PO0423,SUPPLIER0423,PROD0423,2025-03-29,2264.4470298377632,3474.154552748462,7867038.958168597,Pending
PO0424,SUPPLIER0424,PROD0424,2025-11-18,1467.192283718453,18848.481455744022,27654346.551677983,Pending
PO0425,SUPPLIER0425,PROD0425,2025-12-18,1415.5711598824425,10237.577840249027,14492019.937708106,Pending
PO0426,SUPPLIER0426,PROD0426,2025-09-03,1201.117848805343,20838.406041572038,25029381.437185273,Cancelled
PO0427,SUPPLIER0427,PROD0427,2026-05-19,97.30725813891699,11608.705110750767,1129611.2648703898,Pending
PO0428,SUPPLIER0428,PROD0428,2026-03-15,1688.610917075654,2589.0449301384406,4371889.533831145,Cancelled
PO0429,SUPPLIER0429,PROD0429,2026-06-08,2102.3253969951247,20003.195151304142,42053225.187636435,Pending
PO0430,SUPPLIER0430,PROD0430,2025-06-27,935.3121448584216,17408.019673987983,16281932.2190153,Pending
PO0431,SUPPLIER0431,PROD0431,2026-04-16,1489.6941631732018,11843.076060745667,17642561.281709094,Pending
PO0432,SUPPLIER0432,PROD0432,2025-01-24,763.1181943906295,21576.89303006673,16465719.649664281,Pending
PO0433,SUPPLIER0433,PROD0433,2025-12-26,2429.912352237017,9393.101554111565,22824413.49215241,Pending
PO0434,SUPPLIER0434,PROD0434,2025-10-26,2278.461334371454,18344.991580054102,41798353.99452316,Cancelled
PO0435,SUPPLIER0435,PROD0435,2026-02-21,974.6817993647481,14450.454074157848,14084594.578637827,Cancelled
PO0436,SUPPLIER0436,PROD0436,2026-03-05,291.5398262041914,16385.610660490423,4777058.084208924,Pending
PO0437,SUPPLIER0437,PROD0437,2025-08-31,1757.4820681552344,905.8538537634986,1592021.9043586627,Pending
PO0438,SUPPLIER0438,PROD0438,2025-09-06,1843.845278690512,18172.841086443397,33507907.23763161,Cancelled
PO0439,SUPPLIER0439,PROD0439,2025-04-06,2399.970560270001,3529.2583782023034,8470116.207271777,Pending
PO0440,SUPPLIER0440,PROD0440,2026-03-15,964.8310842587214,14593.056092150264,14079834.132037679,Cancelled
PO0441,SUPPLIER0441,PROD0441,2025-03-06,1953.6634381294914,20364.054361699425,39784508.45853356,Pending
PO0442,SUPPLIER0442,PROD0442,2025-01-12,1838.9370715654122,2456.5991804244695,4517531.3028597655,Cancelled
PO0443,SUPPLIER0443,PROD0443,2026-02-10,821.6720865239032,18225.173002932563,14975115.92857871,Pending
PO0444,SUPPLIER0444,PROD0444,2026-03-30,1758.0030214452095,21283.407470905695,37416294.64050175,Pending
PO0445,SUPPLIER0445,PROD0445,2025-03-02,1579.954347741423,5521.690875097476,8724019.5049944,Cancelled
PO0446,SUPPLIER0446,PROD0446,2026-05-23,530.7810244113156,21221.365549330698,11263898.145680748,Cancelled
PO0447,SUPPLIER0447,PROD0447,2025-03-16,2035.0223551400447,17275.306008968604,35155633.92013626,Cancelled
PO0448,SUPPLIER0448,PROD0448,2025-10-29,1124.7877559720766,16905.320713248842,19014897.74904343,Cancelled
PO0449,SUPPLIER0449,PROD0449,2026-05-19,2394.902568161427,16752.472144630654,40120538.562228724,Cancelled
PO0450,SUPPLIER0450,PROD0450,2025-03-02,2395.9510689729864,9681.343744171001,23196025.892941445,Pending
PO0451,SUPPLIER0451,PROD0451,2026-04-14,967.1230081807851,1971.9462469316186,1907114.586303316,Pending
PO0452,SUPPLIER0452,PROD0452,2026-04-19,2223.948768068145,20047.915030313485,44585535.93400052,Pending
PO0453,SUPPLIER0453,PROD0453,2025-01-28,2132.200506494989,23964.213909745995,51096509.03611467,Cancelled
PO0454,SUPPLIER0454,PROD0454,2025-04-06,794.4456867851144,5795.729686742755,4604392.451405223,Cancelled
PO0455,SUPPLIER0455,PROD0455,2025-03-09,796.5016219508256,1777.7312517451553,1415965.8254076876,Cancelled
PO0456,SUPPLIER0456,PROD0456,2025-05-26,2024.7943543800352,8774.602219440574,17766765.0358538,Cancelled
PO0457,SUPPLIER0457,PROD0457,2026-04-16,218.0258751600676,1658.5095265125897,361597.9909792167,Cancelled
PO0458,SUPPLIER0458,PROD0458,2026-06-08,117.2973533536645,21789.602010321065,2555862.6464403486,Cancelled
PO0459,SUPPLIER0459,PROD0459,2026-05-23,206.4783689050957,20997.57760880251,4335545.575623701,Cancelled
PO0460,SUPPLIER0460,PROD0460,2026-02-21,1994.899003546729,17543.189038765155,34996890.33246451,Cancelled
PO0461,SUPPLIER0461,PROD0461,2025-03-16,403.59108824537543,7444.892828224142,3004692.3984131725,Cancelled
PO0462,SUPPLIER0462,PROD0462,2025-03-12,184.68426990865825,11806.845353413775,2180538.614019657,Cancelled
PO0463,SUPPLIER0463,PROD0463,2025-09-03,677.3342507716225,9266.571798671042,6276566.4664742965,Pending
PO0464,SUPPLIER0464,PROD0464,2026-03-15,453.0614343298167,7194.981994384261,3259768.8623529384,Cancelled
PO0465,SUPPLIER0465,PROD0465,2026-06-11,128.3528256873048,12561.118703587907,1612255.0793991627,Pending
PO0466,SUPPLIER0466,PROD0466,2025-05-25,2243.787835989055,7360.558803039954,16515532.308343207,Cancelled
PO0467,SUPPLIER0467,PROD0467,2025-03-07,1930.2978083285034,6841.872605792406,13206851.695823908,Pending
PO0468,SUPPLIER0468,PROD0468,2025-09-23,1557.6954328207744,6474.217757744579,10084859.432325885,Cancelled
PO0469,SUPPLIER0469,PROD0469,2026-06-17,1015.4029008863442,4534.718428630237,4604566.247133908,Cancelled
PO0470,SUPPLIER0470,PROD0470,2025-05-25,757.8517663381531,10136.181874362752,7681723.337410583,Cancelled
PO0471,SUPPLIER0471,PROD0471,2025-09-03,1504.851730222013,6770.922269327417,10189234.092196122,Cancelled
PO0472,SUPPLIER0472,PROD0472,2026-04-07,1693.0750986796365,910.2105381955871,1541054.7967747387,Pending
PO0473,SUPPLIER0473,PROD0473,2026-01-29,537.0199247205909,22585.9299322291,12129094.391950212,Pending
PO0474,SUPPLIER0474,PROD0474,2025-02-15,1944.2444172316725,19588.151661627042,38084154.51200569,Pending
PO0475,SUPPLIER0475,PROD0475,2025-01-28,62.580133140298834,1360.2518360974339,85124.74100731335,Cancelled
PO0476,SUPPLIER0476,PROD0476,2025-03-16,1727.0492612893174,25043.636054311424,43251593.14759706,Cancelled
PO0477,SUPPLIER0477,PROD0477,2025-02-23,327.29433546077917,16475.83535352471,5392447.583193082,Cancelled
PO0478,SUPPLIER0478,PROD0478,2025-05-14,1449.9694422754249,25512.06190332953,36991710.169266835,Cancelled
PO0479,SUPPLIER0479,PROD0479,2025-01-05,1891.075319219388,15844.562549222337,29963261.18066219,Pending
PO0480,SUPPLIER0480,PROD0480,2025-06-27,64.64159737979857,14901.732005956565,963271.7605907023,Pending
PO0481,SUPPLIER0481,PROD0481,2026-04-07,2075.850548144187,6625.989590609873,13754564.123665182,Pending
PO0482,SUPPLIER0482,PROD0482,2025-05-14,858.8064382286943,12778.439777494663,10974206.35143006,Cancelled
PO0483,SUPPLIER0483,PROD0483,2025-05-16,1850.7553455797313,16002.21028886166,29616176.23320169,Cancelled
PO0484,SUPPLIER0484,PROD0484,2026-01-13,1464.6706354446708,14677.375349644666,21497520.680024,Cancelled
PO0485,SUPPLIER0485,PROD0485,2025-08-31,464.6484629307686,20210.141210814545,9390611.04921876,Cancelled
PO0486,SUPPLIER0486,PROD0486,2025-01-24,2250.2470922299035,25303.969433319886,56940183.63920243,Pending
PO0487,SUPPLIER0487,PROD0487,2025-02-15,287.1719188760562,21422.437956743826,6151922.615041385,Pending
PO0488,SUPPLIER0488,PROD0488,2025-05-25,1709.4980874555347,20827.245134954115,35604135.72517165,Pending
PO0489,SUPPLIER0489,PROD0489,2025-04-29,45.182796650658226,13516.966815520844,610734.3629593735,Pending
PO0490,SUPPLIER0490,PROD0490,2026-03-16,533.4541956890689,8706.198809602873,4644358.28348583,Pending
PO0491,SUPPLIER0491,PROD0491,2026-03-15,761.649288129704,11751.438052954969,8950474.427533466,Cancelled
PO0492,SUPPLIER0492,PROD0492,2025-03-29,56.77444666736868,6704.367657242626,380636.76399455295,Pending
PO0493,SUPPLIER0493,PROD0493,2026-03-16,636.5567192515339,10026.492169323321,6382430.960905648,Pending
PO0494,SUPPLIER0494,PROD0494,2025-01-26,1284.890249114974,11324.28472546982,14550463.021957813,Pending
PO0495,SUPPLIER0495,PROD0495,2025-03-02,1687.8152076054655,17861.47001672954,30146860.724425167,Cancelled
PO0496,SUPPLIER0496,PROD0496,2026-02-19,1910.8911167380577,20388.354824505182,38959926.11905047,Cancelled
PO0497,SUPPLIER0497,PROD0497,2025-03-01,1112.2893231952394,9272.433150521398,10313628.393366547,Cancelled
PO0498,SUPPLIER0498,PROD0498,2026-05-17,940.0733717383847,11333.492278805325,10654314.30010747,Pending
PO0499,SUPPLIER0499,PROD0499,2025-05-16,955.2880464008455,8771.764643221848,8379561.909511409,Cancelled
PO0500,SUPPLIER0500,PROD0500,2026-04-16,562.7955000601329,12569.147896384398,7073859.875675425,Cancelled
PO0501,SUPPLIER0501,PROD0501,2025-05-16,2439.2669753416444,22609.449222569543,55150482.819277704,Pending
PO0502,SUPPLIER0502,PROD0502,2026-01-03,309.78844450616594,22545.33101864755,6984283.027143438,Cancelled
PO0503,SUPPLIER0503,PROD0503,2025-09-03,1380.3521751174187,4723.741977521942,6520427.51336587,Pending
PO0504,SUPPLIER0504,PROD0504,2026-01-13,1785.783398014404,6975.90224440142,12457450.414223475,Pending
PO0505,SUPPLIER0505,PROD0505,2025-07-31,2218.050000281629,3316.2344146905816,7355573.744438392,Pending
PO0506,SUPPLIER0506,PROD0506,2026-05-23,2446.904006335718,16246.528274380198,39753695.123627424,Cancelled
PO0507,SUPPLIER0507,PROD0507,2025-08-31,2455.826107512725,14764.318138633816,36258597.944480605,Pending
PO0508,SUPPLIER0508,PROD0508,2025-01-02,2465.635056169998,15963.456767655762,39360058.623986244,Cancelled
PO0509,SUPPLIER0509,PROD0509,2025-10-23,1790.8351281728167,1814.4143533182676,3249316.960983318,Pending
PO0510,SUPPLIER0510,PROD0510,2026-08-18,438.9974505030815,8679.241850962895,3810165.044872357,Cancelled
PO0511,SUPPLIER0511,PROD0511,2025-03-29,1868.5737754028603,23733.33552000405,44347488.35551678,Pending
PO0512,SUPPLIER0512,PROD0512,2026-01-13,1456.2045937493933,21974.24226465881,31998992.52995823,Pending
PO0513,SUPPLIER0513,PROD0513,2025-01-12,225.20584751744929,2901.088125349568,653342.0099921577,Cancelled
PO0514,SUPPLIER0514,PROD0514,2026-03-30,2234.2197194302134,19230.615381971078,42965420.10317777,Pending
PO0515,SUPPLIER0515,PROD0515,2026-02-02,84.03066077061955,17821.29746139,1497535.4014703664,Pending
PO0516,SUPPLIER0516,PROD0516,2026-01-13,628.8198833241214,6448.861629726665,4055172.417578125,Cancelled
PO0517,SUPPLIER0517,PROD0517,2026-06-11,2251.360837232986,1951.0494903880012,4392516.414162921,Pending
PO0518,SUPPLIER0518,PROD0518,2025-08-31,225.56401116165858,11314.146473376979,2552064.261405445,Cancelled
PO0519,SUPPLIER0519,PROD0519,2026-08-22,927.2079016033716,4360.10157248066,4042720.629797354,Cancelled
PO0520,SUPPLIER0520,PROD0520,2025-08-31,2094.2827518740482,3982.701357101938,8340902.758043953,Cancelled
PO0521,SUPPLIER0521,PROD0521,2025-02-20,2278.1757838433314,3147.1858487143913,7169842.587795548,Cancelled
PO0522,SUPPLIER0522,PROD0522,2025-12-18,1352.3495636239327,3131.5112737184554,4234897.9044965785,Cancelled
PO0523,SUPPLIER0523,PROD0523,2025-08-31,437.2789410057957,781.0656519651609,341543.56114732695,Pending
PO0524,SUPPLIER0524,PROD0524,2026-08-06,2368.59025257789,20230.45266081652,47917652.97764845,Cancelled
PO0525,SUPPLIER0525,PROD0525,2026-02-02,812.8376805836317,5861.208348405001,4764210.99933494,Pending
PO0526,SUPPLIER0526,PROD0526,2025-09-03,44.54555310456258,13998.564232889514,623573.7864238102,Pending
PO0527,SUPPLIER0527,PROD0527,2025-10-26,2083.3316807312185,2875.194615809482,5989984.031383718,Cancelled
PO0528,SUPPLIER0528,PROD0528,2025-01-28,562.4697887658854,4411.160319737945,2481144.4132554573,Cancelled
PO0529,SUPPLIER0529,PROD0529,2025-12-06,1483.1006561129054,6270.832016197943,9300275.077596983,Cancelled
PO0530,SUPPLIER0530,PROD0530,2026-04-09,1346.3097050939261,15956.178651533999,21481958.17477274,Pending
PO0531,SUPPLIER0531,PROD0531,2026-05-31,1735.770820344713,19304.222043588205,33507705.33271559,Cancelled
PO0532,SUPPLIER0532,PROD0532,2026-01-13,1947.0943924277108,19310.332384567322,37599039.90190626,Cancelled
PO0533,SUPPLIER0533,PROD0533,2025-01-28,842.5461906454937,16180.706591603604,13632992.700708047,Cancelled
PO0534,SUPPLIER0534,PROD0534,2025-05-25,1087.948003325069,15799.408882005182,17188935.3468939,Pending
PO0535,SUPPLIER0535,PROD0535,2025-05-16,1102.5307899407117,5934.273427545103,6542719.169795477,Cancelled
PO0536,SUPPLIER0536,PROD0536,2026-06-11,639.4817911859361,12301.285832736365,7866448.29820843,Pending
PO0537,SUPPLIER0537,PROD0537,2026-03-15,1527.363315870545,16410.29382079832,25064480.784544438,Pending
PO0538,SUPPLIER0538,PROD0538,2025-08-31,309.48498610834224,17707.13066208763,5480091.086974791,Pending
PO0539,SUPPLIER0539,PROD0539,2026-02-10,1059.5684754733577,23748.960272392793,25163649.62989657,Pending
PO0540,SUPPLIER0540,PROD0540,2025-05-16,1379.9224562151337,16928.7023169862,23360296.481790423,Cancelled
PO0541,SUPPLIER0541,PROD0541,2026-05-23,2469.6913672417077,24960.566266877762,61644895.03077259,Pending
PO0542,SUPPLIER0542,PROD0542,2026-04-14,2258.2927661610524,9181.029373946327,20733452.221095126,Pending
PO0543,SUPPLIER0543,PROD0543,2026-04-07,1448.9469758409045,5354.313480168395,7758116.324794184,Cancelled
PO0544,SUPPLIER0544,PROD0544,2026-04-14,1477.4859375002084,3221.249629070105,4759351.028128843,Pending
PO0545,SUPPLIER0545,PROD0545,2026-04-16,2336.922010088095,18402.17925397838,43004457.73220859,Cancelled
PO0546,SUPPLIER0546,PROD0546,2026-03-16,2201.408303108703,15896.026095029127,34993643.83202973,Cancelled
PO0547,SUPPLIER0547,PROD0547,2026-02-21,314.707573606641,8865.37427206066,2790000.4262749515,Cancelled
PO0548,SUPPLIER0548,PROD0548,2026-05-17,1808.9624889385213,26640.23873192374,48191192.562417164,Pending
PO0549,SUPPLIER0549,PROD0549,2026-06-16,405.5046923233873,12732.076185900823,5162916.63640164,Pending
PO0550,SUPPLIER0550,PROD0550,2025-11-27,2046.8848605698272,8743.518448273575,17896975.53988417,Cancelled
PO0551,SUPPLIER0551,PROD0551,2025-07-20,1193.3879034645508,3938.2474398098166,4699856.855519271,Cancelled
PO0552,SUPPLIER0552,PROD0552,2025-03-14,2443.7448401094543,12249.852261014643,29935513.254957665,Cancelled
PO0553,SUPPLIER0553,PROD0553,2025-06-27,419.157897779077,1982.7895312423427,831101.8916539019,Pending
PO0554,SUPPLIER0554,PROD0554,2025-07-20,1145.927009878684,8694.62563005738,9963406.350266222,Cancelled
PO0555,SUPPLIER0555,PROD0555,2026-06-11,241.3253079232589,2584.782837123044,623773.5140834734,Pending
PO0556,SUPPLIER0556,PROD0556,2025-03-16,2414.324767056025,7224.204439609311,17441575.70082485,Cancelled
PO0557,SUPPLIER0557,PROD0557,2026-03-16,413.6520594900594,19299.730498177476,7983373.268174223,Pending
PO0558,SUPPLIER0558,PROD0558,2025-01-12,1757.9628519675057,8538.437562853207,15010256.049339902,Cancelled
PO0559,SUPPLIER0559,PROD0559,2025-03-12,1972.7196777836439,13461.893837260306,26556542.872997772,Pending
PO0560,SUPPLIER0560,PROD0560,2026-04-14,1295.5757407647247,21889.945123505076,28360081.868684262,Pending
PO0561,SUPPLIER0561,PROD0561,2026-06-11,1132.78082372649,7074.494437644376,8013851.636523269,Pending
PO0562,SUPPLIER0562,PROD0562,2026-03-30,228.72567666665725,7549.849192350322,1726844.365251543,Pending
PO0563,SUPPLIER0563,PROD0563,2026-08-18,933.4168203577892,11896.310198561212,11104216.039530946,Cancelled
PO0564,SUPPLIER0564,PROD0564,2026-04-07,1019.9737559660002,7212.592369122029,7356654.928985108,Pending
PO0565,SUPPLIER0565,PROD0565,2025-05-16,663.2137822167119,6222.434020157389,4126804.0011025215,Cancelled
PO0566,SUPPLIER0566,PROD0566,2025-03-07,431.02275893935627,1010.495802708771,435546.6887801739,Cancelled
PO0567,SUPPLIER0567,PROD0567,2025-12-30,2176.665332949557,22091.355642656203,48085487.98522934,Cancelled
PO0568,SUPPLIER0568,PROD0568,2025-01-01,1700.3732001146802,10379.477825486276,17648985.925641462,Cancelled
PO0569,SUPPLIER0569,PROD0569,2026-06-11,1394.1350291895544,17504.225083841833,24403253.348202366,Cancelled
PO0570,SUPPLIER0570,PROD0570,2025-09-23,1969.360897169075,26265.74148990039,51726724.22536123,Cancelled
PO0571,SUPPLIER0571,PROD0571,2025-08-31,1684.9265607740792,15279.54745389418,25744915.34167426,Pending
PO0572,SUPPLIER0572,PROD0572,2025-06-27,293.34369898808546,23176.826980984053,6798776.157408724,Pending
PO0573,SUPPLIER0573,PROD0573,2025-05-14,628.8500368720362,19307.753092634026,12141681.244219078,Cancelled
PO0574,SUPPLIER0574,PROD0574,2026-08-22,115.1331896398807,12751.802352162327,1468155.678461782,Cancelled
PO0575,SUPPLIER0575,PROD0575,2025-05-16,1412.0098784388795,13359.661029742037,18863973.34659069,Cancelled
PO0576,SUPPLIER0576,PROD0576,2025-01-20,1066.695481313323,2077.680308562481,2216252.196757269,Cancelled
PO0577,SUPPLIER0577,PROD0577,2025-06-09,2365.2489953778177,6593.00706628973,15594103.340060636,Pending
PO0578,SUPPLIER0578,PROD0578,2026-03-30,1744.7587261154567,20027.23151102369,34942686.938793026,Pending
PO0579,SUPPLIER0579,PROD0579,2025-08-31,29.30664068456502,12947.123713850935,379436.7025804404,Cancelled
PO0580,SUPPLIER0580,PROD0580,2025-07-19,1692.2583265499268,4741.128067200185,8023213.448959074,Pending
PO0581,SUPPLIER0581,PROD0581,2025-05-25,1310.2525950839233,12509.158705899861,16390157.656721946,Pending
PO0582,SUPPLIER0582,PROD0582,2025-01-10,1985.9439291974875,17443.07442151782,34640967.75395329,Cancelled
PO0583,SUPPLIER0583,PROD0583,2026-02-02,2069.829976995717,5670.443390487142,11736853.712487517,Pending
PO0584,SUPPLIER0584,PROD0584,2025-01-12,506.7872650015542,1687.104110342609,855002.8778534111,Cancelled
PO0585,SUPPLIER0585,PROD0585,2026-06-11,1116.8171290269456,3268.899744770237,3650763.228031211,Pending
PO0586,SUPPLIER0586,PROD0586,2025-05-26,2212.8376229278247,6463.309689368937,14302254.849269535,Cancelled
PO0587,SUPPLIER0587,PROD0587,2025-03-09,2057.3849640189337,23298.939382622004,47934887.56339509,Pending
PO0588,SUPPLIER0588,PROD0588,2026-01-29,867.1549578980668,15529.380638800836,13466379.414022392,Cancelled
PO0589,SUPPLIER0589,PROD0589,2026-03-30,127.5038310063044,6532.142905330187,832873.2451102504,Pending
PO0590,SUPPLIER0590,PROD0590,2025-03-14,1286.7865905513872,22289.799830094744,28682215.527440507,Pending
PO0591,SUPPLIER0591,PROD0591,2025-11-24,2052.5205337663087,2347.7616567941136,4818829.008959128,Pending
PO0592,SUPPLIER0592,PROD0592,2025-12-18,89.78948666417831,1628.826529059137,146251.49790921525,Pending
PO0593,SUPPLIER0593,PROD0593,2026-05-23,691.9566858626307,4959.163022157891,3431526.009464882,Cancelled
PO0594,SUPPLIER0594,PROD0594,2025-07-19,144.19484687995302,3157.704625211215,455324.7349244506,Pending
PO0595,SUPPLIER0595,PROD0595,2026-02-10,405.0011971351408,12512.694576018795,5067656.282673995,Pending
PO0596,SUPPLIER0596,PROD0596,2026-04-07,1891.1571793614876,16030.578921400147,30316344.41652682,Pending
PO0597,SUPPLIER0597,PROD0597,2026-04-16,1599.7940994068808,5094.740098009803,8150535.146807716,Pending
PO0598,SUPPLIER0598,PROD0598,2026-05-19,1369.2724573231285,23796.497627389657,32583888.781939834,Cancelled
PO0599,SUPPLIER0599,PROD0599,2026-05-17,1610.4577363157575,21820.2888334329,35140652.96044635,Pending
PO0600,SUPPLIER0600,PROD0600,2026-04-07,816.6750233166217,11446.089694078677,9347735.567795847,Pending
PO0601,SUPPLIER0601,PROD0601,2025-03-29,1568.159580946952,14713.32219276044,23072837.1641367,Pending
PO0602,SUPPLIER0602,PROD0602,2025-10-26,466.2213173780361,10710.066381816914,4993261.257736898,Cancelled
PO0603,SUPPLIER0603,PROD0603,2026-08-18,1127.6438728996445,17725.898335598973,19988500.649780188,Cancelled
PO0604,SUPPLIER0604,PROD0604,2025-02-23,1228.1798028756593,19263.42074636496,23658944.294981405,Cancelled
PO0605,SUPPLIER0605,PROD0605,2025-09-03,1574.426298582951,16314.949559168752,25686685.646009605,Cancelled
PO0606,SUPPLIER0606,PROD0606,2026-06-11,978.4435890561289,12206.0254967969,11942907.395196578,Cancelled
PO0607,SUPPLIER0607,PROD0607,2025-01-05,1182.907419537257,23632.394522565057,27954934.822173838,Pending
PO0608,SUPPLIER0608,PROD0608,2026-06-08,1861.5990953001547,19999.224057460124,37230537.41207285,Cancelled
PO0609,SUPPLIER0609,PROD0609,2025-01-10,1110.9672555753223,13892.90733696813,15434565.136113742,Pending
PO0610,SUPPLIER0610,PROD0610,2026-03-30,424.2105338175473,8251.653925619163,3500438.5166645646,Cancelled
PO0611,SUPPLIER0611,PROD0611,2025-02-20,1930.361211890388,21491.061409139555,41485511.34655738,Cancelled
PO0612,SUPPLIER0612,PROD0612,2025-06-09,2421.1568772413657,3443.439379794064,8337106.93575214,Cancelled
PO0613,SUPPLIER0613,PROD0613,2026-04-16,2193.473769255643,12051.567642919606,26434797.50315422,Cancelled
PO0614,SUPPLIER0614,PROD0614,2025-04-06,600.5120743224485,14488.970965638771,8700802.009373467,Cancelled
PO0615,SUPPLIER0615,PROD0615,2026-02-10,1480.9050575512765,5159.355578686714,7640515.770182547,Pending
PO0616,SUPPLIER0616,PROD0616,2025-12-26,28.93685096421976,10743.484339644227,310882.6051727139,Cancelled
PO0617,SUPPLIER0617,PROD0617,2025-03-14,887.9693463605942,15824.023733691758,14051248.0116008,Cancelled
PO0618,SUPPLIER0618,PROD0618,2026-05-17,2221.145901845026,5953.162528677695,13222842.553589834,Pending
PO0619,SUPPLIER0619,PROD0619,2025-09-07,1649.4019156700415,8511.892128971785,14039531.18350281,Pending
PO0620,SUPPLIER0620,PROD0620,2025-03-16,456.22557552743734,10832.541670597717,4942082.558093391,Pending
PO0621,SUPPLIER0621,PROD0621,2026-03-16,983.7457499382351,19855.986480428644,19533242.310952734,Pending
PO0622,SUPPLIER0622,PROD0622,2025-09-06,676.9520889872931,22365.966553801692,15140687.780815985,Pending
PO0623,SUPPLIER0623,PROD0623,2025-03-07,2090.7405723369448,9048.552769195447,18918176.395488735,Cancelled
PO0624,SUPPLIER0624,PROD0624,2026-05-17,977.0796223916813,7851.561070164446,7671600.3256215025,Cancelled
PO0625,SUPPLIER0625,PROD0625,2025-10-11,1838.9112769840294,15591.156503915867,28670753.51627378,Cancelled
PO0626,SUPPLIER0626,PROD0626,2025-11-23,2249.756143197863,8062.704540818706,18139119.07149619,Cancelled
PO0627,SUPPLIER0627,PROD0627,2025-05-26,1023.7796734821289,7550.000866793256,7729537.42219539,Cancelled
PO0628,SUPPLIER0628,PROD0628,2025-01-10,235.70448698188207,19524.599253353994,4602035.650538641,Cancelled
PO0629,SUPPLIER0629,PROD0629,2026-02-21,609.2380374934189,9750.747484085761,5940526.261298301,Cancelled
PO0630,SUPPLIER0630,PROD0630,2025-03-01,111.29576791931147,12905.085938188142,1436281.4495553575,Cancelled
PO0631,SUPPLIER0631,PROD0631,2026-02-10,2188.707254621006,8752.023490254644,19155617.305733796,Pending
PO0632,SUPPLIER0632,PROD0632,2025-11-23,657.2893676850983,22454.98484173872,14759422.78800491,Cancelled
PO0633,SUPPLIER0633,PROD0633,2025-03-16,969.3610714429449,19479.98423196538,18883138.38678963,Pending
PO0634,SUPPLIER0634,PROD0634,2025-03-14,954.6069258454075,4015.9695729582077,3833672.3683303287,Cancelled
PO0635,SUPPLIER0635,PROD0635,2026-04-16,1488.1047088013577,5069.7553246523785,7544326.77108596,Pending
PO0636,SUPPLIER0636,PROD0636,2026-02-19,2380.0481319216833,1046.109237348442,2489790.3361371765,Cancelled
PO0637,SUPPLIER0637,PROD0637,2026-01-13,1677.826888038062,20144.862486880644,33799591.936317645,Pending
PO0638,SUPPLIER0638,PROD0638,2025-05-16,350.76501046334204,6326.160722022133,2218995.831852877,Pending
PO0639,SUPPLIER0639,PROD0639,2025-09-03,1974.7177318976308,12493.92273847485,24671970.772625294,Pending
PO0640,SUPPLIER0640,PROD0640,2026-05-23,1700.6354464577105,3684.6689843627214,6266278.6832705755,Cancelled
PO0641,SUPPLIER0641,PROD0641,2025-05-16,2497.3971609712958,19852.789129811994,49580299.21015427,Pending
PO0642,SUPPLIER0642,PROD0642,2025-11-24,78.44240583888059,5812.497932456648,455946.3217554187,Cancelled
PO0643,SUPPLIER0643,PROD0643,2025-01-24,2261.25379827363,2447.6502947981444,5534758.525957874,Pending
PO0644,SUPPLIER0644,PROD0644,2025-03-14,1267.0622870754464,7484.854535710736,9483776.906444674,Cancelled
PO0645,SUPPLIER0645,PROD0645,2025-11-22,911.1941933661429,13326.883856261493,12143379.185490463,Cancelled
PO0646,SUPPLIER0646,PROD0646,2026-04-07,707.6953381954379,1654.485082712409,1170871.3801494653,Pending
PO0647,SUPPLIER0647,PROD0647,2025-09-07,862.5623954711041,14892.59954597909,12845796.339171601,Pending
PO0648,SUPPLIER0648,PROD0648,2026-05-23,2156.148210758696,15942.31723710018,34373998.78612108,Pending
PO0649,SUPPLIER0649,PROD0649,2025-07-20,963.8075327789028,9043.390233269009,8716087.62868383,Cancelled
PO0650,SUPPLIER0650,PROD0650,2025-01-05,1179.8522261111937,25215.67089518198,29750765.438567694,Pending
PO0651,SUPPLIER0651,PROD0651,2025-03-06,1258.2851693422701,2720.3957313409514,3423033.6034883377,Pending
PO0652,SUPPLIER0652,PROD0652,2025-05-26,1487.3183991848255,21642.01816888336,32188571.81807251,Cancelled
PO0653,SUPPLIER0653,PROD0653,2026-04-16,1412.5606297590737,15706.539780522377,22186439.72371063,Cancelled
PO0654,SUPPLIER0654,PROD0654,2025-10-23,1706.131475066846,9092.299330432492,15512658.068380084,Pending
PO0655,SUPPLIER0655,PROD0655,2025-12-26,1927.3331315926157,13810.737948309685,26617892.819520682,Cancelled
PO0656,SUPPLIER0656,PROD0656,2025-03-12,134.45128152533928,20782.543925380978,2794239.6641241275,Cancelled
PO0657,SUPPLIER0657,PROD0657,2025-01-10,2279.4110745272824,6990.944781413303,15935236.956162194,Cancelled
PO0658,SUPPLIER0658,PROD0658,2025-05-25,1694.3768262930337,9965.78400973809,16885793.48194189,Pending
PO0659,SUPPLIER0659,PROD0659,2025-01-05,617.1001470828958,11404.492311644648,7037713.882921666,Pending
PO0660,SUPPLIER0660,PROD0660,2025-07-19,1143.2259004816715,17839.15478903123,20394183.79752215,Pending
PO0661,SUPPLIER0661,PROD0661,2026-03-16,1086.3801258769558,3113.8317775089577,3382804.9584098468,Pending
PO0662,SUPPLIER0662,PROD0662,2025-03-14,1556.6836733838604,21335.090584190835,33211987.182575602,Cancelled
PO0663,SUPPLIER0663,PROD0663,2026-02-10,367.71226718342507,12099.811004427018,4449248.936928814,Pending
PO0664,SUPPLIER0664,PROD0664,2026-08-18,1409.2714518073053,22455.925495333773,31646494.724485707,Cancelled
PO0665,SUPPLIER0665,PROD0665,2025-12-18,1747.0556118282577,9683.118228852036,16916946.041712448,Cancelled
PO0666,SUPPLIER0666,PROD0666,2025-03-07,2411.0442288396903,13569.984454316982,32717832.704025272,Cancelled
PO0667,SUPPLIER0667,PROD0667,2025-02-23,1992.8780891916142,15563.281246290284,31015722.191658664,Cancelled
PO0668,SUPPLIER0668,PROD0668,2025-12-06,51.0254340023821,1886.3688844232254,96252.79101628443,Cancelled
PO0669,SUPPLIER0669,PROD0669,2025-07-19,174.76000579396302,16291.039061487014,2847022.0807751482,Pending
PO0670,SUPPLIER0670,PROD0670,2025-06-27,805.3693606434923,7372.2108264497665,5937352.719826881,Pending
PO0671,SUPPLIER0671,PROD0671,2025-09-23,217.96794467337648,3997.4663894312944,871319.5328052425,Cancelled
PO0672,SUPPLIER0672,PROD0672,2025-05-16,353.05925935530814,14924.719774976125,5269310.509838592,Cancelled
PO0673,SUPPLIER0673,PROD0673,2026-05-17,604.5418844475396,19282.985217811856,11657372.22135003,Cancelled
PO0674,SUPPLIER0674,PROD0674,2026-05-17,1560.473763803703,3880.32071702927,6055138.674068148,Cancelled
PO0675,SUPPLIER0675,PROD0675,2025-05-25,1530.5994522915682,6338.271433855576,9701354.785134638,Pending
PO0676,SUPPLIER0676,PROD0676,2026-06-11,841.7263909384277,20695.521711251033,17419966.798599206,Pending
PO0677,SUPPLIER0677,PROD0677,2025-10-23,975.6394384009061,23423.19008926914,22852588.024252214,Pending
PO0678,SUPPLIER0678,PROD0678,2026-06-16,1480.3235702500021,24195.551172989777,35817244.69656686,Pending
PO0679,SUPPLIER0679,PROD0679,2025-12-18,1345.3825061433802,10223.792400841996,13754911.44253445,Pending
PO0680,SUPPLIER0680,PROD0680,2026-01-29,1313.1473140243318,6014.612439394593,7898072.169688344,Cancelled
PO0681,SUPPLIER0681,PROD0681,2026-05-23,405.36836876625955,13288.18540908537,5386610.043144548,Pending
PO0682,SUPPLIER0682,PROD0682,2026-03-30,1478.7216728759417,9975.820973680487,14751462.678511716,Cancelled
PO0683,SUPPLIER0683,PROD0683,2025-03-02,448.03324669828993,16263.386537488957,7286537.872700437,Cancelled
PO0684,SUPPLIER0684,PROD0684,2026-02-02,1985.3751176584726,3097.787303613078,6150269.832391738,Pending
PO0685,SUPPLIER0685,PROD0685,2026-02-10,1023.1078281027459,2975.92598252649,3044693.1685772073,Pending
PO0686,SUPPLIER0686,PROD0686,2026-04-07,2050.8373530754147,10679.931212289304,21902801.8584389,Pending
PO0687,SUPPLIER0687,PROD0687,2025-03-08,847.2407108736226,15381.587582495018,13031907.197757965,Cancelled
PO0688,SUPPLIER0688,PROD0688,2025-12-18,2077.3081604988233,10502.735437540336,21817418.03196272,Pending
PO0689,SUPPLIER0689,PROD0689,2025-03-07,1824.786414665996,5176.868214647597,9446678.788605144,Cancelled
PO0690,SUPPLIER0690,PROD0690,2025-01-09,534.7796403019651,13409.927591941356,7171356.254093795,Cancelled
PO0691,SUPPLIER0691,PROD0691,2026-01-13,113.4080321050433,6063.846655816802,687688.9162229314,Pending
PO0692,SUPPLIER0692,PROD0692,2025-04-29,363.3793115494683,3949.429018026477,1435140.797583954,Pending
PO0693,SUPPLIER0693,PROD0693,2025-03-02,1461.9203230521048,17409.115408514088,25450739.62206629,Pending
PO0694,SUPPLIER0694,PROD0694,2025-07-19,1223.0793000060237,23982.909004200414,29332999.556965604,Cancelled
PO0695,SUPPLIER0695,PROD0695,2025-12-26,2232.1282259772884,4737.155864747511,10573939.31655677,Cancelled
PO0696,SUPPLIER0696,PROD0696,2025-03-12,1413.2654243573575,5276.226837274359,7456708.960186225,Pending
PO0697,SUPPLIER0697,PROD0697,2025-10-23,1587.8672456421996,19348.154954498972,30722301.51585876,Cancelled
PO0698,SUPPLIER0698,PROD0698,2025-03-01,1302.5247222395685,12909.577534882243,16815043.892852668,Cancelled
PO0699,SUPPLIER0699,PROD0699,2025-01-10,1682.0184103010104,23798.36391800162,40029286.245122015,Cancelled
PO0700,SUPPLIER0700,PROD0700,2026-08-06,1572.6025488664877,20541.334590320785,32303355.133857816,Pending
PO0701,SUPPLIER0701,PROD0701,2026-06-11,1322.014305947878,7139.56449442794,9438606.399871266,Pending
PO0702,SUPPLIER0702,PROD0702,2026-03-15,1569.0174721787607,3248.3761372451972,5096758.915546266,Pending
PO0703,SUPPLIER0703,PROD0703,2026-02-02,1277.0007483282006,2976.355060100337,3800807.639038557,Pending
PO0704,SUPPLIER0704,PROD0704,2026-05-17,390.36088782577974,22367.429709673444,8731369.719848849,Pending
PO0705,SUPPLIER0705,PROD0705,2025-11-24,1424.565493468464,3212.2585143544084,4576072.635649563,Cancelled
PO0706,SUPPLIER0706,PROD0706,2025-01-05,1742.9668456534046,2798.4854384506352,4877667.337263289,Pending
PO0707,SUPPLIER0707,PROD0707,2025-03-14,2455.2200223279146,20234.316778269516,49679699.69213298,Pending
PO0708,SUPPLIER0708,PROD0708,2026-03-30,520.3727512317458,25953.27483656315,13505377.030176004,Cancelled
PO0709,SUPPLIER0709,PROD0709,2025-10-23,1133.4438643921435,23384.265582485838,26504752.347784948,Pending
PO0710,SUPPLIER0710,PROD0710,2025-09-03,1923.073218761337,18022.430616892998,34658453.656331286,Cancelled
PO0711,SUPPLIER0711,PROD0711,2025-07-19,2408.608277420892,2567.147938163711,6183253.7732250905,Pending
PO0712,SUPPLIER0712,PROD0712,2025-12-18,272.8051612668714,9942.789643971224,2712444.3322661486,Cancelled
PO0713,SUPPLIER0713,PROD0713,2025-01-28,709.9922262300281,20057.090100633246,14240378.052244857,Cancelled
PO0714,SUPPLIER0714,PROD0714,2026-08-06,2026.2622955584832,8460.355830468223,17142900.02628614,Cancelled
PO0715,SUPPLIER0715,PROD0715,2026-08-06,319.6629070580059,24843.669374448502,7941599.574224159,Cancelled
PO0716,SUPPLIER0716,PROD0716,2026-03-30,2149.151811137235,5647.90074194938,12138196.108683845,Pending
PO0717,SUPPLIER0717,PROD0717,2025-05-16,1306.7896905125278,4123.5158127121285,5388567.952717598,Pending
PO0718,SUPPLIER0718,PROD0718,2025-07-19,821.424176445546,26344.88392629084,21640324.582706954,Pending
PO0719,SUPPLIER0719,PROD0719,2025-02-23,1982.5809057215072,10924.967075030881,21659631.11859237,Cancelled
PO0720,SUPPLIER0720,PROD0720,2025-10-26,2108.1481987493767,3005.3125886801117,6335644.320504804,Cancelled
PO0721,SUPPLIER0721,PROD0721,2025-06-27,1884.7741333437511,9102.558377529422,17156266.577218916,Pending
PO0722,SUPPLIER0722,PROD0722,2025-01-20,1459.9882760929452,21300.88197128025,31099037.948508747,Cancelled
PO0723,SUPPLIER0723,PROD0723,2026-05-17,1338.2469613328115,1453.4621922206975,1945091.3621514752,Pending
PO0724,SUPPLIER0724,PROD0724,2025-05-16,2036.173277024828,24441.431631094645,49766989.93946427,Cancelled
PO0725,SUPPLIER0725,PROD0725,2025-01-25,1939.7481256410233,7388.169337852447,14331187.625017764,Cancelled
PO0726,SUPPLIER0726,PROD0726,2026-05-23,381.11177263658755,22610.028793785354,8616948.15296382,Pending
PO0727,SUPPLIER0727,PROD0727,2025-12-26,1543.1942694916916,17884.912561786055,27599894.57570821,Pending
PO0728,SUPPLIER0728,PROD0728,2025-11-27,1934.062630603377,1908.9846253239677,3692095.8262354755,Cancelled
PO0729,SUPPLIER0729,PROD0729,2026-03-30,2490.9351803765444,2893.503998331529,7207530.9040042,Pending
PO0730,SUPPLIER0730,PROD0730,2026-08-06,1722.6673000174171,11080.256781731248,19087596.033684645,Cancelled
PO0731,SUPPLIER0731,PROD0731,2025-04-06,1848.9909663326298,1314.5287785302921,2430551.8364867764,Cancelled
PO0732,SUPPLIER0732,PROD0732,2025-01-13,396.56617167531783,9109.156561086249,3612383.344621077,Cancelled
PO0733,SUPPLIER0733,PROD0733,2025-12-30,1383.4570516886793,19341.4819327211,26758109.569932193,Cancelled
PO0734,SUPPLIER0734,PROD0734,2025-05-25,180.92918429077884,3065.7831006752263,554689.6356176233,Pending
PO0735,SUPPLIER0735,PROD0735,2026-05-17,159.4695770072633,8619.757556875358,1374589.0915000746,Pending
PO0736,SUPPLIER0736,PROD0736,2026-02-10,700.0118954275944,15473.268603445771,10831472.08355836,Pending
PO0737,SUPPLIER0737,PROD0737,2025-11-08,1721.3613249567975,18899.374169934377,32532651.762012515,Cancelled
PO0738,SUPPLIER0738,PROD0738,2025-03-12,1124.6945563369175,19651.67220330558,22102128.749975305,Cancelled
PO0739,SUPPLIER0739,PROD0739,2025-02-15,1539.6158289571174,1619.7003117396237,2493716.238121102,Pending
PO0740,SUPPLIER0740,PROD0740,2025-01-13,238.75552362077838,11723.073268955055,2798948.496774114,Cancelled
PO0741,SUPPLIER0741,PROD0741,2026-03-05,1890.8589970401142,11516.608831065296,21776283.423611447,Pending
PO0742,SUPPLIER0742,PROD0742,2025-03-02,106.33359805702621,19555.088716932532,2079362.9435957922,Pending
PO0743,SUPPLIER0743,PROD0743,2025-04-06,58.826867381863956,6360.425683883321,374163.9181980055,Cancelled
PO0744,SUPPLIER0744,PROD0744,2025-03-06,489.8430692428492,19590.129634134297,9596089.226849638,Pending
PO0745,SUPPLIER0745,PROD0745,2025-03-01,341.71647689713234,13811.890253610358,4719750.476753571,Cancelled
PO0746,SUPPLIER0746,PROD0746,2025-05-16,548.5864658011017,3826.8085588386703,2099335.3825907134,Cancelled
PO0747,SUPPLIER0747,PROD0747,2025-08-31,1737.1902487426394,23799.404771814243,41344093.89547474,Cancelled
PO0748,SUPPLIER0748,PROD0748,2025-03-12,751.7539670837922,26010.034137532344,19553146.3468748,Cancelled
PO0749,SUPPLIER0749,PROD0749,2026-06-08,2227.9058344600817,8802.380735639752,19610875.39807083,Cancelled
PO0750,SUPPLIER0750,PROD0750,2025-01-26,2242.823605686845,18026.42820126058,40430098.69600628,Pending
PO0751,SUPPLIER0751,PROD0751,2025-04-06,699.2189649468601,17373.71301994678,12148029.635090973,Pending
PO0752,SUPPLIER0752,PROD0752,2025-03-29,2381.3381808329887,2961.531197473714,7052407.314272197,Pending
PO0753,SUPPLIER0753,PROD0753,2026-02-02,2309.4235038470965,15653.091859546434,36149618.24831419,Pending
PO0754,SUPPLIER0754,PROD0754,2025-09-06,879.4938304053485,22189.576875547555,19515595.961349264,Cancelled
PO0755,SUPPLIER0755,PROD0755,2025-03-09,2011.9991691083044,3077.682685402904,6192295.005809658,Cancelled
PO0756,SUPPLIER0756,PROD0756,2026-01-29,1121.2581882174015,6563.712979530743,7359616.923407683,Cancelled
PO0757,SUPPLIER0757,PROD0757,2026-06-08,545.7592116228602,13821.715977328515,7543328.815061901,Cancelled
PO0758,SUPPLIER0758,PROD0758,2025-10-23,175.06653498019833,16206.09559875141,2837145.002031252,Pending
PO0759,SUPPLIER0759,PROD0759,2025-05-16,2366.698383549225,17829.139177812376,42196194.87220271,Cancelled
PO0760,SUPPLIER0760,PROD0760,2025-10-29,974.270246295655,19807.581181000074,19297936.995734125,Cancelled
PO0761,SUPPLIER0761,PROD0761,2026-06-08,2477.212910326626,17997.1087986592,44582670.264591485,Cancelled
PO0762,SUPPLIER0762,PROD0762,2026-02-02,178.52430513304387,9997.668327677855,1784826.7911493299,Pending
PO0763,SUPPLIER0763,PROD0763,2026-01-13,1685.2684891008014,20437.35892006427,34442436.9884275,Cancelled
PO0764,SUPPLIER0764,PROD0764,2025-11-08,871.3497933769818,2900.061399454767,2526967.901195472,Cancelled
PO0765,SUPPLIER0765,PROD0765,2025-03-12,1715.7793848379856,11308.208473624198,19402390.97849462,Cancelled
PO0766,SUPPLIER0766,PROD0766,2025-03-08,623.4660868254099,11770.141976534713,7338284.359489593,Cancelled
PO0767,SUPPLIER0767,PROD0767,2025-01-25,2264.6822435070962,18724.4468406793,42404922.279578954,Cancelled
PO0768,SUPPLIER0768,PROD0768,2025-01-05,263.3042228488763,7662.99930083365,2017700.0755974865,Pending
PO0769,SUPPLIER0769,PROD0769,2026-04-16,479.54438795687264,15595.470111425484,7478720.169483234,Cancelled
PO0770,SUPPLIER0770,PROD0770,2026-02-02,565.2091898208506,2014.8914558564134,1138835.1673415576,Pending
PO0771,SUPPLIER0771,PROD0771,2025-09-03,318.64367791173976,14452.431078261012,4605175.793543019,Cancelled
PO0772,SUPPLIER0772,PROD0772,2025-07-31,357.134434016182,6648.6680191097785,2374468.2899662605,Pending
PO0773,SUPPLIER0773,PROD0773,2026-05-17,1515.7967431055079,9231.089781773971,13992455.82652752,Pending
PO0774,SUPPLIER0774,PROD0774,2026-06-11,1252.219222150644,20855.85982725536,26116108.570168573,Pending
PO0775,SUPPLIER0775,PROD0775,2025-05-14,235.5711601028582,17452.12078288742,4111216.3390799914,Cancelled
PO0776,SUPPLIER0776,PROD0776,2026-06-11,464.62474251468234,15095.114927136,7013563.886250101,Pending
PO0777,SUPPLIER0777,PROD0777,2026-03-30,1663.6136856968958,3278.2549600492816,5453749.816741715,Cancelled
PO0778,SUPPLIER0778,PROD0778,2025-06-27,2148.802821986118,2629.688432229784,5650681.924119611,Pending
PO0779,SUPPLIER0779,PROD0779,2025-11-08,488.45715181358725,18585.52576916522,9078232.982164472,Cancelled
PO0780,SUPPLIER0780,PROD0780,2026-03-15,433.871431450395,20332.086672880632,8821511.54913622,Cancelled
PO0781,SUPPLIER0781,PROD0781,2025-12-26,236.2454618450874,21941.89034157125,5183672.017498762,Pending
PO0782,SUPPLIER0782,PROD0782,2025-01-24,2083.4814112667636,9945.553885698475,20721376.645604704,Pending
PO0783,SUPPLIER0783,PROD0783,2026-01-13,2325.388630198492,15992.263490832373,37188227.69272005,Pending
PO0784,SUPPLIER0784,PROD0784,2025-04-06,1311.4581663942135,9910.461082154046,12997155.118922958,Pending
PO0785,SUPPLIER0785,PROD0785,2026-02-19,2137.571266306555,16373.6270501092,34999794.70753319,Cancelled
PO0786,SUPPLIER0786,PROD0786,2026-03-30,601.3034848009369,22703.873907586767,13651918.499112986,Cancelled
PO0787,SUPPLIER0787,PROD0787,2025-09-23,573.9526983829703,1987.6976953656622,1140844.455824733,Cancelled
PO0788,SUPPLIER0788,PROD0788,2025-03-14,1489.8650194547874,1776.7868798683724,2647172.6193421036,Cancelled
PO0789,SUPPLIER0789,PROD0789,2025-07-19,1081.4992113134263,11426.84156987638,12358120.14562478,Pending
PO0790,SUPPLIER0790,PROD0790,2025-07-20,1780.2351217101543,14353.374039246884,25552380.579710048,Cancelled
PO0791,SUPPLIER0791,PROD0791,2025-03-07,1254.2256211760246,874.6296800434704,1096982.9537515093,Cancelled
PO0792,SUPPLIER0792,PROD0792,2025-03-12,1648.6249346916711,16347.040568230545,26950138.68920118,Cancelled
PO0793,SUPPLIER0793,PROD0793,2026-03-30,2413.5038683236085,16045.788113871615,38726571.68313012,Pending
PO0794,SUPPLIER0794,PROD0794,2025-09-23,1321.5839615702675,7070.938837448309,9344839.360815998,Cancelled
PO0795,SUPPLIER0795,PROD0795,2025-10-26,1070.4360146154413,4887.229444795716,5231466.409398362,Pending
PO0796,SUPPLIER0796,PROD0796,2025-04-29,1772.4915854508977,17826.41267729058,31597166.469272763,Pending
PO0797,SUPPLIER0797,PROD0797,2026-04-16,556.4357646218659,25251.414132250717,14050789.93046232,Pending
PO0798,SUPPLIER0798,PROD0798,2025-01-28,362.47345576498145,17714.66923792128,6421097.376402937,Cancelled
PO0799,SUPPLIER0799,PROD0799,2025-09-23,141.96760538383305,16641.587799636283,2362566.3696991745,Pending
PO0800,SUPPLIER0800,PROD0800,2025-08-03,1133.2940433509443,11486.714077197066,13017824.641362874,Pending
PO0801,SUPPLIER0801,PROD0801,2026-03-15,1774.0256512011845,1868.6616862070982,3315053.764748251,Cancelled
PO0802,SUPPLIER0802,PROD0802,2025-03-06,24.43321972402574,22362.59162436916,546390.1147568694,Pending
PO0803,SUPPLIER0803,PROD0803,2025-03-06,424.103242694912,7294.3907065042595,3093574.752112087,Pending
PO0804,SUPPLIER0804,PROD0804,2025-01-30,607.7702194667478,6290.162011055374,3822973.1459405245,Cancelled
PO0805,SUPPLIER0805,PROD0805,2025-12-17,1526.5153061374124,12355.193235879566,18860391.584855583,Cancelled
PO0806,SUPPLIER0806,PROD0806,2025-09-06,10.0,20957.51440619984,209575.1440619984,Cancelled
PO0807,SUPPLIER0807,PROD0807,2026-01-13,1089.20755818365,23356.7288243058,25440325.569879793,Cancelled
PO0808,SUPPLIER0808,PROD0808,2025-12-18,208.01033686050715,9969.804623106003,2073822.4180857213,Pending
PO0809,SUPPLIER0809,PROD0809,2025-11-24,2500.0,19710.85612975951,49277140.32439878,Pending
PO0810,SUPPLIER0810,PROD0810,2025-01-13,2146.3632554358283,9849.671500533845,21140972.98685932,Cancelled
PO0811,SUPPLIER0811,PROD0811,2025-11-22,286.50737974961766,2027.390137246172,580862.2359526184,Cancelled
PO0812,SUPPLIER0812,PROD0812,2026-08-06,2115.975850842729,20249.73945461163,42847959.671815425,Cancelled
PO0813,SUPPLIER0813,PROD0813,2026-03-30,599.4635561827046,6985.534425417,4187573.3084971807,Cancelled
PO0814,SUPPLIER0814,PROD0814,2025-03-16,589.7900120107499,21496.69673319566,12678537.024462916,Cancelled
PO0815,SUPPLIER0815,PROD0815,2025-12-30,938.6828927047917,9176.698038051616,8614009.459836677,Cancelled
PO0816,SUPPLIER0816,PROD0816,2025-01-25,1670.567058586016,8980.625694428762,15002737.450603854,Cancelled
PO0817,SUPPLIER0817,PROD0817,2026-03-15,236.96338680436145,4142.3173083846605,981577.5386131557,Pending
PO0818,SUPPLIER0818,PROD0818,2026-05-17,62.921121030250134,7330.753266054719,461259.2134963304,Pending
PO0819,SUPPLIER0819,PROD0819,2026-08-06,735.6785181196584,1094.5443677181222,805232.7784590867,Cancelled
PO0820,SUPPLIER0820,PROD0820,2026-02-19,984.9364166345883,9005.293242418169,8869641.256931026,Cancelled
PO0821,SUPPLIER0821,PROD0821,2025-03-01,2154.608706852134,8351.577961357858,17994382.59149604,Pending
PO0822,SUPPLIER0822,PROD0822,2025-03-02,729.1576901202972,2055.1414584612735,1498522.1987220808,Pending
PO0823,SUPPLIER0823,PROD0823,2025-10-26,2022.2662921162002,23433.554970421807,47388888.321136065,Cancelled
PO0824,SUPPLIER0824,PROD0824,2025-05-26,2123.1341505763567,23797.33306911345,50524930.53167483,Cancelled
PO0825,SUPPLIER0825,PROD0825,2025-09-03,1158.9434410072772,15599.590426756526,18079043.007489387,Cancelled
PO0826,SUPPLIER0826,PROD0826,2025-05-14,2241.9594180644594,6399.974676850863,14348483.502139838,Cancelled
PO0827,SUPPLIER0827,PROD0827,2025-03-14,2049.847946248139,9956.54209831255,20409397.371959116,Pending
PO0828,SUPPLIER0828,PROD0828,2025-11-24,1461.747269888836,2387.9630781857177,3490598.5101333135,Cancelled
PO0829,SUPPLIER0829,PROD0829,2025-06-09,1886.669539982191,6732.239266327902,12701510.759652907,Pending
PO0830,SUPPLIER0830,PROD0830,2025-01-12,2066.6580391619455,14186.408874496048,29318455.947315626,Cancelled
PO0831,SUPPLIER0831,PROD0831,2026-01-29,494.940501010395,14546.824057368874,7199812.387064218,Cancelled
PO0832,SUPPLIER0832,PROD0832,2025-12-18,747.9682061776972,2010.9958780618724,1504160.9795446817,Pending
PO0833,SUPPLIER0833,PROD0833,2026-02-19,705.8301255715024,19582.300024636654,13821777.285368124,Cancelled
PO0834,SUPPLIER0834,PROD0834,2026-05-23,1194.715890572885,2489.0884450505096,2973753.518343197,Pending
PO0835,SUPPLIER0835,PROD0835,2025-10-23,2267.165885016477,20175.293004284176,45740736.01952468,Cancelled
PO0836,SUPPLIER0836,PROD0836,2025-01-12,511.82174235205764,20929.56369271206,10712205.755872253,Cancelled
PO0837,SUPPLIER0837,PROD0837,2025-01-28,603.068848668837,4711.512061794922,2841366.154596002,Pending
PO0838,SUPPLIER0838,PROD0838,2025-03-02,1228.6608186752649,11898.10467413919,14618735.029611852,Pending
PO0839,SUPPLIER0839,PROD0839,2025-12-26,1427.2553155071798,24021.806320545144,34285250.75908203,Cancelled
PO0840,SUPPLIER0840,PROD0840,2025-05-26,1580.4133182131147,16224.825405002455,25641930.155748375,Cancelled
PO0841,SUPPLIER0841,PROD0841,2026-01-13,493.9959708844153,15637.670034214672,7724945.990922005,Cancelled
PO0842,SUPPLIER0842,PROD0842,2026-04-07,1292.2840181562015,6447.370387768505,8331833.71124679,Pending
PO0843,SUPPLIER0843,PROD0843,2025-07-19,162.87431956875474,9632.991896907033,1568967.000620061,Cancelled
PO0844,SUPPLIER0844,PROD0844,2025-01-13,1580.0270650207224,10699.80314619422,16905978.561380744,Cancelled
PO0845,SUPPLIER0845,PROD0845,2025-03-12,2275.876672988793,5924.1499800821075,13482634.74695589,Cancelled
PO0846,SUPPLIER0846,PROD0846,2025-06-09,2291.959142207194,7705.503233876154,17660698.58218955,Cancelled
PO0847,SUPPLIER0847,PROD0847,2026-05-17,232.94907693407927,24386.297969551673,5680765.601846474,Pending
PO0848,SUPPLIER0848,PROD0848,2025-03-02,519.2176630744709,17936.929089285964,9313170.404471556,Cancelled
PO0849,SUPPLIER0849,PROD0849,2025-11-08,1193.6933530207082,6645.614627032682,7932826.007026105,Cancelled
PO0850,SUPPLIER0850,PROD0850,2026-08-18,2356.753634201777,17302.59469987003,40777952.9400391,Cancelled
PO0851,SUPPLIER0851,PROD0851,2026-05-23,1052.6732887524413,26508.616127900008,27904912.11963251,Cancelled
PO0852,SUPPLIER0852,PROD0852,2025-03-14,2056.463027111598,19826.628619135903,40772728.70752566,Cancelled
PO0853,SUPPLIER0853,PROD0853,2025-09-13,30.133700273295943,8915.895299670925,268668.91662837175,Cancelled
PO0854,SUPPLIER0854,PROD0854,2026-01-13,1520.9188997544882,19725.980056839984,30001615.884628046,Pending
PO0855,SUPPLIER0855,PROD0855,2025-04-06,2070.504097726191,1856.0131021067086,3842882.7333454397,Cancelled
PO0856,SUPPLIER0856,PROD0856,2026-05-12,1231.7418063573862,8682.424387185269,10694505.098233005,Cancelled
PO0857,SUPPLIER0857,PROD0857,2025-01-05,926.6119936278754,3012.5220566400967,2791439.0687512276,Pending
PO0858,SUPPLIER0858,PROD0858,2025-03-09,1520.7059152523657,17317.46550526172,26334772.231030297,Cancelled
PO0859,SUPPLIER0859,PROD0859,2025-03-02,57.82118515919875,6985.788468300694,403926.56850860984,Pending
PO0860,SUPPLIER0860,PROD0860,2026-08-06,2053.1573279565146,5016.808474935755,10300297.08326869,Cancelled
PO0861,SUPPLIER0861,PROD0861,2025-03-06,575.1537611924871,2507.115231995903,1441976.7554254183,Pending
PO0862,SUPPLIER0862,PROD0862,2025-03-16,1841.7311912889004,14833.013537641555,27318423.693084966,Cancelled
PO0863,SUPPLIER0863,PROD0863,2025-03-16,35.37965484352922,4056.187551103371,143506.5155386573,Cancelled
PO0864,SUPPLIER0864,PROD0864,2025-07-19,682.3469381115589,15636.856988489846,10669761.487784378,Cancelled
PO0865,SUPPLIER0865,PROD0865,2025-12-26,225.41078493232857,22119.628889142437,4986002.910313408,Cancelled
PO0866,SUPPLIER0866,PROD0866,2025-04-29,1064.005212118715,10241.575285551135,10897089.484132623,Pending
PO0867,SUPPLIER0867,PROD0867,2025-03-07,1199.966694141297,14585.627453804354,17502267.157718156,Cancelled
PO0868,SUPPLIER0868,PROD0868,2026-06-11,1018.1404839627131,18173.37148990033,18503045.243961297,Cancelled
PO0869,SUPPLIER0869,PROD0869,2025-02-27,297.6293988408581,6339.326049888219,1886769.8012844222,Cancelled
PO0870,SUPPLIER0870,PROD0870,2025-04-29,1812.5711908588924,5829.064943170706,10565595.185636748,Pending
PO0871,SUPPLIER0871,PROD0871,2025-12-18,417.1488877534066,788.4157768074592,328886.7643824697,Pending
PO0872,SUPPLIER0872,PROD0872,2025-09-03,272.5774944597486,25967.18505458881,7078070.240352448,Pending
PO0873,SUPPLIER0873,PROD0873,2025-05-16,2442.555298426447,7373.986238573883,18011369.157552343,Cancelled
PO0874,SUPPLIER0874,PROD0874,2025-03-14,1549.797557575817,18685.90296564696,28959366.777258378,Cancelled
PO0875,SUPPLIER0875,PROD0875,2025-11-27,560.078604386268,6467.725608708666,3622434.7324788757,Cancelled
PO0876,SUPPLIER0876,PROD0876,2026-02-10,2422.2891590577096,22210.61280445753,53800526.61226583,Pending
PO0877,SUPPLIER0877,PROD0877,2026-06-11,2189.2858810146145,2048.584860555916,4484937.911275359,Pending
PO0878,SUPPLIER0878,PROD0878,2025-10-23,2329.6244645199135,15406.388069791994,35891098.55727516,Pending
PO0879,SUPPLIER0879,PROD0879,2026-05-23,2019.419489190925,18501.80579429391,37362907.206222706,Pending
PO0880,SUPPLIER0880,PROD0880,2025-08-31,979.2339433753815,20257.09376621746,19836433.81001798,Cancelled
PO0881,SUPPLIER0881,PROD0881,2025-10-23,2310.9982127188487,2129.5082894954726,4921289.8509940095,Cancelled
PO0882,SUPPLIER0882,PROD0882,2025-08-31,1284.2484376527764,12375.057646333033,15892648.448166242,Pending
PO0883,SUPPLIER0883,PROD0883,2026-01-13,796.7323437886839,23676.38785776118,18863743.990364,Pending
PO0884,SUPPLIER0884,PROD0884,2026-06-17,2466.4095844763656,7557.29384004276,18639381.959785663,Cancelled
PO0885,SUPPLIER0885,PROD0885,2025-01-24,1889.6548868113462,16905.487089895734,31945536.293347597,Pending
PO0886,SUPPLIER0886,PROD0886,2026-04-16,1551.858154517163,10638.126410449751,16508863.218840843,Pending
PO0887,SUPPLIER0887,PROD0887,2026-03-30,2199.8091637325583,1363.6391130765342,2999745.816969898,Pending
PO0888,SUPPLIER0888,PROD0888,2025-12-26,1388.3996726724718,7606.918915362877,10561443.732135853,Pending
PO0889,SUPPLIER0889,PROD0889,2025-12-26,313.04902311669946,6291.168318696636,1969444.0964307103,Pending
PO0890,SUPPLIER0890,PROD0890,2026-04-09,492.79325008013046,14875.561596598955,7330576.3459551735,Pending
PO0891,SUPPLIER0891,PROD0891,2025-03-16,1978.4682725567216,18320.500882645887,36246529.7336623,Cancelled
PO0892,SUPPLIER0892,PROD0892,2025-01-24,2313.8147202568985,11651.363218582837,26959095.726216763,Pending
PO0893,SUPPLIER0893,PROD0893,2026-04-09,268.00435028238826,3303.7736832586147,885425.7194617778,Pending
PO0894,SUPPLIER0894,PROD0894,2025-12-26,1050.6911284752848,23909.696412094007,25121705.90472452,Pending
PO0895,SUPPLIER0895,PROD0895,2025-05-25,814.239311152569,4506.66939102092,3669507.380537241,Pending
PO0896,SUPPLIER0896,PROD0896,2025-03-02,1001.1069215090979,22540.01204546902,22564962.069617473,Pending
PO0897,SUPPLIER0897,PROD0897,2025-03-01,1496.3277103142962,2024.3431051945279,3029080.6834862605,Pending
PO0898,SUPPLIER0898,PROD0898,2025-09-23,875.0742107199161,16534.241796542712,14468688.589961862,Pending
PO0899,SUPPLIER0899,PROD0899,2026-03-17,798.125044462283,15093.111671246175,12046190.423687555,Pending
PO0900,SUPPLIER0900,PROD0900,2025-03-16,1565.504316420522,25453.118840951505,39846967.41187409,Cancelled
PO0901,SUPPLIER0901,PROD0901,2026-06-11,647.8550264522737,14469.343706058315,9374037.04943545,Pending
PO0902,SUPPLIER0902,PROD0902,2025-12-26,2475.3469796947484,11914.68406911832,29492977.22450917,Cancelled
PO0903,SUPPLIER0903,PROD0903,2025-03-09,1234.6855675484344,18429.240983954605,22754317.86376086,Pending
PO0904,SUPPLIER0904,PROD0904,2026-06-11,1756.2389314413497,13289.652099948049,23339804.40324005,Cancelled
PO0905,SUPPLIER0905,PROD0905,2026-08-06,365.98011886794967,13193.90260741009,4828706.044592096,Pending
PO0906,SUPPLIER0906,PROD0906,2025-08-31,2306.5909705970125,16884.323857053663,38945228.953315705,Pending
PO0907,SUPPLIER0907,PROD0907,2025-06-26,2442.453984799453,20395.315065489787,49814618.552945845,Cancelled
PO0908,SUPPLIER0908,PROD0908,2026-02-02,1611.3834032247446,13127.417991948365,21153303.4794195,Pending
PO0909,SUPPLIER0909,PROD0909,2025-05-16,1194.9173260812008,18102.680731464017,21631206.85454266,Cancelled
PO0910,SUPPLIER0910,PROD0910,2026-03-05,290.2221267487908,15499.806880809076,4498386.917143951,Pending
PO0911,SUPPLIER0911,PROD0911,2025-01-12,925.9432836285197,6528.527354499302,6045046.055883697,Pending
PO0912,SUPPLIER0912,PROD0912,2025-01-25,140.1986226270441,12219.320157603734,1713131.8555349188,Cancelled
PO0913,SUPPLIER0913,PROD0913,2025-06-27,563.3649159478832,9973.056183260689,5618469.958426175,Pending
PO0914,SUPPLIER0914,PROD0914,2025-06-27,1051.1865355632594,4113.17510066749,4323714.2842357205,Pending
PO0915,SUPPLIER0915,PROD0915,2025-01-05,1255.1755640793212,5758.283013924523,7227656.130131087,Pending
PO0916,SUPPLIER0916,PROD0916,2026-02-05,366.7313983013087,5643.396253365737,2069610.599165183,Cancelled
PO0917,SUPPLIER0917,PROD0917,2025-04-06,567.7258844117513,7657.097009119381,4347132.171528876,Cancelled
PO0918,SUPPLIER0918,PROD0918,2025-10-23,2176.632970133362,13137.962326338682,28596521.95987878,Cancelled
PO0919,SUPPLIER0919,PROD0919,2025-01-05,1296.9085710218965,24306.315086388968,31523068.36549668,Pending
PO0920,SUPPLIER0920,PROD0920,2026-03-16,598.3899361115782,9169.682950828168,5487045.995109496,Cancelled
PO0921,SUPPLIER0921,PROD0921,2026-05-19,1796.4284437428637,6547.519443491486,11762150.16424755,Pending
PO0922,SUPPLIER0922,PROD0922,2025-06-18,510.8291614924505,11596.720152889382,5923942.831763086,Cancelled
PO0923,SUPPLIER0923,PROD0923,2025-03-12,300.8843006709416,21155.372372103673,6365319.421613773,Cancelled
PO0924,SUPPLIER0924,PROD0924,2025-03-02,1117.3306714223177,3149.3244840844827,3518836.840328859,Pending
PO0925,SUPPLIER0925,PROD0925,2025-12-26,912.3961315769773,21578.6046205236,19688235.380594824,Cancelled
PO0926,SUPPLIER0926,PROD0926,2025-01-24,1197.8650046243088,5931.944001438322,7105668.128714056,Pending
PO0927,SUPPLIER0927,PROD0927,2025-03-16,322.57305909143855,3570.5235832625763,1151754.714811134,Pending
PO0928,SUPPLIER0928,PROD0928,2025-05-26,1648.0937375128617,14549.74470188069,23979343.125580505,Pending
PO0929,SUPPLIER0929,PROD0929,2026-02-21,2356.838534616806,20113.989706013024,47405426.02401726,Cancelled
PO0930,SUPPLIER0930,PROD0930,2025-07-19,785.9020273206238,1822.9167417407093,1432633.9629707295,Pending
PO0931,SUPPLIER0931,PROD0931,2026-03-30,1958.2414744398243,10653.170347282698,20861480.008321486,Cancelled
PO0932,SUPPLIER0932,PROD0932,2025-01-09,1993.7803375220801,3246.2967155072856,6472402.561140936,Cancelled
PO0933,SUPPLIER0933,PROD0933,2025-05-16,661.3028118254214,14315.87425742064,9467127.900171436,Cancelled
PO0934,SUPPLIER0934,PROD0934,2026-03-30,1627.0318811244172,11253.055355512375,18309079.823476497,Cancelled
PO0935,SUPPLIER0935,PROD0935,2025-07-20,320.66548014143393,12381.322207218509,3970262.6303635216,Cancelled
PO0936,SUPPLIER0936,PROD0936,2025-09-23,491.3141805163174,21062.967383858246,10348534.559442235,Pending
PO0937,SUPPLIER0937,PROD0937,2025-12-26,2246.0696275838786,13992.90516801615,31429039.299542565,Cancelled
PO0938,SUPPLIER0938,PROD0938,2025-04-06,212.42986756057815,15012.832236845175,3189173.9637821987,Cancelled
PO0939,SUPPLIER0939,PROD0939,2026-01-13,1857.6933540144178,2649.1779464804686,4921360.264778329,Cancelled
PO0940,SUPPLIER0940,PROD0940,2025-02-23,1564.2316170195145,869.6561694894649,1360343.6762515027,Cancelled
PO0941,SUPPLIER0941,PROD0941,2025-01-26,1798.0541320023362,16596.288430528104,29841024.988413624,Pending
PO0942,SUPPLIER0942,PROD0942,2025-01-25,1118.6381898939624,22932.173200215104,25652804.71902346,Cancelled
PO0943,SUPPLIER0943,PROD0943,2026-03-15,1574.1158247775545,15325.585747072108,24124247.048451543,Pending
PO0944,SUPPLIER0944,PROD0944,2026-08-06,2300.4157828788207,13996.168828925496,32197007.673896793,Cancelled
PO0945,SUPPLIER0945,PROD0945,2026-01-13,1439.6479081056207,16953.533764882974,24407119.41961178,Pending
PO0946,SUPPLIER0946,PROD0946,2026-02-19,1240.9487020733393,5654.506339307758,7016952.302629432,Pending
PO0947,SUPPLIER0947,PROD0947,2025-12-18,1928.1269145959063,13943.713350387905,26885249.00029318,Pending
PO0948,SUPPLIER0948,PROD0948,2025-01-13,2422.516966372241,12011.730574760933,29098621.11285055,Cancelled
PO0949,SUPPLIER0949,PROD0949,2025-12-18,462.19334646762496,20832.640297759193,9628707.73497762,Cancelled
PO0950,SUPPLIER0950,PROD0950,2025-06-09,2326.5919989135223,10357.187406125684,24096949.350339916,Cancelled
PO0951,SUPPLIER0951,PROD0951,2025-01-13,1323.3366486456914,16805.674812237703,22239565.38425595,Cancelled
PO0952,SUPPLIER0952,PROD0952,2026-03-17,154.72972576594023,15207.106035703864,2352991.3465980333,Pending
PO0953,SUPPLIER0953,PROD0953,2025-03-09,687.5090339638639,8081.882429926141,5556367.182008047,Cancelled
PO0954,SUPPLIER0954,PROD0954,2025-10-23,139.17400895648566,3448.977986841979,480008.09323146753,Pending
PO0955,SUPPLIER0955,PROD0955,2025-03-16,1958.3477945061356,11610.133388975426,22736679.116222072,Pending
PO0956,SUPPLIER0956,PROD0956,2025-05-25,235.25110387816287,23118.248253134145,5438593.421279218,Pending
PO0957,SUPPLIER0957,PROD0957,2025-02-27,1371.078243440401,23631.187086735124,32400206.481292278,Cancelled
PO0958,SUPPLIER0958,PROD0958,2026-03-17,2093.6057292482096,21419.92835975967,44844884.73407905,Pending
PO0959,SUPPLIER0959,PROD0959,2025-06-26,1505.468081769375,11018.698870814742,16588299.452639848,Cancelled
PO0960,SUPPLIER0960,PROD0960,2025-05-26,2446.827650453742,8503.317350356407,20806152.013435107,Cancelled
PO0961,SUPPLIER0961,PROD0961,2026-05-23,36.721478624660115,10865.294386758029,398989.6755739745,Cancelled
PO0962,SUPPLIER0962,PROD0962,2025-09-03,1149.1980807827297,3181.330340985765,3655978.722196708,Cancelled
PO0963,SUPPLIER0963,PROD0963,2025-03-02,1742.240723460745,7860.170129083167,13694308.492218394,Pending
PO0964,SUPPLIER0964,PROD0964,2026-06-11,27.698926819801624,12398.467353481314,343424.2399017784,Cancelled
PO0965,SUPPLIER0965,PROD0965,2025-03-02,1682.1121868177277,6505.527958025989,10943027.859878963,Cancelled
PO0966,SUPPLIER0966,PROD0966,2026-02-10,599.8236679556295,24026.760276143057,14411819.477926742,Pending
PO0967,SUPPLIER0967,PROD0967,2025-09-03,2009.255421419085,4052.5728175041936,8142653.904265917,Cancelled
PO0968,SUPPLIER0968,PROD0968,2026-03-15,2042.339667570805,10203.195527963086,20838390.962740052,Cancelled
PO0969,SUPPLIER0969,PROD0969,2025-12-26,338.4787027380281,5486.855477053466,1857183.7239841016,Pending
PO0970,SUPPLIER0970,PROD0970,2025-01-28,1593.7617669343244,1012.190112130818,1613189.9015830643,Cancelled
PO0971,SUPPLIER0971,PROD0971,2025-03-02,1735.6860381020558,19347.247166635974,33580746.78283962,Pending
PO0972,SUPPLIER0972,PROD0972,2026-01-29,2356.153915978909,8222.573845446055,19373649.56537348,Cancelled
PO0973,SUPPLIER0973,PROD0973,2025-06-09,361.2641955843393,23103.19798387573,8346358.235070595,Pending
PO0974,SUPPLIER0974,PROD0974,2025-07-19,2296.8797529614517,6176.613004085249,14186937.350961816,Pending
PO0975,SUPPLIER0975,PROD0975,2025-01-26,2377.678512396544,3833.4113545259543,9114619.806833293,Pending
PO0976,SUPPLIER0976,PROD0976,2025-07-19,739.2139247738177,3254.2752104445703,2405605.5506068724,Pending
PO0977,SUPPLIER0977,PROD0977,2026-05-23,1555.3988770076198,15171.537857136436,23597792.945468605,Pending
PO0978,SUPPLIER0978,PROD0978,2025-03-02,519.2833098883682,13924.58830279668,7230806.302709115,Pending
PO0979,SUPPLIER0979,PROD0979,2025-03-01,1475.1000655095606,13682.488542749084,20183039.745742988,Pending
PO0980,SUPPLIER0980,PROD0980,2025-03-07,922.6180810518212,26110.62343649467,24090133.290045418,Cancelled
PO0981,SUPPLIER0981,PROD0981,2026-05-17,2132.495117507789,2339.598614526374,4989182.622405481,Pending
PO0982,SUPPLIER0982,PROD0982,2025-01-28,1553.766208154327,12323.431428712183,19147731.322439987,Cancelled
PO0983,SUPPLIER0983,PROD0983,2025-09-07,504.3174441642024,23671.094042823945,11937745.648247449,Pending
PO0984,SUPPLIER0984,PROD0984,2026-01-13,2135.4036403582472,17111.641011604926,36540260.50868464,Pending
PO0985,SUPPLIER0985,PROD0985,2025-01-24,2180.755697402922,7825.379045319467,17065239.93741787,Pending
PO0986,SUPPLIER0986,PROD0986,2026-01-13,317.28937909896825,2195.6001822310095,696640.6185696586,Cancelled
PO0987,SUPPLIER0987,PROD0987,2025-03-16,1157.320712988734,19681.597738691973,22777920.72770045,Cancelled
PO0988,SUPPLIER0988,PROD0988,2025-03-16,1565.5405498382972,6065.152115956539,9495241.578467513,Cancelled
PO0989,SUPPLIER0989,PROD0989,2025-05-07,1690.6692123939788,17298.067121738117,29245309.51664716,Cancelled
PO0990,SUPPLIER0990,PROD0990,2026-06-17,602.4974406821013,20728.184201936398,12488677.931653844,Cancelled
PO0991,SUPPLIER0991,PROD0991,2026-04-07,631.3943734387552,3027.325550779393,1911436.3193294893,Pending
PO0992,SUPPLIER0992,PROD0992,2026-06-08,124.95097113109694,8787.067166363335,1097952.5758312747,Cancelled
PO0993,SUPPLIER0993,PROD0993,2026-04-16,1982.8066385002196,11637.47475512962,23074862.19984973,Pending
PO0994,SUPPLIER0994,PROD0994,2026-05-19,1077.175759744823,13376.440190733632,14408777.125134684,Pending
PO0995,SUPPLIER0995,PROD0995,2026-02-10,250.41711647044937,16027.468867268728,4013552.5380613343,Pending
PO0996,SUPPLIER0996,PROD0996,2026-02-10,220.06168120894174,17654.708286697125,3885124.7868240047,Pending
PO0997,SUPPLIER0997,PROD0997,2026-05-19,933.3104239144477,14655.322986581668,13677965.709209686,Pending
PO0998,SUPPLIER0998,PROD0998,2025-03-01,1710.7452525721399,7785.932476084515,13319747.02030883,Pending
PO0999,SUPPLIER0999,PROD0999,2025-01-09,591.4709807347697,6534.296998222053,3864847.0539506595,Cancelled
PO1000,SUPPLIER1000,PROD1000,2025-10-23,513.7057347251518,23924.74217371128,12290277.25645618,Cancelled
PO1001,SUPPLIER1001,PROD1001,2025-01-25,605.3659427241193,4027.2106219549696,2437936.154708357,Cancelled
PO1002,SUPPLIER1002,PROD1002,2025-03-01,2183.9199516225663,26364.044979831415,57576963.83692858,Pending
PO1003,SUPPLIER1003,PROD1003,2025-12-18,31.699492745386323,2981.8858506640536,94524.2688906953,Pending
PO1004,SUPPLIER1004,PROD1004,2025-01-13,2158.3125407884168,11831.07759086033,25535163.13539466,Cancelled
PO1005,SUPPLIER1005,PROD1005,2025-09-23,2417.805496118209,10406.954538222588,25161991.88036691,Cancelled
PO1006,SUPPLIER1006,PROD1006,2025-07-19,1756.749086105726,5244.33514360459,9212980.970759504,Pending
PO1007,SUPPLIER1007,PROD1007,2025-07-19,75.1395467431962,18476.989306313448,1388352.6016552758,Pending
PO1008,SUPPLIER1008,PROD1008,2025-03-16,2103.409380786065,20456.024761244782,43027394.3763943,Cancelled
PO1009,SUPPLIER1009,PROD1009,2025-01-10,2487.5085388990865,21774.105635592605,54163273.69542733,Cancelled
PO1010,SUPPLIER1010,PROD1010,2026-04-19,2416.4538369684255,18431.013461809904,44537693.19900724,Pending
PO1011,SUPPLIER1011,PROD1011,2025-10-23,1793.5546495129502,2144.947757750014,3847081.0238749143,Pending
PO1012,SUPPLIER1012,PROD1012,2026-02-10,1496.2701530679706,25320.44546433649,37886226.81067196,Pending
PO1013,SUPPLIER1013,PROD1013,2026-04-14,499.4965583864609,16053.999399196846,8018917.448237135,Pending
PO1014,SUPPLIER1014,PROD1014,2026-05-19,760.2208696067732,12330.592262089658,9373973.57225235,Cancelled
PO1015,SUPPLIER1015,PROD1015,2026-06-11,2014.9898291127568,3032.6494055791677,6110757.707506871,Pending
PO1016,SUPPLIER1016,PROD1016,2025-01-20,132.22215130258846,22848.06107127338,3021019.7879366903,Cancelled
PO1017,SUPPLIER1017,PROD1017,2026-06-08,2211.1964208722584,6423.13607086158,14202815.490664627,Cancelled
PO1018,SUPPLIER1018,PROD1018,2026-02-10,2018.3761200846316,14817.065502310834,29906411.179593984,Pending
PO1019,SUPPLIER1019,PROD1019,2025-07-19,1322.9258598342833,3239.2385393434506,4285272.429869282,Pending
PO1020,SUPPLIER1020,PROD1020,2025-11-27,1308.4194720473563,21339.988132575887,27921656.005921792,Cancelled
PO1021,SUPPLIER1021,PROD1021,2025-11-23,1667.5103497751752,2802.6710199924687,4673482.932852388,Cancelled
PO1022,SUPPLIER1022,PROD1022,2026-06-11,603.2308306739437,25740.27460640283,15527327.232595798,Pending
PO1023,SUPPLIER1023,PROD1023,2026-03-15,1180.2670821605996,21957.481524783758,25915692.650851797,Cancelled
PO1024,SUPPLIER1024,PROD1024,2025-06-09,2372.795745578786,8162.128494656453,19367063.76698821,Pending
PO1025,SUPPLIER1025,PROD1025,2026-01-13,1002.9019386956459,15423.292110319604,15468049.558508791,Cancelled
PO1026,SUPPLIER1026,PROD1026,2026-03-15,1674.6575945217455,15583.132164237035,26096410.625275634,Pending
PO1027,SUPPLIER1027,PROD1027,2026-05-19,565.9060616997868,20243.986371586558,11456194.600648707,Cancelled
PO1028,SUPPLIER1028,PROD1028,2026-08-18,1088.6287172345876,12251.76127389666,13337619.159466518,Pending
PO1029,SUPPLIER1029,PROD1029,2025-06-09,1790.8049466294658,5902.771262546542,10570711.975790605,Cancelled
PO1030,SUPPLIER1030,PROD1030,2025-05-16,292.1740407772156,1748.5814324321036,510890.10274169955,Cancelled
PO1031,SUPPLIER1031,PROD1031,2026-04-07,366.3450058545464,6946.320288532944,2544749.7467701556,Pending
PO1032,SUPPLIER1032,PROD1032,2026-01-29,1787.2018230724264,6713.4773433347655,11998338.947163323,Pending
PO1033,SUPPLIER1033,PROD1033,2025-01-12,1753.8428740752045,10483.179823155462,18385850.23049017,Cancelled
PO1034,SUPPLIER1034,PROD1034,2025-01-28,2022.7661657959275,18457.023389858434,37334242.4343097,Cancelled
PO1035,SUPPLIER1035,PROD1035,2025-01-12,215.23546089301826,10216.330242557271,2198916.548392095,Cancelled
PO1036,SUPPLIER1036,PROD1036,2026-04-14,2176.105460270119,18949.47254027324,41236050.664127275,Pending
PO1037,SUPPLIER1037,PROD1037,2025-08-31,85.80208796735356,22804.868697897087,1956705.3501009136,Pending
PO1038,SUPPLIER1038,PROD1038,2026-08-18,1430.9483281179594,16833.265686906263,24087533.39144393,Cancelled
PO1039,SUPPLIER1039,PROD1039,2026-08-18,1856.0330732792158,18144.2867755218,33676396.34643116,Cancelled
PO1040,SUPPLIER1040,PROD1040,2025-02-27,2202.3260117729883,20071.072855594255,44203045.83406598,Cancelled
PO1041,SUPPLIER1041,PROD1041,2025-05-16,2068.050980893457,9861.732506697943,20394565.58378557,Pending
PO1042,SUPPLIER1042,PROD1042,2026-02-10,489.5060789811798,13840.92770717498,6775218.251401196,Pending
PO1043,SUPPLIER1043,PROD1043,2025-01-12,1170.476881684682,9010.512702341055,10546596.810216375,Pending
PO1044,SUPPLIER1044,PROD1044,2026-03-15,814.9518524611395,15543.748079792862,12667406.291816473,Pending
PO1045,SUPPLIER1045,PROD1045,2025-10-23,2482.716234529636,9027.657000815621,22413110.595690068,Pending
PO1046,SUPPLIER1046,PROD1046,2025-01-02,634.7138772971929,3084.7535551427695,1957935.8894909674,Cancelled
PO1047,SUPPLIER1047,PROD1047,2025-12-26,1122.9270439739557,6535.346700320432,7338717.551535768,Pending
PO1048,SUPPLIER1048,PROD1048,2025-01-28,1694.378455175041,21607.844898663487,36611866.85905933,Cancelled
PO1049,SUPPLIER1049,PROD1049,2026-06-08,686.1398196816571,17636.594638706454,12101169.865200525,Cancelled
PO1050,SUPPLIER1050,PROD1050,2025-05-16,2039.7990578339793,17078.07968693541,34835850.855024464,Pending
PO1051,SUPPLIER1051,PROD1051,2026-02-02,1559.2753701278907,13411.410800894775,20912082.54050239,Pending
PO1052,SUPPLIER1052,PROD1052,2025-03-02,2354.1633007475625,1188.721062891779,2798443.501085461,Pending
PO1053,SUPPLIER1053,PROD1053,2025-03-08,1414.4102259895405,4748.942964949456,6716953.492265599,Cancelled
PO1054,SUPPLIER1054,PROD1054,2025-03-08,1202.1050404592802,13828.459503703572,16623260.8711891,Cancelled
PO1055,SUPPLIER1055,PROD1055,2025-03-14,1189.3474292439512,11470.339396212366,13642218.673440794,Cancelled
PO1056,SUPPLIER1056,PROD1056,2026-03-30,1044.9296840260608,8999.077890476956,9403403.616621995,Cancelled
PO1057,SUPPLIER1057,PROD1057,2025-10-23,582.5005703917857,12677.601363185964,7384710.025255504,Pending
PO1058,SUPPLIER1058,PROD1058,2026-08-06,667.4586226064326,10892.889511859436,7270553.029789755,Cancelled
PO1059,SUPPLIER1059,PROD1059,2025-03-16,769.4687757392821,18938.678422741985,14572721.700067233,Cancelled
PO1060,SUPPLIER1060,PROD1060,2025-05-25,1414.0438286637514,10442.538060276778,14766206.499720719,Pending
PO1061,SUPPLIER1061,PROD1061,2026-06-16,940.3827698058805,21935.130342791836,20627418.6278076,Pending
PO1062,SUPPLIER1062,PROD1062,2025-04-06,636.4697691067717,18509.114214415833,11780491.65042011,Cancelled
PO1063,SUPPLIER1063,PROD1063,2025-10-23,525.5791835542585,19299.321648431414,10143321.71513361,Cancelled
PO1064,SUPPLIER1064,PROD1064,2026-03-15,1969.3608661409723,6598.560825209413,12994947.4620183,Pending
PO1065,SUPPLIER1065,PROD1065,2025-01-28,630.4690985427193,13306.831121084395,8389545.821370281,Cancelled
PO1066,SUPPLIER1066,PROD1066,2026-05-23,1500.7187918693858,4989.775303425337,7488249.56505617,Cancelled
PO1067,SUPPLIER1067,PROD1067,2026-08-22,2363.159971737907,8043.342243498111,19007704.42882331,Cancelled
PO1068,SUPPLIER1068,PROD1068,2026-01-29,850.8138994842158,11412.312838261403,9709754.388054963,Cancelled
PO1069,SUPPLIER1069,PROD1069,2025-03-14,1128.2722690794292,6338.735623650803,7151819.625191102,Pending
PO1070,SUPPLIER1070,PROD1070,2026-05-17,497.6902859747654,6754.933589496979,3361864.8298973,Cancelled
PO1071,SUPPLIER1071,PROD1071,2025-02-23,197.1306256992097,15973.350992628402,3148836.675689929,Pending
PO1072,SUPPLIER1072,PROD1072,2025-07-31,84.88981697850787,6977.710474501012,592336.5651094082,Pending
PO1073,SUPPLIER1073,PROD1073,2025-07-19,1114.107893229591,5254.949261157222,5854580.4503762685,Cancelled
PO1074,SUPPLIER1074,PROD1074,2025-03-02,1242.6017422830998,10116.070087170667,12570246.31537622,Cancelled
PO1075,SUPPLIER1075,PROD1075,2025-04-06,954.7227507231285,10775.262196821546,10287387.964312406,Cancelled
PO1076,SUPPLIER1076,PROD1076,2025-09-23,2384.712692900047,8201.173619477378,19557442.827044725,Pending
PO1077,SUPPLIER1077,PROD1077,2025-03-14,781.5373806295249,20004.624083091905,15634361.50637796,Cancelled
PO1078,SUPPLIER1078,PROD1078,2025-01-10,1932.1318058366028,11228.650681353369,21695233.118071686,Cancelled
PO1079,SUPPLIER1079,PROD1079,2025-03-14,1403.8852574117577,10150.850327213837,14250629.124568822,Pending
PO1080,SUPPLIER1080,PROD1080,2026-01-13,277.72564914500686,21122.026182656668,5866128.4328361545,Cancelled
PO1081,SUPPLIER1081,PROD1081,2026-04-14,330.5627762470044,4006.647694898111,1324448.5854691803,Pending
PO1082,SUPPLIER1082,PROD1082,2025-09-23,735.7316746689413,19788.75659479986,14559215.029108157,Cancelled
PO1083,SUPPLIER1083,PROD1083,2025-09-06,1193.9649318687527,10115.57021240102,12077636.09946297,Cancelled
PO1084,SUPPLIER1084,PROD1084,2025-01-01,623.4871474865611,12467.333549252353,7773222.231386852,Cancelled
PO1085,SUPPLIER1085,PROD1085,2026-01-13,1929.2368987425561,3427.000254713725,6611495.343393857,Pending
PO1086,SUPPLIER1086,PROD1086,2026-03-16,1597.2926046570376,10860.126504974005,17346799.752034858,Pending
PO1087,SUPPLIER1087,PROD1087,2025-05-16,1177.4457618650938,20642.09721134159,24304949.877501424,Cancelled
PO1088,SUPPLIER1088,PROD1088,2026-03-15,710.6220592602516,6031.240075040578,4285932.24201829,Pending
PO1089,SUPPLIER1089,PROD1089,2025-06-27,1391.1722999126457,19567.383693101714,27221602.17560551,Pending
PO1090,SUPPLIER1090,PROD1090,2025-06-09,2414.4734521009727,11438.303877956887,27617481.050390508,Pending
PO1091,SUPPLIER1091,PROD1091,2025-12-26,1737.047423248655,11886.747738820413,20647844.530524775,Cancelled
PO1092,SUPPLIER1092,PROD1092,2025-12-26,1192.6873763339208,9419.017619041384,11233943.411697442,Cancelled
PO1093,SUPPLIER1093,PROD1093,2026-06-11,162.18003241573075,24382.568271441738,3954365.7126411893,Cancelled
PO1094,SUPPLIER1094,PROD1094,2026-05-19,2366.646282226942,3320.784083793754,7859121.305988888,Pending
PO1095,SUPPLIER1095,PROD1095,2025-01-09,2236.323961536614,23327.259812111664,52167310.074815415,Pending
PO1096,SUPPLIER1096,PROD1096,2025-01-10,1079.9524067501459,8572.575954331878,9257974.033929141,Cancelled
PO1097,SUPPLIER1097,PROD1097,2026-02-02,2010.7167696050776,7933.1299111230255,15951277.347750707,Cancelled
PO1098,SUPPLIER1098,PROD1098,2026-06-16,605.7888595468497,1729.8770872839718,1047940.2678619835,Pending
PO1099,SUPPLIER1099,PROD1099,2025-01-24,1746.7630596143815,14536.271573931941,25391422.20986692,Pending
PO1100,SUPPLIER1100,PROD1100,2025-01-20,983.9016267843872,10565.854188711752,10395761.124640124,Cancelled
PO1101,SUPPLIER1101,PROD1101,2026-04-14,1695.7686189760411,13744.473919842892,23307447.557604197,Pending
PO1102,SUPPLIER1102,PROD1102,2026-05-17,1866.7972618385174,15293.06681198262,28549055.24972266,Cancelled
PO1103,SUPPLIER1103,PROD1103,2025-03-12,165.59753506293566,4890.273293608096,809817.2032056045,Pending
PO1104,SUPPLIER1104,PROD1104,2025-03-09,396.5518014776067,18810.577417261647,7459368.361649093,Cancelled
PO1105,SUPPLIER1105,PROD1105,2025-04-06,2289.933140199426,12291.704035490813,28147180.420393433,Pending
PO1106,SUPPLIER1106,PROD1106,2026-03-15,761.84865870403,20718.41560480527,15784297.138993537,Cancelled
PO1107,SUPPLIER1107,PROD1107,2026-05-17,2021.1284522882881,6992.777641882275,14133301.852533668,Cancelled
PO1108,SUPPLIER1108,PROD1108,2025-09-06,1512.4042494498935,5687.455444327782,8601731.78255827,Cancelled
PO1109,SUPPLIER1109,PROD1109,2026-05-17,477.7973840327949,9965.587077626002,4761531.436040729,Pending
PO1110,SUPPLIER1110,PROD1110,2025-07-19,141.7533228099961,12701.66337296847,1800502.9883323035,Pending
PO1111,SUPPLIER1111,PROD1111,2025-01-05,238.3846144482563,5523.490833784037,1316715.2328200852,Pending
PO1112,SUPPLIER1112,PROD1112,2026-04-19,2235.5731666816855,11057.66961025352,24720229.466714304,Pending
PO1113,SUPPLIER1113,PROD1113,2026-02-10,1311.4520300724334,18789.387261208547,24641380.067529067,Pending
PO1114,SUPPLIER1114,PROD1114,2025-01-05,1694.9140857490172,2273.366415421052,3853160.7595658926,Pending
PO1115,SUPPLIER1115,PROD1115,2026-04-09,1806.7695122123876,20170.08996012394,36442703.59853311,Pending
PO1116,SUPPLIER1116,PROD1116,2026-05-23,1737.7451370362262,1932.2939321683016,3357834.3839500737,Pending
PO1117,SUPPLIER1117,PROD1117,2025-08-31,1240.1337396047702,23795.21866701464,29509253.5102381,Pending
PO1118,SUPPLIER1118,PROD1118,2025-03-07,1415.3156063450358,14068.195859846299,19910937.153559085,Cancelled
PO1119,SUPPLIER1119,PROD1119,2025-01-28,402.56017184575876,20151.617138874826,8112238.458395387,Cancelled
PO1120,SUPPLIER1120,PROD1120,2026-02-21,928.3182038518702,3652.2427026004466,3390443.3857091465,Cancelled
PO1121,SUPPLIER1121,PROD1121,2025-05-25,2152.651500104692,7746.3073436137975,16675100.123502232,Pending
PO1122,SUPPLIER1122,PROD1122,2026-03-16,1486.4968662303932,15646.21028273736,23258042.55367084,Pending
PO1123,SUPPLIER1123,PROD1123,2026-05-19,1795.347379876918,22930.975780547436,41169067.2856269,Cancelled
PO1124,SUPPLIER1124,PROD1124,2025-06-09,653.3960228649231,22956.07174926004,14999405.981568329,Pending
PO1125,SUPPLIER1125,PROD1125,2026-03-15,217.50355966430976,15144.319196385617,3293943.3339064107,Pending
PO1126,SUPPLIER1126,PROD1126,2025-03-02,1292.943593589798,7567.611472732929,9784494.772446696,Pending
PO1127,SUPPLIER1127,PROD1127,2025-12-26,2269.858482414516,26229.802838872856,59537940.4658759,Cancelled
PO1128,SUPPLIER1128,PROD1128,2026-06-08,810.6768357237053,27622.64,22393034.38953505,Cancelled
PO1129,SUPPLIER1129,PROD1129,2025-07-20,1928.6146646935003,4766.618575879309,9192970.486441284,Cancelled
PO1130,SUPPLIER1130,PROD1130,2025-10-23,1637.2309776635723,8951.452145081155,14655594.7469999,Pending
PO1131,SUPPLIER1131,PROD1131,2026-05-19,844.2433895469118,12063.725435248452,10184720.452017447,Pending
PO1132,SUPPLIER1132,PROD1132,2026-04-14,1789.0622294777281,4013.175993301899,7179821.589863191,Cancelled
PO1133,SUPPLIER1133,PROD1133,2026-03-16,687.0441180880706,20438.64369953502,14042249.93546334,Cancelled
PO1134,SUPPLIER1134,PROD1134,2026-03-30,100.83646417233162,18240.434175462287,1839300.8872217762,Cancelled
PO1135,SUPPLIER1135,PROD1135,2025-01-13,2269.732379442894,2077.4893487225477,4715344.842743296,Cancelled
PO1136,SUPPLIER1136,PROD1136,2025-04-04,1716.8924241598327,25891.44268004747,44452821.78794205,Cancelled
PO1137,SUPPLIER1137,PROD1137,2026-02-23,2212.5229739488977,18304.33319183563,40498757.70975169,Pending
PO1138,SUPPLIER1138,PROD1138,2026-04-16,604.998834955735,10512.308164674956,6359934.192324009,Cancelled
PO1139,SUPPLIER1139,PROD1139,2025-01-24,1453.3360589838376,8523.04482340477,12386848.374189688,Pending
PO1140,SUPPLIER1140,PROD1140,2025-05-16,2210.023696988583,1929.1523481093864,4263472.404422912,Cancelled
PO1141,SUPPLIER1141,PROD1141,2025-01-10,229.5063709419124,4979.58894151813,1142847.3867503048,Cancelled
PO1142,SUPPLIER1142,PROD1142,2025-03-02,1023.2889920733451,2032.4472549360578,2079780.9029457555,Pending
PO1143,SUPPLIER1143,PROD1143,2025-12-18,1462.512528667403,22142.073521130344,32383059.935327888,Pending
PO1144,SUPPLIER1144,PROD1144,2026-06-11,2032.793812981297,17994.667766579827,36579449.302557446,Cancelled
PO1145,SUPPLIER1145,PROD1145,2025-09-06,1934.551471626247,10970.766059013742,21223511.624332316,Pending
PO1146,SUPPLIER1146,PROD1146,2025-08-15,1530.520160123415,5563.250497004392,8514667.04148183,Cancelled
PO1147,SUPPLIER1147,PROD1147,2025-05-25,2473.4208849286388,11516.742216466715,28485750.724548116,Cancelled
PO1148,SUPPLIER1148,PROD1148,2025-03-14,55.50167737478013,6161.269144611935,341960.7722834392,Cancelled
PO1149,SUPPLIER1149,PROD1149,2025-11-22,2058.1452860904137,3954.5989104378527,8139139.105895953,Cancelled
PO1150,SUPPLIER1150,PROD1150,2026-03-16,841.448623692795,1329.507342641438,1118712.1236551031,Cancelled
PO1151,SUPPLIER1151,PROD1151,2026-01-13,85.76943678643433,21139.450680907954,1813118.7788760809,Pending
PO1152,SUPPLIER1152,PROD1152,2025-03-16,2417.539086626318,13428.89717126862,32464883.801827483,Cancelled
PO1153,SUPPLIER1153,PROD1153,2025-01-28,1221.52773589423,18851.731932333638,23027913.424988467,Cancelled
PO1154,SUPPLIER1154,PROD1154,2026-04-07,2056.9722208260246,21727.686157638593,44693246.84908873,Pending
PO1155,SUPPLIER1155,PROD1155,2025-01-12,157.31638487967552,5665.203990951674,891229.4114624275,Cancelled
PO1156,SUPPLIER1156,PROD1156,2026-04-07,2173.2104798924115,4699.254819222654,10212469.820819592,Pending
PO1157,SUPPLIER1157,PROD1157,2026-02-10,37.48420655936344,14381.403205504696,539075.4883686296,Pending
PO1158,SUPPLIER1158,PROD1158,2025-12-18,62.79952500346925,8657.621892832443,543694.5425295138,Cancelled
PO1159,SUPPLIER1159,PROD1159,2025-02-20,212.38226760919773,7648.919739756564,1624494.9190902535,Cancelled
PO1160,SUPPLIER1160,PROD1160,2026-05-19,1803.7882985732103,8256.1099904244,14892274.592460914,Pending
PO1161,SUPPLIER1161,PROD1161,2026-05-17,2287.2522609709627,10469.89297416458,23947286.377281934,Pending
PO1162,SUPPLIER1162,PROD1162,2025-03-02,1497.0215946749236,13011.815382316725,19478968.613251485,Pending
PO1163,SUPPLIER1163,PROD1163,2025-06-09,623.6451414707155,23433.698221431332,14614312.042486599,Pending
PO1164,SUPPLIER1164,PROD1164,2025-07-31,2472.701230788308,6361.253240896116,15729478.718119938,Pending
PO1165,SUPPLIER1165,PROD1165,2025-09-06,2247.7279281320584,22008.498985500526,49469117.825975604,Pending
PO1166,SUPPLIER1166,PROD1166,2025-12-26,33.29502435755126,11120.165058291057,370246.1664757912,Pending
PO1167,SUPPLIER1167,PROD1167,2026-03-16,399.31894798114945,1969.6880237350294,786533.7494889413,Pending
PO1168,SUPPLIER1168,PROD1168,2026-04-19,1699.2843240630173,12650.608938671065,21496981.459335223,Pending
PO1169,SUPPLIER1169,PROD1169,2025-01-25,586.4847433399694,20830.81100125226,12216952.843632843,Cancelled
PO1170,SUPPLIER1170,PROD1170,2025-03-14,2269.7811909474235,10019.6457110925,22742403.37499478,Cancelled
PO1171,SUPPLIER1171,PROD1171,2026-05-17,689.0555395291394,23639.95866588738,16289244.472969584,Pending
PO1172,SUPPLIER1172,PROD1172,2026-06-11,1840.2832117521743,8699.356751203553,16009280.182282837,Pending
PO1173,SUPPLIER1173,PROD1173,2025-05-16,1158.0093148331132,26206.562576116143,30347443.57289936,Pending
PO1174,SUPPLIER1174,PROD1174,2026-01-13,261.320496949261,6718.639177362063,1755718.1286510283,Pending
PO1175,SUPPLIER1175,PROD1175,2026-04-09,1817.6232423400033,20640.580190789515,37516798.290161684,Pending
PO1176,SUPPLIER1176,PROD1176,2025-08-15,844.3477609674769,21731.25144105818,18348733.49727873,Cancelled
PO1177,SUPPLIER1177,PROD1177,2026-03-30,1566.820879369953,22674.991837670677,35527650.650805674,Cancelled
PO1178,SUPPLIER1178,PROD1178,2025-09-06,136.85191063566558,8025.218597369694,1098266.4983189187,Cancelled
PO1179,SUPPLIER1179,PROD1179,2025-01-25,197.03235084979005,2630.8529004536385,518363.13171636907,Cancelled
PO1180,SUPPLIER1180,PROD1180,2025-03-06,789.2548646048036,4746.215783448454,3745973.8955507916,Pending
PO1181,SUPPLIER1181,PROD1181,2026-02-10,1020.7014126585974,2127.2044905694765,2171240.6285379766,Pending
PO1182,SUPPLIER1182,PROD1182,2026-03-16,2302.39277973614,7445.881350594031,17143343.460379675,Cancelled
PO1183,SUPPLIER1183,PROD1183,2026-04-19,1797.9113137230652,8275.892414688804,14879320.603523897,Pending
PO1184,SUPPLIER1184,PROD1184,2025-11-22,1196.5455778772282,23925.908660428355,28628440.204330023,Cancelled
PO1185,SUPPLIER1185,PROD1185,2025-03-10,15.234030402114556,20386.919941990785,310574.95820176316,Cancelled
PO1186,SUPPLIER1186,PROD1186,2025-04-06,482.94131193043944,12625.873166742374,6097555.751413894,Pending
PO1187,SUPPLIER1187,PROD1187,2025-01-12,572.3039829474225,7728.419047220088,4423005.00261078,Cancelled
PO1188,SUPPLIER1188,PROD1188,2026-08-06,2300.604909240556,8916.791807334319,20514015.006629303,Pending
PO1189,SUPPLIER1189,PROD1189,2026-03-15,622.3000298190467,17835.994070123357,11099339.641690105,Cancelled
PO1190,SUPPLIER1190,PROD1190,2025-01-12,1408.3793606297813,24606.44454477335,34655208.63534006,Cancelled
PO1191,SUPPLIER1191,PROD1191,2025-11-08,1665.2081347923674,20585.694145523485,34279465.35147332,Cancelled
PO1192,SUPPLIER1192,PROD1192,2026-04-14,2335.8475913379057,860.2259208320083,2009356.6451818787,Pending
PO1193,SUPPLIER1193,PROD1193,2026-02-02,1545.677469424019,13559.944448073136,20959300.62002796,Pending
PO1194,SUPPLIER1194,PROD1194,2025-12-18,509.2682468156116,2956.4633853778796,1505632.9250459406,Pending
PO1195,SUPPLIER1195,PROD1195,2025-03-02,2197.245751571796,5193.90205801476,11412279.231052939,Pending
PO1196,SUPPLIER1196,PROD1196,2025-01-28,125.3101476937814,12576.191028670724,1575924.3552279372,Cancelled
PO1197,SUPPLIER1197,PROD1197,2025-01-01,2061.532306237359,19451.875876237966,40100670.5357837,Cancelled
PO1198,SUPPLIER1198,PROD1198,2025-01-25,641.328894855238,16550.153366889062,10614091.568471659,Cancelled
PO1199,SUPPLIER1199,PROD1199,2025-09-07,593.9241425136585,17414.509821852673,10342897.813239532,Pending
PO1200,SUPPLIER1200,PROD1200,2026-05-17,2234.1252829365726,11575.976820948048,25862182.490367763,Cancelled
PO1201,SUPPLIER1201,PROD1201,2026-01-13,2111.7700147057767,6307.855784936327,13320740.703716906,Pending
PO1202,SUPPLIER1202,PROD1202,2026-03-17,678.7167114373766,3343.0164102241015,2268961.1042284863,Pending
PO1203,SUPPLIER1203,PROD1203,2025-08-31,1097.5910969292584,18566.637481949703,20378576.00010106,Pending
PO1204,SUPPLIER1204,PROD1204,2026-04-16,632.9121503901839,16253.557911854987,10287074.289483527,Cancelled
PO1205,SUPPLIER1205,PROD1205,2025-01-05,1379.289593962235,18298.00770000909,25238251.610863384,Pending
PO1206,SUPPLIER1206,PROD1206,2025-12-18,1767.8558994866844,20394.36282229222,36054294.63166121,Cancelled
PO1207,SUPPLIER1207,PROD1207,2026-04-07,110.2948640833133,9151.692142972639,1009384.6410414934,Pending
PO1208,SUPPLIER1208,PROD1208,2026-04-14,498.39732076320996,24088.13288278701,12005460.890969222,Pending
PO1209,SUPPLIER1209,PROD1209,2026-04-07,1092.3699157819797,3156.0889380538283,3447616.607462298,Pending
PO1210,SUPPLIER1210,PROD1210,2026-04-07,35.441893078218854,5452.080512281597,193232.05457012504,Pending
PO1211,SUPPLIER1211,PROD1211,2026-04-16,1162.6329374345437,20471.08092181568,23800352.94459081,Pending
PO1212,SUPPLIER1212,PROD1212,2026-06-17,2380.314680739343,17552.71696021633,41780989.86726539,Cancelled
PO1213,SUPPLIER1213,PROD1213,2025-12-18,2044.3281558269907,3362.5090009069067,6874071.824775673,Cancelled
PO1214,SUPPLIER1214,PROD1214,2026-04-14,805.1773674423779,4654.580343134215,3747762.7472338467,Pending
PO1215,SUPPLIER1215,PROD1215,2025-03-02,1703.6774194476234,7222.546313634021,12304889.065452954,Cancelled
PO1216,SUPPLIER1216,PROD1216,2025-01-05,1841.6734067054047,824.6883908166797,1518806.6781857526,Pending
PO1217,SUPPLIER1217,PROD1217,2025-03-01,406.82772442922436,7545.5656915023255,3069745.319805118,Cancelled
PO1218,SUPPLIER1218,PROD1218,2026-03-30,786.54621994617,4814.930918533366,3787165.7132743592,Cancelled
PO1219,SUPPLIER1219,PROD1219,2026-05-19,231.12403406378846,17310.810846800236,4000944.435827656,Pending
PO1220,SUPPLIER1220,PROD1220,2025-03-09,1040.1284499484743,7156.509154809389,7443688.774233956,Cancelled
PO1221,SUPPLIER1221,PROD1221,2026-04-14,1538.6482846338229,22496.493782116147,34614191.568128474,Pending
PO1222,SUPPLIER1222,PROD1222,2025-03-01,1941.388732260855,13744.815584055586,26684030.101888917,Pending
PO1223,SUPPLIER1223,PROD1223,2025-04-06,591.9281242320027,10396.978627280529,6154264.056526385,Cancelled
PO1224,SUPPLIER1224,PROD1224,2025-03-09,1241.1954345082452,18653.750700581222,23152950.20601639,Pending
PO1225,SUPPLIER1225,PROD1225,2025-12-18,980.3379117956815,5858.321131876309,5743134.305052134,Pending
PO1226,SUPPLIER1226,PROD1226,2025-03-14,252.85084208588773,21901.83419748562,5537897.220059732,Cancelled
PO1227,SUPPLIER1227,PROD1227,2025-01-10,2157.2633535210307,20663.410044867294,44576417.24857057,Pending
PO1228,SUPPLIER1228,PROD1228,2025-02-23,1103.2379139125608,11197.848078663324,12353890.554614304,Cancelled
PO1229,SUPPLIER1229,PROD1229,2025-01-12,407.71757755432714,12121.054843578751,4941967.118227072,Cancelled
PO1230,SUPPLIER1230,PROD1230,2025-07-20,1158.7098534050876,8218.443898855277,9522791.925260536,Cancelled
PO1231,SUPPLIER1231,PROD1231,2026-04-07,927.10068964323,12697.389672421674,11771758.72197096,Cancelled
PO1232,SUPPLIER1232,PROD1232,2025-09-03,2254.4605482402676,5233.745402389558,11799272.529221144,Cancelled
PO1233,SUPPLIER1233,PROD1233,2025-09-03,2294.1799667354103,19393.3699994875,44491880.94031174,Cancelled
PO1234,SUPPLIER1234,PROD1234,2025-09-03,1362.139476617215,10937.567638957926,14898492.659195537,Cancelled
PO1235,SUPPLIER1235,PROD1235,2025-03-14,2085.7345235767257,23549.95485588743,49118953.87159777,Cancelled
PO1236,SUPPLIER1236,PROD1236,2025-03-14,1869.6496992708721,10993.16345097824,20553364.74015701,Cancelled
PO1237,SUPPLIER1237,PROD1237,2025-04-06,1519.3274509696187,2903.7412694199247,4411733.821143059,Cancelled
PO1238,SUPPLIER1238,PROD1238,2025-02-04,300.7338249524031,11536.334264632962,3469365.929332539,Cancelled
PO1239,SUPPLIER1239,PROD1239,2025-11-23,2135.8938606648408,21580.765316617577,46094224.14821221,Cancelled
PO1240,SUPPLIER1240,PROD1240,2025-04-06,2043.7360763110291,14800.237320354847,30247778.949574076,Pending
PO1241,SUPPLIER1241,PROD1241,2025-01-25,1567.1315473353777,11272.750085462161,17665882.284155328,Cancelled
PO1242,SUPPLIER1242,PROD1242,2025-05-16,2109.3707642468516,10563.347106849587,22282015.559780084,Pending
PO1243,SUPPLIER1243,PROD1243,2026-04-16,28.893175864004558,3935.688242217631,113714.53252828898,Pending
PO1244,SUPPLIER1244,PROD1244,2026-08-06,1834.6554838343695,24062.67980127496,44146727.45315962,Pending
PO1245,SUPPLIER1245,PROD1245,2025-03-09,1768.0092039253127,25493.07532819944,45071991.81661792,Cancelled
PO1246,SUPPLIER1246,PROD1246,2025-01-13,2315.242373752433,15343.168710803997,35523154.346885905,Cancelled
PO1247,SUPPLIER1247,PROD1247,2025-05-24,306.7243777097944,2342.0301736997203,718357.7476056084,Cancelled
PO1248,SUPPLIER1248,PROD1248,2025-07-20,1877.8005530045195,2462.9633261749987,4624953.895921263,Cancelled
PO1249,SUPPLIER1249,PROD1249,2025-03-07,2414.0994455299765,8110.678631864605,19579984.788056172,Cancelled
PO1250,SUPPLIER1250,PROD1250,2026-03-16,1427.08069503706,7660.144212033979,10931643.926193563,Cancelled
PO1251,SUPPLIER1251,PROD1251,2025-01-09,268.2982565044141,11391.832304060297,3056408.7455700403,Pending
PO1252,SUPPLIER1252,PROD1252,2025-02-23,2446.354344319484,15869.447060908662,38822290.75940197,Cancelled
PO1253,SUPPLIER1253,PROD1253,2025-08-31,1691.3703931787554,3266.7448031734302,5525275.442158101,Cancelled
PO1254,SUPPLIER1254,PROD1254,2025-01-26,1495.6631470578518,1091.6820335119396,1632788.5858289828,Pending
PO1255,SUPPLIER1255,PROD1255,2026-05-23,1536.5022028416797,19335.277263141405,29708696.107371412,Pending
PO1256,SUPPLIER1256,PROD1256,2025-02-23,838.6153071279081,8647.026008808154,7251528.37211966,Cancelled
PO1257,SUPPLIER1257,PROD1257,2025-12-26,2081.3183989433965,5572.732954973223,11598631.631583972,Pending
PO1258,SUPPLIER1258,PROD1258,2025-04-29,2014.1316405315952,23755.73133280908,47847170.12137857,Pending
PO1259,SUPPLIER1259,PROD1259,2026-06-20,1057.6764695409897,25670.46468501526,27151046.459523596,Cancelled
PO1260,SUPPLIER1260,PROD1260,2025-12-18,1898.0798852470148,16828.126693951945,31941128.784178533,Pending
PO1261,SUPPLIER1261,PROD1261,2025-02-23,2226.1449226490613,11194.155280311594,24919811.940610833,Cancelled
PO1262,SUPPLIER1262,PROD1262,2025-09-06,2232.6404595373933,18806.992124131622,41989251.53853736,Cancelled
PO1263,SUPPLIER1263,PROD1263,2025-07-31,2225.9840832533464,8587.84577427443,19116408.00296939,Pending
PO1264,SUPPLIER1264,PROD1264,2025-04-06,1313.470894145671,13364.12679352009,17553391.568960954,Pending
PO1265,SUPPLIER1265,PROD1265,2026-03-17,700.2897507968531,4559.245839409621,3192793.132701753,Pending
PO1266,SUPPLIER1266,PROD1266,2025-03-29,1412.791821493493,14966.978331800312,21145224.579637803,Pending
PO1267,SUPPLIER1267,PROD1267,2025-03-06,2255.3255822696697,14361.693932503353,32390295.730701905,Pending
PO1268,SUPPLIER1268,PROD1268,2025-12-18,2171.3922468757883,9399.284465259258,20409533.414043993,Cancelled
PO1269,SUPPLIER1269,PROD1269,2025-08-31,1622.5302915671336,12820.214348337842,20801186.12456175,Cancelled
PO1270,SUPPLIER1270,PROD1270,2026-02-23,927.7202364096801,21484.183686647215,19931311.968845345,Pending
PO1271,SUPPLIER1271,PROD1271,2025-03-07,1368.3546483483183,12079.143614848781,16528552.313445238,Cancelled
PO1272,SUPPLIER1272,PROD1272,2025-03-07,41.54231644573431,19970.980890952633,829640.8079036671,Cancelled
PO1273,SUPPLIER1273,PROD1273,2026-03-05,494.8178323093355,16716.46704642958,8271605.987784725,Pending
PO1274,SUPPLIER1274,PROD1274,2025-03-08,794.7965231244364,2199.3331078768647,1748022.307332993,Cancelled
PO1275,SUPPLIER1275,PROD1275,2025-05-16,93.23289290942813,27567.226781136364,2570172.3022956057,Pending
PO1276,SUPPLIER1276,PROD1276,2025-07-31,2047.0278880893702,3713.64545489264,7601935.812641569,Pending
PO1277,SUPPLIER1277,PROD1277,2025-09-07,1267.7445179404065,19265.595587026313,24423853.190309495,Pending
PO1278,SUPPLIER1278,PROD1278,2025-06-27,1560.5225205018926,18822.486403174076,29372913.92399381,Pending
PO1279,SUPPLIER1279,PROD1279,2026-03-30,208.5600177250021,1865.440504345451,389056.3046512241,Cancelled
PO1280,SUPPLIER1280,PROD1280,2025-07-20,363.6791576047364,11415.869634846787,4151713.8521265695,Cancelled
PO1281,SUPPLIER1281,PROD1281,2026-05-23,360.67201403129434,21227.824046550537,7656282.052371322,Pending
PO1282,SUPPLIER1282,PROD1282,2025-02-20,1138.6085746311358,22806.505822959123,25967683.087396186,Cancelled
PO1283,SUPPLIER1283,PROD1283,2025-03-06,1725.3407060567072,9298.787714857275,16043576.961423285,Pending
PO1284,SUPPLIER1284,PROD1284,2025-08-31,2039.5829694035733,21072.018906250185,42978130.89213799,Pending
PO1285,SUPPLIER1285,PROD1285,2025-03-06,1808.3952368820076,7187.913606185573,12998588.728545366,Pending
PO1286,SUPPLIER1286,PROD1286,2025-09-13,932.8308466873391,6595.579634993759,6152560.135305,Cancelled
PO1287,SUPPLIER1287,PROD1287,2025-02-20,1298.9613738728412,1799.0517852152743,2336898.7785916203,Cancelled
PO1288,SUPPLIER1288,PROD1288,2025-10-23,835.3970258249278,10438.989977415751,8720701.17974935,Pending
PO1289,SUPPLIER1289,PROD1289,2025-01-25,1696.539239263812,7602.4808134959785,12897907.015846195,Cancelled
PO1290,SUPPLIER1290,PROD1290,2025-05-16,1529.3755195368465,16569.907670152374,25341611.151716862,Cancelled
PO1291,SUPPLIER1291,PROD1291,2025-12-18,2491.7650861317707,3228.289433280938,8044138.897777561,Cancelled
PO1292,SUPPLIER1292,PROD1292,2025-12-26,717.7605154681248,3871.802142698097,2779026.7017335766,Cancelled
PO1293,SUPPLIER1293,PROD1293,2026-04-07,834.9420162500111,15764.416976249327,13162374.095155517,Pending
PO1294,SUPPLIER1294,PROD1294,2026-01-29,1497.9898293224976,4972.042516462697,7448069.120620157,Cancelled
PO1295,SUPPLIER1295,PROD1295,2025-01-09,2214.384687531993,16075.4581658799,35597248.40758559,Cancelled
PO1296,SUPPLIER1296,PROD1296,2025-11-08,561.9888959077504,12846.966010596054,7219852.244059273,Pending
PO1297,SUPPLIER1297,PROD1297,2025-08-31,1241.6048650120315,904.4865300767361,1123014.8760811267,Pending
PO1298,SUPPLIER1298,PROD1298,2025-12-30,1248.417436808346,18139.99977545938,22646292.023382973,Cancelled
PO1299,SUPPLIER1299,PROD1299,2025-03-12,1704.6481359285979,22377.035041814834,38144971.07163857,Pending
PO1300,SUPPLIER1300,PROD1300,2026-06-08,2127.353640382484,10906.621426213958,23202240.795329865,Pending
PO1301,SUPPLIER1301,PROD1301,2026-06-16,1581.4668035490643,4680.909292563759,7402702.656613919,Pending
PO1302,SUPPLIER1302,PROD1302,2025-01-09,552.7889482599603,24036.19927437048,13286945.317046078,Pending
PO1303,SUPPLIER1303,PROD1303,2025-05-26,1993.7409057452696,19724.205039324428,39324954.4202081,Cancelled
PO1304,SUPPLIER1304,PROD1304,2025-04-06,1552.979229206173,13345.729522813972,20725640.74753371,Pending
PO1305,SUPPLIER1305,PROD1305,2026-01-29,241.1975484505475,940.7131623404955,226897.7085516894,Pending
PO1306,SUPPLIER1306,PROD1306,2026-03-15,1480.5169452118357,27400.90513587666,40567504.36780741,Pending
PO1307,SUPPLIER1307,PROD1307,2025-01-12,1206.4998051700327,15683.939533607043,18922669.99159547,Cancelled
PO1308,SUPPLIER1308,PROD1308,2025-03-14,1290.9077682881575,4473.579410518239,5774978.41309195,Pending
PO1309,SUPPLIER1309,PROD1309,2025-09-23,1144.0778080652883,18696.338752306383,21390066.258584794,Cancelled
PO1310,SUPPLIER1310,PROD1310,2026-02-10,1258.8549244333885,1246.5160376687668,1569182.8524045222,Pending
PO1311,SUPPLIER1311,PROD1311,2025-03-09,1570.4962048721886,24727.75556744647,38834846.27368182,Cancelled
PO1312,SUPPLIER1312,PROD1312,2025-01-13,1325.0893709988497,1323.3874995428619,1753606.7093569913,Cancelled
PO1313,SUPPLIER1313,PROD1313,2026-04-19,613.8029067160936,19695.68725960149,12089270.089714527,Pending
PO1314,SUPPLIER1314,PROD1314,2025-11-24,456.838536551251,13427.12622294641,6134028.693779765,Cancelled
PO1315,SUPPLIER1315,PROD1315,2025-03-01,84.09556294968881,15910.138354258335,1337972.04150879,Cancelled
PO1316,SUPPLIER1316,PROD1316,2025-05-16,1751.9061546626456,3197.735598093212,5602132.675283334,Pending
PO1317,SUPPLIER1317,PROD1317,2025-07-01,2312.981715887261,14713.865290991087,34032901.38809058,Cancelled
PO1318,SUPPLIER1318,PROD1318,2025-04-29,1297.2811173896637,8988.851108177712,11661066.809666099,Pending
PO1319,SUPPLIER1319,PROD1319,2026-06-11,794.597431522406,4370.119618510624,3472485.8243142185,Pending
PO1320,SUPPLIER1320,PROD1320,2026-05-17,1310.9907216945564,9834.274087248321,12892642.08298375,Cancelled
PO1321,SUPPLIER1321,PROD1321,2025-01-05,2425.2956444619813,16173.134488044276,39224632.63115164,Pending
PO1322,SUPPLIER1322,PROD1322,2026-04-19,1424.9478187714378,13300.113338911679,18951967.491695102,Pending
PO1323,SUPPLIER1323,PROD1323,2025-03-07,2385.6922352912125,14304.182059167995,34125376.070748955,Pending
PO1324,SUPPLIER1324,PROD1324,2025-03-06,2319.1959866227526,2801.0782330638526,6496249.396338038,Pending
PO1325,SUPPLIER1325,PROD1325,2026-01-29,1446.1676104616026,9083.294492039959,13135966.290672464,Cancelled
PO1326,SUPPLIER1326,PROD1326,2026-01-29,843.6056567610558,9022.962578973149,7611822.272365073,Cancelled
PO1327,SUPPLIER1327,PROD1327,2025-03-06,2402.947523409969,14678.30339527291,35271192.791531175,Pending
PO1328,SUPPLIER1328,PROD1328,2026-04-09,846.33549955775,6453.722970743508,5462014.854451533,Pending
PO1329,SUPPLIER1329,PROD1329,2026-06-08,792.6382533459921,1280.4980539211413,1014971.7408729955,Cancelled
PO1330,SUPPLIER1330,PROD1330,2025-05-16,1974.4070734417746,12148.09486015243,23985284.420726623,Cancelled
PO1331,SUPPLIER1331,PROD1331,2025-10-23,577.6335302368847,6949.145768969617,4014059.6026606304,Pending
PO1332,SUPPLIER1332,PROD1332,2025-01-24,1251.369408603425,12159.830750848489,15216440.215407014,Pending
PO1333,SUPPLIER1333,PROD1333,2026-04-09,1188.8096335807286,18127.233771263764,21549830.137448285,Pending
PO1334,SUPPLIER1334,PROD1334,2025-04-29,1352.4923249930707,5784.702015361866,7823765.078148872,Pending
PO1335,SUPPLIER1335,PROD1335,2026-04-16,1288.6316554865027,22012.199621797492,28365617.23953627,Pending
PO1336,SUPPLIER1336,PROD1336,2026-05-19,594.2322930068726,12371.104741405401,7351309.937513526,Pending
PO1337,SUPPLIER1337,PROD1337,2025-03-12,781.8896050915216,6087.004139366109,4759365.262719424,Pending
PO1338,SUPPLIER1338,PROD1338,2025-03-09,2371.64285902731,3868.103334878107,9173759.652143385,Cancelled
PO1339,SUPPLIER1339,PROD1339,2025-03-16,1392.4708613427285,13637.297790043325,18989539.800088916,Pending
PO1340,SUPPLIER1340,PROD1340,2025-03-16,211.84818741015528,18814.28515247463,3985772.206969547,Cancelled
PO1341,SUPPLIER1341,PROD1341,2025-01-13,379.09570763776605,19404.45316612674,7356144.904336706,Cancelled
PO1342,SUPPLIER1342,PROD1342,2026-06-11,2024.2376697987447,11163.289869357159,22597151.87243547,Cancelled
PO1343,SUPPLIER1343,PROD1343,2025-12-18,1238.8705353235498,14620.467276026879,18112866.12093186,Cancelled
PO1344,SUPPLIER1344,PROD1344,2025-03-06,839.9131727650963,25152.805475576537,21126172.650934774,Pending
PO1345,SUPPLIER1345,PROD1345,2025-06-26,2231.99805051557,24838.197056681212,55438807.40883403,Cancelled
PO1346,SUPPLIER1346,PROD1346,2025-05-24,1383.7940324459375,9936.250622702257,13749724.316582615,Cancelled
PO1347,SUPPLIER1347,PROD1347,2025-05-26,785.4002615148005,16018.67419216247,12581070.89964479,Cancelled
PO1348,SUPPLIER1348,PROD1348,2025-12-17,2152.5498808204516,26095.362655512236,56171569.77408932,Cancelled
PO1349,SUPPLIER1349,PROD1349,2025-03-06,1556.6212134141178,4246.193129037102,6609714.300912424,Pending
PO1350,SUPPLIER1350,PROD1350,2025-03-06,2323.9372378497087,1699.1075912515541,3948619.402422609,Pending
PO1351,SUPPLIER1351,PROD1351,2026-03-30,2459.8977604504976,23986.80496718902,59005087.81915114,Cancelled
PO1352,SUPPLIER1352,PROD1352,2026-03-16,632.9876512944063,6709.221554768772,4246854.39396689,Cancelled
PO1353,SUPPLIER1353,PROD1353,2025-09-03,1536.0652351272515,21450.610966826534,32949537.7783816,Pending
PO1354,SUPPLIER1354,PROD1354,2025-09-06,1494.0013872707082,6058.980223542351,9052124.859418059,Cancelled
PO1355,SUPPLIER1355,PROD1355,2026-03-16,1241.9997561102807,21940.77878774438,27250441.903248142,Pending
PO1356,SUPPLIER1356,PROD1356,2026-08-06,234.15882745163793,5037.880541009045,1179664.2003241014,Cancelled
PO1357,SUPPLIER1357,PROD1357,2025-01-26,1997.0838342078214,5465.0517796656695,10914166.562278993,Pending
PO1358,SUPPLIER1358,PROD1358,2025-09-03,2396.9461949352967,13405.25864011674,32131683.689551327,Pending
PO1359,SUPPLIER1359,PROD1359,2025-08-31,1395.6971515114928,25395.17393285331,35443971.92022228,Pending
PO1360,SUPPLIER1360,PROD1360,2025-05-16,287.1190480991544,19833.31065468957,5694521.275829285,Cancelled
PO1361,SUPPLIER1361,PROD1361,2025-12-26,1228.5178072559952,18411.865053407346,22619304.082905278,Cancelled
PO1362,SUPPLIER1362,PROD1362,2025-09-06,1003.212632399954,15073.045187618978,15121469.340954695,Cancelled
PO1363,SUPPLIER1363,PROD1363,2026-08-06,1495.152943975102,1252.591375567023,1872815.6827768572,Pending
PO1364,SUPPLIER1364,PROD1364,2026-06-17,255.5451454149514,7072.918271230114,1807449.9281295664,Cancelled
PO1365,SUPPLIER1365,PROD1365,2026-03-15,1078.8913798331332,24970.30030931421,26940241.75556372,Pending
PO1366,SUPPLIER1366,PROD1366,2025-05-16,1452.8657697048714,20829.058819830978,30261826.57450177,Pending
PO1367,SUPPLIER1367,PROD1367,2025-03-07,30.7595580973408,20345.022664083062,625803.9066275783,Cancelled
PO1368,SUPPLIER1368,PROD1368,2026-04-14,705.4828895008917,13341.55134952981,9412236.196490811,Pending
PO1369,SUPPLIER1369,PROD1369,2025-06-09,32.605774868511034,12274.507617682511,400219.83200397965,Cancelled
PO1370,SUPPLIER1370,PROD1370,2025-01-12,2113.801768873546,16155.554328791663,34149639.317332484,Cancelled
PO1371,SUPPLIER1371,PROD1371,2026-04-09,1027.971260998547,7975.3359293605445,8198416.132191777,Pending
PO1372,SUPPLIER1372,PROD1372,2025-10-23,1314.5094526620283,3141.399937366654,4129399.91226037,Cancelled
PO1373,SUPPLIER1373,PROD1373,2026-03-30,589.0386017679804,7399.038905819842,4358319.531511007,Cancelled
PO1374,SUPPLIER1374,PROD1374,2025-03-14,20.585960641064126,8213.019412532998,169072.8943706999,Pending
PO1375,SUPPLIER1375,PROD1375,2025-03-09,1248.6399846345041,13281.925619241096,16584343.401125828,Pending
PO1376,SUPPLIER1376,PROD1376,2026-04-07,65.297614798581,1369.1576487522093,89402.72874675262,Pending
PO1377,SUPPLIER1377,PROD1377,2026-01-29,960.650614083133,8193.517958522501,7871108.0583558185,Cancelled
PO1378,SUPPLIER1378,PROD1378,2025-12-18,1424.8081934118266,9692.509166859289,13809966.47566035,Pending
PO1379,SUPPLIER1379,PROD1379,2025-09-06,1986.060810068688,1858.6400937244398,3691372.250168503,Cancelled
PO1380,SUPPLIER1380,PROD1380,2025-09-03,664.7380528673464,12719.61618981061,8455212.89923468,Pending
PO1381,SUPPLIER1381,PROD1381,2025-03-07,1933.0501962469725,11848.747021512592,22904222.75521565,Pending
PO1382,SUPPLIER1382,PROD1382,2025-07-20,1102.7474345374849,13646.878312949379,15049060.049050167,Cancelled
PO1383,SUPPLIER1383,PROD1383,2025-01-10,91.36257213490141,20768.04611014429,1897422.1108390163,Cancelled
PO1384,SUPPLIER1384,PROD1384,2025-08-31,931.6619532610904,12227.033030752566,11391461.476018805,Pending
PO1385,SUPPLIER1385,PROD1385,2026-02-02,1707.4477292389508,12861.068109894528,21959601.539826896,Pending
PO1386,SUPPLIER1386,PROD1386,2026-05-17,1687.7334713003206,25249.66295835809,42614701.31387282,Cancelled
PO1387,SUPPLIER1387,PROD1387,2025-03-12,1114.4135698165185,7238.277332352053,8066434.481268438,Pending
PO1388,SUPPLIER1388,PROD1388,2025-07-31,2405.5196766784156,25455.469788099766,61233633.45436693,Pending
PO1389,SUPPLIER1389,PROD1389,2025-07-19,1019.355403193516,18033.121754338074,18382160.09673105,Pending
PO1390,SUPPLIER1390,PROD1390,2025-03-07,157.0738719780028,6353.195544870826,997921.023666258,Cancelled
PO1391,SUPPLIER1391,PROD1391,2026-03-05,2302.3182398517174,12205.90328421593,28101873.76511632,Pending
PO1392,SUPPLIER1392,PROD1392,2025-05-26,263.65262229194514,21233.000603057364,5598136.288122526,Cancelled
PO1393,SUPPLIER1393,PROD1393,2025-01-13,2135.2433421646265,4524.1885134799395,9660243.402105719,Pending
PO1394,SUPPLIER1394,PROD1394,2025-02-15,1761.2337731910156,22874.17698506563,40286773.04004623,Pending
PO1395,SUPPLIER1395,PROD1395,2025-09-23,1679.8588652833296,25250.172638404874,42416726.356558986,Cancelled
PO1396,SUPPLIER1396,PROD1396,2026-04-09,608.4794462901959,11359.755084632498,6912177.48388942,Pending
PO1397,SUPPLIER1397,PROD1397,2025-03-07,723.4369246769057,6860.867936705222,4963405.200744413,Pending
PO1398,SUPPLIER1398,PROD1398,2025-09-15,1052.116477921981,6547.918569055706,6889173.022594827,Pending
PO1399,SUPPLIER1399,PROD1399,2025-03-09,2099.590518980492,1952.6745983210465,4099817.07328891,Cancelled
PO1400,SUPPLIER1400,PROD1400,2026-05-17,1710.0095961548427,2020.3820025930956,3454872.612332732,Cancelled
PO1401,SUPPLIER1401,PROD1401,2026-05-17,1771.2252699728872,7304.4131580027315,12937761.167776898,Cancelled
PO1402,SUPPLIER1402,PROD1402,2025-09-13,538.6804624758654,15309.399514576246,8246874.410739721,Cancelled
PO1403,SUPPLIER1403,PROD1403,2025-04-06,2287.6448540015867,10555.148239707285,24146430.55379028,Cancelled
PO1404,SUPPLIER1404,PROD1404,2026-06-08,2207.124464373255,18843.791566330074,41590593.36759752,Cancelled
PO1405,SUPPLIER1405,PROD1405,2025-07-19,2261.293921992283,16144.736064753552,36507993.535396814,Pending
PO1406,SUPPLIER1406,PROD1406,2025-11-08,2470.1787320441786,18658.090539597637,46088818.43146878,Cancelled
PO1407,SUPPLIER1407,PROD1407,2025-10-26,280.3977263630572,5348.025095310519,1499574.0772576416,Cancelled
PO1408,SUPPLIER1408,PROD1408,2026-04-19,1546.4620427401771,7841.088124951752,12125945.159018632,Pending
PO1409,SUPPLIER1409,PROD1409,2026-06-11,1525.5464944980442,9328.545055888297,14231129.208777454,Pending
PO1410,SUPPLIER1410,PROD1410,2025-12-24,56.60944090927943,7252.22716364351,410544.5250809484,Cancelled
PO1411,SUPPLIER1411,PROD1411,2025-10-23,37.99830539432771,20537.968175591115,780407.9869150947,Pending
PO1412,SUPPLIER1412,PROD1412,2025-07-19,209.30503676532823,13322.215405723122,2788406.7852905,Pending
PO1413,SUPPLIER1413,PROD1413,2026-08-06,1854.3796038956968,23828.158178027355,44186450.523734376,Cancelled
PO1414,SUPPLIER1414,PROD1414,2025-01-13,520.0415722436231,7166.524292673827,3726890.560684216,Cancelled
PO1415,SUPPLIER1415,PROD1415,2025-06-09,646.6551053547231,19642.311859683497,12701801.245033959,Cancelled
PO1416,SUPPLIER1416,PROD1416,2026-06-17,1006.0319280302366,20611.794380179737,20736123.240455016,Cancelled
PO1417,SUPPLIER1417,PROD1417,2026-05-17,2090.3006202902993,24150.05855238292,50480882.37209307,Cancelled
PO1418,SUPPLIER1418,PROD1418,2025-03-16,2406.8944803727127,22623.29558846833,54451885.27972476,Cancelled
PO1419,SUPPLIER1419,PROD1419,2025-01-28,44.60605366681039,1694.787480904255,75597.78132705358,Pending
PO1420,SUPPLIER1420,PROD1420,2026-04-09,2155.4885432356737,15972.723058600604,34429021.55708987,Pending
PO1421,SUPPLIER1421,PROD1421,2026-08-18,1698.7836983051566,4396.112136225334,7468043.632941056,Cancelled
PO1422,SUPPLIER1422,PROD1422,2026-06-11,1887.0360525637298,3120.268085748292,5888058.371471042,Cancelled
PO1423,SUPPLIER1423,PROD1423,2026-03-30,1619.6780468502525,11604.131521228814,18794957.077697333,Pending
PO1424,SUPPLIER1424,PROD1424,2026-03-30,175.96960766123118,11401.616980921643,2006338.0668364125,Pending
PO1425,SUPPLIER1425,PROD1425,2026-01-13,1457.05140870511,6654.6419481650255,9696155.425001968,Pending
PO1426,SUPPLIER1426,PROD1426,2026-05-17,766.1230433273975,18970.858948114746,14534012.191864459,Pending
PO1427,SUPPLIER1427,PROD1427,2026-01-13,1478.2095441943463,7343.606839340764,10855389.718724396,Pending
PO1428,SUPPLIER1428,PROD1428,2025-10-23,77.64995099190094,12092.04836803818,938946.9631698604,Pending
PO1429,SUPPLIER1429,PROD1429,2025-03-14,789.7010292692453,14108.800078038606,11141733.943381095,Pending
PO1430,SUPPLIER1430,PROD1430,2026-03-30,440.83801166042883,12540.661568441701,5528400.310738195,Pending
PO1431,SUPPLIER1431,PROD1431,2025-10-23,379.68845531059696,2960.533711796989,1124080.4719271467,Pending
PO1432,SUPPLIER1432,PROD1432,2026-03-17,2363.390511875158,23689.511327815682,55987566.30311866,Pending
PO1433,SUPPLIER1433,PROD1433,2025-05-16,395.2123347044381,1787.0756212973045,706274.328586292,Pending
PO1434,SUPPLIER1434,PROD1434,2025-04-29,989.808250279893,9394.638213345192,9298890.411963824,Pending
PO1435,SUPPLIER1435,PROD1435,2026-03-16,740.0135366635544,14754.561783418772,10918575.447268646,Cancelled
PO1436,SUPPLIER1436,PROD1436,2026-05-19,1707.0118717313544,21722.984861810437,37081393.04855091,Pending
PO1437,SUPPLIER1437,PROD1437,2025-07-31,974.0087853449957,3530.285987751812,3438529.5668506008,Pending
PO1438,SUPPLIER1438,PROD1438,2025-04-06,1478.8039607394699,5048.651838653815,7465966.335395868,Pending
PO1439,SUPPLIER1439,PROD1439,2025-06-09,801.2117085249615,18193.454634655343,14576808.871803587,Cancelled
PO1440,SUPPLIER1440,PROD1440,2025-05-16,518.0802762617069,12260.369444524267,6351855.588889723,Pending
PO1441,SUPPLIER1441,PROD1441,2025-06-27,625.4628280726125,20259.927688565193,12671831.668636613,Pending
PO1442,SUPPLIER1442,PROD1442,2025-03-09,495.02628519604923,19031.796507086154,9421239.525510004,Cancelled
PO1443,SUPPLIER1443,PROD1443,2026-05-23,957.1668119853318,22921.310796471793,21939517.981583875,Pending
PO1444,SUPPLIER1444,PROD1444,2025-11-18,1153.5528524270876,20306.969756650687,23425162.886935003,Pending
PO1445,SUPPLIER1445,PROD1445,2025-01-05,484.27440877283556,8810.375807805627,4266639.535391564,Pending
PO1446,SUPPLIER1446,PROD1446,2025-08-31,2076.816148293586,10442.364886239151,21686872.022115387,Cancelled
PO1447,SUPPLIER1447,PROD1447,2026-05-17,111.68673656209796,10692.388430686036,1194197.9698776554,Pending
PO1448,SUPPLIER1448,PROD1448,2025-09-03,460.94213965089926,21967.151597426637,10125585.859353503,Cancelled
PO1449,SUPPLIER1449,PROD1449,2026-08-18,1148.708015472949,6105.663327539605,7013624.404123982,Cancelled
PO1450,SUPPLIER1450,PROD1450,2025-07-19,1386.6694411206227,2862.157765690774,3968866.7093494753,Pending
PO1451,SUPPLIER1451,PROD1451,2025-03-09,833.4772511957574,1761.4733176036557,1468147.9388109662,Cancelled
PO1452,SUPPLIER1452,PROD1452,2025-04-29,1752.4093346224854,12002.292962194013,21032930.22382255,Pending
PO1453,SUPPLIER1453,PROD1453,2025-03-12,2400.348957619052,19350.569996857805,46448120.52129213,Cancelled
PO1454,SUPPLIER1454,PROD1454,2026-04-14,1684.6826446547177,15233.425997774171,25663488.397082124,Cancelled
PO1455,SUPPLIER1455,PROD1455,2025-02-27,519.9912749073121,23026.17892252064,11973412.134165388,Cancelled
PO1456,SUPPLIER1456,PROD1456,2025-01-01,89.08989547260676,22252.632004642648,1982484.6592839973,Cancelled
PO1457,SUPPLIER1457,PROD1457,2026-08-22,1098.882230760261,1205.453320332654,1324651.2337245103,Cancelled
PO1458,SUPPLIER1458,PROD1458,2025-09-07,1384.7222306491476,25391.437634829777,35160088.1610902,Pending
PO1459,SUPPLIER1459,PROD1459,2025-01-28,670.1125756846824,9994.235382634119,6697262.814255936,Cancelled
PO1460,SUPPLIER1460,PROD1460,2025-10-23,1933.0753427212867,1798.9757392993288,3477555.64379333,Pending
PO1461,SUPPLIER1461,PROD1461,2026-06-16,715.8724897031119,18361.698821252834,13144635.050348962,Pending
PO1462,SUPPLIER1462,PROD1462,2026-02-21,445.87952858712396,11957.850906651845,5331760.925173038,Cancelled
PO1463,SUPPLIER1463,PROD1463,2026-02-02,1332.0373088214062,6184.516659887537,8238006.9279977465,Pending
PO1464,SUPPLIER1464,PROD1464,2026-05-17,1842.108243369394,5995.860762131134,11045024.53601686,Cancelled
PO1465,SUPPLIER1465,PROD1465,2025-05-25,913.3526266377196,19328.252766638034,17653510.432726618,Pending
PO1466,SUPPLIER1466,PROD1466,2025-07-01,592.7136708495344,1943.5971098419664,1151996.5776269776,Cancelled
PO1467,SUPPLIER1467,PROD1467,2025-08-31,2111.73321811542,5707.331361537303,12052361.222950231,Pending
PO1468,SUPPLIER1468,PROD1468,2026-01-29,1897.2639936430787,20984.05631578036,39812294.488508716,Cancelled
PO1469,SUPPLIER1469,PROD1469,2025-01-28,931.145162151767,12746.1926193103,11868555.593325345,Cancelled
PO1470,SUPPLIER1470,PROD1470,2025-08-31,35.965633926092195,14326.334512821102,515255.70259086415,Pending
PO1471,SUPPLIER1471,PROD1471,2025-03-06,2367.977821191826,4227.222882615906,10009970.031269044,Pending
PO1472,SUPPLIER1472,PROD1472,2026-03-15,1079.123359112874,6192.972491562404,6682981.277988445,Pending
PO1473,SUPPLIER1473,PROD1473,2025-06-09,1480.071701600219,807.5942830333559,1195297.444691788,Cancelled
PO1474,SUPPLIER1474,PROD1474,2025-08-31,442.50167903373176,18406.057230155147,8144711.228734611,Pending
PO1475,SUPPLIER1475,PROD1475,2026-06-08,743.0869083471173,3527.2006234682067,2621016.6064130142,Cancelled
PO1476,SUPPLIER1476,PROD1476,2026-02-02,364.0477990721324,1831.1672795965706,666632.4178700356,Pending
PO1477,SUPPLIER1477,PROD1477,2026-04-19,603.2927043879344,11426.773607082478,6893689.15184546,Pending
PO1478,SUPPLIER1478,PROD1478,2026-03-16,1490.8626263693493,2071.383947262752,3088148.9118354563,Cancelled
PO1479,SUPPLIER1479,PROD1479,2025-05-16,946.6296659479548,20095.366036652867,19022869.63837858,Pending
PO1480,SUPPLIER1480,PROD1480,2025-05-24,984.3088705414008,3340.0214290712393,3287612.7204331867,Cancelled
PO1481,SUPPLIER1481,PROD1481,2025-09-06,2133.72229807096,22841.11370780956,48736593.631127514,Cancelled
PO1482,SUPPLIER1482,PROD1482,2025-03-01,1548.50216339406,17509.839439288615,27114024.252421055,Cancelled
PO1483,SUPPLIER1483,PROD1483,2025-01-24,1698.8609167724007,13876.496124740297,23574236.92806497,Pending
PO1484,SUPPLIER1484,PROD1484,2025-12-26,671.1713034911214,14803.187961713871,9935474.960087575,Cancelled
PO1485,SUPPLIER1485,PROD1485,2026-03-15,130.11525959101937,2534.7252724375,329806.43681512255,Pending
PO1486,SUPPLIER1486,PROD1486,2025-01-05,1449.8719407447134,3092.192667180366,4483283.383521369,Pending
PO1487,SUPPLIER1487,PROD1487,2026-02-02,523.0784059693674,1908.406863042921,998246.419861492,Pending
PO1488,SUPPLIER1488,PROD1488,2025-04-29,1710.0625158223852,6117.428770823348,10461185.634198416,Pending
PO1489,SUPPLIER1489,PROD1489,2025-01-05,144.6410610187137,10228.818693540066,1479507.1888016881,Pending
PO1490,SUPPLIER1490,PROD1490,2026-04-16,1571.1262166201766,12134.114465555414,19064225.352304235,Pending
PO1491,SUPPLIER1491,PROD1491,2026-03-30,1413.6739297581123,14522.41934750283,20529965.628579568,Pending
PO1492,SUPPLIER1492,PROD1492,2026-02-10,1815.817229841392,23805.816184344487,43227011.19796978,Cancelled
PO1493,SUPPLIER1493,PROD1493,2025-03-16,1020.286215270718,17446.236252459807,17800154.35674101,Cancelled
PO1494,SUPPLIER1494,PROD1494,2025-02-27,1077.9885513391514,1783.5286486439431,1922623.4642235585,Cancelled
PO1495,SUPPLIER1495,PROD1495,2025-01-05,1160.6039219470767,9653.622892053774,11204032.589515692,Pending
PO1496,SUPPLIER1496,PROD1496,2025-01-13,1074.8937172794608,15555.525537838726,16720536.669603053,Cancelled
PO1497,SUPPLIER1497,PROD1497,2026-01-13,214.49323383148095,2578.48059697629,553066.641617172,Cancelled
PO1498,SUPPLIER1498,PROD1498,2025-07-19,1114.971593983737,3006.6733754198503,3352355.405980333,Pending
PO1499,SUPPLIER1499,PROD1499,2025-11-08,1943.46120149456,5720.901689724698,11118350.471544622,Cancelled
PO1500,SUPPLIER1500,PROD1500,2025-03-06,514.848044475897,19167.77109294562,9868489.46416468,Cancelled
PO1501,SUPPLIER1501,PROD1501,2025-08-31,264.46288410238583,19796.973222177465,5235564.634834754,Pending
PO1502,SUPPLIER1502,PROD1502,2025-06-09,1520.7364179997962,21982.340820391444,33429346.23845279,Pending
PO1503,SUPPLIER1503,PROD1503,2026-02-19,694.1154104253256,16821.80437861548,11676273.650357224,Cancelled
PO1504,SUPPLIER1504,PROD1504,2026-02-19,2211.701229510329,7953.966020468088,17591796.42695265,Cancelled
PO1505,SUPPLIER1505,PROD1505,2025-10-23,1749.900100573379,19208.547837638223,33613039.79295169,Pending
PO1506,SUPPLIER1506,PROD1506,2026-04-07,2373.3451165990127,14904.501147763249,35373525.014388286,Pending
PO1507,SUPPLIER1507,PROD1507,2025-03-01,1163.1798912151496,4456.406261262997,5183602.150186405,Cancelled
PO1508,SUPPLIER1508,PROD1508,2026-08-18,1689.505745830235,20404.423810474476,34473391.26815189,Cancelled
PO1509,SUPPLIER1509,PROD1509,2025-12-26,1889.2610298916354,23411.474485851337,44230386.39842124,Pending
PO1510,SUPPLIER1510,PROD1510,2025-10-23,906.4632003388177,3537.6642592454627,3206762.466159895,Pending
PO1511,SUPPLIER1511,PROD1511,2025-01-26,1088.514870654659,4468.860114943503,4864420.689991492,Pending
PO1512,SUPPLIER1512,PROD1512,2025-12-18,2190.4533885246865,6281.999847819816,13760427.85336848,Pending
PO1513,SUPPLIER1513,PROD1513,2025-03-09,1454.9960315488452,10102.34611055582,14698873.500191629,Cancelled
PO1514,SUPPLIER1514,PROD1514,2025-09-03,22.997752841785967,24569.01525891922,565032.1404906922,Cancelled
PO1515,SUPPLIER1515,PROD1515,2026-02-02,1250.6944952875506,8534.94403110138,10674607.517285833,Pending
PO1516,SUPPLIER1516,PROD1516,2026-02-10,424.55584628355786,20268.8739485435,8605268.932438644,Pending
PO1517,SUPPLIER1517,PROD1517,2025-10-23,1523.743664033745,1858.7594098860714,2832272.873777004,Cancelled
PO1518,SUPPLIER1518,PROD1518,2025-09-03,927.2823424618477,2236.400571559454,2073774.7606786657,Cancelled
PO1519,SUPPLIER1519,PROD1519,2025-06-27,1144.1819932832157,19394.151588390967,22190439.02244202,Pending
PO1520,SUPPLIER1520,PROD1520,2025-01-05,2047.7663660992284,7065.793348768205,14469093.969415165,Pending
PO1521,SUPPLIER1521,PROD1521,2025-12-26,2456.067379230252,18380.254968949776,45143144.65117229,Cancelled
PO1522,SUPPLIER1522,PROD1522,2025-08-31,796.8580836499115,2774.733435804922,2211068.768294845,Cancelled
PO1523,SUPPLIER1523,PROD1523,2026-06-08,16.983898878485828,12115.358679078265,205766.02668205087,Pending
PO1524,SUPPLIER1524,PROD1524,2025-02-20,1266.8338118929917,15555.93709909311,19706787.09281173,Cancelled
PO1525,SUPPLIER1525,PROD1525,2026-02-19,2484.978663493858,11356.245536534885,28220027.855686553,Cancelled
PO1526,SUPPLIER1526,PROD1526,2025-01-05,570.4806230149667,11999.65985875506,6845573.432190274,Pending
PO1527,SUPPLIER1527,PROD1527,2025-06-02,727.5477399921475,15116.949086636138,10998302.14355848,Cancelled
PO1528,SUPPLIER1528,PROD1528,2025-03-16,1835.8039733589615,7050.604806329245,12943528.318043018,Cancelled
PO1529,SUPPLIER1529,PROD1529,2026-05-17,675.8177466161312,14427.413800961798,9750302.284464475,Pending
PO1530,SUPPLIER1530,PROD1530,2025-01-09,166.12645603110317,3176.0606317865568,527627.6968986072,Cancelled
PO1531,SUPPLIER1531,PROD1531,2025-11-22,906.3117451879679,7587.6433422590835,6876770.2793866955,Pending
PO1532,SUPPLIER1532,PROD1532,2025-03-16,1766.0783866462068,6980.649864501312,12328374.85044054,Cancelled
PO1533,SUPPLIER1533,PROD1533,2026-03-16,1860.814407141461,3228.9768605886106,6008526.662509692,Pending
PO1534,SUPPLIER1534,PROD1534,2025-07-31,102.95741731092268,5914.083479770379,608898.7608383527,Pending
PO1535,SUPPLIER1535,PROD1535,2026-01-29,2232.78104561144,17691.325650753774,39500856.584742494,Cancelled
PO1536,SUPPLIER1536,PROD1536,2026-02-21,351.21730093628645,22271.203453691774,7822031.965608526,Cancelled
PO1537,SUPPLIER1537,PROD1537,2025-04-06,633.4663982864466,23701.98273858293,15014409.637657657,Cancelled
PO1538,SUPPLIER1538,PROD1538,2025-07-19,208.71316036003827,15583.16101098982,3252410.7830030145,Pending
PO1539,SUPPLIER1539,PROD1539,2025-07-19,2082.578730583876,3257.39577306999,6783783.154089384,Pending
PO1540,SUPPLIER1540,PROD1540,2026-04-14,2224.8881874180433,17858.205269605696,39732509.95283237,Pending
PO1541,SUPPLIER1541,PROD1541,2025-03-16,1147.567285170616,1167.7484749154462,1340069.9471208458,Cancelled
PO1542,SUPPLIER1542,PROD1542,2025-01-28,275.47738127939937,3362.301804390315,926238.0961444433,Cancelled
PO1543,SUPPLIER1543,PROD1543,2025-01-01,335.80242088585936,9918.045616776708,3330503.7285700045,Cancelled
PO1544,SUPPLIER1544,PROD1544,2025-01-13,1614.6963816176278,2004.4733217933717,3236615.8197488245,Pending
PO1545,SUPPLIER1545,PROD1545,2025-03-06,940.2123943082942,17368.301768703015,16329892.591021242,Pending
PO1546,SUPPLIER1546,PROD1546,2025-03-14,1295.547004229528,21119.749247299394,27361627.86741756,Cancelled
PO1547,SUPPLIER1547,PROD1547,2025-03-12,1577.7591429604215,8504.055520736976,13417351.350085812,Pending
PO1548,SUPPLIER1548,PROD1548,2025-06-09,1223.885394011416,1923.2377491129453,2353822.590350726,Cancelled
PO1549,SUPPLIER1549,PROD1549,2026-02-02,1940.8033183736352,12319.842737218236,23910391.666234482,Pending
PO1550,SUPPLIER1550,PROD1550,2025-05-16,1515.078585632681,15312.380877959773,23199460.363248203,Pending
PO1551,SUPPLIER1551,PROD1551,2026-06-17,1098.2749341820343,8777.145231513194,9639718.601446308,Cancelled
PO1552,SUPPLIER1552,PROD1552,2025-03-29,451.97289622927366,18647.147413091323,8428005.222709093,Pending
PO1553,SUPPLIER1553,PROD1553,2026-03-16,169.7539364001771,18838.37584376356,3197888.454864872,Pending
PO1554,SUPPLIER1554,PROD1554,2025-01-12,555.4598664082141,20676.639337049954,11485043.323928593,Cancelled
PO1555,SUPPLIER1555,PROD1555,2025-01-05,866.7528048073327,8760.47401101186,7593165.420486274,Pending
PO1556,SUPPLIER1556,PROD1556,2025-11-22,527.470224348672,15055.185955148612,7941162.313373215,Cancelled
PO1557,SUPPLIER1557,PROD1557,2025-06-27,914.1170772128409,6406.093012462065,5855919.020905426,Pending
PO1558,SUPPLIER1558,PROD1558,2025-04-06,318.54528811431044,3212.2212214541332,1023237.9344750091,Cancelled
PO1559,SUPPLIER1559,PROD1559,2025-03-12,1048.8827070571917,15525.466617683478,16284393.45428191,Cancelled
PO1560,SUPPLIER1560,PROD1560,2025-03-16,210.49903863992702,22633.90663116078,4764415.586525213,Pending
PO1561,SUPPLIER1561,PROD1561,2025-10-23,83.34240341877194,18100.817324057287,1508565.6196310783,Pending
PO1562,SUPPLIER1562,PROD1562,2025-01-12,1302.7445272771372,18660.85727384012,24310329.687794976,Cancelled
PO1563,SUPPLIER1563,PROD1563,2026-05-17,914.121958938425,2331.6005538800046,2131367.2657747064,Cancelled
PO1564,SUPPLIER1564,PROD1564,2026-08-06,175.21609215638685,11370.962150643949,1992375.552094017,Pending
PO1565,SUPPLIER1565,PROD1565,2025-08-31,1473.87955716089,6731.430447600692,9921317.727169039,Cancelled
PO1566,SUPPLIER1566,PROD1566,2025-07-20,1657.7507668199232,9608.593385048433,15928653.05212488,Cancelled
PO1567,SUPPLIER1567,PROD1567,2025-04-06,565.041198660186,23540.05391479203,13301100.280539492,Pending
PO1568,SUPPLIER1568,PROD1568,2025-03-12,1276.7480553268651,24636.868231720455,31455073.604193315,Cancelled
PO1569,SUPPLIER1569,PROD1569,2025-03-02,163.48184413048335,6527.765234617766,1067171.0986061697,Pending
PO1570,SUPPLIER1570,PROD1570,2026-05-23,1095.808232809658,18783.765099567707,20583404.439269017,Cancelled
PO1571,SUPPLIER1571,PROD1571,2026-08-18,1658.394677331404,12966.590580676635,21503724.80212965,Cancelled
PO1572,SUPPLIER1572,PROD1572,2026-01-29,2161.396488943133,7748.080719679306,16746674.463562835,Cancelled
PO1573,SUPPLIER1573,PROD1573,2025-08-31,1133.5166847450728,15314.444947061327,17359178.865103886,Pending
PO1574,SUPPLIER1574,PROD1574,2026-03-05,1891.4362582103465,6479.50892905439,12255578.123811165,Pending
PO1575,SUPPLIER1575,PROD1575,2025-08-31,210.91740920236282,25880.43825428868,5458634.98561629,Cancelled
PO1576,SUPPLIER1576,PROD1576,2025-03-02,416.706444978634,13846.240421226114,5769817.622248597,Pending
PO1577,SUPPLIER1577,PROD1577,2025-11-22,2039.634656451863,6005.911906898463,12249866.068907,Cancelled
PO1578,SUPPLIER1578,PROD1578,2026-01-29,2152.6740190083888,1733.7992192663285,3732304.533491654,Cancelled
PO1579,SUPPLIER1579,PROD1579,2025-07-19,1364.5145678083445,3195.177160251456,4359865.781891609,Pending
PO1580,SUPPLIER1580,PROD1580,2026-06-11,1680.7683314375124,15253.689855666993,25637918.846974723,Cancelled
PO1581,SUPPLIER1581,PROD1581,2025-12-06,2383.458235656721,3099.984894431272,7388684.527043647,Cancelled
PO1582,SUPPLIER1582,PROD1582,2025-01-28,706.5857664935593,10834.774998389543,7655697.797022328,Cancelled
PO1583,SUPPLIER1583,PROD1583,2025-01-02,122.57612205417536,22240.576223836,2726163.585768112,Cancelled
PO1584,SUPPLIER1584,PROD1584,2025-04-01,748.9855006951764,16295.16311437372,12204840.90412877,Cancelled
PO1585,SUPPLIER1585,PROD1585,2025-04-29,2110.225560542864,9159.765827747986,19329171.978300866,Pending
PO1586,SUPPLIER1586,PROD1586,2026-04-16,1151.897275466087,21760.9396935547,25066367.144587487,Pending
PO1587,SUPPLIER1587,PROD1587,2025-06-27,1598.0810461248523,10000.211686854882,15981148.753999023,Pending
PO1588,SUPPLIER1588,PROD1588,2026-03-16,677.7836715101766,1971.708529347524,1336391.8461690957,Pending
PO1589,SUPPLIER1589,PROD1589,2025-03-02,1197.2807226023388,2474.5027370937655,2962674.4251490887,Pending
PO1590,SUPPLIER1590,PROD1590,2025-12-06,2107.9795982870073,6123.933855078153,12909127.627763849,Cancelled
PO1591,SUPPLIER1591,PROD1591,2026-04-14,1445.0073417906376,21962.503936111454,31735979.431786828,Pending
PO1592,SUPPLIER1592,PROD1592,2026-03-15,1879.2678659153257,7827.213654806115,14709431.101130785,Cancelled
PO1593,SUPPLIER1593,PROD1593,2025-01-24,177.66225161853077,4711.523667068125,837059.9032453201,Pending
PO1594,SUPPLIER1594,PROD1594,2025-04-06,783.5684325674591,23343.871743357395,18291520.991998352,Pending
PO1595,SUPPLIER1595,PROD1595,2025-01-12,1560.3295587144314,21068.669722927094,32874068.131474935,Pending
PO1596,SUPPLIER1596,PROD1596,2025-03-06,2103.50332779544,14401.168191533836,30292905.21503326,Pending
PO1597,SUPPLIER1597,PROD1597,2026-03-30,858.0379196531587,8141.040619093675,6985321.556619,Cancelled
PO1598,SUPPLIER1598,PROD1598,2025-08-31,2225.110997447585,17698.002254838688,39380019.45009372,Pending
PO1599,SUPPLIER1599,PROD1599,2026-01-29,1325.263038165117,17085.605200053677,22642921.056312855,Cancelled
PO1600,SUPPLIER1600,PROD1600,2025-09-23,913.4406780871487,15317.293908334388,13991439.334089115,Pending
PO1601,SUPPLIER1601,PROD1601,2025-03-16,34.14485951797774,6810.423239548124,232540.94477234158,Cancelled
PO1602,SUPPLIER1602,PROD1602,2025-01-10,746.0516903132917,18059.942281570544,13473650.46612619,Cancelled
PO1603,SUPPLIER1603,PROD1603,2025-01-09,2443.358405275766,10304.28691890815,25177066.053687353,Cancelled
PO1604,SUPPLIER1604,PROD1604,2025-11-08,2068.2638848903744,24724.976588207584,51137776.13214977,Cancelled
PO1605,SUPPLIER1605,PROD1605,2025-01-12,584.5789201786007,10966.773969486465,6410944.884925184,Cancelled
PO1606,SUPPLIER1606,PROD1606,2025-07-19,1593.5426779272357,10052.796998057476,16019561.048943387,Pending
PO1607,SUPPLIER1607,PROD1607,2026-06-08,2378.3088054614036,952.0626420450856,2264298.9649266754,Cancelled
PO1608,SUPPLIER1608,PROD1608,2025-07-19,2078.476102650468,26346.474043319053,54760516.6881395,Pending
PO1609,SUPPLIER1609,PROD1609,2026-06-17,2035.7281021996628,13618.114424651763,27722778.233234186,Cancelled
PO1610,SUPPLIER1610,PROD1610,2026-03-15,1020.1625347959175,17434.902973599445,17786434.811468087,Pending
PO1611,SUPPLIER1611,PROD1611,2025-03-07,635.1039220967612,17359.762292458196,11025253.11860766,Cancelled
PO1612,SUPPLIER1612,PROD1612,2025-01-13,574.0607591802865,10992.888193983217,6310585.742222014,Pending
PO1613,SUPPLIER1613,PROD1613,2025-04-29,1811.8194888514174,17034.087294926685,30862691.33574449,Pending
PO1614,SUPPLIER1614,PROD1614,2025-03-07,380.90836031762234,8922.650722515065,3398712.256400062,Cancelled
PO1615,SUPPLIER1615,PROD1615,2025-12-26,2463.9262990527914,17100.175122693763,42133571.20321345,Pending
PO1616,SUPPLIER1616,PROD1616,2026-04-16,1790.3777773341897,17978.352829344654,32188043.37873192,Cancelled
PO1617,SUPPLIER1617,PROD1617,2025-03-06,678.4314242915912,19465.906208077016,13206282.473872216,Pending
PO1618,SUPPLIER1618,PROD1618,2025-07-01,417.29299159399807,12622.782912422685,5267398.843766462,Cancelled
PO1619,SUPPLIER1619,PROD1619,2025-03-07,2487.1148524906357,9685.705767618269,24089462.67149761,Cancelled
PO1620,SUPPLIER1620,PROD1620,2025-01-05,1111.5918716020292,15442.345386471152,17165585.61007243,Pending
PO1621,SUPPLIER1621,PROD1621,2026-05-23,2192.0900989199504,20120.584904366144,44106134.95333924,Cancelled
PO1622,SUPPLIER1622,PROD1622,2025-05-16,645.2139344066013,23474.838704304268,15146293.03996452,Cancelled
PO1623,SUPPLIER1623,PROD1623,2025-01-05,2329.466211027157,5079.152074890207,11831713.139125213,Pending
PO1624,SUPPLIER1624,PROD1624,2026-04-07,1327.0377757995775,977.412699649454,1297063.574981072,Pending
PO1625,SUPPLIER1625,PROD1625,2025-01-05,1942.4458019894307,10747.153545706204,20875763.288192842,Pending
PO1626,SUPPLIER1626,PROD1626,2025-05-25,151.36172721005806,23875.804071369963,3613882.942771494,Pending
PO1627,SUPPLIER1627,PROD1627,2026-01-29,1435.1016936886472,19631.517925998156,28173224.62527899,Pending
PO1628,SUPPLIER1628,PROD1628,2025-05-25,1194.492985932931,1889.32090326428,2256780.5671256525,Pending
PO1629,SUPPLIER1629,PROD1629,2025-09-06,1555.113339586397,18246.987358255526,28376133.448087517,Cancelled
PO1630,SUPPLIER1630,PROD1630,2025-09-06,1654.8574000037627,14349.56494858254,23746483.74199643,Pending
PO1631,SUPPLIER1631,PROD1631,2026-02-02,121.05278526330432,9860.090594838857,1193591.4294537548,Pending
PO1632,SUPPLIER1632,PROD1632,2025-04-06,1461.3063769270807,9959.897341226057,14554461.498272713,Cancelled
PO1633,SUPPLIER1633,PROD1633,2025-02-23,1734.4292514802826,15507.66931472814,26896955.281747676,Cancelled
PO1634,SUPPLIER1634,PROD1634,2026-04-09,828.109083704449,6671.342982669918,5524599.7244568905,Pending
PO1635,SUPPLIER1635,PROD1635,2025-04-06,1176.0983631968138,10838.698750467012,12747375.859607603,Pending
PO1636,SUPPLIER1636,PROD1636,2026-04-14,975.3715114371505,11393.218653112444,11112620.897820221,Pending
PO1637,SUPPLIER1637,PROD1637,2025-04-06,2095.4647329302616,17446.013977907875,36557507.02091433,Cancelled
PO1638,SUPPLIER1638,PROD1638,2025-07-20,1535.4357459353962,7740.485244268453,11885017.73493526,Cancelled
PO1639,SUPPLIER1639,PROD1639,2025-07-01,1023.5781896788781,6943.742556460822,7107463.435538353,Cancelled
PO1640,SUPPLIER1640,PROD1640,2026-01-13,592.8959066144336,4770.735376604881,2828549.476329702,Pending
PO1641,SUPPLIER1641,PROD1641,2025-06-27,1573.5939994794667,10168.941419760835,16001785.199193858,Cancelled
PO1642,SUPPLIER1642,PROD1642,2025-05-16,1858.9186500557219,2768.603014280878,5146607.777847213,Cancelled
PO1643,SUPPLIER1643,PROD1643,2025-01-24,2192.477205332493,17426.16960248206,38206479.62969991,Pending
PO1644,SUPPLIER1644,PROD1644,2026-03-15,2342.0647513045637,2516.7708049902744,5894440.189480133,Pending
PO1645,SUPPLIER1645,PROD1645,2025-12-18,823.8939509531497,15248.479753194035,12563130.229888141,Cancelled
PO1646,SUPPLIER1646,PROD1646,2026-04-16,486.6855234783978,18181.36172238635,8848605.547409706,Cancelled
PO1647,SUPPLIER1647,PROD1647,2026-02-10,797.1935144454832,12515.393174723915,9977190.26962517,Pending
PO1648,SUPPLIER1648,PROD1648,2026-01-13,1875.7140082532449,17404.21418312879,32645328.34593448,Cancelled
PO1649,SUPPLIER1649,PROD1649,2025-05-14,1031.1417152999186,12688.876269746592,13084029.642014934,Cancelled
PO1650,SUPPLIER1650,PROD1650,2026-03-30,272.945853900602,4661.359040049022,1272298.6235234707,Cancelled
PO1651,SUPPLIER1651,PROD1651,2025-10-23,1805.6571107770753,7074.1803050702065,12773543.970769158,Pending
PO1652,SUPPLIER1652,PROD1652,2025-04-06,1514.48163495167,23817.892195063454,36071760.31268232,Pending
PO1653,SUPPLIER1653,PROD1653,2026-04-07,529.8589843269242,20282.026606380517,10746614.017748434,Pending
PO1654,SUPPLIER1654,PROD1654,2026-03-30,1439.1018123994022,26434.45487446644,38041871.919634864,Cancelled
PO1655,SUPPLIER1655,PROD1655,2025-07-19,228.11228931685548,23335.464889623563,5323106.318245133,Pending
PO1656,SUPPLIER1656,PROD1656,2026-03-30,713.0002182909918,1822.0556597485468,1299126.083139051,Cancelled
PO1657,SUPPLIER1657,PROD1657,2025-06-02,708.513055848965,6610.1781530179915,4683397.522900845,Cancelled
PO1658,SUPPLIER1658,PROD1658,2026-08-18,356.05011045500976,18981.35661452595,6758314.119187894,Cancelled
PO1659,SUPPLIER1659,PROD1659,2026-04-07,1587.8899795593777,11488.270067536152,18242108.92271259,Pending
PO1660,SUPPLIER1660,PROD1660,2025-06-09,2486.681615508612,19122.38906095188,47551293.32247203,Cancelled
PO1661,SUPPLIER1661,PROD1661,2025-07-19,730.491086510643,7672.371500007725,5604598.993153935,Pending
PO1662,SUPPLIER1662,PROD1662,2025-03-02,243.15561899736693,13889.443359823768,3377296.197686816,Pending
PO1663,SUPPLIER1663,PROD1663,2025-06-09,2367.6963743579286,10454.832987127756,24753870.15814006,Cancelled
PO1664,SUPPLIER1664,PROD1664,2025-01-12,1076.6450970260903,7111.719435680694,7656797.861850773,Cancelled
PO1665,SUPPLIER1665,PROD1665,2025-11-23,1228.9431793601807,17639.726205765844,21678221.206356972,Cancelled
PO1666,SUPPLIER1666,PROD1666,2025-03-12,2175.6015580539874,26463.898559866404,57574898.939028025,Cancelled
PO1667,SUPPLIER1667,PROD1667,2025-09-03,1419.0380865380528,2979.1142455216145,4227476.578543247,Cancelled
PO1668,SUPPLIER1668,PROD1668,2025-09-12,2349.158514036165,2892.570570115059,6795106.782236234,Cancelled
PO1669,SUPPLIER1669,PROD1669,2025-07-19,137.63945987388178,10245.055067093988,1410123.8458129922,Cancelled
PO1670,SUPPLIER1670,PROD1670,2025-10-23,856.6444157438035,8095.319331326012,6934810.09884329,Pending
PO1671,SUPPLIER1671,PROD1671,2026-03-16,2327.4691061076796,10097.3920362503,23501368.01663029,Pending
PO1672,SUPPLIER1672,PROD1672,2025-01-28,622.753195066832,5191.4826045558875,3233012.379121057,Cancelled
PO1673,SUPPLIER1673,PROD1673,2026-02-10,2208.812814870804,9949.411219631345,21976387.00234107,Pending
PO1674,SUPPLIER1674,PROD1674,2026-04-16,2026.2118830170384,12530.435585029407,25389317.48176614,Pending
PO1675,SUPPLIER1675,PROD1675,2025-01-24,1254.371004780858,24146.130043973113,30288205.404827815,Pending
PO1676,SUPPLIER1676,PROD1676,2025-10-26,1299.0636851831,4252.658422362807,5524474.121979577,Cancelled
PO1677,SUPPLIER1677,PROD1677,2025-07-19,1479.1535687989317,23580.935272705683,34879824.56423922,Cancelled
PO1678,SUPPLIER1678,PROD1678,2025-01-05,465.3541050138727,5344.113340804933,2486905.0808029766,Pending
PO1679,SUPPLIER1679,PROD1679,2026-03-15,2323.8807610735366,16403.303424001526,38119321.245088816,Pending
PO1680,SUPPLIER1680,PROD1680,2025-07-19,572.7371870227122,17693.003711889472,10133441.175929982,Pending
PO1681,SUPPLIER1681,PROD1681,2025-03-09,151.32479055828102,25068.498273404468,3793485.2508335607,Cancelled
PO1682,SUPPLIER1682,PROD1682,2026-06-16,1770.0836537186578,6286.986804631944,11128492.574023902,Pending
PO1683,SUPPLIER1683,PROD1683,2025-12-26,377.12026341594037,5954.8817704079065,2245706.5818670113,Pending
PO1684,SUPPLIER1684,PROD1684,2026-02-19,1158.4341055241582,968.7632855592019,1122248.4301714187,Cancelled
PO1685,SUPPLIER1685,PROD1685,2026-08-06,1452.4206125966364,18593.261697934817,27005236.545484062,Cancelled
PO1686,SUPPLIER1686,PROD1686,2025-03-09,2439.2059080711083,8925.545035225736,21771242.182677362,Cancelled
PO1687,SUPPLIER1687,PROD1687,2026-06-16,1976.083952277025,15569.9071036999,30767443.566065423,Pending
PO1688,SUPPLIER1688,PROD1688,2025-03-12,197.85184024048266,5673.01539846318,1122416.536298535,Cancelled
PO1689,SUPPLIER1689,PROD1689,2025-07-19,2344.8075932253505,11419.430814845813,26776368.084962014,Pending
PO1690,SUPPLIER1690,PROD1690,2026-04-16,260.9187788321503,18824.874218902238,4911763.192864801,Cancelled
PO1691,SUPPLIER1691,PROD1691,2026-03-30,670.1986506589654,21038.09091828357,14099700.145874284,Cancelled
PO1692,SUPPLIER1692,PROD1692,2026-05-17,1333.7124789262114,3209.6051219271126,4280690.403539674,Pending
PO1693,SUPPLIER1693,PROD1693,2026-04-14,1264.2185530143247,15416.097725255051,19489316.759349365,Pending
PO1694,SUPPLIER1694,PROD1694,2026-03-15,1930.7852711686546,7543.405074008918,14564695.411355313,Pending
PO1695,SUPPLIER1695,PROD1695,2025-06-09,1604.990705227528,20453.214083298164,32827218.495722327,Cancelled
PO1696,SUPPLIER1696,PROD1696,2025-04-06,850.5143797905635,12748.593070160712,10842861.728270013,Pending
PO1697,SUPPLIER1697,PROD1697,2026-08-06,2064.776430567746,8828.761181271997,18229417.99820187,Cancelled
PO1698,SUPPLIER1698,PROD1698,2025-04-29,546.9764593498082,14903.4625524763,8151843.179005942,Pending
PO1699,SUPPLIER1699,PROD1699,2025-03-02,2370.8500220846695,20814.97561494656,49349185.39638791,Pending
PO1700,SUPPLIER1700,PROD1700,2025-03-07,585.1411168664167,5511.133931059653,3224791.063620651,Pending
PO1701,SUPPLIER1701,PROD1701,2025-10-23,1425.0582261702182,21190.640134788595,30197896.04189327,Pending
PO1702,SUPPLIER1702,PROD1702,2026-02-16,1533.857598042786,6655.2428710474815,10208194.844576266,Cancelled
PO1703,SUPPLIER1703,PROD1703,2026-03-16,554.3079742440256,5501.1580583299965,3049335.779309097,Pending
PO1704,SUPPLIER1704,PROD1704,2025-03-16,1209.9447437051222,18103.579418652578,21904330.75984692,Cancelled
PO1705,SUPPLIER1705,PROD1705,2025-03-12,1467.2748204634693,9723.253879577322,14266685.590477545,Cancelled
PO1706,SUPPLIER1706,PROD1706,2025-10-23,1185.6772299144723,23074.670176736654,27359111.016343202,Pending
PO1707,SUPPLIER1707,PROD1707,2025-05-16,2127.471727480747,1191.3961747979558,2534661.6781113613,Cancelled
PO1708,SUPPLIER1708,PROD1708,2025-03-02,241.28547300997494,2756.9584011688316,665214.0118948458,Cancelled
PO1709,SUPPLIER1709,PROD1709,2026-04-14,654.6151629938367,22031.321656602428,14422037.217206443,Pending
PO1710,SUPPLIER1710,PROD1710,2026-04-09,732.2035854102647,17617.796001622683,12899813.399414754,Pending
PO1711,SUPPLIER1711,PROD1711,2026-03-16,643.6395996507696,6403.436383934507,4121505.2305447776,Cancelled
PO1712,SUPPLIER1712,PROD1712,2025-03-14,1662.3107287089829,21478.354824719172,35703699.66014902,Pending
PO1713,SUPPLIER1713,PROD1713,2025-09-23,646.2484642514737,9856.023374776521,6369439.969575954,Cancelled
PO1714,SUPPLIER1714,PROD1714,2025-12-30,2490.821480912301,8226.466400427431,20490659.22218794,Cancelled
PO1715,SUPPLIER1715,PROD1715,2025-05-16,1533.4144181427296,14487.83489293973,22215854.912505113,Cancelled
PO1716,SUPPLIER1716,PROD1716,2026-03-16,415.12404228403824,19616.797682500215,8143404.350627643,Pending
PO1717,SUPPLIER1717,PROD1717,2025-04-06,194.0620325185211,10309.422815201593,2000667.545610835,Cancelled
PO1718,SUPPLIER1718,PROD1718,2026-04-14,944.3705566318071,15428.65639364482,14570368.826547248,Pending
PO1719,SUPPLIER1719,PROD1719,2025-01-13,1282.0101033563515,20980.642383618604,26897395.510705534,Cancelled
PO1720,SUPPLIER1720,PROD1720,2025-07-31,126.43192347973758,11571.550960533003,1463013.4455839924,Pending
PO1721,SUPPLIER1721,PROD1721,2025-01-12,336.2843721173218,15540.525932633334,5226036.005628558,Cancelled
PO1722,SUPPLIER1722,PROD1722,2025-09-07,2199.207712140679,2879.5910143171964,6332818.766497379,Pending
PO1723,SUPPLIER1723,PROD1723,2025-10-23,1471.3351184496316,15365.278306531727,22607473.577152412,Pending
PO1724,SUPPLIER1724,PROD1724,2025-01-05,1638.844846704462,26270.96926616829,43054042.59979121,Pending
PO1725,SUPPLIER1725,PROD1725,2025-05-25,1287.6155239774212,14687.663956469594,18912064.12131388,Pending
PO1726,SUPPLIER1726,PROD1726,2026-05-23,531.5469288988006,1864.9001215143082,991281.9322939307,Cancelled
PO1727,SUPPLIER1727,PROD1727,2025-07-31,1691.3831952951855,19540.713056493547,33050833.687838405,Pending
PO1728,SUPPLIER1728,PROD1728,2025-03-14,1883.0112076065363,14231.276979835617,26797654.051583365,Cancelled
PO1729,SUPPLIER1729,PROD1729,2025-03-12,2230.828626127144,1952.5030831701315,4355699.770537438,Pending
PO1730,SUPPLIER1730,PROD1730,2025-01-13,39.54381484883053,11973.27705850885,473469.0511354242,Cancelled
PO1731,SUPPLIER1731,PROD1731,2025-11-18,462.0420251590731,16939.530323561252,7826774.89594177,Pending
PO1732,SUPPLIER1732,PROD1732,2026-02-02,1518.8136677638922,17880.783110926048,27157577.77919625,Pending
PO1733,SUPPLIER1733,PROD1733,2025-12-26,513.8322779500935,22335.499307798138,11476700.488478653,Pending
PO1734,SUPPLIER1734,PROD1734,2025-12-26,2247.1335770581027,20213.407852447992,45422227.492005795,Pending
PO1735,SUPPLIER1735,PROD1735,2025-01-13,1015.0430159320493,5838.976406805998,5926812.221920441,Cancelled
PO1736,SUPPLIER1736,PROD1736,2025-06-27,635.9773533338769,11916.586848694864,7578679.364806243,Pending
PO1737,SUPPLIER1737,PROD1737,2025-07-31,1758.4871775153563,23336.562230764786,41037045.45008904,Pending
PO1738,SUPPLIER1738,PROD1738,2026-02-10,1972.5087945220998,6066.34194047843,11965912.828171963,Pending
PO1739,SUPPLIER1739,PROD1739,2025-09-03,1690.7391468484918,10297.91579947952,17411089.37312961,Cancelled
PO1740,SUPPLIER1740,PROD1740,2026-03-30,615.8643280608453,5268.0726463794845,3244418.02053822,Cancelled
PO1741,SUPPLIER1741,PROD1741,2026-06-16,1055.525044986488,26025.126801410017,27470173.13783736,Pending
PO1742,SUPPLIER1742,PROD1742,2025-03-02,1459.1627411134657,4784.977091848039,6982060.289506124,Pending
PO1743,SUPPLIER1743,PROD1743,2026-02-10,1524.1889208083994,22085.932619965868,33663133.8050728,Pending
PO1744,SUPPLIER1744,PROD1744,2025-03-12,356.63774185478167,19476.327912478133,6945993.606329455,Cancelled
PO1745,SUPPLIER1745,PROD1745,2025-01-13,1329.0554354528424,11658.591552800215,15494914.47297372,Cancelled
PO1746,SUPPLIER1746,PROD1746,2025-05-25,1519.465007696109,3600.993965513412,5471584.323522479,Pending
PO1747,SUPPLIER1747,PROD1747,2026-03-30,544.8415047270134,20711.049425005072,11284239.33319531,Pending
PO1748,SUPPLIER1748,PROD1748,2026-04-14,2290.9882247990467,15016.401883303095,34402399.89349762,Pending
PO1749,SUPPLIER1749,PROD1749,2026-02-02,243.48337816451698,10477.527704168391,2551103.8402232355,Pending
PO1750,SUPPLIER1750,PROD1750,2025-03-16,1552.822383911191,12802.790234463891,19880459.252595138,Cancelled
PO1751,SUPPLIER1751,PROD1751,2026-05-17,1462.1585778360254,10691.704463522205,15632967.393026711,Cancelled
PO1752,SUPPLIER1752,PROD1752,2026-05-23,2498.4369728531206,6672.109969955214,16669846.23587803,Pending
PO1753,SUPPLIER1753,PROD1753,2026-01-29,675.229122535491,16687.417214191722,11267830.082922325,Cancelled
PO1754,SUPPLIER1754,PROD1754,2025-07-19,1563.257185336784,10047.245891994822,15706429.333506392,Pending
PO1755,SUPPLIER1755,PROD1755,2026-06-08,2141.229803598595,15351.078156287991,32870186.065615218,Pending
PO1756,SUPPLIER1756,PROD1756,2026-04-07,720.5883752007993,2541.902421847721,1831665.336078226,Pending
PO1757,SUPPLIER1757,PROD1757,2026-04-07,1330.2854216648516,18354.177608130052,24416294.898742862,Pending
PO1758,SUPPLIER1758,PROD1758,2025-12-30,1397.8114549887187,2913.442916538386,4072443.882193097,Cancelled
PO1759,SUPPLIER1759,PROD1759,2026-03-30,1961.3474647150836,5858.226964745924,11490018.605029957,Pending
PO1760,SUPPLIER1760,PROD1760,2025-05-25,964.5258521777193,2661.0208589605772,2566623.4116516374,Pending
PO1761,SUPPLIER1761,PROD1761,2025-08-03,1897.7868177563532,15695.33413749776,29786398.226424534,Pending
PO1762,SUPPLIER1762,PROD1762,2026-05-17,668.1746929419296,6343.607694209415,4238638.123222438,Pending
PO1763,SUPPLIER1763,PROD1763,2026-04-14,1234.9526512101645,17305.724160600046,21371749.933244824,Pending
PO1764,SUPPLIER1764,PROD1764,2025-12-18,1991.6311170900276,6951.571351137501,13844965.815597013,Pending
PO1765,SUPPLIER1765,PROD1765,2025-07-19,2370.6842982267153,2892.36159192356,6856876.2107672095,Pending
PO1766,SUPPLIER1766,PROD1766,2025-02-23,2396.3601553908543,10805.172534019446,25893084.93264783,Cancelled
PO1767,SUPPLIER1767,PROD1767,2026-05-23,1241.6918315917799,19874.42392507628,24677909.845359456,Pending
PO1768,SUPPLIER1768,PROD1768,2025-01-05,1024.8165454352163,6782.149819128826,6950459.34826368,Pending
PO1769,SUPPLIER1769,PROD1769,2026-04-07,1813.117976705818,5047.481661901927,9151679.73828734,Pending
PO1770,SUPPLIER1770,PROD1770,2025-01-24,1980.2423932164536,22569.728512519036,44693533.203876324,Pending
PO1771,SUPPLIER1771,PROD1771,2025-10-23,1027.3174321153635,27615.35335241903,28369733.892965514,Pending
PO1772,SUPPLIER1772,PROD1772,2026-01-13,2309.5894125879536,15571.674537845876,35964174.64887425,Cancelled
PO1773,SUPPLIER1773,PROD1773,2026-06-16,2456.9606522818035,9447.34553161056,23211756.239677463,Pending
PO1774,SUPPLIER1774,PROD1774,2026-01-13,1478.8969941164469,4033.2923815613544,5964823.979483852,Cancelled
PO1775,SUPPLIER1775,PROD1775,2025-03-12,56.633571731233346,19275.509945783982,1091640.975170659,Cancelled
PO1776,SUPPLIER1776,PROD1776,2025-01-09,2264.0502246845767,8998.051702860854,20372040.979585554,Cancelled
PO1777,SUPPLIER1777,PROD1777,2025-11-24,26.289598461828035,12036.169547271003,316426.06441623723,Pending
PO1778,SUPPLIER1778,PROD1778,2026-05-19,536.2948824627791,15617.586910978205,8375631.936775294,Pending
PO1779,SUPPLIER1779,PROD1779,2025-01-05,497.3007850289244,21903.372021517065,10892564.101081016,Pending
PO1780,SUPPLIER1780,PROD1780,2026-08-06,854.4847930405685,20409.392474602755,17439515.50474467,Pending
PO1781,SUPPLIER1781,PROD1781,2025-03-12,884.6379842461591,17837.21585728069,15779478.680548416,Cancelled
PO1782,SUPPLIER1782,PROD1782,2025-03-09,1944.8066735175578,9604.836766074824,18679550.640709117,Cancelled
PO1783,SUPPLIER1783,PROD1783,2026-03-16,2171.3647798113875,25318.024523332646,54974666.7443655,Pending
PO1784,SUPPLIER1784,PROD1784,2025-01-26,1171.801262377494,1958.984889280289,2295540.966237078,Pending
PO1785,SUPPLIER1785,PROD1785,2025-07-20,150.18341507059552,18117.588350608137,2720961.291337568,Cancelled
PO1786,SUPPLIER1786,PROD1786,2026-08-06,640.415093529734,8974.596731521155,5747467.205208765,Cancelled
PO1787,SUPPLIER1787,PROD1787,2025-01-09,1228.8148084952293,3345.507974997377,4111009.741615664,Cancelled
PO1788,SUPPLIER1788,PROD1788,2025-01-05,2306.720612264225,17292.397063204375,39888728.741150886,Pending
PO1789,SUPPLIER1789,PROD1789,2025-04-06,332.4309247150419,5827.606920724917,1937276.757532362,Cancelled
PO1790,SUPPLIER1790,PROD1790,2025-09-03,1093.5704999628622,16155.307756095739,17666967.979887523,Pending
PO1791,SUPPLIER1791,PROD1791,2026-06-17,2089.3722724843897,1138.5211071673573,2378794.4329537046,Cancelled
PO1792,SUPPLIER1792,PROD1792,2026-03-16,242.36751820419235,10666.810355889342,2585288.3531116773,Cancelled
PO1793,SUPPLIER1793,PROD1793,2025-09-03,806.2392257607639,11532.054242725631,9297594.484086245,Pending
PO1794,SUPPLIER1794,PROD1794,2025-12-18,2326.0309092069992,11976.429363639923,27857544.881760776,Pending
PO1795,SUPPLIER1795,PROD1795,2026-08-18,2130.430208478484,23352.187083087836,49750204.79585138,Cancelled
PO1796,SUPPLIER1796,PROD1796,2026-03-15,1414.1825203006463,11789.264609402619,16672171.93781621,Pending
PO1797,SUPPLIER1797,PROD1797,2025-10-23,1314.3619517588522,7987.063222908453,10497892.006483303,Pending
PO1798,SUPPLIER1798,PROD1798,2026-04-09,974.1218122316469,3843.1986037503643,3743743.58865144,Pending
PO1799,SUPPLIER1799,PROD1799,2026-05-17,545.0339281474144,20870.65699567313,11375216.16536904,Pending
PO1800,SUPPLIER1800,PROD1800,2025-03-02,996.9677347856971,17800.36168741063,17746386.269863885,Pending
PO1801,SUPPLIER1801,PROD1801,2026-04-09,1539.54067777755,1057.0603394999196,1627387.3915254732,Pending
PO1802,SUPPLIER1802,PROD1802,2026-05-17,35.90820937544134,22902.30710959503,822380.8388719971,Cancelled
PO1803,SUPPLIER1803,PROD1803,2025-03-02,1332.5088185861025,13977.064151021317,18624561.23917958,Cancelled
PO1804,SUPPLIER1804,PROD1804,2026-02-10,208.92434267302858,7058.993022666221,1474795.4771940354,Cancelled
PO1805,SUPPLIER1805,PROD1805,2026-01-29,2370.126507759621,15162.272039181953,35936502.87792767,Cancelled
PO1806,SUPPLIER1806,PROD1806,2025-05-14,322.2517594957366,4061.213318960392,1308733.1377225064,Cancelled
PO1807,SUPPLIER1807,PROD1807,2026-08-06,1818.8282225619218,17324.05472353976,31509479.66038129,Cancelled
PO1808,SUPPLIER1808,PROD1808,2025-06-09,199.94065876987656,18956.699451999943,3790214.9765354265,Cancelled
PO1809,SUPPLIER1809,PROD1809,2025-06-09,940.8522984799206,15506.547941049525,14589371.271825526,Pending
PO1810,SUPPLIER1810,PROD1810,2026-05-23,83.97770426751646,23275.14565993476,1954593.2990133704,Pending
PO1811,SUPPLIER1811,PROD1811,2025-02-23,918.6813796230903,20081.004894504862,18448045.280701756,Cancelled
PO1812,SUPPLIER1812,PROD1812,2025-02-15,1488.3307581071563,18267.087096065658,27187467.586096853,Pending
PO1813,SUPPLIER1813,PROD1813,2025-04-06,828.7669534349565,23976.659973734353,19871063.439977683,Pending
PO1814,SUPPLIER1814,PROD1814,2026-03-30,1548.7651614969564,6524.869865132946,10105491.13041925,Cancelled
PO1815,SUPPLIER1815,PROD1815,2025-05-26,1132.2698678649413,12767.668229616329,14456446.01929109,Pending
PO1816,SUPPLIER1816,PROD1816,2025-03-12,203.585404797003,12708.613153951603,2587288.153355754,Pending
PO1817,SUPPLIER1817,PROD1817,2026-04-14,499.62736463356447,13885.431043848126,6937541.3192389235,Pending
PO1818,SUPPLIER1818,PROD1818,2025-01-05,537.753125304219,12476.562094211058,6709310.259214148,Pending
PO1819,SUPPLIER1819,PROD1819,2026-04-14,987.6759589079855,10865.142702058136,10731240.23692737,Pending
PO1820,SUPPLIER1820,PROD1820,2025-01-01,491.07729190341394,3228.6685923081313,1585525.8287642847,Cancelled
PO1821,SUPPLIER1821,PROD1821,2025-01-24,445.59614834846013,852.317512658924,379789.40081075643,Pending
PO1822,SUPPLIER1822,PROD1822,2026-04-16,852.8735628816754,4348.637086928658,3708837.606008235,Cancelled
PO1823,SUPPLIER1823,PROD1823,2025-01-12,27.783821798938863,9169.683800442333,254768.86066410627,Cancelled
PO1824,SUPPLIER1824,PROD1824,2025-03-06,239.58687816072364,7511.401637388854,1799633.2689133435,Pending
PO1825,SUPPLIER1825,PROD1825,2025-06-09,304.22339038785606,20627.584902812352,6275393.814646928,Pending
PO1826,SUPPLIER1826,PROD1826,2026-01-29,1771.3774104568017,15168.181857959471,26868574.700890087,Cancelled
PO1827,SUPPLIER1827,PROD1827,2025-11-22,624.3057479624176,4042.947665177569,2524035.4660815923,Cancelled
PO1828,SUPPLIER1828,PROD1828,2025-05-25,1109.8734564212043,22117.652645095837,24547795.58913611,Pending
PO1829,SUPPLIER1829,PROD1829,2025-01-28,2286.834152233797,17568.24109866636,40175653.73910763,Cancelled
PO1830,SUPPLIER1830,PROD1830,2025-05-16,503.0093101749544,7011.504627630956,3526852.106033148,Pending
PO1831,SUPPLIER1831,PROD1831,2025-07-20,2261.157364629283,12223.872458474752,27640099.23376925,Cancelled
PO1832,SUPPLIER1832,PROD1832,2025-10-23,215.10256698188317,18533.999521146063,3986710.8734395117,Pending
PO1833,SUPPLIER1833,PROD1833,2025-11-27,1390.395142236551,5580.290530858321,7758808.846374034,Cancelled
PO1834,SUPPLIER1834,PROD1834,2025-01-28,2356.142389834634,15288.59089899687,36022097.09796652,Cancelled
PO1835,SUPPLIER1835,PROD1835,2025-03-12,1176.9392192126832,11048.375966515514,13003266.983598942,Cancelled
PO1836,SUPPLIER1836,PROD1836,2025-10-25,2086.255698489385,1747.019450996768,3644729.285013804,Cancelled
PO1837,SUPPLIER1837,PROD1837,2025-06-27,1341.9741636002639,2357.9011392837947,3164242.4092424796,Pending
PO1838,SUPPLIER1838,PROD1838,2026-04-07,140.87847171655363,21885.500124302755,3083195.8102642167,Pending
PO1839,SUPPLIER1839,PROD1839,2026-03-17,409.77779395442013,4240.22666068968,1737550.7268841346,Pending
PO1840,SUPPLIER1840,PROD1840,2025-12-30,190.35095433529628,8989.587567893725,1711176.5726292855,Cancelled
PO1841,SUPPLIER1841,PROD1841,2025-01-10,60.2936016844185,13572.81872262194,818354.1257965851,Cancelled
PO1842,SUPPLIER1842,PROD1842,2026-01-13,1701.991549128613,22958.4226322126,39075041.30134894,Cancelled
PO1843,SUPPLIER1843,PROD1843,2025-03-02,2044.154029551237,9903.419971121068,20244115.840305325,Pending
PO1844,SUPPLIER1844,PROD1844,2025-03-09,787.4611863785956,17087.71128578876,13455909.401602132,Cancelled
PO1845,SUPPLIER1845,PROD1845,2025-07-01,2170.3924139214078,1906.7753172637501,4138450.6836418286,Cancelled
PO1846,SUPPLIER1846,PROD1846,2025-03-12,1158.9911465519008,6579.909901072219,7626057.320451896,Cancelled
PO1847,SUPPLIER1847,PROD1847,2025-05-26,1454.18054248223,896.613019978759,1303837.2077893424,Cancelled
PO1848,SUPPLIER1848,PROD1848,2026-03-16,1078.0515685094067,1054.3345805984047,1136627.0483478177,Pending
PO1849,SUPPLIER1849,PROD1849,2026-06-11,1318.1700984477316,1826.947763011992,2408227.9126283806,Pending
PO1850,SUPPLIER1850,PROD1850,2026-08-06,2083.5357131105843,2581.9828574872427,5379653.494213986,Cancelled
PO1851,SUPPLIER1851,PROD1851,2026-01-29,2073.5801826749225,17544.821581076878,36380594.33908831,Pending
PO1852,SUPPLIER1852,PROD1852,2025-05-16,1419.3870084897467,2071.259004402639,2939918.122066513,Cancelled
PO1853,SUPPLIER1853,PROD1853,2026-06-11,1662.0331452863104,9900.477949733828,16454922.506633876,Cancelled
PO1854,SUPPLIER1854,PROD1854,2025-03-07,1598.975618738501,3691.153577463418,5902064.575383401,Cancelled
PO1855,SUPPLIER1855,PROD1855,2025-12-26,2069.1388420185704,9288.431649382856,19219054.70717268,Pending
PO1856,SUPPLIER1856,PROD1856,2025-03-01,910.8368155897057,13035.948043129203,11873621.403796658,Cancelled
PO1857,SUPPLIER1857,PROD1857,2026-08-06,1567.621464121372,7252.791151424207,11369631.083762147,Pending
PO1858,SUPPLIER1858,PROD1858,2026-08-06,2087.0656371267155,17419.681827701603,36356019.35227671,Cancelled
PO1859,SUPPLIER1859,PROD1859,2025-12-18,1556.1680800105373,5563.5959899836635,8657890.489687202,Pending
PO1860,SUPPLIER1860,PROD1860,2026-02-02,2179.1810972301987,6747.10433187247,14703162.221056474,Pending
PO1861,SUPPLIER1861,PROD1861,2025-03-09,379.7703011775976,24979.679461829608,9486540.392538879,Pending
PO1862,SUPPLIER1862,PROD1862,2025-09-03,2357.091069889344,16042.11647457098,37812729.48433598,Cancelled
PO1863,SUPPLIER1863,PROD1863,2025-08-31,633.8447371796767,4664.229532316845,2956397.3420570567,Pending
PO1864,SUPPLIER1864,PROD1864,2026-04-07,1201.4513069482184,18939.183806921934,22754507.137358893,Pending
PO1865,SUPPLIER1865,PROD1865,2026-01-13,2015.0169885310224,10703.15650442192,21567042.187316485,Cancelled
PO1866,SUPPLIER1866,PROD1866,2025-10-23,1255.9441813501935,3537.4253912280287,4442808.837073275,Pending
PO1867,SUPPLIER1867,PROD1867,2025-01-20,192.8755611653605,7065.257438127831,1362715.4931566427,Cancelled
PO1868,SUPPLIER1868,PROD1868,2026-05-19,793.529467430298,12344.954494305799,9796085.165317746,Pending
PO1869,SUPPLIER1869,PROD1869,2026-03-30,2111.230566331746,1149.7050567215333,2427292.458016675,Pending
PO1870,SUPPLIER1870,PROD1870,2025-12-26,680.9663844293576,17935.32510363976,12213353.48939066,Cancelled
PO1871,SUPPLIER1871,PROD1871,2025-12-26,245.65052409359174,26360.182398388206,6475392.621366735,Pending
PO1872,SUPPLIER1872,PROD1872,2025-09-29,1715.5601397495072,2786.0797889780956,4779687.432132539,Cancelled
PO1873,SUPPLIER1873,PROD1873,2025-03-07,1278.5395045756427,4750.375086960027,6073542.210230349,Pending
PO1874,SUPPLIER1874,PROD1874,2025-07-20,2108.7988146239586,15259.184106996136,32178549.3569622,Cancelled
PO1875,SUPPLIER1875,PROD1875,2025-09-06,1295.8426425978093,16157.235213769078,20937234.376484904,Cancelled
PO1876,SUPPLIER1876,PROD1876,2025-03-09,1385.15289358079,13432.284134113208,18605767.235766247,Cancelled
PO1877,SUPPLIER1877,PROD1877,2025-04-06,2256.236327148401,2883.260792335049,6505317.740309019,Pending
PO1878,SUPPLIER1878,PROD1878,2025-07-31,418.24469863298634,22206.979819256292,9287951.582053658,Pending
PO1879,SUPPLIER1879,PROD1879,2026-04-19,529.5208558330244,5394.099776270696,2856288.329979584,Pending
PO1880,SUPPLIER1880,PROD1880,2025-04-04,2266.9377911165166,17920.643024465873,40624982.91327028,Cancelled
PO1881,SUPPLIER1881,PROD1881,2025-01-12,1894.5578513574983,24321.14277240904,46077811.99345422,Pending
PO1882,SUPPLIER1882,PROD1882,2025-01-13,2187.6254731143863,5995.938853411973,13116868.570960298,Cancelled
PO1883,SUPPLIER1883,PROD1883,2025-03-02,268.983435693608,16019.192131366755,4308897.33653104,Pending
PO1884,SUPPLIER1884,PROD1884,2025-03-02,223.8899998921561,20118.62963707376,4504359.9872747725,Pending
PO1885,SUPPLIER1885,PROD1885,2025-02-23,1164.2386211615956,18011.740866482753,20969964.35111384,Cancelled
PO1886,SUPPLIER1886,PROD1886,2025-01-12,1835.7917768299085,25436.903612835988,46696858.480459295,Pending
PO1887,SUPPLIER1887,PROD1887,2025-11-22,1388.7415865352152,20797.675386863615,28882596.712997373,Cancelled
PO1888,SUPPLIER1888,PROD1888,2025-09-06,920.1191371601338,6897.28218613296,6346321.333854621,Cancelled
PO1889,SUPPLIER1889,PROD1889,2025-01-28,1672.2722554443692,17171.129145361163,28714802.864439655,Pending
PO1890,SUPPLIER1890,PROD1890,2026-05-19,582.5634039849598,21287.760689575334,12401470.330536222,Pending
PO1891,SUPPLIER1891,PROD1891,2025-10-29,2368.9027468592153,10570.763004859333,25041109.518609047,Cancelled
PO1892,SUPPLIER1892,PROD1892,2026-08-06,1826.5700321569445,19752.574720019522,36079461.04152851,Cancelled
PO1893,SUPPLIER1893,PROD1893,2026-04-07,2397.633304230106,15139.245934746601,36298360.25407869,Pending
PO1894,SUPPLIER1894,PROD1894,2025-03-12,472.4914788662644,7091.181447080841,3350522.8088402436,Cancelled
PO1895,SUPPLIER1895,PROD1895,2026-03-30,2418.528347813422,6422.232334836001,15532350.95804485,Pending
PO1896,SUPPLIER1896,PROD1896,2025-11-24,1281.3945488857698,5539.3301836216215,7098067.501771157,Cancelled
PO1897,SUPPLIER1897,PROD1897,2025-12-26,1854.89179176017,7499.56652256992,13910884.384474307,Cancelled
PO1898,SUPPLIER1898,PROD1898,2026-06-11,1812.2288432680682,4821.868020100658,8738328.304458305,Pending
PO1899,SUPPLIER1899,PROD1899,2025-01-12,630.0030807843053,6736.302595661356,4243891.388361966,Pending
PO1900,SUPPLIER1900,PROD1900,2025-11-08,1949.650183539611,16264.33649731326,31709766.637136787,Cancelled
PO1901,SUPPLIER1901,PROD1901,2025-08-31,2358.942660725366,20647.290670669143,48705774.79143829,Pending
PO1902,SUPPLIER1902,PROD1902,2025-09-13,1699.4621568514356,8841.442400868007,15025696.772256877,Cancelled
PO1903,SUPPLIER1903,PROD1903,2025-05-16,1470.0945527145946,12786.09853289721,18796773.803684257,Pending
PO1904,SUPPLIER1904,PROD1904,2025-02-04,904.8089085738019,10612.71187016416,9602476.244251465,Cancelled
PO1905,SUPPLIER1905,PROD1905,2025-01-28,1082.1522175904515,2952.6859122177193,3195255.6077544903,Cancelled
PO1906,SUPPLIER1906,PROD1906,2026-05-23,914.3179826536926,17242.286148978084,15764932.28807135,Pending
PO1907,SUPPLIER1907,PROD1907,2025-03-01,2355.4404230524437,11763.372157658448,27707922.291558355,Cancelled
PO1908,SUPPLIER1908,PROD1908,2026-02-10,1789.8370259139817,7305.101334176828,13074940.845963312,Pending
PO1909,SUPPLIER1909,PROD1909,2026-01-13,1405.9519483308716,25846.26952509366,36338612.99589026,Pending
PO1910,SUPPLIER1910,PROD1910,2025-06-27,2020.539322337555,22960.293105117515,46392175.07128578,Pending
PO1911,SUPPLIER1911,PROD1911,2025-05-26,1698.1562298949787,3549.8448635241184,6028191.170154172,Cancelled
PO1912,SUPPLIER1912,PROD1912,2025-01-26,2485.0519200322765,12585.390435418267,31275348.665892012,Pending
PO1913,SUPPLIER1913,PROD1913,2026-04-19,1694.8364124216257,8912.349289011754,15104974.095237108,Pending
PO1914,SUPPLIER1914,PROD1914,2025-10-23,2107.186510751634,4666.781854139002,9833779.771662204,Pending
PO1915,SUPPLIER1915,PROD1915,2026-04-16,714.3953771205453,15615.56284345886,11155685.906502366,Cancelled
PO1916,SUPPLIER1916,PROD1916,2026-05-17,1303.3835136063265,19473.368791945275,25381267.83779742,Pending
PO1917,SUPPLIER1917,PROD1917,2026-01-13,626.16283088904,21081.49399267133,13200447.957821371,Pending
PO1918,SUPPLIER1918,PROD1918,2025-09-03,597.9862733175877,21026.131457273328,12573337.992420577,Cancelled
PO1919,SUPPLIER1919,PROD1919,2025-06-27,2209.1713895696894,10178.484616997004,22486017.005044978,Pending
PO1920,SUPPLIER1920,PROD1920,2026-05-17,258.6600219467478,4418.425584442886,1142870.0586420689,Cancelled
PO1921,SUPPLIER1921,PROD1921,2025-01-05,1718.0135928312568,8512.5765840898,14624722.281483345,Pending
PO1922,SUPPLIER1922,PROD1922,2026-06-11,1131.1579649069704,1764.4679160266953,1995891.9370363997,Cancelled
PO1923,SUPPLIER1923,PROD1923,2026-02-05,1327.621281762051,19560.970314059883,25969560.48086161,Cancelled
PO1924,SUPPLIER1924,PROD1924,2025-11-24,1573.1501436434476,5863.605251642561,9224331.443889968,Pending
PO1925,SUPPLIER1925,PROD1925,2026-06-11,2480.0167849752575,17417.418638545532,43195490.57453382,Pending
PO1926,SUPPLIER1926,PROD1926,2025-11-18,764.3272954386404,11976.794028423212,9154190.587770373,Pending
PO1927,SUPPLIER1927,PROD1927,2025-08-31,2365.254808477797,883.01797843186,2088562.5194583004,Pending
PO1928,SUPPLIER1928,PROD1928,2025-07-20,1477.2614552381415,8847.589710070335,13070203.25044851,Cancelled
PO1929,SUPPLIER1929,PROD1929,2025-03-06,1471.339262484311,5856.086911132206,8616290.596869286,Pending
PO1930,SUPPLIER1930,PROD1930,2025-07-31,1382.003880400213,11307.660856203047,15627231.181522205,Cancelled
PO1931,SUPPLIER1931,PROD1931,2025-09-07,1434.5625311595934,11637.487517999116,16694703.550158985,Pending
PO1932,SUPPLIER1932,PROD1932,2025-03-06,481.8264273362682,23964.401480262233,11546681.948486729,Pending
PO1933,SUPPLIER1933,PROD1933,2025-12-18,1039.7853826738829,8081.066278964601,8402574.593286218,Pending
PO1934,SUPPLIER1934,PROD1934,2025-12-26,1625.9898338281462,17398.701681363033,28290112.055704966,Cancelled
PO1935,SUPPLIER1935,PROD1935,2025-10-23,1466.9360991823587,15046.782326321048,22072668.171019457,Pending
PO1936,SUPPLIER1936,PROD1936,2025-12-26,2378.3071277993654,1802.842616511802,4287713.445150476,Pending
PO1937,SUPPLIER1937,PROD1937,2025-07-01,2174.156922557561,11575.484016515235,25166918.706460997,Cancelled
PO1938,SUPPLIER1938,PROD1938,2026-08-18,1483.074213968161,24987.085739916063,37057702.54308106,Cancelled
PO1939,SUPPLIER1939,PROD1939,2025-05-24,453.29465442994,10364.522956944476,4698182.852099326,Cancelled
PO1940,SUPPLIER1940,PROD1940,2025-11-22,1701.175541761323,13719.678876899941,23339582.146201637,Cancelled
PO1941,SUPPLIER1941,PROD1941,2025-06-27,2056.1433723555183,20749.541191515957,42664031.60035336,Pending
PO1942,SUPPLIER1942,PROD1942,2025-09-07,1405.4199854628605,10951.852640674782,15391952.579048542,Pending
PO1943,SUPPLIER1943,PROD1943,2025-07-19,1552.8915903208717,12413.307946310882,19276521.51788942,Pending
PO1944,SUPPLIER1944,PROD1944,2025-01-28,2108.5297644460256,3737.9337604051243,7881544.591341863,Pending
PO1945,SUPPLIER1945,PROD1945,2025-09-23,1554.5086179386074,13328.44273388037,20719179.09351825,Cancelled
PO1946,SUPPLIER1946,PROD1946,2026-02-19,1108.9919880795546,14799.621333485515,16412661.48544669,Cancelled
PO1947,SUPPLIER1947,PROD1947,2025-01-28,1473.0077031301855,23651.926387769945,34839469.76305323,Pending
PO1948,SUPPLIER1948,PROD1948,2026-05-19,2291.5570451704057,10732.177505404665,24593396.972529408,Pending
PO1949,SUPPLIER1949,PROD1949,2025-09-23,1556.9141347935858,8644.658170424487,13458990.495992742,Cancelled
PO1950,SUPPLIER1950,PROD1950,2025-03-07,1459.2761453324908,11739.19110833166,17130721.549887676,Cancelled
PO1951,SUPPLIER1951,PROD1951,2025-04-06,1504.1009841089256,22393.397774867095,33681931.63072022,Pending
PO1952,SUPPLIER1952,PROD1952,2025-11-08,2187.703333957796,22940.055323128534,50186035.51158458,Cancelled
PO1953,SUPPLIER1953,PROD1953,2026-03-15,2364.526702560513,13331.21760889451,31522020.013875984,Pending
PO1954,SUPPLIER1954,PROD1954,2026-01-13,525.8339294706011,24079.52931968021,12661833.521969995,Cancelled
PO1955,SUPPLIER1955,PROD1955,2025-04-29,1175.6048526583136,14990.40252520882,17622789.951936927,Pending
PO1956,SUPPLIER1956,PROD1956,2026-04-07,1398.8916734608033,2803.9581081887795,3922433.65027819,Pending
PO1957,SUPPLIER1957,PROD1957,2025-03-16,2119.388740840511,13052.608447595563,27663551.38243378,Pending
PO1958,SUPPLIER1958,PROD1958,2025-07-19,1010.1612679299105,11333.388335093423,11448549.93052003,Pending
PO1959,SUPPLIER1959,PROD1959,2025-06-27,443.42941143775585,10940.428682965176,4851307.85176399,Pending
PO1960,SUPPLIER1960,PROD1960,2026-04-16,2479.7293666767787,16769.047131683183,41582698.62362179,Cancelled
PO1961,SUPPLIER1961,PROD1961,2025-12-18,1149.9807216910167,13957.61177634201,16050984.463640818,Cancelled
PO1962,SUPPLIER1962,PROD1962,2026-04-07,575.3373614257125,3156.7374085037663,1816188.9713223984,Pending
PO1963,SUPPLIER1963,PROD1963,2025-02-23,2187.770133696422,15643.151948878984,34223620.630632415,Cancelled
PO1964,SUPPLIER1964,PROD1964,2025-08-31,410.66133029837766,8007.14959424966,3288226.7042726805,Pending
PO1965,SUPPLIER1965,PROD1965,2026-08-06,2237.2227704636525,18482.504643118373,41349480.242784604,Pending
PO1966,SUPPLIER1966,PROD1966,2025-09-03,2198.4302383346867,9799.6160621722,21543772.27514965,Pending
PO1967,SUPPLIER1967,PROD1967,2025-01-26,51.55873090905368,13943.233504122649,718895.4242411612,Pending
PO1968,SUPPLIER1968,PROD1968,2025-05-14,2069.5961962713695,18270.793304443072,37813164.325735785,Cancelled
PO1969,SUPPLIER1969,PROD1969,2026-06-08,1569.3978831577692,13977.655435880259,21936502.852579165,Cancelled
PO1970,SUPPLIER1970,PROD1970,2025-02-15,542.3568991368978,8702.227080219849,4719712.894813177,Pending
PO1971,SUPPLIER1971,PROD1971,2026-04-14,1176.1721340412728,5173.991097127721,6085504.150219258,Pending
PO1972,SUPPLIER1972,PROD1972,2025-12-18,1341.1289099810203,6344.019488983521,8508147.94215882,Cancelled
PO1973,SUPPLIER1973,PROD1973,2026-06-16,553.628357816213,884.1507934324609,489490.95182991505,Pending
PO1974,SUPPLIER1974,PROD1974,2025-03-12,1642.7536885179618,5547.016991130984,9112382.62245223,Cancelled
PO1975,SUPPLIER1975,PROD1975,2025-06-27,518.0525691672773,20202.184795406058,10465793.736052215,Pending
PO1976,SUPPLIER1976,PROD1976,2026-04-16,1687.1749373642594,17845.78219724906,30108956.4608599,Cancelled
PO1977,SUPPLIER1977,PROD1977,2025-01-12,494.9006197712619,9947.913590705612,4923228.601471167,Pending
PO1978,SUPPLIER1978,PROD1978,2026-04-16,2056.0547793025407,7683.835639371359,15798386.989704678,Cancelled
PO1979,SUPPLIER1979,PROD1979,2025-03-16,1528.6254126223077,15957.32257232879,24392768.801473364,Pending
PO1980,SUPPLIER1980,PROD1980,2025-11-24,687.4487806357708,13384.371759280202,9201070.045493022,Pending
PO1981,SUPPLIER1981,PROD1981,2025-01-09,1729.0228712128196,1326.4316749572,2293430.703102127,Cancelled
PO1982,SUPPLIER1982,PROD1982,2026-03-30,1256.1949384443255,6559.217501055681,8239655.824981584,Cancelled
PO1983,SUPPLIER1983,PROD1983,2026-05-19,134.36645087866893,3288.3464254231467,441843.4384436658,Pending
PO1984,SUPPLIER1984,PROD1984,2025-04-29,522.6306448521884,21205.228889426617,11082502.448719287,Pending
PO1985,SUPPLIER1985,PROD1985,2025-09-23,2092.401245524514,15775.24775318942,33008148.04723133,Pending
PO1986,SUPPLIER1986,PROD1986,2025-05-16,1492.8922791259695,3083.8462909980385,4603850.317842229,Pending
PO1987,SUPPLIER1987,PROD1987,2025-01-20,2184.9966432920896,5206.9774284262585,11377228.202809053,Pending
PO1988,SUPPLIER1988,PROD1988,2025-03-01,2069.77235858816,8165.398850171859,16900516.836933255,Cancelled
PO1989,SUPPLIER1989,PROD1989,2025-06-27,867.7150870278789,11149.28570254855,9674403.413685601,Pending
PO1990,SUPPLIER1990,PROD1990,2026-02-02,146.8010490588544,7074.274139335832,1038510.8649844244,Pending
PO1991,SUPPLIER1991,PROD1991,2025-04-29,2472.8142673502452,20521.427461987663,50745678.61439623,Pending
PO1992,SUPPLIER1992,PROD1992,2026-06-17,1127.3191947585779,22631.347417445933,25512752.34693677,Cancelled
PO1993,SUPPLIER1993,PROD1993,2026-01-13,1468.9595399628727,11022.216271366842,16191189.743358327,Pending
PO1994,SUPPLIER1994,PROD1994,2025-10-23,1714.9193129620007,22771.52567966789,39051329.17367262,Pending
PO1995,SUPPLIER1995,PROD1995,2026-01-03,1088.8037067667815,4893.129344550208,5327657.368035578,Cancelled
PO1996,SUPPLIER1996,PROD1996,2026-06-11,361.1783203278575,2018.8046234820567,729148.462979362,Pending
PO1997,SUPPLIER1997,PROD1997,2026-08-06,172.73176230622963,13398.129769295896,2314282.5666580377,Pending
PO1998,SUPPLIER1998,PROD1998,2025-03-14,148.20268569208312,7419.839743211681,1099640.1773488275,Cancelled
PO1999,SUPPLIER1999,PROD1999,2026-03-16,1076.5519202037754,14182.552631881535,15268254.269243175,Pending
PO2000,SUPPLIER2000,PROD2000,2026-05-17,1098.0882687574574,11461.59170845043,12585839.396337163,Pending
