po_id,supplier_id,product_id,po_date,quantity,unit_cost,total_value,order_status
PO00653,SUP0094,PROD0027,2025-08-29,959,13228.932662856985,12686546.42367985,Partially Received
PO01837,SUP0063,PROD0117,2025-09-12,2183,10690.170730560701,23336642.704814013,In Transit
PO01467,SUP0093,PROD0113,2026-08-18,1849,4951.6309831832905,9155565.687905904,Pending
PO01610,SUP0025,PROD0048,2026-03-04,2087,16102.084708117352,33605050.78584091,Delivered
PO01442,SUP0007,PROD0198,2025-07-21,623,7027.946624998449,4378410.747374034,Delivered
PO00717,SUP0039,PROD0042,2025-02-24,2263,8153.211593894653,18450717.8369836,Partially Received
PO00567,SUP0049,PROD0116,2026-02-02,1293,16961.79121099673,21931596.03581877,Delivered
PO00846,SUP0057,PROD0029,2025-01-31,1239,6860.0901527931255,8499651.699310683,Delivered
PO00903,SUP0050,PROD0173,2025-12-10,2035,11848.821926840552,24112352.621120524,Pending
PO00087,SUP0074,PROD0089,2025-09-07,853,19067.033667686403,16264179.718536502,Partially Received
PO00008,SUP0087,PROD0159,2026-02-12,1240,3951.01166521209,4899254.464862992,Pending
PO01863,SUP0095,PROD0028,2025-01-16,1820,14902.447795792688,27122454.98834269,Partially Received
PO01379,SUP0073,PROD0041,2026-08-09,1625,5672.259115622746,9217421.062886963,Delivered
PO01124,SUP0054,PROD0187,2026-04-02,791,7076.9009758136235,5597828.671868576,In Transit
PO01142,SUP0023,PROD0022,2025-10-23,1217,19473.305825009284,23699013.1890363,Pending
PO01305,SUP0042,PROD0003,2025-07-14,2093,22624.32559857758,47352713.47782288,Delivered
PO01205,SUP0062,PROD0083,2025-02-01,1241,4248.482343047842,5272366.587722371,In Transit
PO00921,SUP0081,PROD0040,2025-09-20,1146,16929.58263679556,19401301.701767713,Pending
PO00692,SUP0094,PROD0011,2026-01-06,667,21501.80959835437,14341707.002102366,In Transit
PO01398,SUP0073,PROD0041,2025-02-13,2094,14665.727041440252,30710032.424775887,Pending
PO01962,SUP0056,PROD0145,2025-11-18,529,10147.13926074931,5367836.668936386,Partially Received
PO00850,SUP0062,PROD0159,2025-03-04,596,9492.109277790883,5657297.129563366,Delivered
PO00785,SUP0059,PROD0169,2025-09-28,1516,18963.20321488214,28748216.073761325,In Transit
PO00857,SUP0088,PROD0026,2025-04-10,2224,17132.953877021373,38103689.42249554,In Transit
PO00852,SUP0064,PROD0078,2026-01-31,1500,8207.833040342772,12311749.560514158,Delivered
PO01982,SUP0027,PROD0164,2026-03-18,761,8687.038720408935,6610836.466231199,Delivered
PO00719,SUP0039,PROD0016,2025-08-15,1491,23553.86280641034,35118809.44435782,Pending
PO00744,SUP0088,PROD0181,2026-03-21,1518,19278.049930278357,29264079.794162545,Delivered
PO00862,SUP0073,PROD0051,2025-10-14,1998,9976.456536441694,19932960.159810506,Delivered
PO00074,SUP0041,PROD0132,2025-03-05,812,19829.0679732097,16101203.194246277,Delivered
PO01623,SUP0025,PROD0076,2025-12-15,827,15961.907789776062,13200497.742144803,In Transit
PO01322,SUP0078,PROD0196,2026-06-27,827,15129.793660034447,12512339.356848488,Delivered
PO00397,SUP0073,PROD0042,2025-01-07,2155,3281.138381913428,7070853.213023437,Partially Received
PO01457,SUP0028,PROD0103,2026-01-24,1999,17453.23004211204,34889006.85418197,Delivered
PO01439,SUP0006,PROD0082,2026-04-10,798,1964.3794630967416,1567574.8115511998,Delivered
PO01246,SUP0057,PROD0097,2025-08-27,1753,20792.756522034695,36449702.18312682,Pending
PO01222,SUP0096,PROD0078,2025-01-06,797,10465.322253487533,8340861.836029564,Pending
PO01680,SUP0042,PROD0100,2025-06-29,2019,15943.677496103182,32190284.864632327,Delivered
PO00273,SUP0076,PROD0098,2025-06-13,1688,713.3392472180805,1204116.6493041199,Pending
PO00390,SUP0045,PROD0144,2026-05-31,580,25842.982096286043,14988929.615845906,Pending
PO00972,SUP0051,PROD0128,2025-06-03,1599,20189.868899654346,32283600.3705473,Partially Received
PO00089,SUP0020,PROD0167,2026-03-26,1960,6291.488560169764,12331317.577932738,Partially Received
PO00832,SUP0007,PROD0049,2025-10-08,838,20647.03099420152,17302211.973140873,Pending
PO01577,SUP0057,PROD0101,2025-08-27,1408,14021.009216454018,19741580.976767257,Delivered
PO00298,SUP0074,PROD0090,2026-06-24,1801,5989.732990020691,10787509.115027266,Delivered
PO00920,SUP0048,PROD0200,2025-01-12,1527,23483.59635416137,35859451.632804416,Partially Received
PO01012,SUP0061,PROD0054,2025-09-08,2224,10955.99586610119,24366134.806209046,In Transit
PO00997,SUP0081,PROD0186,2026-02-05,1411,13857.078643699602,19552337.96626014,Partially Received
PO01118,SUP0041,PROD0148,2026-04-02,761,13127.994737349398,9990403.99512289,Partially Received
PO00373,SUP0059,PROD0173,2025-08-26,2034,17812.60302946486,36230834.56193152,Pending
PO00295,SUP0067,PROD0192,2026-03-05,1045,11297.435004884197,11805819.580103986,Partially Received
PO01355,SUP0006,PROD0175,2025-04-11,557,4026.205107608729,2242596.244938062,Delivered
PO00792,SUP0073,PROD0185,2025-04-21,616,3104.2207958024997,1912200.0102143397,Pending
PO00580,SUP0095,PROD0017,2026-05-25,521,20014.63822031549,10427626.512784371,Cancelled
PO00063,SUP0053,PROD0031,2026-03-21,1239,898.0842356078239,1112726.3679180937,Delivered
PO01693,SUP0083,PROD0138,2025-08-27,2271,6258.833854318845,14213811.683158096,Delivered
PO00065,SUP0097,PROD0167,2025-03-27,2175,13742.700609823385,29890373.826365862,Pending
PO01500,SUP0100,PROD0117,2025-10-02,1147,12595.844689628484,14447433.859003872,Delivered
PO01198,SUP0089,PROD0175,2026-07-06,2332,23275.129834307223,54277602.773604445,Delivered
PO00496,SUP0087,PROD0192,2026-04-06,1564,23225.757466869745,36325084.67818428,Delivered
PO01067,SUP0076,PROD0149,2025-10-09,1298,16800.83855708317,21807488.447093956,Partially Received
PO01392,SUP0039,PROD0167,2026-04-14,1730,2719.1344346314413,4704102.571912394,In Transit
PO00391,SUP0065,PROD0027,2026-03-01,1564,17835.065389476524,27894042.269141283,Pending
PO00890,SUP0067,PROD0125,2025-03-02,2264,948.4122748886592,2147205.3903479245,Delivered
PO00432,SUP0034,PROD0034,2025-05-20,1770,20222.44385200848,35793725.61805501,Delivered
PO01131,SUP0014,PROD0051,2026-02-23,1737,12343.548740226717,21440744.16177381,Partially Received
PO00292,SUP0051,PROD0033,2025-05-16,1541,21597.960123901306,33282456.550931912,Cancelled
PO01020,SUP0031,PROD0107,2025-09-23,722,20217.625926733752,14597125.91910177,Delivered
PO00227,SUP0005,PROD0184,2025-04-15,1917,19640.294302087652,37650444.17710203,Cancelled
PO00972,SUP0090,PROD0107,2026-04-10,2488,8101.6815110076195,20156983.599386957,Delivered
PO00624,SUP0022,PROD0122,2026-02-03,2383,5391.168342441853,12847154.160038937,Delivered
PO00905,SUP0066,PROD0166,2025-03-06,1772,20778.184587262927,36818943.08862991,Pending
PO01816,SUP0087,PROD0158,2025-07-29,1027,5583.121332558317,5733865.608537391,Partially Received
PO00980,SUP0074,PROD0052,2025-04-25,531,21158.9522515987,11235403.64559891,Delivered
PO01637,SUP0051,PROD0050,2025-04-29,1629,12331.159803622053,20087459.320100326,Pending
PO00452,SUP0029,PROD0044,2025-11-08,1552,3664.652574405825,5687540.79547784,Delivered
PO00705,SUP0027,PROD0047,2025-10-17,1051,9136.0684735395,9602007.965690015,Delivered
PO00151,SUP0045,PROD0063,2026-08-28,1917,14862.755026534496,28491901.38586663,Delivered
PO00842,SUP0051,PROD0019,2026-05-28,760,851.8700253133339,647421.2192381338,Partially Received
PO01338,SUP0007,PROD0002,2025-06-04,957,21755.95276389461,20820446.79504714,In Transit
PO01677,SUP0042,PROD0138,2026-04-16,1539,8554.802310039739,13165840.755151158,In Transit
PO01132,SUP0006,PROD0024,2025-10-25,1001,5169.101766028089,5174270.867794117,Delivered
PO01281,SUP0047,PROD0143,2026-04-24,1727,13041.221194859036,22522189.003521554,Delivered
PO00355,SUP0083,PROD0167,2025-04-15,1420,15037.69084534701,21353521.000392754,Delivered
PO00075,SUP0080,PROD0118,2026-07-27,2177,4667.164864718139,10160417.910491388,Pending
PO01584,SUP0011,PROD0116,2025-01-08,1494,11795.67474847946,17622738.074228313,Delivered
PO01876,SUP0079,PROD0196,2026-04-19,1541,15643.939070630067,24107310.107840933,In Transit
PO01928,SUP0064,PROD0139,2026-04-30,2137,5924.972354096427,12661665.920704065,Delivered
PO01233,SUP0073,PROD0042,2026-05-17,752,971.6179119385766,730656.6697778096,Delivered
PO01667,SUP0073,PROD0089,2026-05-31,1559,14065.754944432994,21928511.95837104,Pending
PO00859,SUP0098,PROD0043,2025-01-27,2001,5777.827517662331,11561432.862842325,Pending
PO00715,SUP0001,PROD0159,2026-07-11,608,1879.278170262733,1142601.1275197417,Delivered
PO01826,SUP0062,PROD0149,2026-05-03,609,20268.69362298783,12343634.416399589,Partially Received
PO01840,SUP0094,PROD0146,2025-12-05,663,2286.153892949849,1515720.0310257499,Partially Received
PO01302,SUP0026,PROD0178,2026-02-20,2024,19328.78196243264,39121454.691963665,Delivered
PO00222,SUP0015,PROD0037,2025-04-02,1778,13090.654353054284,23275183.439730518,Delivered
PO00491,SUP0068,PROD0112,2025-01-15,1324,7384.937747731016,9777657.577995865,Partially Received
PO01770,SUP0011,PROD0165,2025-11-29,2135,24189.097316541982,51643722.77081713,In Transit
PO00277,SUP0093,PROD0009,2026-02-07,2450,11645.624415584613,28531779.8181823,In Transit
PO01409,SUP0013,PROD0097,2025-02-16,630,4718.080871277343,2972390.948904726,Delivered
PO00907,SUP0042,PROD0144,2025-03-02,559,16507.741682012984,9227827.600245258,Pending
PO01677,SUP0056,PROD0015,2025-04-03,1501,9280.769680112639,13930435.28984907,In Transit
PO00150,SUP0013,PROD0128,2025-10-15,1750,18382.24090140387,32168921.577456776,Pending
PO01603,SUP0094,PROD0060,2025-04-20,1242,21007.422509090957,26091218.75629097,Partially Received
PO00075,SUP0098,PROD0089,2025-06-15,575,6169.22488357867,3547304.3080577357,In Transit
PO00057,SUP0035,PROD0176,2025-10-08,1166,2988.617986722701,3484728.5725186695,In Transit
PO00052,SUP0004,PROD0029,2026-01-25,1786,23625.978030934293,42195996.763248645,Cancelled
PO00071,SUP0031,PROD0026,2025-02-23,1214,7936.565398636321,9634990.393944494,Delivered
PO01455,SUP0006,PROD0172,2025-04-17,2396,23553.727116342503,56434730.17075664,Pending
PO00421,SUP0065,PROD0028,2025-11-14,1384,5399.828616787748,7473362.8056342425,Pending
PO01313,SUP0060,PROD0128,2025-04-12,812,6069.236681038917,4928220.1850036,Delivered
PO01500,SUP0051,PROD0196,2025-04-06,1599,17752.573107086508,28386364.398231328,In Transit
PO01540,SUP0040,PROD0194,2026-03-03,1297,13824.15982511016,17929935.293167878,Delivered
PO00537,SUP0059,PROD0070,2026-01-31,1907,26412.016605396933,50367715.666491956,Delivered
PO00780,SUP0073,PROD0085,2025-10-06,2198,25077.162267771997,55119602.66456285,Pending
PO00174,SUP0072,PROD0136,2026-01-06,1478,11343.676931099302,16765954.504164768,Pending
PO01122,SUP0022,PROD0026,2025-02-16,698,17748.604629387173,12388526.031312248,Delivered
PO01010,SUP0016,PROD0178,2025-09-29,1733,23821.039315005484,41281861.13290451,In Transit
PO01938,SUP0021,PROD0011,2026-02-26,1879,1852.9554121111357,3481703.219356824,Delivered
PO01440,SUP0060,PROD0144,2025-02-19,1439,20074.05260985633,28886561.70558326,Partially Received
PO01858,SUP0066,PROD0004,2025-09-07,1947,13404.461861845788,26098487.24501375,Delivered
PO01816,SUP0092,PROD0096,2025-04-15,1156,6760.502353797101,7815140.720989449,In Transit
PO01983,SUP0032,PROD0036,2025-05-11,507,21703.835862391257,11003844.782232367,Partially Received
PO00264,SUP0062,PROD0027,2025-12-29,2076,6726.356096149412,13963915.25560618,Delivered
PO01593,SUP0065,PROD0014,2025-01-15,1397,8724.660570754097,12188350.817343473,Partially Received
PO00558,SUP0032,PROD0082,2025-02-16,1544,10590.452921897358,16351659.311409522,Delivered
PO01931,SUP0095,PROD0154,2025-10-08,1160,26698.371793446564,30970111.280398015,In Transit
PO00409,SUP0033,PROD0097,2026-03-02,1223,15517.714848527043,18978165.259748574,Cancelled
PO01043,SUP0023,PROD0061,2026-06-11,1347,16714.33013178037,22514202.68750816,In Transit
PO00324,SUP0092,PROD0153,2025-12-13,544,9151.089144787104,4978192.494764185,Delivered
PO01446,SUP0071,PROD0120,2026-06-23,1777,17396.7386704376,30914004.617367614,Partially Received
PO00178,SUP0045,PROD0189,2026-01-26,1950,3146.0010834686605,6134702.112763888,Delivered
PO01387,SUP0062,PROD0185,2025-05-18,820,8704.60610329218,7137777.004699588,Delivered
PO01698,SUP0042,PROD0102,2025-09-30,2068,15073.704679987848,31172421.27821487,Cancelled
PO00699,SUP0006,PROD0192,2025-12-29,1452,2898.698901104883,4208910.80440429,Delivered
PO01419,SUP0100,PROD0172,2026-02-21,1748,10809.88298935562,18895675.46539362,Delivered
PO01692,SUP0043,PROD0173,2026-04-06,1552,26257.944764474054,40752330.27446373,Delivered
PO00306,SUP0067,PROD0021,2026-02-11,2338,25883.520186864593,60515670.196889415,Delivered
PO01384,SUP0094,PROD0131,2025-05-09,576,12311.699005886745,7091538.627390765,Cancelled
PO01012,SUP0088,PROD0096,2025-07-30,2057,22044.396663280426,45345323.93636784,Delivered
PO01063,SUP0021,PROD0036,2025-10-07,1761,7072.337313743667,12454386.009502599,In Transit
PO00462,SUP0078,PROD0157,2026-03-20,2244,5953.3669898686585,13359355.525265269,In Transit
PO00758,SUP0088,PROD0158,2025-08-20,2034,2898.909030398808,5896380.967831176,Pending
PO01731,SUP0047,PROD0176,2025-04-03,1571,20226.821737829014,31776336.950129382,Partially Received
PO00220,SUP0013,PROD0082,2025-10-10,2355,18237.789789768955,42949994.95490589,Delivered
PO00369,SUP0074,PROD0167,2025-12-18,1839,23991.308605176877,44120016.52492028,In Transit
PO01694,SUP0090,PROD0118,2026-06-18,1245,15265.159558992758,19005123.650945984,Delivered
PO00807,SUP0096,PROD0182,2025-04-15,981,5759.774610746018,5650338.893141843,Cancelled
PO00500,SUP0012,PROD0178,2025-07-23,2191,1859.6521727800052,4074497.9105609916,Delivered
PO00874,SUP0024,PROD0139,2026-04-27,1102,19808.589796923396,21829065.95620958,Delivered
PO01916,SUP0053,PROD0096,2026-01-12,1553,23226.74608527303,36071136.67042901,In Transit
PO01019,SUP0064,PROD0065,2025-05-19,1149,9990.145257538854,11478676.900912143,Delivered
PO00939,SUP0044,PROD0167,2026-08-16,1139,3382.1440550293487,3852262.078678428,Delivered
PO01493,SUP0074,PROD0026,2026-05-31,1983,12061.427695281775,23917811.11974376,Delivered
PO00759,SUP0062,PROD0152,2025-05-17,2093,20699.266762658266,43323565.33424375,Delivered
PO00855,SUP0001,PROD0141,2025-10-22,2056,17821.116998942445,36640216.54982567,Delivered
PO00674,SUP0045,PROD0152,2025-05-20,1166,1718.5176628634492,2003791.5948987817,Pending
PO01428,SUP0098,PROD0034,2026-03-19,693,20157.10808120265,13968875.900273435,Delivered
PO01812,SUP0068,PROD0066,2025-06-05,2122,3093.407144714612,6564209.961084407,Delivered
PO01762,SUP0042,PROD0114,2025-04-03,2205,2651.7808825003845,5847176.845913348,Delivered
PO00904,SUP0035,PROD0003,2025-09-03,1880,21909.674213376173,41190187.52114721,Delivered
PO00569,SUP0001,PROD0109,2025-12-22,1010,6927.565810864863,6996841.468973512,Delivered
PO01910,SUP0008,PROD0153,2026-03-02,1246,19736.00614948772,24591063.6622617,Delivered
PO01455,SUP0005,PROD0175,2025-08-12,1191,6237.29972268758,7428623.9697209075,Partially Received
PO01378,SUP0002,PROD0040,2026-08-15,2290,18829.17606294231,43118813.184137896,Partially Received
PO01546,SUP0020,PROD0181,2025-01-05,2282,15450.306669796562,35257599.82047576,Delivered
PO01839,SUP0049,PROD0058,2026-06-29,2305,6870.331257622291,15836113.54881938,Pending
PO01527,SUP0082,PROD0187,2026-03-20,1466,10319.133786007595,15127850.130287133,In Transit
PO00867,SUP0094,PROD0028,2026-03-19,618,12674.235635379271,7832677.622664389,Delivered
PO01000,SUP0096,PROD0090,2025-10-09,1770,800.234194280084,1416414.5238757487,Pending
PO00657,SUP0037,PROD0173,2026-03-29,2217,23525.87676741948,52156868.79336899,Delivered
PO01886,SUP0045,PROD0193,2026-02-15,618,20009.04790936233,12365591.60798592,Cancelled
PO00697,SUP0077,PROD0142,2026-05-03,1866,10066.248080645395,18783618.918484308,Delivered
PO01279,SUP0020,PROD0018,2025-04-06,704,11739.73631250322,8264774.364002267,Delivered
PO01041,SUP0012,PROD0170,2025-04-29,2270,4265.02378602876,9681603.994285285,Cancelled
PO00259,SUP0006,PROD0090,2026-05-29,1153,6996.160976166195,8066573.605519623,In Transit
PO01739,SUP0054,PROD0122,2025-04-16,1889,4377.537031453572,8269167.452415798,Delivered
PO00719,SUP0081,PROD0078,2025-01-19,2255,21980.394282387715,49565789.1067843,Pending
PO00866,SUP0045,PROD0089,2025-10-19,1585,16506.074869644908,26162128.66838718,Partially Received
PO00412,SUP0071,PROD0085,2025-02-14,2334,19476.081840567003,45457175.015883386,Partially Received
PO01107,SUP0014,PROD0091,2026-08-18,2478,21617.604933972023,53568425.02638267,Partially Received
PO01405,SUP0045,PROD0154,2026-08-15,822,22516.018966782794,18508167.590695456,Partially Received
PO01763,SUP0065,PROD0118,2025-04-09,2251,1077.1628663386869,2424693.612128384,In Transit
PO00104,SUP0054,PROD0179,2025-12-30,795,9830.776559966263,7815467.36517318,Delivered
PO01947,SUP0094,PROD0032,2026-03-02,1670,2859.6524382736025,4775619.571916916,Partially Received
PO01408,SUP0016,PROD0097,2026-04-10,1197,17597.355470085884,21064034.497692805,Delivered
PO00409,SUP0039,PROD0074,2025-12-06,785,10641.882968972619,8353878.130643506,Delivered
PO00593,SUP0004,PROD0175,2025-11-08,2195,25902.06725246899,56855037.61916944,Delivered
PO01752,SUP0001,PROD0063,2025-08-24,2185,26326.55489784472,57523522.45179071,In Transit
PO00583,SUP0016,PROD0057,2025-10-28,2052,6536.486820622693,13412870.955917766,Partially Received
PO00926,SUP0097,PROD0114,2026-02-06,1801,18151.687894193463,32691189.897442427,Delivered
PO01412,SUP0072,PROD0090,2025-04-22,1308,22042.154774655686,28831138.445249636,In Transit
PO01744,SUP0068,PROD0061,2026-06-28,1787,8886.019290548822,15879316.472210744,Delivered
PO01507,SUP0043,PROD0019,2025-05-01,761,21572.18468228957,16416432.543222364,Delivered
PO00347,SUP0077,PROD0052,2025-05-07,639,10646.230298777844,6802941.160919042,Delivered
PO01755,SUP0036,PROD0146,2025-10-14,2134,7084.281137331065,15117855.947064493,In Transit
PO00552,SUP0100,PROD0180,2026-06-17,1561,23421.273294826777,36560607.613224596,In Transit
PO00257,SUP0044,PROD0141,2025-02-22,1645,6533.891272947372,10748251.143998427,Delivered
PO01953,SUP0097,PROD0127,2025-11-27,2166,16354.807901434262,35424513.914506614,Delivered
PO00404,SUP0068,PROD0170,2025-04-01,709,9228.465211824267,6542981.835183405,Delivered
PO00274,SUP0042,PROD0164,2025-06-18,1557,6012.407068125726,9361317.805071756,In Transit
PO01253,SUP0085,PROD0150,2025-11-18,835,26649.48474015713,22252319.758031204,Delivered
PO00267,SUP0090,PROD0175,2025-10-02,1600,4929.635546300653,7887416.874081044,Partially Received
PO01203,SUP0047,PROD0160,2025-01-13,727,11714.661241923166,8516558.722878141,Pending
PO01518,SUP0088,PROD0005,2026-01-26,1169,15051.137913578148,17594780.220972855,Delivered
PO01587,SUP0088,PROD0027,2025-04-15,840,828.0339358106696,695548.5060809625,In Transit
PO00312,SUP0071,PROD0024,2025-01-18,2200,11388.388554641706,25054454.820211753,Delivered
PO01114,SUP0084,PROD0190,2025-10-22,1687,2963.295258578823,4999079.101222474,Delivered
PO01628,SUP0096,PROD0125,2025-08-04,1138,4143.11629555062,4714866.344336606,Pending
PO00323,SUP0072,PROD0035,2025-06-28,2289,21745.56519340706,49775598.72770876,Delivered
PO00416,SUP0022,PROD0126,2025-08-14,2417,7404.062983420336,17895620.230926953,Delivered
PO01050,SUP0001,PROD0059,2025-04-19,1477,11279.83412214811,16660314.998412758,Pending
PO00390,SUP0028,PROD0017,2026-04-11,1159,9989.602699795416,11577949.529062888,Partially Received
PO01449,SUP0063,PROD0045,2025-12-26,1082,11133.644376744283,12046603.215637315,Partially Received
PO01925,SUP0024,PROD0047,2026-05-17,616,6527.142405193044,4020719.7215989153,Delivered
PO00418,SUP0009,PROD0194,2025-02-25,1207,14029.22517579918,16933274.78718961,In Transit
PO01299,SUP0049,PROD0160,2025-03-25,997,19027.777914692408,18970694.58094833,Delivered
PO00424,SUP0037,PROD0181,2025-08-04,1319,7580.897398835987,9999203.669064667,Pending
PO00037,SUP0062,PROD0185,2026-05-28,1839,6108.187764401337,11232957.298734058,Delivered
PO01518,SUP0072,PROD0179,2026-08-10,637,6477.172790488949,4125959.067541461,Delivered
PO00869,SUP0053,PROD0172,2026-07-10,2093,16660.729031026025,34870905.86193747,Delivered
PO01894,SUP0018,PROD0057,2025-07-16,1086,1855.4757839211952,2015046.701338418,Pending
PO01069,SUP0093,PROD0146,2025-05-11,1855,20861.754592024845,38698554.76820609,Delivered
PO00315,SUP0063,PROD0009,2026-04-08,1001,17319.477407334227,17336796.88474156,In Transit
PO00900,SUP0055,PROD0128,2026-07-30,1195,19238.535386836054,22990049.787269086,Partially Received
PO00406,SUP0058,PROD0077,2025-04-02,1664,12447.462926068809,20712578.308978498,Pending
PO01757,SUP0014,PROD0114,2025-11-01,1594,20586.00113713213,32814085.812588617,Delivered
PO01382,SUP0093,PROD0184,2026-05-23,860,26432.36877284859,22731837.144649785,Delivered
PO00683,SUP0099,PROD0002,2025-12-02,1282,11496.005479958629,14737879.025306962,Partially Received
PO01566,SUP0056,PROD0181,2026-04-10,1250,21670.13709179147,27087671.364739336,Partially Received
PO00161,SUP0095,PROD0039,2025-10-01,1471,928.1448305235274,1365301.0457001089,Delivered
PO00229,SUP0019,PROD0032,2026-06-09,1384,11208.037004243952,15511923.213873629,Delivered
PO00273,SUP0059,PROD0061,2025-12-13,616,6355.623619038514,3915064.1493277247,Pending
PO00823,SUP0032,PROD0167,2025-07-18,1427,9050.367636906543,12914874.617865637,Delivered
PO00884,SUP0061,PROD0200,2025-05-13,2426,20275.20146955748,49187638.76514645,Pending
PO00219,SUP0049,PROD0183,2025-01-06,2109,20751.06136238685,43763988.41327386,Pending
PO01834,SUP0053,PROD0058,2026-07-17,2203,11732.652172193875,25847032.735343106,Partially Received
PO01199,SUP0046,PROD0143,2025-01-24,1191,18562.589109194345,22108043.629050463,Delivered
PO00629,SUP0096,PROD0112,2025-03-21,1154,13570.058597197643,15659847.62116608,Pending
PO01709,SUP0013,PROD0092,2026-01-03,1335,9677.159114556613,12919007.417933078,Delivered
PO01151,SUP0077,PROD0148,2025-08-20,1393,23911.50597427505,33308727.822165143,Pending
PO00990,SUP0046,PROD0144,2025-10-07,1850,3727.5794686323593,6896022.016969864,Delivered
PO01822,SUP0067,PROD0079,2026-05-14,1938,27497.233480601637,53289638.485405974,In Transit
PO01676,SUP0043,PROD0137,2025-09-01,1390,18281.782390729182,25411677.523113564,Delivered
PO01626,SUP0065,PROD0039,2026-07-14,2101,7523.452149186669,15806772.965441192,Delivered
PO00452,SUP0070,PROD0153,2025-03-22,2161,15808.725421535653,34162655.63593855,In Transit
PO00307,SUP0061,PROD0151,2025-03-18,1073,8799.51218787886,9441876.577594016,Delivered
PO00938,SUP0037,PROD0077,2026-02-04,604,20880.465211117495,12611800.987514967,In Transit
PO01368,SUP0045,PROD0196,2025-01-04,1482,21941.257528908445,32516943.657842316,In Transit
PO00591,SUP0055,PROD0048,2026-07-18,1324,1309.9848839001331,1734419.9862837764,Pending
PO00982,SUP0079,PROD0089,2025-05-19,1938,17499.16476240962,33913381.30954984,Delivered
PO00548,SUP0100,PROD0045,2026-01-30,2283,3054.5650513768933,6973572.012293448,In Transit
PO01335,SUP0094,PROD0182,2026-05-17,799,10652.730954297338,8511532.032483574,Pending
PO01494,SUP0064,PROD0056,2025-03-06,1434,7854.223508732624,11262956.511522584,Delivered
PO01448,SUP0027,PROD0002,2025-01-11,1868,19198.78687574703,35863333.88389546,Delivered
PO01021,SUP0091,PROD0109,2025-03-27,693,5450.6576426712645,3777305.7463711863,In Transit
PO01426,SUP0054,PROD0200,2025-10-18,1643,3044.1399929270974,5001522.008379221,Delivered
PO00450,SUP0051,PROD0121,2026-07-04,1939,14765.473517317263,28630253.150078174,In Transit
PO01431,SUP0091,PROD0114,2026-05-06,1368,7044.8074587672745,9637296.60359363,In Transit
PO00534,SUP0010,PROD0033,2025-05-24,2311,7689.35577818368,17770101.203382485,Delivered
PO00500,SUP0036,PROD0079,2025-09-28,1439,14207.589636918992,20444721.48752643,Delivered
PO01472,SUP0072,PROD0045,2026-06-25,852,17911.064425707194,15260226.890702529,Delivered
PO01908,SUP0007,PROD0191,2025-06-04,1070,13759.794523570015,14722980.140219916,Delivered
PO01733,SUP0011,PROD0063,2025-02-14,1575,7325.4626795224995,11537603.720247937,Partially Received
PO00804,SUP0048,PROD0118,2025-11-24,2330,11377.521500925095,26509625.09715547,Delivered
PO01215,SUP0096,PROD0075,2025-06-21,2244,17815.327442674385,39977594.78136132,Delivered
PO01984,SUP0065,PROD0046,2025-06-21,2205,19552.676760856546,43113652.257688686,Delivered
PO01137,SUP0061,PROD0165,2026-03-10,1526,6866.858681554236,10478826.348051764,Delivered
PO00231,SUP0099,PROD0024,2025-04-13,853,12025.438789727557,10257699.287637606,Delivered
PO00091,SUP0087,PROD0166,2025-02-08,1431,1642.2653973246126,2350081.783571521,Pending
PO00848,SUP0048,PROD0199,2025-06-16,780,6616.843429788254,5161137.875234839,Partially Received
PO00494,SUP0099,PROD0170,2025-07-11,698,7671.477569540603,5354691.343539341,Delivered
PO00696,SUP0082,PROD0198,2025-07-28,1899,10187.505632867924,19346073.196816187,Delivered
PO01515,SUP0061,PROD0121,2025-12-16,1480,6320.955152473048,9355013.62566011,Pending
PO00931,SUP0077,PROD0196,2025-07-05,1105,6334.571953579646,6999702.008705509,In Transit
PO01470,SUP0054,PROD0160,2025-01-04,1330,22953.197391880596,30527752.53120119,Delivered
PO01949,SUP0026,PROD0031,2025-11-26,1194,15741.404992168471,18795237.560649153,Delivered
PO01778,SUP0010,PROD0180,2025-06-29,1200,7367.8752379129655,8841450.285495559,In Transit
PO01319,SUP0047,PROD0166,2025-08-16,2353,22998.55037882408,54115589.04137306,Pending
PO00042,SUP0096,PROD0001,2025-09-03,1285,1948.6490632707837,2504014.046302957,Delivered
PO01983,SUP0033,PROD0180,2025-06-21,1911,12096.930103797005,23117233.428356078,Delivered
PO00523,SUP0074,PROD0063,2025-04-02,1889,6465.65740393884,12213626.836040469,Pending
PO01330,SUP0028,PROD0099,2025-08-28,1236,4444.016317798245,5492804.168798631,Pending
PO01699,SUP0016,PROD0100,2025-07-17,1015,3164.767648013406,3212239.162733607,Partially Received
PO00321,SUP0027,PROD0085,2025-02-24,1297,21670.71142547516,28106912.718841285,Partially Received
PO00025,SUP0007,PROD0069,2026-04-15,1928,20538.899217424183,39598997.69119383,In Transit
PO00945,SUP0021,PROD0115,2026-01-24,1413,8101.9538439814205,11448060.781545747,Delivered
PO00749,SUP0054,PROD0051,2026-01-17,698,8803.915978403413,6145133.352925582,Delivered
PO01173,SUP0032,PROD0186,2025-11-30,2191,7751.041586059583,16982532.11505655,Partially Received
PO01830,SUP0061,PROD0081,2025-09-06,589,19256.58418196841,11342128.083179394,Delivered
PO01159,SUP0022,PROD0002,2026-04-17,1974,20949.5266713715,41354365.649287336,Delivered
PO01755,SUP0089,PROD0039,2025-01-20,1868,15445.546463729626,28852280.79424694,Partially Received
PO00082,SUP0099,PROD0010,2025-06-15,933,10849.698863147985,10122769.03931707,In Transit
PO01886,SUP0039,PROD0082,2026-02-20,1326,10997.305658742622,14582427.303492716,Pending
PO00094,SUP0087,PROD0077,2026-07-03,1199,25021.374782346094,30000628.36403297,Delivered
PO01178,SUP0055,PROD0114,2025-02-02,1076,17848.18920992897,19204651.58988357,In Transit
PO01151,SUP0058,PROD0047,2026-05-28,854,6703.4790898927695,5724771.142768425,Partially Received
PO01573,SUP0099,PROD0153,2025-04-02,1381,1015.4193912153175,1402294.1792683536,Cancelled
PO00297,SUP0003,PROD0047,2026-05-09,1282,1852.181820049704,2374497.0933037205,Cancelled
PO00359,SUP0072,PROD0038,2025-08-28,1186,4953.240062334076,5874542.713928214,In Transit
PO01505,SUP0083,PROD0055,2025-08-25,2285,15681.936690061319,35833225.336790115,In Transit
PO00300,SUP0073,PROD0049,2026-02-03,2272,7580.293939775331,17222427.831169553,In Transit
PO01464,SUP0028,PROD0027,2025-03-19,1480,12537.316537801942,18555228.475946873,In Transit
PO00422,SUP0054,PROD0140,2025-04-03,2120,15559.304512378194,32985725.56624177,Delivered
PO00608,SUP0017,PROD0003,2025-02-16,1631,18535.302170244588,30231077.839668922,In Transit
PO01938,SUP0057,PROD0083,2025-01-11,2282,3598.8887319366377,8212664.086279407,Delivered
PO00089,SUP0056,PROD0179,2026-03-29,851,17439.9922386319,14841433.395075748,Delivered
PO00440,SUP0065,PROD0006,2026-02-15,2089,5537.705825705316,11568267.469898405,Pending
PO00685,SUP0005,PROD0198,2025-05-28,1193,12069.16676941771,14398515.955915328,Cancelled
PO00606,SUP0063,PROD0080,2025-01-24,1567,15050.985495221787,23584894.27101254,Partially Received
PO00053,SUP0090,PROD0054,2026-04-10,600,10490.241559761731,6294144.935857039,Partially Received
PO01026,SUP0071,PROD0032,2025-12-29,585,4697.54714983637,2748065.082654277,Delivered
PO00168,SUP0041,PROD0185,2025-03-18,635,13334.804308651837,8467600.735993916,Delivered
PO00549,SUP0053,PROD0149,2025-12-18,1046,9902.471191007324,10357984.86579366,Delivered
PO01985,SUP0078,PROD0166,2026-06-20,2079,27032.231967934975,56200010.26133681,Delivered
PO01410,SUP0094,PROD0036,2026-01-26,1481,17576.133366179332,26030253.51531159,In Transit
PO00102,SUP0028,PROD0034,2025-07-28,1187,20934.359769206854,24849085.046048537,Delivered
PO00344,SUP0087,PROD0036,2025-05-27,828,25736.493580062175,21309816.684291482,In Transit
PO00246,SUP0045,PROD0110,2026-06-01,1986,20046.527260203213,39812403.138763584,Delivered
PO01175,SUP0066,PROD0074,2026-08-18,1808,15775.628741868288,28522336.765297864,Cancelled
PO01486,SUP0041,PROD0136,2025-04-12,2110,12660.966462056484,26714639.23493918,Pending
PO01785,SUP0024,PROD0105,2025-05-01,1925,21431.246015617126,41255148.58006296,Pending
PO00494,SUP0032,PROD0128,2026-01-14,606,7666.240173406602,4645741.5450844,Cancelled
PO01036,SUP0100,PROD0074,2025-01-01,1292,848.7107253666512,1096534.2571737133,Partially Received
PO00518,SUP0095,PROD0097,2025-09-01,2397,8730.212140305133,20926318.500311404,Delivered
PO01692,SUP0072,PROD0070,2025-10-11,1788,21802.45635989411,38982791.971490666,In Transit
PO00072,SUP0060,PROD0059,2026-04-18,966,17771.2338355759,17167011.885166317,Delivered
PO01120,SUP0054,PROD0109,2025-09-12,971,20191.27373893616,19605726.800507013,Delivered
PO01444,SUP0060,PROD0065,2025-07-14,1649,5671.143215950562,9351715.163102478,Delivered
PO00560,SUP0091,PROD0177,2026-01-24,1195,20017.42484041485,23920822.684295744,Delivered
PO01727,SUP0029,PROD0105,2026-03-30,1285,26412.64850722584,33940253.3317852,Delivered
PO00481,SUP0069,PROD0076,2026-01-26,2394,10607.821930446415,25395125.70148872,Delivered
PO01680,SUP0096,PROD0035,2026-04-02,569,2970.2314235967065,1690061.6800265259,Delivered
PO00158,SUP0033,PROD0151,2026-07-03,2067,13545.67178595011,27998903.581558876,Pending
PO00320,SUP0019,PROD0186,2025-06-20,1911,11266.996193442144,21531229.72566794,In Transit
PO00762,SUP0079,PROD0049,2025-12-04,1034,22168.085588935788,22921800.498959605,In Transit
PO01709,SUP0037,PROD0109,2025-07-14,1477,9787.414773760476,14456011.620844223,Delivered
PO00290,SUP0098,PROD0122,2026-08-16,1541,7486.929782892742,11537358.795437716,Partially Received
PO01751,SUP0018,PROD0125,2026-02-04,1103,1275.0346486193464,1406363.2174271392,Delivered
PO00906,SUP0067,PROD0050,2026-04-27,1137,16143.004305206854,18354595.895020194,Delivered
PO01889,SUP0015,PROD0170,2026-03-09,1297,20011.53191643182,25954956.895612072,Pending
PO00877,SUP0065,PROD0200,2026-02-21,2221,3159.2554159816423,7016706.278895227,Pending
PO01381,SUP0011,PROD0199,2025-03-31,572,5442.224567071118,3112952.4523646794,In Transit
PO01151,SUP0020,PROD0002,2025-02-26,1541,15543.106610477498,23951927.286745824,In Transit
PO01004,SUP0092,PROD0087,2026-02-21,2094,12067.4840266132,25269311.55172804,Delivered
PO01234,SUP0090,PROD0093,2026-05-08,1688,1873.5819288883856,3162606.295963595,Delivered
PO01797,SUP0096,PROD0150,2026-08-30,1777,12112.149840875196,21523290.267235223,Cancelled
PO01399,SUP0008,PROD0175,2025-02-21,693,14764.840431901172,10232034.419307511,Cancelled
PO01065,SUP0055,PROD0197,2025-10-03,739,9978.690652314812,7374252.392060646,Delivered
PO01291,SUP0082,PROD0148,2025-05-11,1414,27295.38123248097,38595669.06272809,Delivered
PO01213,SUP0073,PROD0024,2026-03-26,1488,10828.623545085298,16112991.835086923,Delivered
PO00867,SUP0066,PROD0019,2026-08-01,2241,2043.0626180464178,4578503.327042023,Delivered
PO01250,SUP0007,PROD0113,2025-01-11,873,14388.861898866362,12561476.437710334,Delivered
PO00888,SUP0061,PROD0074,2026-06-28,2363,21699.328675414265,51275513.66000391,In Transit
PO01516,SUP0041,PROD0148,2025-12-25,1981,23738.571194671422,47026109.536644086,Delivered
PO01938,SUP0057,PROD0031,2026-07-18,2072,19503.992094188863,40412271.619159326,Delivered
PO01920,SUP0079,PROD0103,2026-02-07,1335,4582.142196220786,6117159.831954749,Delivered
PO01642,SUP0044,PROD0074,2026-07-07,2120,26212.984647519977,55571527.45274235,Pending
PO01204,SUP0011,PROD0117,2026-05-23,2419,26073.671845315504,63072212.193818204,Delivered
PO00357,SUP0032,PROD0128,2026-02-05,1990,1811.1748177014786,3604237.887225942,In Transit
PO00515,SUP0011,PROD0164,2025-07-03,1434,20227.22780095741,29005844.66657293,Delivered
PO00007,SUP0005,PROD0189,2025-06-27,2205,19566.789113210893,43144769.99463002,Pending
PO01028,SUP0053,PROD0075,2026-02-26,775,5399.477256674523,4184594.8739227555,Delivered
PO00870,SUP0050,PROD0039,2025-04-22,1297,6977.971333852034,9050428.820006087,Pending
PO01607,SUP0092,PROD0015,2025-07-30,2470,4258.118360805355,10517552.351189228,Partially Received
PO02000,SUP0064,PROD0125,2026-06-27,2194,10407.014829754391,22832990.536481135,Delivered
PO00699,SUP0026,PROD0171,2025-02-27,1866,10748.852491740392,20057358.749587573,In Transit
PO00489,SUP0091,PROD0176,2025-10-06,2089,1857.7197403066202,3880776.5375005296,Delivered
PO00535,SUP0069,PROD0128,2026-06-28,1244,18184.228573262448,22621180.345138486,Delivered
PO00187,SUP0097,PROD0122,2025-03-25,1124,15641.809858104238,17581394.280509163,Delivered
PO00789,SUP0016,PROD0198,2025-05-29,2414,17775.960963189576,42911169.76513964,Pending
PO00229,SUP0002,PROD0052,2026-07-30,1161,2378.600450163744,2761555.122640107,Partially Received
PO00544,SUP0018,PROD0132,2026-04-15,1105,6153.571955676404,6799697.011022427,In Transit
PO00320,SUP0084,PROD0089,2025-08-12,1454,9014.10442667202,13106507.836381117,Partially Received
PO01465,SUP0091,PROD0199,2026-05-09,1198,7621.63374576395,9130717.227425212,Partially Received
PO00218,SUP0041,PROD0100,2025-11-12,1330,20462.471586764626,27215087.210396953,Pending
PO00021,SUP0022,PROD0046,2026-04-18,2030,13964.660924266747,28348261.676261496,Cancelled
PO01019,SUP0053,PROD0086,2026-05-06,1409,16137.032753458989,22737079.149623714,Delivered
PO00224,SUP0047,PROD0127,2025-08-25,2015,10639.555443788795,21438704.21923442,Delivered
PO01971,SUP0045,PROD0082,2026-07-07,735,7473.639559545675,5493125.076266071,Pending
PO00251,SUP0008,PROD0161,2026-05-20,2424,3168.3430999554494,7680063.674292009,Delivered
PO00824,SUP0039,PROD0144,2026-06-20,1335,1741.6617771674821,2325118.4725185884,Delivered
PO00490,SUP0077,PROD0072,2026-01-06,1140,13379.935067436227,15253125.976877298,Delivered
PO00534,SUP0004,PROD0056,2026-08-25,1824,2852.3001947663574,5202595.555253836,Delivered
PO01617,SUP0013,PROD0173,2025-03-02,2179,11288.388088305566,24597397.64441783,In Transit
PO00547,SUP0089,PROD0005,2025-04-05,1308,4403.980627564712,5760406.660854644,Delivered
PO00006,SUP0094,PROD0083,2025-07-26,1489,22854.78160807139,34030769.8144183,Cancelled
PO00856,SUP0037,PROD0094,2025-11-26,1088,11233.807012504212,12222382.029604582,Pending
PO00026,SUP0095,PROD0091,2026-02-22,2211,27098.879896270188,59915623.45065338,Cancelled
PO01820,SUP0002,PROD0164,2025-11-26,2015,15290.571159353269,30810500.886096835,Delivered
PO01167,SUP0052,PROD0166,2026-03-22,628,844.4875819446198,530338.2014612212,In Transit
PO00404,SUP0016,PROD0020,2025-03-03,1418,17753.2332548593,25174084.755390488,Pending
PO01400,SUP0070,PROD0189,2025-09-06,927,14158.260986774103,13124707.934739593,Delivered
PO01355,SUP0025,PROD0155,2026-03-18,2353,1954.401774179122,4598707.374643474,Delivered
PO01762,SUP0032,PROD0137,2026-02-25,1192,20901.278352085,24914323.795685317,Partially Received
PO01159,SUP0053,PROD0023,2025-09-02,698,6847.128676587579,4779295.816258131,Pending
PO01585,SUP0017,PROD0180,2026-07-19,1457,25428.655217517546,37049550.65192306,Delivered
PO00526,SUP0012,PROD0122,2025-05-28,1855,5036.7077800089655,9343092.931916632,In Transit
PO00245,SUP0041,PROD0162,2025-07-04,2329,23876.48184006433,55608326.20550983,Pending
PO00773,SUP0032,PROD0146,2025-05-17,1318,8312.059426278327,10955294.323834835,Partially Received
PO00048,SUP0099,PROD0115,2026-01-19,2256,12117.046243454684,27336056.32523377,In Transit
PO01637,SUP0030,PROD0165,2025-05-20,1214,9001.505816612791,10927828.061367929,Pending
PO00413,SUP0047,PROD0156,2025-05-01,966,17502.24849757924,16907172.048661545,In Transit
PO00679,SUP0043,PROD0066,2025-03-03,759,20649.64188329467,15673078.189420654,Pending
PO01257,SUP0043,PROD0180,2026-01-21,2294,15795.868404349541,36235722.11957785,Delivered
PO00200,SUP0036,PROD0053,2025-04-18,1149,18716.737676514043,21505531.590314634,Partially Received
PO00144,SUP0062,PROD0091,2025-06-13,827,10681.545844498532,8833638.413400287,Delivered
PO00052,SUP0015,PROD0133,2025-05-01,2256,22173.030556071946,50022356.93449831,Partially Received
PO01834,SUP0092,PROD0181,2025-12-30,1176,10051.533572813283,11820603.481628422,Partially Received
PO01322,SUP0043,PROD0184,2025-10-18,560,14603.66605635406,8178052.991558274,In Transit
PO01339,SUP0081,PROD0133,2025-04-03,2414,25193.510201647136,60817133.62677619,Delivered
PO01051,SUP0045,PROD0041,2025-04-12,2051,6839.631279730851,14028083.754727975,In Transit
PO00754,SUP0074,PROD0181,2025-07-28,968,6236.976720846157,6037393.46577908,Delivered
PO01200,SUP0024,PROD0115,2025-09-12,2472,6984.607948848171,17265950.84955268,Cancelled
PO00849,SUP0097,PROD0048,2025-04-15,875,9901.33464978215,8663667.81855938,Delivered
PO01768,SUP0099,PROD0192,2026-05-25,1288,7232.0037717784235,9314820.858050609,Delivered
PO00272,SUP0030,PROD0108,2026-06-20,1427,20351.020791054594,29040906.668834906,Pending
PO01700,SUP0051,PROD0056,2025-08-25,1840,22995.082787835338,42310952.32961702,Delivered
PO00511,SUP0064,PROD0176,2025-09-12,1264,3552.1604343869153,4489930.789065061,Delivered
PO01432,SUP0091,PROD0068,2025-01-17,1692,14537.47311424276,24597404.509298753,Delivered
PO01613,SUP0092,PROD0143,2026-06-08,1500,23294.27866409658,34941417.99614487,Delivered
PO00954,SUP0062,PROD0151,2026-04-30,2030,17829.489015545783,36193862.70155794,Pending
PO00385,SUP0059,PROD0163,2026-01-21,2204,21078.734152142057,46457530.07132109,Delivered
PO01690,SUP0027,PROD0119,2025-12-24,1165,10890.517342287107,12687452.70376448,Delivered
PO00736,SUP0047,PROD0170,2026-03-22,1993,18975.611920142812,37818394.55684462,Delivered
PO00642,SUP0035,PROD0135,2025-08-01,2377,21561.395139673146,51251436.24700307,Delivered
PO01021,SUP0084,PROD0060,2026-05-05,1753,9731.057583438587,17058543.943767842,In Transit
PO00871,SUP0077,PROD0010,2026-02-04,555,22994.972597584198,12762209.79165923,Delivered
PO00275,SUP0004,PROD0075,2025-12-18,1344,24928.61088460001,33504053.02890241,Delivered
PO00872,SUP0034,PROD0173,2025-10-22,1911,13745.518655004185,26267686.149713,In Transit
PO01784,SUP0042,PROD0004,2025-12-29,1037,7103.243446945129,7366063.454482099,Pending
PO00073,SUP0034,PROD0101,2026-08-15,1822,18261.804577886396,33273007.940909013,Delivered
PO01322,SUP0005,PROD0091,2025-12-25,616,2727.193667571157,1679951.2992238328,Partially Received
PO01776,SUP0029,PROD0087,2026-07-09,1156,15974.543338563359,18466572.09937924,Pending
PO01188,SUP0034,PROD0133,2026-03-10,1409,13857.925863526068,19525817.54170823,Partially Received
PO01649,SUP0070,PROD0096,2026-05-05,1766,10140.960038521682,17908935.42802929,Pending
PO00446,SUP0015,PROD0115,2026-02-12,2346,20837.72054268387,48885292.39313636,Delivered
PO00706,SUP0038,PROD0177,2026-08-30,799,7364.600903645654,5884316.122012878,Partially Received
PO01885,SUP0034,PROD0040,2026-08-22,511,3757.472431134038,1920068.4123094934,Delivered
PO01772,SUP0041,PROD0132,2025-12-02,2490,16245.323590278582,40450855.739793666,In Transit
PO00951,SUP0063,PROD0154,2026-01-12,1140,10748.869105764717,12253710.780571777,Partially Received
PO00118,SUP0014,PROD0185,2025-01-23,1273,14851.817997129161,18906364.310345422,Delivered
PO01637,SUP0078,PROD0176,2026-06-01,2184,20584.212263788002,44955919.584112994,Delivered
PO00559,SUP0075,PROD0032,2025-10-05,2196,6690.740900662144,14692867.017854068,Pending
PO00686,SUP0079,PROD0128,2025-04-26,1515,17633.86434612278,26715304.484376013,Delivered
PO01444,SUP0022,PROD0086,2025-08-29,2352,1801.2723126764704,4236592.479415058,Delivered
PO01114,SUP0045,PROD0096,2025-01-09,2195,2643.358564610278,5802172.04931956,In Transit
PO00469,SUP0031,PROD0046,2025-01-12,1848,15203.909554913103,28096824.857479416,Cancelled
PO01247,SUP0054,PROD0037,2025-10-23,618,15228.32160329577,9411102.750836786,In Transit
PO01959,SUP0074,PROD0127,2026-04-30,2211,20388.08744796826,45078061.347457826,In Transit
PO00917,SUP0012,PROD0163,2025-10-14,584,15040.608476436531,8783715.350238934,Delivered
PO00989,SUP0065,PROD0187,2025-11-11,1692,24253.686277019817,41037237.18071753,Delivered
PO01064,SUP0078,PROD0134,2025-08-12,1770,13902.106220001479,24606728.009402618,Delivered
PO01212,SUP0078,PROD0160,2026-03-15,508,11134.476764335517,5656314.196282443,In Transit
PO00315,SUP0035,PROD0113,2026-02-06,1943,22951.945308663973,44595629.7347341,Pending
PO00310,SUP0009,PROD0087,2025-06-14,507,10296.258373705614,5220202.995468746,Delivered
PO01713,SUP0038,PROD0199,2026-01-17,2325,21450.90033212579,49873343.27219246,In Transit
PO00623,SUP0019,PROD0091,2025-12-29,1862,16491.09353892003,30706416.1694691,Partially Received
PO01261,SUP0009,PROD0002,2026-07-27,2189,2075.1675815889566,4542541.836098226,Delivered
PO01254,SUP0032,PROD0039,2026-03-02,1726,4934.315728609271,8516628.947579602,In Transit
PO01480,SUP0094,PROD0185,2026-04-19,662,19410.77495893609,12849933.022815691,In Transit
PO01682,SUP0002,PROD0046,2025-11-24,1286,18787.138418818104,24160260.006600082,Pending
PO01251,SUP0003,PROD0114,2026-01-22,2403,15000.663230994054,36046593.74407871,Delivered
PO00899,SUP0078,PROD0187,2026-08-15,2366,3932.7440156479374,9304872.34102302,Delivered
PO00788,SUP0082,PROD0002,2025-12-02,630,18176.415531172075,11451141.784638407,Partially Received
PO00759,SUP0075,PROD0044,2026-07-19,1249,11140.343745886175,13914289.338611834,Delivered
PO00837,SUP0004,PROD0151,2026-07-11,1290,15090.70659472796,19467011.507199068,Pending
PO00259,SUP0071,PROD0155,2025-06-12,2176,10149.736231945843,22085826.040714152,In Transit
PO00848,SUP0025,PROD0154,2026-07-19,835,18658.310574285457,15579689.329528356,Delivered
PO00779,SUP0051,PROD0021,2026-05-18,2214,5318.196368816861,11774486.76056053,Pending
PO00070,SUP0030,PROD0106,2025-03-24,2311,16885.59275018596,39022604.84567975,In Transit
PO00551,SUP0011,PROD0061,2025-06-14,1858,14031.603252646339,26070718.843416896,Delivered
PO01156,SUP0011,PROD0198,2026-03-11,1264,19058.09454157646,24089431.500552647,Delivered
PO01613,SUP0023,PROD0057,2026-04-11,1693,1336.244772412816,2262262.3996948977,Pending
PO01086,SUP0003,PROD0151,2025-12-14,2049,19115.78509886452,39168243.6675734,Delivered
PO01709,SUP0006,PROD0033,2026-04-17,1486,21003.22285973343,31210789.169563875,Delivered
PO01593,SUP0012,PROD0104,2025-12-16,1952,20262.184286026895,39551783.7263245,Pending
PO01955,SUP0031,PROD0191,2025-09-20,1716,15762.921351344616,27049173.03890736,Delivered
PO00030,SUP0003,PROD0081,2025-11-12,741,1038.6012377518564,769603.5171741255,Pending
PO01194,SUP0095,PROD0139,2025-05-22,2217,19931.756806342062,44188704.839660354,Delivered
PO01586,SUP0019,PROD0106,2026-04-14,731,1947.3114346938216,1423484.6587611837,Delivered
PO00664,SUP0053,PROD0161,2025-09-07,2135,26252.773454974347,56049671.32637023,Pending
PO01198,SUP0032,PROD0013,2025-02-20,1286,2086.642809617573,2683422.653168199,In Transit
PO00725,SUP0091,PROD0089,2025-04-29,1809,5730.06850654487,10365693.92833967,Delivered
PO00122,SUP0022,PROD0179,2026-05-09,1466,10276.945244543822,15066001.728501244,Pending
PO00017,SUP0004,PROD0019,2025-01-30,2195,23342.731080262638,51237294.72117649,In Transit
PO00190,SUP0068,PROD0074,2025-10-07,1044,17436.232298661558,18203426.519802667,Partially Received
PO00197,SUP0016,PROD0197,2025-05-24,1578,9274.935384997694,14635848.037526362,Pending
PO01222,SUP0090,PROD0091,2026-02-17,1752,15834.246689785947,27741600.200504977,Delivered
PO01052,SUP0058,PROD0165,2026-04-14,903,8789.424950131968,7936850.729969167,Delivered
PO01384,SUP0088,PROD0038,2026-06-16,1050,9984.818184385786,10484059.093605075,Partially Received
PO00034,SUP0004,PROD0159,2026-07-30,1869,9532.455150970065,17816158.677163053,Delivered
PO00542,SUP0065,PROD0181,2025-11-21,933,12116.278116126296,11304487.482345834,Delivered
PO01555,SUP0019,PROD0090,2025-05-03,1444,2148.152746495554,3101932.5659395796,Delivered
PO01820,SUP0001,PROD0163,2025-08-27,2111,12087.954231905924,25517671.383553404,Partially Received
PO00163,SUP0087,PROD0191,2025-09-11,853,7701.049320196017,6568995.070127202,Pending
PO01598,SUP0031,PROD0071,2026-08-15,1333,6168.478982239685,8222582.4833255,Delivered
PO01771,SUP0022,PROD0173,2025-11-03,792,10844.229460459885,8588629.732684229,Partially Received
PO00828,SUP0073,PROD0152,2025-10-14,1494,20788.044521502285,31057338.515124414,Delivered
PO00088,SUP0059,PROD0026,2026-07-28,2354,23012.15243230883,54170606.82565499,Delivered
PO01183,SUP0017,PROD0164,2025-05-07,1949,10348.275952547807,20168789.831515677,In Transit
PO01820,SUP0031,PROD0076,2025-10-09,826,11716.720868033339,9678011.436995538,In Transit
PO01356,SUP0042,PROD0142,2025-10-23,537,13748.842926955227,7383128.651774957,Delivered
PO00635,SUP0073,PROD0180,2026-04-01,888,5118.121116963561,4544891.551863642,Delivered
PO01665,SUP0096,PROD0063,2025-06-19,699,4702.693671212245,3287182.8761773594,Delivered
PO00952,SUP0084,PROD0199,2026-05-25,1832,8897.012440142496,16299326.790341053,Delivered
PO01640,SUP0068,PROD0030,2026-01-05,1695,6024.029183922319,10210729.46674833,Delivered
PO00784,SUP0064,PROD0135,2025-06-13,1023,22620.935927061895,23141217.453384317,Delivered
PO00698,SUP0017,PROD0151,2025-04-04,2365,17513.22571675461,41418778.82012465,Delivered
PO01955,SUP0071,PROD0059,2026-05-16,2384,22104.744939771183,52697711.9364145,Delivered
PO00790,SUP0048,PROD0169,2026-03-21,2301,23976.858321385556,55170750.99750817,Pending
PO01096,SUP0096,PROD0048,2025-03-21,2311,19294.31762965163,44589168.04212491,Delivered
PO00710,SUP0070,PROD0028,2025-05-02,1543,20788.075817940633,32076000.987082396,Partially Received
PO01446,SUP0087,PROD0173,2026-02-18,677,8465.5404135376,5731170.859964955,Delivered
PO00762,SUP0059,PROD0191,2025-12-14,2006,19080.425435702047,38275333.42401831,In Transit
PO00769,SUP0079,PROD0068,2025-02-23,1886,12508.396738514948,23590836.248839192,In Transit
PO01234,SUP0083,PROD0031,2025-11-26,1520,7509.001917319505,11413682.914325647,In Transit
PO01311,SUP0004,PROD0137,2026-08-13,522,8705.046390074816,4544034.215619054,Delivered
PO01010,SUP0087,PROD0069,2025-03-29,2369,13739.228168895492,32548231.53211342,Delivered
PO00907,SUP0029,PROD0107,2026-02-23,567,6614.014201200704,3750146.052080799,Partially Received
PO01439,SUP0091,PROD0127,2025-10-28,920,20834.086225878727,19167359.32780843,Partially Received
PO01693,SUP0086,PROD0002,2026-04-27,2356,9860.247689163709,23230743.5556697,In Transit
PO00655,SUP0058,PROD0133,2025-08-27,1336,21539.576695243068,28776874.464844737,Pending
PO01429,SUP0014,PROD0158,2026-04-20,611,20695.11098704542,12644712.813084751,Partially Received
PO01264,SUP0068,PROD0041,2025-12-30,1166,20888.85758036066,24356407.93870053,Delivered
PO01112,SUP0059,PROD0065,2026-06-27,1536,11282.811113960815,17330397.871043812,In Transit
PO01546,SUP0012,PROD0163,2025-01-05,1892,15808.73381240904,29910124.373077903,Delivered
PO01112,SUP0005,PROD0013,2026-06-20,1789,15437.15937061694,27617078.114033706,Pending
PO00317,SUP0016,PROD0069,2025-12-01,1374,16206.544342965155,22267791.927234124,In Transit
PO00815,SUP0077,PROD0119,2026-08-19,1089,7375.683354473046,8032119.173021147,Delivered
PO01328,SUP0099,PROD0063,2025-12-29,2019,9376.503991082767,18931161.557996105,In Transit
PO00987,SUP0038,PROD0140,2025-04-03,1389,11555.959476477874,16051227.712827766,Delivered
PO00760,SUP0074,PROD0027,2025-08-27,2370,17353.143106798274,41126949.16311191,Delivered
PO01770,SUP0034,PROD0134,2025-12-01,2000,2684.9892400895233,5369978.480179046,In Transit
PO01546,SUP0054,PROD0082,2025-06-21,764,14923.238204945272,11401353.988578187,Pending
PO01053,SUP0061,PROD0060,2025-06-23,938,19162.19117830293,17974135.32524815,Delivered
PO01901,SUP0019,PROD0060,2025-09-18,688,16911.459874616274,11635084.393735996,Delivered
PO00849,SUP0052,PROD0176,2025-04-14,2206,17774.479420013762,39210501.60055036,In Transit
PO01577,SUP0049,PROD0150,2026-07-26,1697,5170.526747615657,8774383.89070377,Delivered
PO00336,SUP0063,PROD0139,2026-05-19,1202,7529.222905591143,9050125.932520553,Partially Received
PO00572,SUP0030,PROD0059,2025-06-14,2420,3146.7614045592522,7615162.59903339,Delivered
PO00677,SUP0044,PROD0144,2026-03-04,1923,12920.621445542507,24846355.03977824,Partially Received
PO00212,SUP0056,PROD0192,2025-10-21,2400,13443.581369949086,32264595.287877806,Delivered
PO01004,SUP0066,PROD0119,2025-02-25,2332,10365.531599982787,24172419.69115986,Delivered
PO00385,SUP0043,PROD0122,2025-01-14,2441,7557.6054542667525,18448114.91386514,Delivered
PO01269,SUP0070,PROD0028,2025-05-27,2137,3262.696096007395,6972381.557167804,Pending
PO00381,SUP0019,PROD0184,2026-06-06,791,16395.159648687208,12968571.282111581,Partially Received
PO00248,SUP0034,PROD0181,2026-07-26,1005,9235.10803399054,9281283.574160492,Delivered
PO01939,SUP0020,PROD0138,2026-01-13,1259,12521.661142907267,15764771.37892025,Delivered
PO01317,SUP0036,PROD0136,2025-12-30,2372,19734.252923380416,46809647.93425835,Delivered
PO01873,SUP0073,PROD0119,2026-01-06,673,12538.032907406512,8438096.146684583,In Transit
PO00980,SUP0053,PROD0163,2025-09-23,1993,10836.77139761889,21597685.395454448,Delivered
PO00067,SUP0098,PROD0199,2026-05-14,1688,6936.739204565851,11709215.777307156,Partially Received
PO01117,SUP0050,PROD0160,2026-08-23,837,2859.6734536761264,2393546.680726918,Pending
PO00030,SUP0004,PROD0110,2026-08-04,995,23580.7433934381,23462839.67647091,Partially Received
PO01723,SUP0083,PROD0158,2026-07-07,1123,5535.783149148166,6216684.47649339,Delivered
PO01240,SUP0077,PROD0061,2025-11-22,2302,15342.41574745584,35318241.05064334,Delivered
PO01490,SUP0066,PROD0199,2025-06-13,2124,801.4829732067509,1702349.835091139,Partially Received
PO00988,SUP0047,PROD0052,2025-01-18,690,12838.734255394891,8858726.636222474,Delivered
PO01237,SUP0054,PROD0042,2025-05-20,1134,22366.66122160841,25363793.82530394,In Transit
PO01948,SUP0068,PROD0164,2025-08-12,1288,14599.508527900338,18804166.983935636,Delivered
PO00802,SUP0073,PROD0093,2026-03-31,1619,8704.558824553384,14092680.736951929,Partially Received
PO00325,SUP0064,PROD0077,2026-05-06,772,22895.028587949022,17674962.069896646,Delivered
PO00112,SUP0069,PROD0036,2026-04-11,1577,14641.808020409313,23090131.248185486,In Transit
PO01273,SUP0098,PROD0131,2025-09-28,1503,13703.909216130212,20596975.55184371,Delivered
PO01967,SUP0077,PROD0098,2026-04-23,2041,15049.952984931133,30716954.04224444,In Transit
PO01792,SUP0090,PROD0184,2026-07-08,2000,17709.69924270343,35419398.48540686,Delivered
PO01405,SUP0077,PROD0074,2025-09-22,681,7984.341819154685,5437336.778844341,Delivered
PO01982,SUP0005,PROD0180,2025-04-21,1923,12485.833948514426,24010258.68299324,Delivered
PO01446,SUP0079,PROD0097,2025-08-13,813,6777.173558379096,5509842.102962205,Delivered
PO00679,SUP0089,PROD0157,2025-04-15,1596,6168.403238710646,9844771.568982191,In Transit
PO01203,SUP0034,PROD0076,2025-12-18,550,23962.623238823664,13179442.781353015,Delivered
PO00444,SUP0082,PROD0033,2025-10-09,600,9126.307701125532,5475784.620675319,Delivered
PO00404,SUP0096,PROD0030,2026-03-03,1317,7571.163097441157,9971221.799330004,Delivered
PO01908,SUP0081,PROD0145,2026-02-14,689,5580.835740318434,3845195.8250794006,Delivered
PO01992,SUP0073,PROD0171,2026-03-17,1470,12962.245425015515,19054500.774772808,In Transit
PO00742,SUP0079,PROD0148,2025-09-13,1542,5975.393648912292,9214057.006622754,Pending
PO01419,SUP0005,PROD0189,2025-10-08,686,17427.242018501438,11955088.024691986,In Transit
PO00816,SUP0059,PROD0184,2025-06-04,1206,8839.988137812146,10661025.694201449,Delivered
PO00280,SUP0088,PROD0198,2026-08-19,1761,11390.301666349658,20058321.23444175,Partially Received
PO00674,SUP0024,PROD0168,2025-05-11,2327,1791.366374439134,4168509.553319865,In Transit
PO00467,SUP0049,PROD0023,2026-03-04,576,15808.456229825611,9105670.788379552,In Transit
PO00657,SUP0083,PROD0164,2025-11-08,1577,5591.769429479629,8818220.390289376,Delivered
PO00435,SUP0074,PROD0109,2025-09-22,1058,20898.314609599976,22110416.856956776,Delivered
PO01812,SUP0036,PROD0052,2026-01-29,1582,13448.60689817569,21275696.112913944,Pending
PO00650,SUP0059,PROD0017,2026-07-07,1452,6695.550013713327,9721938.61991175,Delivered
PO01057,SUP0047,PROD0153,2026-04-25,2167,13153.863348922632,28504421.877115343,Delivered
PO00710,SUP0040,PROD0181,2025-02-20,873,20193.089869359766,17628567.455951076,Delivered
PO01036,SUP0093,PROD0151,2025-10-21,1104,4262.343926931902,4705627.6953328205,Delivered
PO01298,SUP0016,PROD0149,2026-03-02,1254,21358.5749359601,26783652.969693966,In Transit
PO01127,SUP0069,PROD0121,2025-04-29,641,20822.49901686479,13347221.86981033,Delivered
PO01362,SUP0054,PROD0171,2026-05-07,1479,7946.905744596779,11753473.596258637,In Transit
PO00701,SUP0026,PROD0031,2026-05-26,2249,21673.792361401716,48744359.02079246,In Transit
PO00453,SUP0061,PROD0088,2025-11-04,2359,3167.659502749488,7472508.766986042,Delivered
PO00053,SUP0049,PROD0118,2025-12-22,1500,11895.664615088848,17843496.92263327,Partially Received
PO00657,SUP0062,PROD0091,2025-12-18,1418,13127.806992582782,18615230.315482385,Delivered
PO01356,SUP0077,PROD0050,2026-03-11,1486,20397.201961462775,30310242.114733685,Delivered
PO00218,SUP0075,PROD0056,2025-11-12,1477,6829.846539035729,10087683.33815577,Pending
PO00126,SUP0004,PROD0119,2025-03-28,1150,16914.122399525484,19451240.759454306,Delivered
PO01305,SUP0013,PROD0073,2026-08-24,524,10153.53019028617,5320449.819709953,Pending
PO00796,SUP0008,PROD0046,2025-05-18,1245,1744.9958841021928,2172519.87570723,Delivered
PO01604,SUP0061,PROD0188,2026-06-10,1829,17689.93354687954,32354888.45724268,Delivered
PO01875,SUP0072,PROD0198,2026-04-15,1056,18266.300477903274,19289213.304665856,Pending
PO01915,SUP0079,PROD0118,2026-05-30,677,16842.657438706618,11402479.08600438,Pending
PO00852,SUP0002,PROD0057,2025-07-12,1102,22256.17451145371,24526304.31162199,In Transit
PO00529,SUP0089,PROD0008,2025-10-01,1322,6129.128919874023,8102708.432073459,Pending
PO01218,SUP0034,PROD0161,2025-08-17,1475,7781.399942405184,11477564.915047647,Partially Received
PO01257,SUP0078,PROD0027,2025-10-30,2447,10179.874582093546,24910153.102382906,Delivered
PO01245,SUP0034,PROD0060,2025-08-03,1914,19005.875342701245,36377245.405930184,Cancelled
PO00644,SUP0033,PROD0025,2026-03-28,1564,18801.0791907234,29404887.8542914,Delivered
PO00128,SUP0071,PROD0120,2026-07-18,825,22999.02091594841,18974192.25565744,Delivered
PO00421,SUP0015,PROD0191,2026-02-12,650,14612.505389298754,9498128.50304419,Partially Received
PO00309,SUP0073,PROD0164,2025-01-07,1614,16405.89134373767,26479108.6287926,Delivered
PO00248,SUP0045,PROD0080,2026-06-14,1824,18659.830253203807,34035530.381843746,Partially Received
PO01853,SUP0087,PROD0143,2026-03-31,2483,20584.57866807443,51111508.83282881,Delivered
PO00028,SUP0067,PROD0052,2025-11-26,1092,7345.388836395762,8021164.609344172,Delivered
PO01895,SUP0077,PROD0119,2026-02-21,985,11759.885555648674,11583487.272313945,In Transit
PO00721,SUP0024,PROD0038,2025-06-11,1137,4419.944028332938,5025476.36021455,Pending
PO01055,SUP0020,PROD0146,2025-03-12,2105,23418.36772404761,49295664.059120215,Delivered
PO01392,SUP0034,PROD0055,2026-05-15,2180,13997.219514253267,30513938.541072123,Delivered
PO01491,SUP0016,PROD0113,2025-10-25,1327,6996.660215274504,9284568.105669266,In Transit
PO01617,SUP0086,PROD0179,2025-08-25,2053,939.5301563008755,1928855.4108856975,Delivered
PO01975,SUP0085,PROD0174,2025-11-12,2268,18176.451985568045,41224193.103268325,Delivered
PO01495,SUP0006,PROD0131,2025-10-15,2168,893.4426780557321,1936983.7260248272,Delivered
PO01206,SUP0072,PROD0140,2025-09-05,1459,17822.036891095406,26002351.8241082,Delivered
PO01480,SUP0016,PROD0054,2026-04-22,542,11109.981274218782,6021609.85062658,Delivered
PO01500,SUP0097,PROD0152,2026-03-02,1988,4379.310826960806,8706069.923998082,Delivered
PO01772,SUP0041,PROD0009,2026-04-11,711,4975.1721247677715,3537347.3807098856,Delivered
PO00699,SUP0003,PROD0015,2026-06-29,1489,7941.992569254886,11825626.935620526,Pending
PO01307,SUP0023,PROD0039,2026-08-23,1494,9008.342690984951,13458463.980331518,Delivered
PO00561,SUP0070,PROD0125,2026-02-13,1578,9669.20004795774,15257997.675677314,Pending
PO01190,SUP0060,PROD0167,2025-04-11,676,6916.8710329728865,4675804.818289671,Delivered
PO01583,SUP0060,PROD0054,2025-10-19,1824,5980.286056044031,10908041.766224314,Pending
PO00841,SUP0032,PROD0034,2025-12-18,2255,20014.242695625842,45132117.27863628,Delivered
PO01018,SUP0095,PROD0182,2026-05-09,1407,11925.438663909157,16779092.200120185,Delivered
PO00668,SUP0085,PROD0143,2025-04-14,1283,2400.3578211535164,3079659.0845399615,Delivered
PO00522,SUP0071,PROD0065,2025-04-11,1943,8570.096546218432,16651697.589302413,Delivered
PO01825,SUP0056,PROD0049,2026-03-16,789,16848.494070743163,13293461.821816355,Pending
PO00618,SUP0036,PROD0198,2025-11-08,1111,3842.2845895161267,4268778.178952416,Delivered
PO01950,SUP0035,PROD0138,2025-03-23,1514,11697.460931269094,17709955.849941406,Delivered
PO00483,SUP0029,PROD0031,2026-01-14,2367,22516.60943182099,53296814.52512029,Delivered
PO01447,SUP0099,PROD0156,2025-05-03,1289,957.6624054715398,1234426.8406528148,Delivered
PO01148,SUP0005,PROD0184,2026-06-30,1683,20057.716370107548,33757136.650891006,Pending
PO01288,SUP0082,PROD0139,2025-10-31,863,19644.097553242445,16952856.18844823,Partially Received
PO01414,SUP0083,PROD0102,2026-01-06,1841,20269.195294839647,37315588.53779979,Delivered
PO01127,SUP0061,PROD0039,2025-05-01,509,13333.080833190965,6786538.144094201,Delivered
PO00136,SUP0085,PROD0161,2025-01-15,1077,13733.299128974311,14790763.161905333,Pending
PO00542,SUP0028,PROD0092,2025-05-26,1883,22515.339117395528,42396383.55805578,Delivered
PO01417,SUP0005,PROD0051,2026-08-14,606,23275.937208387182,14105217.948282633,In Transit
PO00989,SUP0045,PROD0035,2025-04-17,620,6985.135017351408,4330783.710757873,Partially Received
PO01194,SUP0046,PROD0171,2025-12-23,1194,23116.27004319679,27600826.431576967,Delivered
PO00766,SUP0019,PROD0195,2026-07-27,898,17348.59271891743,15579036.26158785,Pending
PO01548,SUP0090,PROD0072,2025-11-02,2078,7966.6815411610505,16554764.242532663,Delivered
PO01448,SUP0002,PROD0080,2025-10-21,1349,21971.48008469075,29639526.63424782,Delivered
PO01429,SUP0004,PROD0019,2025-05-20,1056,14817.366380970747,15647138.898305109,Delivered
PO01431,SUP0048,PROD0130,2025-07-18,886,19917.7964525236,17647167.656935908,Pending
PO01781,SUP0079,PROD0076,2025-10-07,1421,25398.943384648057,36091898.54958489,Delivered
PO00239,SUP0014,PROD0081,2026-02-15,2244,5039.115076807217,11307774.232355393,Delivered
PO01264,SUP0100,PROD0010,2026-03-30,1703,3621.4150078556013,6167269.758378089,Delivered
PO01434,SUP0040,PROD0105,2025-09-27,1477,14533.58607083824,21466106.626628082,Pending
PO00955,SUP0006,PROD0007,2026-08-16,2418,15964.703805572914,38602653.80187531,Delivered
PO00577,SUP0042,PROD0123,2026-01-16,1142,13824.360053758825,15787419.181392578,Delivered
PO01101,SUP0069,PROD0065,2025-11-17,1962,15808.393358830272,31016067.770024993,Delivered
PO00730,SUP0032,PROD0058,2026-04-03,1344,11623.262467880093,15621664.756830845,Partially Received
PO01819,SUP0057,PROD0154,2025-12-10,2177,12301.783162695885,26780981.945188943,Delivered
PO00352,SUP0006,PROD0026,2026-04-25,1303,3659.8472900779584,4768781.01897158,Delivered
PO01153,SUP0033,PROD0080,2025-08-14,1911,11430.128818168625,21842976.17152024,Delivered
PO00792,SUP0054,PROD0110,2025-07-26,1494,13021.517171047086,19454146.653544348,Cancelled
PO00192,SUP0006,PROD0022,2025-07-17,666,24655.90131223811,16420830.273950582,In Transit
PO01130,SUP0022,PROD0172,2025-03-09,1314,24301.93411280781,31932741.42422946,Pending
PO01076,SUP0072,PROD0197,2025-11-26,1699,22722.24072659641,38605086.9944873,Pending
PO00347,SUP0043,PROD0124,2025-02-16,2187,6166.651298666263,13486466.390183117,Delivered
PO01196,SUP0021,PROD0141,2025-10-02,985,15596.77303485268,15362821.43932989,Pending
PO01135,SUP0003,PROD0055,2026-05-24,1481,6962.851528631694,10311983.11390354,Cancelled
PO00498,SUP0063,PROD0112,2025-11-11,1954,16515.896907671537,32272062.557590183,Delivered
PO01903,SUP0002,PROD0024,2025-12-10,1256,13228.27760408405,16614716.670729568,Partially Received
PO01123,SUP0018,PROD0189,2026-03-10,1541,1962.549116443675,3024288.188439703,Delivered
PO01642,SUP0078,PROD0099,2026-03-25,2150,7627.516625366369,16399160.744537694,Delivered
PO01573,SUP0009,PROD0177,2025-05-21,709,2904.502883659246,2059292.5445144053,Partially Received
PO01411,SUP0057,PROD0094,2025-08-21,735,3263.7208735010854,2398834.8420232977,In Transit
PO01938,SUP0003,PROD0116,2025-06-21,1549,1749.1097579617788,2709371.015082795,Delivered
PO01932,SUP0039,PROD0168,2025-05-24,529,8693.41115357601,4598814.500241709,Pending
PO01533,SUP0063,PROD0127,2026-08-01,786,15417.56313356285,12118204.622980399,In Transit
PO00634,SUP0059,PROD0131,2025-05-29,761,3041.9125706497503,2314895.46626446,Partially Received
PO01259,SUP0071,PROD0078,2025-02-19,2273,3469.782863787511,7886816.4493890125,Pending
PO01196,SUP0099,PROD0098,2026-07-30,2482,10046.945390761814,24936518.459870823,Partially Received
PO00110,SUP0081,PROD0021,2026-03-10,959,14059.99685625494,13483536.985148488,Delivered
PO00011,SUP0078,PROD0031,2026-04-02,2166,7344.080413480905,15907278.17559964,Delivered
PO00116,SUP0036,PROD0198,2025-11-30,1206,9377.601601034547,11309387.530847663,Partially Received
PO00516,SUP0077,PROD0034,2025-06-01,1203,4734.2627948948275,5695318.142258477,Delivered
PO01814,SUP0005,PROD0187,2026-04-12,677,10669.572681731901,7223300.705532497,Delivered
PO01038,SUP0011,PROD0163,2025-12-06,1003,16100.08849352203,16148388.759002596,Delivered
PO01677,SUP0028,PROD0040,2026-07-05,2203,22013.929845353152,48496687.44931299,Partially Received
PO01470,SUP0001,PROD0029,2025-10-29,2404,21654.06116014813,52056363.0289961,In Transit
PO00783,SUP0092,PROD0046,2026-02-19,2425,18563.730469749815,45017046.3891433,Delivered
PO01485,SUP0053,PROD0043,2026-01-03,1307,933.4117030004699,1219969.0958216141,Partially Received
PO01487,SUP0050,PROD0125,2025-05-10,1944,16660.738705180982,32388476.04287183,Delivered
PO01804,SUP0015,PROD0042,2026-02-20,2289,18514.207206113566,42379020.294793956,Delivered
PO01198,SUP0075,PROD0086,2026-05-15,1714,2014.9533460081548,3453630.0350579773,Delivered
PO01058,SUP0078,PROD0162,2025-10-20,1610,10378.99035747826,16710174.47554,Pending
PO01781,SUP0032,PROD0028,2025-06-06,2290,8475.640869829718,19409217.591910053,Delivered
PO00909,SUP0033,PROD0098,2025-02-10,2278,11697.340680909421,26646542.07111166,Delivered
PO01624,SUP0045,PROD0157,2025-02-22,1237,6476.715558120121,8011697.14539459,Delivered
PO00108,SUP0088,PROD0160,2025-06-06,2003,3545.939739673493,7102517.298566006,Cancelled
PO01057,SUP0078,PROD0169,2026-01-22,1531,6255.413881587567,9577038.652710564,Delivered
PO00148,SUP0048,PROD0175,2025-10-30,2284,8649.324186270715,19755056.44144231,Delivered
PO01954,SUP0062,PROD0008,2026-02-04,2452,17827.528848898928,43713100.73750017,Delivered
PO00487,SUP0100,PROD0121,2026-01-17,1986,8714.011632620777,17306027.102384865,Delivered
PO01936,SUP0010,PROD0075,2026-05-23,2405,17802.136537633494,42814138.37300856,Partially Received
PO00055,SUP0073,PROD0055,2026-03-24,1882,6840.470833123197,12873766.107937856,Partially Received
PO01974,SUP0067,PROD0199,2025-12-24,2022,4087.7380527123905,8265406.3425844535,Partially Received
PO01960,SUP0030,PROD0150,2025-01-17,1761,17686.68519793808,31146252.63356896,Partially Received
PO00675,SUP0052,PROD0009,2026-08-01,1863,18712.433756829152,34861264.08897271,Pending
PO00966,SUP0075,PROD0046,2026-01-18,1280,1909.7915816214272,2444533.2244754266,In Transit
PO00201,SUP0004,PROD0025,2025-06-19,1848,9143.578543868138,16897333.14906832,Pending
PO01045,SUP0007,PROD0034,2026-06-08,856,9420.99039643719,8064367.779350234,Pending
PO01200,SUP0046,PROD0179,2025-07-30,2370,8495.49930877393,20134333.36179421,Delivered
PO00002,SUP0095,PROD0161,2025-07-04,1879,15026.389661398358,28234586.173767515,Partially Received
PO00458,SUP0021,PROD0181,2026-02-21,1738,10777.875019800931,18731946.78441402,Delivered
PO00420,SUP0073,PROD0088,2026-02-12,1643,19839.38513168918,32596109.771365326,Delivered
PO00248,SUP0027,PROD0177,2025-11-21,1656,14510.158118724998,24028821.844608597,Delivered
PO00333,SUP0092,PROD0188,2025-04-02,1486,14666.036603224395,21793730.39239145,Partially Received
PO01252,SUP0018,PROD0043,2025-11-25,1715,2148.3054647294134,3684343.872010944,Delivered
PO00206,SUP0020,PROD0057,2025-07-27,711,10014.814953116313,7120533.431665698,Partially Received
PO01478,SUP0068,PROD0171,2026-05-29,641,2865.9007189590375,1837042.360852743,Delivered
PO01775,SUP0011,PROD0134,2026-07-19,1727,3165.9267965133604,5467555.5775785735,Delivered
PO00171,SUP0011,PROD0107,2025-06-19,1916,19356.817048945293,37087661.465779185,Delivered
PO00465,SUP0089,PROD0183,2025-08-31,827,1810.896902878067,1497611.7386801615,Delivered
PO01924,SUP0067,PROD0061,2025-02-07,1481,8943.733852541796,13245669.8356144,In Transit
PO00764,SUP0041,PROD0169,2025-01-07,596,4469.541675768469,2663846.8387580076,Delivered
PO01021,SUP0030,PROD0182,2025-04-07,1247,12136.053562700463,15133658.792687478,In Transit
PO00584,SUP0073,PROD0063,2025-01-13,605,20020.547077423817,12112430.98184141,Cancelled
PO01960,SUP0093,PROD0172,2025-05-21,1283,10461.15558673578,13421662.617782006,Partially Received
PO00859,SUP0019,PROD0148,2025-06-03,1496,18968.27952864793,28376546.174857304,In Transit
PO00251,SUP0001,PROD0159,2025-03-03,2311,3578.8819052455024,8270796.083022356,Partially Received
PO00766,SUP0028,PROD0107,2026-04-17,1088,23528.753992271642,25599284.34359155,Partially Received
PO01714,SUP0053,PROD0076,2026-07-11,1583,15698.346008756109,24850481.73186092,Pending
PO00281,SUP0080,PROD0031,2025-09-22,1531,17746.608546769294,27170057.68510379,Pending
PO00814,SUP0001,PROD0077,2026-01-14,610,24097.052388859553,14699201.957204327,Delivered
PO00342,SUP0058,PROD0117,2025-03-05,1183,2033.157682750944,2405225.538694367,Delivered
PO00025,SUP0021,PROD0094,2025-08-30,1778,7645.837487253907,13594299.052337447,Cancelled
PO00547,SUP0012,PROD0118,2025-08-04,529,22887.035253624388,12107241.649167301,In Transit
PO00754,SUP0094,PROD0078,2026-02-21,1427,5303.295353995055,7567802.470150944,Delivered
PO01621,SUP0089,PROD0036,2025-04-02,742,23823.34169959316,17676919.541098125,In Transit
PO01895,SUP0059,PROD0199,2026-03-28,2480,10952.922533348486,27163247.882704247,Pending
PO00855,SUP0037,PROD0117,2025-06-27,1295,2878.557904935047,3727732.486890886,Delivered
PO01416,SUP0035,PROD0139,2025-08-06,1373,15296.27995631853,21001792.380025342,Delivered
PO00608,SUP0091,PROD0120,2026-01-14,1889,11715.967463277933,22131462.538132016,Delivered
PO01060,SUP0037,PROD0093,2026-04-17,1056,8748.618786762196,9238541.438820878,In Transit
PO01594,SUP0060,PROD0136,2025-03-21,961,16932.27493688178,16271916.21434339,In Transit
PO00456,SUP0086,PROD0077,2026-04-05,2133,7363.527048188481,15706403.19378603,In Transit
PO01987,SUP0062,PROD0057,2026-08-10,639,9425.933022865875,6023171.2016112935,Pending
PO00232,SUP0078,PROD0176,2025-05-16,1449,17383.676074835636,25188946.632436834,In Transit
PO01619,SUP0040,PROD0193,2025-08-16,2231,3291.1774239738384,7342616.832885633,Delivered
PO01590,SUP0045,PROD0170,2025-03-03,1298,17773.455378749633,23069945.081617024,Delivered
PO00417,SUP0074,PROD0033,2025-08-06,1051,17142.489654547022,18016756.62692892,Pending
PO01266,SUP0061,PROD0146,2026-08-05,1137,3261.2755342411338,3708070.282432169,Delivered
PO01514,SUP0093,PROD0021,2026-08-06,2230,19311.38685190542,43064392.67974909,Pending
PO01492,SUP0031,PROD0012,2025-06-18,1938,18664.813622701928,36172408.80079634,Delivered
PO00544,SUP0063,PROD0129,2025-11-21,1371,869.3631768309409,1191896.9154352199,Pending
PO00960,SUP0091,PROD0134,2026-02-21,1657,8689.100817048104,14397840.053848708,Delivered
PO01148,SUP0088,PROD0025,2025-05-19,529,5176.166161847983,2738191.899617583,In Transit
PO01674,SUP0038,PROD0090,2026-04-05,787,3024.387301110782,2380192.8059741855,Delivered
PO01539,SUP0023,PROD0161,2025-01-27,1123,21984.64508562539,24688756.431157313,Pending
PO01353,SUP0023,PROD0042,2026-01-24,2026,9680.021834817426,19611724.237340104,In Transit
PO00527,SUP0089,PROD0133,2025-01-12,2067,3753.0996272017105,7757656.929425935,Cancelled
PO00671,SUP0036,PROD0194,2026-04-09,1418,11561.014663558477,16393518.79292592,In Transit
PO00470,SUP0054,PROD0126,2026-08-10,853,23583.705028808974,20116900.389574055,Pending
PO00021,SUP0100,PROD0199,2025-10-14,2490,1964.1068011259758,4890625.93480368,Delivered
PO00679,SUP0043,PROD0073,2026-03-10,2166,15560.842634378017,33704785.146062784,In Transit
PO00513,SUP0007,PROD0101,2025-04-20,1727,9062.685619663478,15651258.065158827,Delivered
PO01144,SUP0012,PROD0014,2025-04-21,1237,22854.139576324676,28270570.655913625,Pending
PO00542,SUP0098,PROD0069,2025-11-04,1070,20249.064412018546,21666498.920859843,Delivered
PO00090,SUP0004,PROD0002,2025-06-02,1541,4718.322885752883,7270935.566945192,In Transit
PO01137,SUP0048,PROD0099,2025-07-31,1027,8027.465188286822,8244206.748370566,Delivered
PO00675,SUP0086,PROD0015,2025-12-22,913,19291.939890640253,17613541.120154552,Delivered
PO00295,SUP0036,PROD0081,2026-05-06,944,17774.83584694075,16779445.039512068,Partially Received
PO01916,SUP0084,PROD0139,2026-01-21,2327,12826.308785512261,29846820.54388703,Delivered
PO01169,SUP0011,PROD0057,2026-07-19,2215,12306.711171814623,27259365.24556939,Delivered
PO01359,SUP0072,PROD0119,2026-05-03,2394,14898.36225117577,35666679.22931479,Cancelled
PO01063,SUP0040,PROD0015,2025-09-23,1461,13274.463665265639,19393991.414953098,Partially Received
PO01793,SUP0076,PROD0091,2026-03-27,2354,3984.1420249063262,9378670.326629492,In Transit
PO00766,SUP0079,PROD0155,2026-01-03,2370,21131.70931547002,50082151.07766394,Delivered
PO01381,SUP0068,PROD0081,2025-11-13,1427,917.2361483190912,1308895.983651343,Partially Received
PO01304,SUP0076,PROD0014,2026-04-02,1763,22771.120086019513,40145484.7116524,Delivered
PO00799,SUP0029,PROD0190,2025-03-01,1138,3073.468804182909,3497607.4991601505,Delivered
PO00014,SUP0083,PROD0134,2025-01-09,2001,21794.23424278116,43610262.7198051,In Transit
PO01912,SUP0050,PROD0113,2025-05-10,1311,1988.4168848449497,2606814.536031729,Delivered
PO01996,SUP0083,PROD0159,2025-09-12,899,1001.2688139662038,900140.6637556172,In Transit
PO00635,SUP0041,PROD0029,2026-03-19,1368,14860.685705488588,20329418.04510839,Partially Received
PO00902,SUP0093,PROD0025,2025-06-29,2157,15087.991017121492,32544796.623931058,Pending
PO01332,SUP0098,PROD0183,2025-12-22,2250,2353.273489561634,5294865.351513676,Delivered
PO00261,SUP0065,PROD0163,2026-03-15,1535,10579.883620471302,16240121.357423449,Pending
PO00619,SUP0061,PROD0047,2026-06-25,2414,4173.669736575298,10075238.74409277,In Transit
PO01354,SUP0090,PROD0152,2025-12-15,544,6417.448287952542,3491091.868646183,In Transit
PO00272,SUP0075,PROD0188,2025-06-19,1701,14935.1041857955,25404612.220038146,Delivered
PO00466,SUP0057,PROD0083,2025-02-25,1751,18416.15350485779,32246684.78700599,Delivered
PO00313,SUP0079,PROD0155,2025-02-03,1682,12341.077009802555,20757691.5304879,Delivered
PO00845,SUP0085,PROD0093,2025-05-30,1549,11817.181100769885,18304813.525092553,In Transit
PO01426,SUP0055,PROD0060,2025-07-04,1880,3106.0281538051113,5839332.929153609,Partially Received
PO00190,SUP0037,PROD0179,2025-11-27,1236,20583.774696152053,25441545.52444394,Delivered
PO01448,SUP0009,PROD0164,2026-07-11,635,1991.6653738569435,1264707.5123991591,Delivered
PO00679,SUP0087,PROD0102,2026-06-02,2101,22173.84870355977,46587256.12617907,Partially Received
PO01528,SUP0048,PROD0196,2025-05-21,2457,17829.03574960789,43805940.83678659,Cancelled
PO01457,SUP0011,PROD0032,2026-02-03,2152,943.7430652261218,2030935.076366614,Delivered
PO01202,SUP0045,PROD0110,2026-03-26,1530,12793.610587971287,19574224.19959607,Partially Received
PO01117,SUP0095,PROD0127,2025-09-06,1169,18948.969356787667,22151345.178084783,Delivered
PO01999,SUP0007,PROD0118,2025-04-19,563,2972.373659953022,1673446.3705535515,Pending
PO01158,SUP0100,PROD0004,2025-02-12,1318,12091.907968995974,15937134.703136694,Delivered
PO01618,SUP0040,PROD0045,2025-12-28,1624,23263.13994097573,37779339.264144585,In Transit
PO01489,SUP0021,PROD0151,2026-06-19,1772,9664.25136323078,17125053.415644944,Pending
PO01712,SUP0092,PROD0083,2025-08-20,1647,3628.3954986349854,5975967.386251821,Delivered
PO01910,SUP0017,PROD0132,2026-05-27,1195,12124.501554006174,14488779.357037378,Delivered
PO00387,SUP0023,PROD0026,2025-11-23,2047,5303.480810641566,10856225.219383284,In Transit
PO00331,SUP0016,PROD0181,2026-03-10,1539,20336.95595144339,31298575.209271375,Delivered
PO01173,SUP0014,PROD0026,2026-08-09,1750,10481.281762911802,18342243.08509565,Delivered
PO00899,SUP0070,PROD0106,2026-05-09,1454,1781.4873718600782,2590282.6386845536,Delivered
PO01142,SUP0037,PROD0063,2025-11-11,1343,22196.762826762824,29810252.476342473,Pending
PO01597,SUP0039,PROD0152,2026-03-02,859,21617.798069018885,18569688.54128722,Delivered
PO01864,SUP0075,PROD0040,2025-09-05,1202,19720.59027864418,23704149.514930304,Delivered
PO01436,SUP0029,PROD0167,2025-03-01,933,12603.196807319453,11758782.621229049,Delivered
PO00394,SUP0038,PROD0147,2025-03-05,1186,6334.577453877374,7512808.860298566,In Transit
PO01070,SUP0022,PROD0012,2025-02-01,2196,11273.219736053159,24755990.540372737,Delivered
PO00044,SUP0067,PROD0156,2026-05-11,2329,16072.995422229907,37434006.33837345,In Transit
PO01008,SUP0077,PROD0122,2025-10-31,1950,18981.86493310212,37014636.61954913,Delivered
PO01091,SUP0037,PROD0033,2025-03-18,2368,13299.940198143277,31494258.38920328,In Transit
PO01471,SUP0061,PROD0125,2026-05-30,2112,18111.67090446015,38251848.95021983,Delivered
PO01299,SUP0022,PROD0136,2025-05-02,2076,10807.582989738181,22436542.286696464,Partially Received
PO00717,SUP0020,PROD0082,2025-11-21,1853,16196.048229327786,30011277.368944388,Delivered
PO00231,SUP0075,PROD0015,2025-07-29,2419,6345.092607838323,15348779.018360903,Delivered
PO00651,SUP0078,PROD0141,2026-03-12,1402,2857.3010909769096,4005936.129549627,Delivered
PO00518,SUP0097,PROD0176,2026-08-30,1693,6851.791026691537,11600082.208188772,Delivered
PO00873,SUP0017,PROD0114,2025-06-23,1600,22961.60966056013,36738575.45689621,Pending
PO01380,SUP0073,PROD0039,2025-03-18,1383,979.9960019409192,1355334.4706842913,Pending
PO00714,SUP0084,PROD0188,2025-03-01,1581,6340.909951101606,10024978.632691639,In Transit
PO00135,SUP0071,PROD0166,2025-04-13,934,19495.06120080203,18208387.161549095,Cancelled
PO00806,SUP0084,PROD0024,2026-04-27,1088,7969.79335845795,8671135.174002249,Delivered
PO00522,SUP0060,PROD0013,2025-03-01,971,6793.85933897899,6596837.4181486,Delivered
PO00650,SUP0029,PROD0145,2025-10-22,1602,9975.774433263918,15981190.642088797,Pending
PO00326,SUP0071,PROD0078,2025-11-08,1482,6345.261154713652,9403677.031285632,Delivered
PO01318,SUP0091,PROD0029,2025-04-01,850,16665.362042648245,14165557.736251008,Delivered
PO01054,SUP0092,PROD0037,2025-03-03,2338,9607.93373401079,22463349.070117228,Delivered
PO00542,SUP0018,PROD0098,2026-01-27,2074,1742.493549577788,3613931.621824332,Delivered
PO00986,SUP0041,PROD0129,2026-02-19,1690,11132.72295824619,18814301.79943606,Delivered
PO01592,SUP0075,PROD0160,2025-01-18,2224,3068.191230855503,6823657.297422638,In Transit
PO01912,SUP0079,PROD0061,2025-07-29,502,16248.574003459784,8156784.149736811,Pending
PO00262,SUP0068,PROD0114,2025-03-24,1034,17772.17229250111,18376426.150446147,Partially Received
PO01410,SUP0018,PROD0155,2025-07-04,1647,16697.95194153716,27501526.847711705,Delivered
PO01386,SUP0072,PROD0101,2025-12-04,1374,5592.051928503673,7683479.349764046,In Transit
PO00749,SUP0022,PROD0016,2025-11-11,550,16551.78373014476,9103481.051579619,Delivered
PO00688,SUP0083,PROD0098,2025-04-02,1035,22697.759185337454,23492180.756824266,Delivered
PO00012,SUP0048,PROD0014,2026-03-30,1409,3165.765715483752,4460563.893116606,In Transit
PO01214,SUP0061,PROD0098,2025-04-21,1488,6748.27792141605,10041437.547067082,Delivered
PO00805,SUP0010,PROD0038,2025-02-26,1060,24285.603596338835,25742739.812119164,In Transit
PO01088,SUP0057,PROD0185,2026-01-24,1435,5924.71266499092,8501962.67426197,In Transit
PO00082,SUP0065,PROD0160,2025-12-24,1496,21887.713176308956,32744018.9117582,Partially Received
PO00348,SUP0015,PROD0174,2025-01-12,1384,25094.102943917875,34730238.47438234,Delivered
PO01247,SUP0060,PROD0102,2026-01-23,507,19440.505548043715,9856336.312858164,Pending
PO01203,SUP0045,PROD0077,2026-04-12,677,10900.39377208547,7379566.583701863,In Transit
PO01631,SUP0032,PROD0126,2025-11-11,1715,4888.28999550323,8383417.34228804,Delivered
PO00137,SUP0060,PROD0103,2026-06-17,1145,11305.08462492919,12944321.895543922,Delivered
PO01382,SUP0081,PROD0169,2025-06-20,2279,11131.833554807246,25369448.671405714,Delivered
PO01432,SUP0030,PROD0161,2025-01-30,2334,10202.131574233015,23811775.094259858,Pending
PO00551,SUP0019,PROD0158,2025-02-13,1463,1781.685709470242,2606606.192954964,Delivered
PO00392,SUP0022,PROD0186,2025-05-20,1228,26412.32808078671,32434338.883206077,Delivered
PO00428,SUP0081,PROD0182,2025-04-10,1109,20907.35962693504,23186261.826270957,Delivered
PO00272,SUP0062,PROD0006,2025-02-14,1802,10308.742799245814,18576354.524240956,Delivered
PO01319,SUP0002,PROD0101,2025-10-12,1431,3721.324817269223,5325215.813512258,In Transit
PO00054,SUP0080,PROD0060,2025-11-01,1368,6991.24085098708,9564017.484150326,Delivered
PO00639,SUP0034,PROD0034,2025-09-29,877,22999.513432859254,20170573.280617565,Pending
PO00384,SUP0034,PROD0113,2025-12-18,1828,4463.348157094021,8159000.431167871,Delivered
PO01978,SUP0073,PROD0064,2025-02-23,2372,15069.725845392424,35745389.70527083,Pending
PO00606,SUP0047,PROD0027,2026-04-01,507,12518.88665145334,6347075.532286843,In Transit
PO00445,SUP0019,PROD0001,2026-01-14,1627,19656.7328771137,31981504.39106399,Partially Received
PO00394,SUP0059,PROD0027,2025-06-28,2014,15643.707124514414,31506426.14877203,Delivered
PO00748,SUP0052,PROD0040,2026-08-31,2032,15072.162445138245,30626634.088520914,Delivered
PO01212,SUP0045,PROD0107,2025-07-01,1183,15318.917389236929,18122279.271467287,Delivered
PO00965,SUP0019,PROD0107,2025-10-01,2279,3738.252026717499,8519476.368889181,Pending
PO01693,SUP0083,PROD0127,2025-01-06,2270,7427.023083594245,16859342.399758935,Delivered
PO00580,SUP0075,PROD0077,2025-11-12,879,20785.37280661169,18270342.697011676,Pending
PO01408,SUP0061,PROD0091,2026-01-11,677,12812.100693137918,8673792.16925437,Delivered
PO01641,SUP0015,PROD0160,2025-08-12,1957,10955.910214329551,21440716.28944293,Cancelled
PO00931,SUP0006,PROD0142,2025-11-03,999,15485.305206345787,15469819.901139442,Partially Received
PO01975,SUP0059,PROD0191,2025-09-18,2030,1146.3473005593492,2327085.0201354786,Cancelled
PO01759,SUP0040,PROD0025,2026-06-02,2253,797.8835314112642,1797631.5962695784,Pending
PO00394,SUP0011,PROD0058,2026-05-11,1463,5992.692978049091,8767309.82688582,Delivered
PO01574,SUP0057,PROD0063,2025-09-03,1198,17815.251452704717,21342671.24034025,In Transit
PO01202,SUP0001,PROD0177,2026-01-25,1378,11045.045628673499,15220072.87631208,Delivered
PO01070,SUP0087,PROD0191,2026-05-04,615,8056.323699717534,4954639.075326283,Pending
PO01028,SUP0095,PROD0056,2026-04-10,1129,3146.4931530622985,3552390.769807335,Delivered
PO01707,SUP0033,PROD0025,2025-11-17,1494,11926.203093391492,17817747.42152689,Partially Received
PO01222,SUP0034,PROD0045,2025-06-04,735,5050.154211819589,3711863.345687398,Delivered
PO01076,SUP0063,PROD0048,2026-02-20,797,16689.80368396338,13301773.536118813,Delivered
PO00098,SUP0074,PROD0196,2025-03-21,1408,13721.060692790426,19319253.45544892,Delivered
PO00897,SUP0088,PROD0176,2026-08-30,1578,14660.254926661464,23133882.27427179,Pending
PO01817,SUP0020,PROD0029,2025-11-25,1802,11009.159846884306,19838506.044085518,Delivered
PO01424,SUP0073,PROD0173,2025-06-15,2024,22192.786141615474,44918199.15062972,Delivered
PO00102,SUP0097,PROD0168,2025-07-21,703,1952.440959308387,1372565.994393796,Delivered
PO01768,SUP0084,PROD0187,2025-10-10,1556,11391.082189413213,17724523.88672696,Delivered
PO01094,SUP0033,PROD0018,2026-07-14,1556,5590.771232939957,8699240.038454574,Delivered
PO01125,SUP0079,PROD0027,2025-09-12,935,20977.927640317455,19614362.34369682,Delivered
PO00641,SUP0040,PROD0187,2026-06-27,2179,15991.180375305012,34844782.03778962,Delivered
PO01258,SUP0076,PROD0164,2025-10-16,1026,13378.469386439934,13726309.590487372,Delivered
PO01826,SUP0052,PROD0196,2025-10-09,1169,14436.845054447533,16876671.868649166,Delivered
PO00716,SUP0050,PROD0026,2026-08-10,1867,22923.374370241312,42797939.94924053,Delivered
PO01721,SUP0047,PROD0053,2026-08-16,2032,11702.514047412857,23779508.544342924,Delivered
PO01837,SUP0071,PROD0053,2026-05-29,1709,19744.326642140863,33743054.23141874,Pending
PO00043,SUP0051,PROD0072,2025-08-17,2157,2019.4351055903792,4355921.522758448,Delivered
PO00479,SUP0057,PROD0017,2025-04-15,1571,9387.38710192019,14747585.13711662,In Transit
PO01420,SUP0089,PROD0166,2026-03-19,645,23238.444799209843,14988796.895490348,In Transit
PO01514,SUP0002,PROD0029,2025-11-13,966,25111.38389013429,24257596.837869722,Partially Received
PO00785,SUP0058,PROD0172,2026-01-13,2161,14541.339768444375,31423835.239608295,Delivered
PO01314,SUP0002,PROD0102,2026-07-23,1851,20455.940889622918,37863946.58669202,Pending
PO01225,SUP0043,PROD0055,2025-11-15,1750,11542.774077266338,20199854.63521609,Partially Received
PO01480,SUP0051,PROD0144,2025-05-07,2273,10604.955014455953,24105062.74785838,Cancelled
PO01438,SUP0066,PROD0103,2025-11-15,2214,13830.354382188572,30620404.602165498,Pending
PO00172,SUP0030,PROD0141,2025-04-02,1110,10775.04287546095,11960297.591761654,Delivered
PO00317,SUP0012,PROD0145,2025-08-19,2349,22333.342596718412,52461021.75969155,Partially Received
PO00266,SUP0077,PROD0122,2025-06-11,1992,18535.294235168465,36922306.116455585,Pending
PO01865,SUP0075,PROD0188,2025-06-12,589,5193.611562324873,3059037.2102093506,Delivered
PO01828,SUP0017,PROD0183,2026-08-31,1088,11556.401485172875,12573364.815868089,Delivered
PO01595,SUP0050,PROD0080,2026-01-23,2484,2468.039768455587,6130610.784843678,Partially Received
PO00234,SUP0068,PROD0152,2026-08-07,1169,5589.178804827039,6533750.022842809,Delivered
PO00375,SUP0064,PROD0176,2025-07-15,1682,14841.208171253511,24962912.144048404,Delivered
PO00737,SUP0016,PROD0165,2026-02-18,514,12677.737405306614,6516357.0263276,Pending
PO00535,SUP0070,PROD0081,2026-02-02,2252,2531.1906333935876,5700241.306402359,Delivered
PO01658,SUP0033,PROD0038,2025-06-29,1307,11373.010410513378,14864524.606540985,Pending
PO01968,SUP0073,PROD0008,2026-06-24,2298,15976.866166723981,36714838.45113171,Delivered
PO01375,SUP0017,PROD0012,2025-10-16,1744,2125.8056611507454,3707405.0730469,Delivered
PO00159,SUP0013,PROD0132,2026-05-11,545,17356.478387945317,9459280.721430197,Delivered
PO01816,SUP0069,PROD0016,2026-07-27,895,7549.528544697151,6756828.04750395,Delivered
PO01287,SUP0093,PROD0095,2026-08-02,1257,24392.131667144728,30660909.50560092,Cancelled
PO00913,SUP0019,PROD0091,2025-12-29,841,933.4682487037237,785046.7971598316,Delivered
PO01320,SUP0006,PROD0154,2025-06-22,1010,2029.984378400985,2050284.2221849947,Delivered
PO01759,SUP0015,PROD0072,2025-07-11,2040,6594.531603981062,13452844.472121367,Pending
PO00955,SUP0039,PROD0096,2026-05-12,2339,18151.79115627116,42457039.514518246,Delivered
PO01063,SUP0032,PROD0074,2026-03-19,2053,6380.598758300488,13099369.250790901,Delivered
PO00905,SUP0040,PROD0094,2026-05-09,2015,8312.082311454646,16748845.85758111,In Transit
PO00146,SUP0010,PROD0031,2025-11-14,792,1892.2085258382167,1498629.1524638676,Delivered
PO01575,SUP0028,PROD0132,2026-04-09,886,6181.721272569299,5477005.047496399,Pending
PO00253,SUP0095,PROD0114,2025-05-21,719,21298.598058126438,15313692.003792908,In Transit
PO00790,SUP0053,PROD0176,2025-05-18,1475,10766.39034299122,15880425.75591205,Delivered
PO00774,SUP0023,PROD0055,2025-05-03,1788,5695.96715002995,10184389.264253551,In Transit
PO00561,SUP0068,PROD0059,2026-06-12,1785,9493.857603202516,16946535.82171649,Partially Received
PO00806,SUP0041,PROD0187,2026-04-10,834,2964.306885604328,2472231.9425940095,Delivered
PO01237,SUP0039,PROD0002,2025-04-05,2108,2860.2003023464868,6029302.237346394,Pending
PO00623,SUP0077,PROD0119,2026-04-09,1400,6762.356128516665,9467298.579923332,Delivered
PO01739,SUP0049,PROD0029,2025-07-12,755,4372.192147266133,3301005.0711859306,Pending
PO01942,SUP0095,PROD0114,2026-03-21,884,9272.571712159835,8196953.393549294,Delivered
PO00655,SUP0017,PROD0097,2026-03-03,568,22943.293204799713,13031790.540326238,Delivered
PO00095,SUP0060,PROD0029,2025-03-31,560,3031.8834955890507,1697854.7575298683,Pending
PO00074,SUP0099,PROD0050,2026-08-09,2036,20583.938272231386,41908898.3222631,In Transit
PO00786,SUP0005,PROD0185,2025-04-05,2089,5311.034819929063,11094751.738831813,Delivered
PO01462,SUP0040,PROD0041,2026-02-01,2040,8862.886340583997,18080288.13479135,Partially Received
PO00699,SUP0003,PROD0116,2026-06-14,1384,8591.211148071501,11890236.228930958,Delivered
PO01937,SUP0007,PROD0149,2025-01-29,840,11521.366504790049,9677947.86402364,Delivered
PO00858,SUP0047,PROD0042,2026-02-06,854,1725.427419154372,1473515.0159578337,Delivered
PO00554,SUP0002,PROD0087,2025-09-23,533,14607.866584470823,7785992.889522948,In Transit
PO00424,SUP0057,PROD0189,2025-07-18,1276,14963.941437601441,19093989.27437944,Partially Received
PO01316,SUP0029,PROD0117,2025-05-18,1306,934.6815921052815,1220694.1592894976,In Transit
PO00779,SUP0091,PROD0119,2026-08-05,2166,15808.7123555815,34241670.962189525,Delivered
PO01804,SUP0001,PROD0151,2025-10-14,1237,3574.709382315871,4421915.505924732,Delivered
PO01285,SUP0065,PROD0097,2025-01-06,1112,18183.742134188247,20220321.253217332,In Transit
PO00977,SUP0088,PROD0048,2026-06-10,1105,8019.522643238079,8861572.520778077,Delivered
PO00265,SUP0044,PROD0185,2025-05-30,2209,14750.313171054775,32583441.794859998,Partially Received
PO01804,SUP0043,PROD0078,2026-03-03,1154,11432.839233343999,13193496.475278975,In Transit
PO00571,SUP0032,PROD0163,2026-07-19,1472,20339.232989232514,29939350.96015026,Cancelled
PO01756,SUP0001,PROD0093,2026-03-16,1430,929.5434433882458,1329247.1240451916,In Transit
PO00109,SUP0094,PROD0170,2025-06-27,2430,2051.964516175155,4986273.774305627,Delivered
PO01074,SUP0039,PROD0197,2026-04-18,2134,928.0265095608713,1980408.5714028995,Cancelled
PO00954,SUP0001,PROD0027,2025-04-22,2450,11753.035486170924,28794936.941118762,Delivered
PO00529,SUP0090,PROD0015,2026-04-25,1743,8507.336294623836,14828287.161529345,Delivered
PO00261,SUP0061,PROD0162,2025-05-16,1534,20086.275747926098,30812346.997318633,Delivered
PO00074,SUP0034,PROD0196,2025-07-20,1480,2488.3358579367373,3682737.0697463714,Delivered
PO00316,SUP0025,PROD0117,2025-12-17,799,11083.369029115114,8855611.854262976,In Transit
PO01906,SUP0035,PROD0042,2025-03-09,1033,20447.66253124638,21122435.39477751,Partially Received
PO01151,SUP0004,PROD0041,2025-09-06,2282,2352.9576469817066,5369449.350412254,Pending
PO00978,SUP0062,PROD0191,2025-11-06,2298,8942.248594936478,20549287.271164026,Delivered
PO00769,SUP0067,PROD0038,2026-08-27,1561,2844.1231528500407,4439676.241598913,Delivered
PO01417,SUP0084,PROD0057,2025-02-14,1369,15332.571147372322,20990289.90075271,Delivered
PO00283,SUP0069,PROD0105,2026-05-31,2141,5615.215104367355,12022175.538450507,Delivered
PO00553,SUP0089,PROD0045,2025-02-26,1046,24606.617841273517,25738522.2619721,In Transit
PO01312,SUP0047,PROD0119,2025-10-22,919,17453.954622482575,16040184.298061486,Delivered
PO00959,SUP0099,PROD0040,2025-04-20,2446,11925.319817604144,29169332.273859736,Partially Received
PO01795,SUP0008,PROD0147,2026-08-16,1550,5213.025267364552,8080189.164415055,In Transit
PO01647,SUP0025,PROD0144,2026-04-16,1076,6470.473122257246,6962229.079548797,Partially Received
PO00183,SUP0041,PROD0105,2025-06-11,1540,9306.318548706391,14331730.565007843,Partially Received
PO00339,SUP0090,PROD0002,2025-05-04,1086,12125.933987947854,13168764.310911369,Pending
PO01568,SUP0086,PROD0030,2026-08-16,693,20319.63375655814,14081506.193294792,In Transit
PO01828,SUP0046,PROD0023,2026-04-24,1427,7401.0360116282045,10561278.388593448,Delivered
PO01681,SUP0093,PROD0199,2025-03-19,1805,16768.545773511505,30267225.121188268,Delivered
PO01073,SUP0090,PROD0102,2026-03-04,988,7754.163730451177,7661113.765685763,Partially Received
PO01646,SUP0056,PROD0072,2026-08-14,2141,18065.99633100151,38679298.14467423,Delivered
PO01097,SUP0039,PROD0166,2025-01-22,2257,916.7492169035371,2069102.9825512832,Pending
PO00292,SUP0074,PROD0166,2025-08-26,857,9385.432866825922,8043315.966869815,Delivered
PO00159,SUP0080,PROD0190,2026-05-09,2418,12232.194683264153,29577446.744132724,Cancelled
PO01915,SUP0077,PROD0144,2025-11-22,1715,18508.715722665114,31742447.46437067,Delivered
PO00852,SUP0095,PROD0140,2026-05-20,2076,20389.88713089553,42329405.683739126,Delivered
PO00702,SUP0077,PROD0183,2026-07-06,1239,20748.32201037165,25707170.97085047,Partially Received
PO00713,SUP0040,PROD0160,2025-08-28,1261,14373.928535846486,18125523.88370242,Delivered
PO00758,SUP0065,PROD0170,2026-03-24,1154,14625.479666707493,16877803.53538045,Delivered
PO01890,SUP0075,PROD0130,2025-04-15,675,8598.424839903533,5803936.766934885,Partially Received
PO00126,SUP0028,PROD0177,2026-07-11,1197,21029.362091108113,25172146.423056412,Pending
PO00239,SUP0012,PROD0050,2025-02-12,1228,6465.14690784678,7939200.402835846,Delivered
PO01580,SUP0025,PROD0063,2025-09-01,1571,6686.998465557892,10505274.589391448,In Transit
PO00258,SUP0086,PROD0033,2026-04-18,1476,6569.830181577556,9697069.348008472,Delivered
PO00069,SUP0087,PROD0155,2026-04-20,572,15035.75788168782,8600453.508325433,In Transit
PO00522,SUP0008,PROD0116,2026-05-20,1132,17183.146238142876,19451321.541577734,Delivered
PO00029,SUP0010,PROD0171,2025-09-09,1559,20342.82768465892,31714468.360383257,Delivered
PO00433,SUP0054,PROD0192,2025-08-29,627,23827.80752246936,14940035.316588288,Partially Received
PO01797,SUP0042,PROD0090,2026-07-10,1075,18238.20166864582,19606066.793794256,Partially Received
PO00780,SUP0068,PROD0071,2026-01-25,623,8901.922977267688,5545898.01483777,Pending
PO00639,SUP0070,PROD0034,2026-01-24,567,20691.354794458177,11731998.168457786,Delivered
PO02000,SUP0019,PROD0041,2025-11-16,2058,23013.75982228132,47362317.71425496,Cancelled
PO01539,SUP0042,PROD0066,2025-04-27,1431,6612.856765118783,9462998.03088498,Delivered
PO01075,SUP0042,PROD0156,2026-07-14,985,2029.4769250612537,1999034.771185335,Delivered
PO00510,SUP0091,PROD0075,2025-02-01,1151,3374.2682664686445,3883782.77470541,Delivered
PO00643,SUP0007,PROD0155,2025-10-10,2210,17576.10798276726,38843198.64191564,Delivered
PO01085,SUP0033,PROD0061,2025-11-08,1076,10890.862312949044,11718567.848733172,In Transit
PO01919,SUP0075,PROD0113,2026-04-09,1577,950.5428465245578,1499006.0689692276,Delivered
PO01152,SUP0038,PROD0182,2026-02-04,1355,11995.003822390221,16253230.17933875,Delivered
PO01179,SUP0090,PROD0197,2026-06-25,1169,17386.780932067428,20325146.909586824,Delivered
PO00423,SUP0069,PROD0026,2025-09-12,2040,10614.3527485776,21653279.607098304,Delivered
PO01475,SUP0035,PROD0122,2025-10-01,657,7294.176492236159,4792273.955399157,Pending
PO00191,SUP0015,PROD0019,2025-09-06,1594,18117.33731916499,28879035.686748996,Pending
PO01317,SUP0058,PROD0123,2025-10-01,1048,11109.11542545945,11642352.965881502,Delivered
PO01672,SUP0068,PROD0064,2025-11-03,912,12534.363365445692,11431339.389286472,Delivered
PO00413,SUP0016,PROD0186,2025-09-03,2115,6845.685161614084,14478624.116813788,Delivered
PO01756,SUP0098,PROD0185,2025-04-19,1289,9670.490396649579,12465262.121281307,Pending
PO00923,SUP0003,PROD0133,2026-04-17,1911,6826.601585399186,13045635.629697844,Delivered
PO00194,SUP0100,PROD0013,2025-01-12,1207,14212.223200170796,17154153.402606152,Delivered
PO00212,SUP0002,PROD0106,2025-05-10,1911,7647.0216903097835,14613458.450181996,In Transit
PO00396,SUP0078,PROD0119,2026-04-28,514,18886.2262660793,9707520.30076476,Delivered
PO01498,SUP0089,PROD0122,2025-10-30,1189,15429.680370708062,18345889.960771885,Delivered
PO00374,SUP0034,PROD0149,2026-04-14,2053,20517.026963788576,42121456.356657945,Delivered
PO00324,SUP0085,PROD0038,2026-02-11,2404,1100.987595983894,2646774.180745281,Pending
PO01199,SUP0062,PROD0122,2026-05-23,2138,13861.729471205059,29636377.609436415,Delivered
PO01858,SUP0001,PROD0169,2025-02-15,1915,21622.114518297203,41406349.30253915,Pending
PO01666,SUP0072,PROD0172,2025-05-15,1786,25408.689172870996,45379918.8627476,Pending
PO01296,SUP0094,PROD0151,2025-07-24,1860,12718.456526550266,23656329.139383495,In Transit
PO00269,SUP0092,PROD0096,2025-02-21,1703,24750.72403962429,42150483.039480165,Pending
PO00869,SUP0054,PROD0018,2026-04-06,628,19255.134632885372,12092224.549452014,Delivered
PO00180,SUP0099,PROD0116,2026-03-21,1259,23965.305234748164,30172319.290547937,Delivered
PO00716,SUP0071,PROD0025,2026-08-16,2195,18177.11933036268,39898776.93014608,Delivered
PO00448,SUP0007,PROD0010,2026-05-25,611,11901.884215747421,7272051.255821674,Cancelled
PO01833,SUP0077,PROD0008,2026-06-25,1850,3818.9504184055377,7065058.274050245,In Transit
PO01761,SUP0068,PROD0053,2025-04-05,622,18584.73632930988,11559705.996830745,Delivered
PO01638,SUP0055,PROD0168,2025-03-28,1107,19502.136148290676,21588864.71615778,Partially Received
PO01428,SUP0033,PROD0181,2026-01-22,827,26848.07928619259,22203361.569681272,Pending
PO01308,SUP0099,PROD0179,2026-07-26,1385,5787.337319394391,8015462.187361231,Delivered
PO00739,SUP0007,PROD0031,2026-05-06,1763,24842.264438666283,43796912.20536866,Delivered
PO00946,SUP0015,PROD0110,2025-06-26,2394,10211.469577869768,24446258.169420224,Partially Received
PO00979,SUP0035,PROD0018,2026-03-16,933,23028.424602936288,21485520.154539555,Delivered
PO00480,SUP0055,PROD0071,2025-08-20,1295,16581.163344086675,21472606.530592244,Delivered
PO00629,SUP0015,PROD0072,2026-06-27,1327,7615.381169533,10105610.81197029,In Transit
PO00837,SUP0096,PROD0182,2025-01-14,695,20351.13263746071,14144037.183035193,Partially Received
PO01207,SUP0042,PROD0103,2026-03-30,1723,6128.413138948893,10559255.838408943,Delivered
PO01912,SUP0003,PROD0064,2026-05-09,1411,25222.76227723551,35589317.573179305,Delivered
PO01077,SUP0005,PROD0179,2026-01-19,2222,13286.571426264161,29522761.70915897,Partially Received
PO01463,SUP0094,PROD0078,2025-06-13,708,3721.0815310699036,2634525.723997492,Pending
PO01615,SUP0077,PROD0196,2025-03-27,700,3211.5163958430803,2248061.477090156,Delivered
PO01307,SUP0100,PROD0167,2025-10-20,2085,11371.886505080884,23710383.36309364,Delivered
PO00965,SUP0050,PROD0058,2025-10-02,2163,6116.65024695007,13230314.484153003,In Transit
PO01145,SUP0061,PROD0148,2025-07-29,1344,13127.588959520248,17643479.561595213,In Transit
PO00007,SUP0087,PROD0016,2025-11-08,1170,1243.9695519380257,1455444.3757674901,Delivered
PO00426,SUP0094,PROD0199,2025-02-25,1486,17477.740024231374,25971921.676007822,Partially Received
PO00361,SUP0057,PROD0138,2025-07-20,1345,23196.50754173091,31199302.643628072,Delivered
PO01563,SUP0054,PROD0133,2025-08-27,938,24246.45529612147,22743175.06776194,Delivered
PO01197,SUP0023,PROD0010,2025-06-04,2124,2686.557542184077,5706248.21959898,Delivered
PO00355,SUP0042,PROD0024,2026-06-09,1290,8140.24385042899,10500914.567053398,Delivered
PO01628,SUP0017,PROD0116,2026-08-06,1218,3552.220459095972,4326604.519178893,Delivered
PO00707,SUP0061,PROD0042,2026-05-03,1335,17476.27835184575,23330831.599714078,In Transit
PO00922,SUP0064,PROD0077,2026-05-06,1520,21154.739909121028,32155204.661863964,Partially Received
PO00775,SUP0011,PROD0196,2025-04-17,1768,3599.261061380209,6363493.55652021,In Transit
PO00961,SUP0088,PROD0126,2025-07-10,2087,12687.101623053264,26477981.087312162,Delivered
PO00550,SUP0071,PROD0073,2025-03-25,511,7667.008773764491,3917841.4833936547,Pending
PO00850,SUP0043,PROD0030,2026-05-02,2101,17756.712920920516,37306853.846854,Delivered
PO01817,SUP0009,PROD0096,2025-07-16,2195,1181.7113097071108,2593856.3248071084,Delivered
PO01006,SUP0056,PROD0068,2025-05-26,1238,15966.916872459298,19767043.08810461,Delivered
PO01833,SUP0011,PROD0068,2025-03-18,2270,9000.997631165934,20432264.62274667,Delivered
PO01101,SUP0080,PROD0102,2026-01-16,1369,5448.47481327868,7458962.019378513,In Transit
PO01538,SUP0053,PROD0115,2025-08-27,913,10179.776435533551,9294135.885642132,Delivered
PO01581,SUP0015,PROD0057,2025-09-15,1477,9183.994177575492,13564759.400279002,Pending
PO00529,SUP0053,PROD0136,2026-03-15,1818,24182.756104604658,43964250.598171264,Delivered
PO00040,SUP0025,PROD0120,2025-08-27,2047,11736.948532028075,24025533.64506147,In Transit
PO00044,SUP0052,PROD0107,2026-01-11,1305,5914.376006102933,7718260.687964328,Partially Received
PO01895,SUP0073,PROD0119,2025-12-06,2270,1810.325058933562,4109437.883779186,Pending
PO02000,SUP0055,PROD0179,2026-01-02,1603,17740.08976647115,28437363.89565325,Delivered
PO01525,SUP0049,PROD0151,2026-08-17,1476,14659.65314248115,21637648.038302176,Partially Received
PO00217,SUP0059,PROD0155,2025-01-11,1808,19329.873203025065,34948410.751069315,Delivered
PO01798,SUP0064,PROD0149,2026-03-19,1527,17121.30807564455,26144237.431509227,Delivered
PO01488,SUP0022,PROD0081,2025-09-01,561,6913.502090817366,3878474.672948542,In Transit
PO00665,SUP0064,PROD0114,2025-07-18,1911,11109.047464852205,21229389.705332562,Pending
PO01005,SUP0017,PROD0137,2025-06-06,1064,3242.9592851366733,3450508.6793854204,Delivered
PO01324,SUP0081,PROD0177,2026-07-19,1393,9932.669339178794,13836208.38947606,Delivered
PO00049,SUP0074,PROD0109,2026-01-30,1300,20018.44135550194,26023973.76215252,Delivered
PO01004,SUP0062,PROD0057,2025-12-23,501,15193.854452371534,7612121.080638139,In Transit
PO00377,SUP0008,PROD0128,2025-09-22,1151,12665.092354882314,14577521.300469544,Delivered
PO00888,SUP0074,PROD0061,2026-01-17,1785,23744.43066118459,42383808.73021449,Cancelled
PO01066,SUP0044,PROD0169,2026-05-06,1395,18185.065078396972,25368165.784363776,Delivered
PO01472,SUP0057,PROD0144,2025-06-14,1027,2480.102836509943,2547065.6130957115,Pending
PO01929,SUP0039,PROD0173,2025-06-13,2081,7502.922565865865,15613581.859566865,Partially Received
PO01697,SUP0024,PROD0167,2026-08-10,761,24329.193250441316,18514516.06358584,Pending
PO01244,SUP0004,PROD0073,2026-03-31,2087,944.9318318136321,1972072.7329950503,Delivered
PO01168,SUP0064,PROD0144,2026-07-01,974,22345.81488324415,21764823.6962798,Delivered
PO01207,SUP0059,PROD0168,2026-05-24,2341,18891.10347008246,44224073.223463036,Delivered
PO01091,SUP0085,PROD0111,2026-05-24,749,10031.088049400241,7513284.9490007805,In Transit
PO00119,SUP0015,PROD0082,2025-11-27,517,14849.537019131614,7677210.638891045,Cancelled
PO01397,SUP0082,PROD0102,2026-02-03,2112,10851.35204240183,22918055.513552666,Delivered
PO01433,SUP0077,PROD0181,2025-02-16,1308,1159.7830608776044,1516996.2436279065,Delivered
PO01025,SUP0028,PROD0029,2026-02-17,1295,6119.538984599653,7924802.985056551,Delivered
PO01345,SUP0011,PROD0199,2025-04-03,1183,2369.8885443230424,2803578.1479341593,In Transit
PO00726,SUP0067,PROD0118,2026-01-21,1295,20098.988598629614,26028190.23522535,Delivered
PO00040,SUP0005,PROD0075,2025-05-03,2034,15607.93572191673,31746541.25837863,Pending
PO00119,SUP0021,PROD0055,2025-11-16,1939,6565.036809966698,12729606.374525426,Delivered
PO00704,SUP0008,PROD0027,2026-03-27,673,19062.615460965913,12829140.20523006,In Transit
PO00925,SUP0078,PROD0073,2026-08-18,1960,14912.901354517024,29229286.654853366,Delivered
PO00334,SUP0025,PROD0114,2025-04-15,1474,20767.15657341508,30610788.789213825,Delivered
PO00461,SUP0039,PROD0089,2025-12-14,2478,893.9664281275084,2215248.8088999656,In Transit
PO01562,SUP0025,PROD0122,2025-02-23,2288,6843.154067445837,15657136.506316077,Delivered
PO01543,SUP0064,PROD0184,2025-03-28,2241,2077.198007962212,4655000.735843318,Pending
PO00766,SUP0086,PROD0186,2026-02-04,2010,22402.9957495444,45030021.456584245,Delivered
PO00345,SUP0041,PROD0141,2025-04-13,555,16089.049150674331,8929422.278624253,Delivered
PO00222,SUP0088,PROD0094,2026-05-15,1732,11758.946249878307,20366494.904789228,Cancelled
PO00175,SUP0053,PROD0196,2025-11-08,927,4686.392408473238,4344285.762654692,Partially Received
PO00783,SUP0083,PROD0027,2025-02-16,2305,18132.323489124403,41795005.64243175,Delivered
PO00092,SUP0075,PROD0184,2025-12-28,1702,12081.899909572963,20563393.646093182,Partially Received
PO00668,SUP0021,PROD0119,2026-08-21,1824,18786.969591025678,34267432.53403084,Pending
PO01924,SUP0035,PROD0025,2026-04-01,875,3181.328076153055,2783662.066633923,Delivered
PO01016,SUP0058,PROD0091,2025-02-27,1159,22358.45550709831,25913449.932726942,Delivered
PO01646,SUP0087,PROD0038,2026-08-28,1392,8748.903736703278,12178474.001490964,Delivered
PO00259,SUP0033,PROD0089,2026-01-16,2273,8737.267804933761,19859809.720614437,In Transit
PO00537,SUP0093,PROD0157,2026-05-07,2487,6127.32139883023,15238648.31889078,Partially Received
PO01894,SUP0084,PROD0070,2025-06-19,1292,7255.4669979679375,9374063.361374576,Delivered
PO00768,SUP0066,PROD0196,2025-04-07,2412,3445.768815137909,8311194.382112636,Delivered
PO01297,SUP0085,PROD0015,2025-06-07,1165,4988.9082568573185,5812078.119238776,Delivered
PO01102,SUP0059,PROD0081,2026-07-19,1073,26540.988068352504,28478480.197342236,Pending
PO00611,SUP0031,PROD0149,2025-11-06,536,24818.899077182334,13302929.90536973,Delivered
PO01064,SUP0037,PROD0059,2026-02-24,676,891.732926656419,602811.4584197393,In Transit
PO00110,SUP0090,PROD0036,2025-12-02,1702,5992.770907800391,10199696.085076265,Delivered
PO00225,SUP0007,PROD0044,2026-05-25,1483,13722.964365711703,20351156.154350456,Pending
PO00015,SUP0079,PROD0054,2026-07-18,787,9168.899396220653,7215923.824825654,Pending
PO01769,SUP0051,PROD0172,2026-03-02,1024,1355.515950942909,1388048.3337655389,Pending
PO00597,SUP0008,PROD0094,2026-03-16,2419,849.3892797547247,2054672.667726679,In Transit
PO00443,SUP0017,PROD0032,2026-04-03,1914,13154.131175656383,25177007.070206318,In Transit
PO01840,SUP0061,PROD0199,2026-06-25,979,3074.1751805753215,3009617.5017832397,In Transit
PO00599,SUP0011,PROD0017,2026-01-13,1003,1256.275685510264,1260044.5125667949,Partially Received
PO00644,SUP0053,PROD0080,2025-06-30,1281,9016.348379703079,11549942.274399644,Delivered
PO01709,SUP0007,PROD0106,2025-09-08,887,8324.775283078268,7384075.676090424,Delivered
PO01787,SUP0037,PROD0129,2025-09-07,1481,21934.910435835525,32485602.355472412,Cancelled
PO01829,SUP0037,PROD0096,2026-08-09,1381,10142.307679924492,14006526.905975724,Delivered
PO00587,SUP0005,PROD0018,2026-06-08,2306,6781.728258098563,15638665.363175286,Partially Received
PO00241,SUP0047,PROD0005,2026-05-20,1979,12821.384795581747,25373520.51045628,In Transit
PO00880,SUP0057,PROD0026,2026-01-26,2286,11711.924330611246,26773459.01977731,Partially Received
PO00592,SUP0069,PROD0126,2026-06-23,1477,1695.451564751542,2504181.9611380277,In Transit
PO01768,SUP0054,PROD0199,2025-01-10,1776,4379.260375872214,7777566.427549053,Pending
PO01268,SUP0082,PROD0016,2025-10-08,1879,13856.43891262645,26036248.7168251,In Transit
PO01813,SUP0064,PROD0005,2025-05-10,660,21434.081689263687,14146493.914914032,Delivered
PO01954,SUP0008,PROD0129,2026-08-04,2047,1877.3920811462779,3843021.590106431,Delivered
PO01301,SUP0045,PROD0087,2026-03-21,1980,9260.962540225893,18336705.82964727,Delivered
PO01900,SUP0069,PROD0001,2026-03-16,764,19580.87212511032,14959786.303584285,Partially Received
PO00152,SUP0065,PROD0053,2025-12-08,2480,21738.49023282742,53911455.777412,Delivered
PO00719,SUP0009,PROD0067,2026-06-12,2319,5116.925743585938,11866150.799375791,Pending
PO00018,SUP0002,PROD0157,2025-01-09,1594,17251.666897626314,27499157.034816343,Delivered
PO01963,SUP0054,PROD0166,2025-12-23,630,23271.160566856444,14660831.15711956,Delivered
PO00057,SUP0037,PROD0078,2025-02-06,838,17043.788285459654,14282694.58321519,Delivered
PO00037,SUP0045,PROD0051,2026-05-21,998,15515.317222764923,15484286.588319393,In Transit
PO00734,SUP0064,PROD0065,2025-03-03,1389,20202.099854668246,28060716.698134195,Delivered
PO00518,SUP0009,PROD0058,2025-01-14,1239,8415.033439417159,10426226.43143786,Delivered
PO00321,SUP0023,PROD0050,2025-02-12,1245,11040.100319440793,13744924.897703787,Pending
PO01582,SUP0063,PROD0079,2026-01-12,1202,11755.969894451617,14130675.813130843,Delivered
PO01109,SUP0082,PROD0069,2026-04-19,732,19300.01335863729,14127609.778522497,Pending
PO00755,SUP0058,PROD0007,2026-04-08,1910,17464.446576815695,33357092.961717978,In Transit
PO00292,SUP0014,PROD0074,2025-07-28,617,18011.8792816006,11113329.51674757,Delivered
PO01996,SUP0003,PROD0078,2025-04-22,765,3502.303959749812,2679262.529208606,Delivered
PO01236,SUP0026,PROD0032,2025-02-12,2488,11742.380824476308,29215043.491297055,Delivered
PO00879,SUP0005,PROD0017,2025-11-18,784,1563.256868082881,1225593.3845769789,Pending
PO00743,SUP0004,PROD0148,2026-03-03,1941,17232.298527836774,33447891.44253118,In Transit
PO01812,SUP0017,PROD0025,2026-08-02,1282,15478.975038381044,19844045.999204498,Delivered
PO01643,SUP0021,PROD0190,2026-05-14,518,6384.231375243813,3307031.8523762953,In Transit
PO01623,SUP0053,PROD0194,2026-05-18,1911,13955.927116715164,26669776.72004268,Delivered
PO01233,SUP0075,PROD0117,2025-08-09,2414,21731.23375110945,52459198.27517821,In Transit
PO01776,SUP0012,PROD0168,2025-02-01,640,20377.456234706657,13041571.99021226,Delivered
PO00599,SUP0077,PROD0079,2025-05-01,1688,24236.296847470872,40910869.07853083,Delivered
PO01408,SUP0095,PROD0048,2026-08-17,522,9152.08196759092,4777386.787082461,Delivered
PO01200,SUP0088,PROD0103,2026-05-29,1341,20016.318754519783,26841883.44981103,In Transit
PO01997,SUP0003,PROD0096,2026-02-14,859,4341.331492169092,3729203.75177325,Delivered
PO01970,SUP0094,PROD0102,2026-05-03,1914,9026.694515688854,17277093.303028468,Delivered
PO01026,SUP0062,PROD0181,2026-06-28,764,20855.193741844207,15933368.018768974,In Transit
PO01795,SUP0024,PROD0026,2025-09-12,1191,17447.925325085984,20780479.06217741,In Transit
PO01558,SUP0025,PROD0180,2026-04-10,2121,11660.738584987594,24732426.538758688,Delivered
PO00131,SUP0003,PROD0109,2025-02-15,1943,10850.920579953237,21083338.68684914,Delivered
PO01794,SUP0011,PROD0167,2025-11-03,1516,23252.781331761315,35251216.49895015,In Transit
PO01537,SUP0055,PROD0077,2026-04-15,1190,10155.841445866818,12085451.320581513,Delivered
PO01485,SUP0090,PROD0057,2026-08-05,1177,23585.929319495706,27760638.809046447,Delivered
PO01336,SUP0008,PROD0118,2026-04-25,994,18274.993600671452,18165343.639067423,Delivered
PO00831,SUP0087,PROD0056,2025-11-25,2085,5590.7643351460965,11656743.63877961,Delivered
PO00807,SUP0002,PROD0073,2026-08-04,1223,11940.074698017877,14602711.355675865,In Transit
PO00588,SUP0032,PROD0116,2025-07-14,1736,18689.91924022327,32445699.801027596,Cancelled
PO01370,SUP0064,PROD0041,2025-05-31,580,3515.627944771119,2039064.207967249,Delivered
PO01453,SUP0059,PROD0183,2025-07-04,971,1572.0172837749683,1526428.7825454941,Delivered
PO01690,SUP0004,PROD0025,2025-08-03,1853,23442.16472399097,43438331.233555265,Delivered
PO00640,SUP0022,PROD0156,2025-02-13,980,7379.319897841355,7231733.499884528,Partially Received
PO00213,SUP0066,PROD0091,2026-05-15,2326,18780.681444306127,43683865.03945605,Delivered
PO00277,SUP0060,PROD0113,2025-10-31,544,1300.9580164307572,707721.1609383319,Pending
PO01896,SUP0023,PROD0017,2026-05-19,2052,18787.02824633386,38550981.96147708,Delivered
PO01804,SUP0011,PROD0084,2025-11-28,826,7855.635990902916,6488755.328485808,In Transit
PO00098,SUP0066,PROD0053,2025-08-17,778,17594.533200681977,13688546.830130579,Pending
PO01677,SUP0091,PROD0194,2025-09-24,2203,17620.693760163733,38818388.353640705,Delivered
PO01404,SUP0056,PROD0197,2025-05-13,1737,13955.601158751111,24240879.21275068,In Transit
PO01774,SUP0087,PROD0176,2025-08-23,1986,6254.7409019251545,12421915.431223357,Delivered
PO01154,SUP0043,PROD0127,2025-12-14,895,3676.8749858341307,3290803.1123215468,Partially Received
PO00233,SUP0053,PROD0173,2026-02-05,2422,2164.6401561879784,5242758.458287284,Pending
PO01899,SUP0082,PROD0131,2025-07-18,662,13021.445029545443,8620196.609559083,Delivered
PO01146,SUP0029,PROD0112,2025-02-02,1148,8013.608238241531,9199622.257501278,Delivered
PO00746,SUP0018,PROD0007,2026-05-05,1115,7609.1406340132025,8484191.806924721,Delivered
PO00062,SUP0004,PROD0012,2025-11-21,2371,6306.487535951904,14952681.947741963,Delivered
PO01830,SUP0079,PROD0122,2025-01-10,603,9786.99950169207,5901560.699520318,Delivered
PO00655,SUP0027,PROD0055,2025-11-17,1493,21930.895823234863,32742827.46408965,Delivered
PO01389,SUP0070,PROD0129,2026-01-17,2399,22424.652383096476,53796741.067048445,Partially Received
PO00508,SUP0072,PROD0163,2025-08-09,2422,15571.449167736544,37714049.88425791,Delivered
PO00635,SUP0094,PROD0116,2026-07-19,669,9901.616934189427,6624181.7289727265,In Transit
PO01640,SUP0076,PROD0148,2025-03-27,1146,3068.3970209305658,3516382.9859864283,In Transit
PO00445,SUP0096,PROD0158,2025-10-21,500,23360.507884583058,11680253.942291528,Pending
PO01057,SUP0022,PROD0187,2025-04-20,927,10628.818747002995,9852914.978471776,Partially Received
PO00429,SUP0058,PROD0076,2026-03-18,565,14578.997802997888,8237133.758693807,Delivered
PO01524,SUP0063,PROD0140,2026-06-17,634,4158.40343800748,2636427.779696742,In Transit
PO01587,SUP0097,PROD0050,2025-05-27,2135,20607.922888540004,43997915.36703291,Delivered
PO01553,SUP0002,PROD0193,2026-02-11,2089,17127.35180925169,35779037.929526776,Pending
PO00285,SUP0028,PROD0041,2026-08-01,1429,2963.612981061068,4235002.949936266,In Transit
PO01103,SUP0073,PROD0001,2026-02-12,1835,24655.54692313347,45242928.60394991,Pending
PO01983,SUP0046,PROD0117,2026-08-27,567,16037.828160848474,9093448.567201085,In Transit
PO01309,SUP0041,PROD0144,2025-07-27,1271,20229.299578165508,25711439.76384836,Partially Received
PO01871,SUP0001,PROD0139,2025-04-21,1023,893.2427175570105,913787.3000608217,In Transit
PO00291,SUP0064,PROD0106,2026-08-10,1550,5871.785957253251,9101268.233742539,Delivered
PO01544,SUP0056,PROD0192,2025-02-10,1705,9861.206767081097,16813357.53787327,Pending
PO00736,SUP0080,PROD0178,2026-06-13,2472,24705.839289442687,61072834.72350232,Cancelled
PO01266,SUP0051,PROD0171,2025-08-06,708,8348.139982337614,5910483.10749503,Delivered
PO01024,SUP0050,PROD0194,2026-03-17,1238,6643.106528786779,8224165.882638032,Delivered
PO01984,SUP0099,PROD0005,2025-03-06,642,17876.570657426146,11476758.362067586,Pending
PO00348,SUP0056,PROD0180,2025-04-25,2033,10060.485088344702,20452966.18460478,Delivered
PO01871,SUP0028,PROD0048,2025-02-25,660,5864.237725515431,3870396.8988401843,In Transit
PO00804,SUP0003,PROD0074,2025-03-31,1702,10147.714657953667,17271410.347837143,In Transit
PO01058,SUP0045,PROD0076,2025-04-24,1614,1789.291554513246,2887916.568984379,Delivered
PO00531,SUP0059,PROD0143,2025-05-17,1825,7977.613336838553,14559144.339730358,Pending
PO01928,SUP0090,PROD0124,2026-03-21,1594,10845.077605105358,17287053.70253794,Delivered
PO01946,SUP0016,PROD0081,2025-09-23,1649,8644.01497689359,14253980.696897529,Pending
PO01340,SUP0061,PROD0171,2025-08-27,1742,21013.246807512965,36605075.938687585,Delivered
PO01702,SUP0018,PROD0080,2025-03-02,2401,6984.104145791567,16768834.054045552,Pending
PO00048,SUP0005,PROD0070,2026-05-25,2482,2644.253650347874,6563037.560163423,Delivered
PO01669,SUP0032,PROD0070,2025-04-20,1942,19329.826213240547,37538522.50611314,Delivered
PO00995,SUP0058,PROD0045,2025-03-19,1772,1152.042455720614,2041419.231536928,Partially Received
PO01347,SUP0070,PROD0168,2025-05-01,2094,10584.727621946053,22164419.640355036,Delivered
PO00749,SUP0093,PROD0140,2025-05-29,992,25420.109135388895,25216748.262305785,Delivered
PO00738,SUP0079,PROD0193,2026-07-09,1119,22923.512680146625,25651410.68908407,Cancelled
PO00848,SUP0024,PROD0064,2025-02-08,1066,17893.53672023816,19074510.14377388,Delivered
PO00817,SUP0098,PROD0045,2026-01-18,2131,9897.95162388846,21092534.910506308,Delivered
PO00450,SUP0047,PROD0181,2025-11-30,747,18059.500833105256,13490447.122329626,Pending
PO00495,SUP0054,PROD0146,2025-12-06,1873,16211.398388940088,30363949.182484783,Partially Received
PO01169,SUP0036,PROD0096,2026-03-21,2256,10797.607817004679,24359403.235162556,Pending
PO00636,SUP0040,PROD0016,2026-07-07,1670,13975.424707365712,23338959.26130074,Cancelled
PO01661,SUP0097,PROD0177,2026-03-15,1911,17772.65470736818,33963543.14578059,Delivered
PO00223,SUP0079,PROD0019,2026-04-17,888,24389.422287390906,21657806.991203126,In Transit
PO00321,SUP0047,PROD0139,2025-03-24,1411,1913.319239715147,2699693.4472380723,Partially Received
PO01106,SUP0081,PROD0017,2026-07-19,1866,10774.81450534549,20105803.866974685,Delivered
PO01285,SUP0099,PROD0145,2026-04-19,1833,3170.3041322472923,5811167.474409287,Pending
PO00362,SUP0071,PROD0057,2026-03-16,1346,20388.491058069532,27442908.96416159,In Transit
PO00927,SUP0051,PROD0077,2026-08-30,1224,24924.352563108157,30507407.537244383,Cancelled
PO00747,SUP0019,PROD0191,2025-11-14,2189,8022.2071476178035,17560611.446135372,Delivered
PO01333,SUP0029,PROD0054,2026-07-07,611,15643.568620666421,9558220.427227184,Delivered
PO00870,SUP0086,PROD0061,2025-02-16,1474,5968.659278565819,8797803.776606016,Cancelled
PO00472,SUP0096,PROD0029,2025-05-10,1089,4469.157241778531,4866912.23629682,Pending
PO00548,SUP0032,PROD0070,2025-03-25,920,19240.31783894709,17701092.411831323,In Transit
PO00091,SUP0075,PROD0120,2026-03-02,535,11811.803796216253,6319315.030975695,Delivered
PO01080,SUP0041,PROD0146,2026-05-14,1351,19993.20026010244,27010813.551398396,Delivered
PO00876,SUP0032,PROD0104,2026-08-26,1044,14766.218630899391,15415932.250658965,In Transit
PO01727,SUP0084,PROD0153,2025-10-01,824,11940.988271410457,9839374.335642217,Delivered
PO00114,SUP0012,PROD0129,2026-06-12,2422,3093.5952621953375,7492687.725037107,Partially Received
PO00799,SUP0006,PROD0146,2025-02-27,1582,15430.809394885451,24411540.462708782,Pending
PO01714,SUP0089,PROD0196,2026-04-18,1172,3131.809303662203,3670480.503892102,Partially Received
PO00787,SUP0082,PROD0196,2025-10-31,1393,14861.874556706194,20702591.25749173,Delivered
PO00236,SUP0087,PROD0171,2025-05-12,1190,13461.23792528366,16018873.131087555,Delivered
PO01201,SUP0089,PROD0115,2025-03-21,2407,17452.051268805393,42007087.40401458,Partially Received
PO01310,SUP0018,PROD0073,2025-02-05,1700,14065.733235768126,23911746.500805814,Delivered
PO00877,SUP0006,PROD0161,2026-06-28,1567,20836.409589659772,32650653.826996863,In Transit
PO00482,SUP0077,PROD0098,2025-10-11,729,4085.2404361694785,2978140.27796755,Pending
PO01477,SUP0061,PROD0142,2026-02-03,598,8703.844620520504,5204899.083071262,Delivered
PO00881,SUP0077,PROD0157,2025-01-14,1023,23324.60587808772,23861071.813283738,Cancelled
PO00184,SUP0057,PROD0081,2025-06-05,875,12823.889001011705,11220902.87588524,Delivered
PO00882,SUP0091,PROD0131,2025-04-11,1982,15521.850248660352,30764307.19284482,Delivered
PO01016,SUP0025,PROD0094,2026-01-03,1487,25052.65642259989,37253300.100406036,In Transit
PO01633,SUP0039,PROD0001,2025-05-11,2490,23589.62321755813,58738161.811719745,Pending
PO01166,SUP0019,PROD0067,2025-03-06,1573,8122.939561558914,12777383.93033217,Delivered
PO00576,SUP0010,PROD0146,2025-04-20,1392,11966.007046681741,16656681.808980985,Delivered
PO01624,SUP0005,PROD0052,2025-01-23,1239,11926.060194577924,14776388.581082048,Delivered
PO01714,SUP0083,PROD0073,2026-03-19,2493,14865.211690941056,37058972.745516054,Delivered
PO01806,SUP0043,PROD0068,2026-05-12,2328,7057.3985464169655,16429623.816058695,Delivered
PO00849,SUP0089,PROD0014,2025-09-05,2214,6866.925454579914,15203372.95643993,Delivered
PO01819,SUP0085,PROD0194,2025-03-30,1030,26372.4919211586,27163666.678793356,Delivered
PO00241,SUP0071,PROD0072,2026-02-22,837,24186.242926367562,20243885.32936965,Delivered
PO00056,SUP0007,PROD0036,2025-06-06,1854,24998.101367737996,46346479.93578625,Delivered
PO00696,SUP0064,PROD0143,2025-12-30,1204,8840.095033604899,10643474.420460299,Pending
PO01131,SUP0015,PROD0082,2025-02-26,1585,24526.143181635034,38873936.94289153,Delivered
PO00703,SUP0049,PROD0015,2025-09-24,1191,2808.3013383404173,3344686.893963437,Delivered
PO01885,SUP0078,PROD0048,2026-03-05,1778,17195.487044161735,30573575.964519564,Cancelled
PO00510,SUP0098,PROD0166,2026-03-22,2370,3205.7804487648364,7597699.6635726625,Delivered
PO00563,SUP0018,PROD0041,2025-11-12,2178,6907.1398700707705,15043750.637014138,Delivered
PO01270,SUP0048,PROD0150,2025-12-29,1396,19762.92719585373,27589046.365411803,Delivered
PO00008,SUP0003,PROD0166,2026-05-29,2316,17798.508365743135,41221345.3750611,Delivered
PO00755,SUP0069,PROD0010,2026-01-26,1472,18184.051802109585,26766924.25270531,Partially Received
PO01383,SUP0093,PROD0078,2026-02-21,1525,24604.880088790487,37522442.135405496,Pending
PO00105,SUP0006,PROD0161,2025-02-28,2034,7978.683660838888,16228642.566146297,Cancelled
PO00177,SUP0004,PROD0116,2026-02-04,676,15003.073442495192,10142077.64712675,In Transit
PO01906,SUP0088,PROD0160,2026-04-19,692,11128.776702629526,7701113.478219632,Delivered
PO00401,SUP0045,PROD0167,2025-10-16,1306,21691.784470645045,28329470.51866243,Delivered
PO01748,SUP0091,PROD0036,2025-10-07,1585,2580.3653501569165,4089879.0799987125,Cancelled
PO01414,SUP0086,PROD0100,2026-08-11,1183,8706.385646216066,10299654.219473606,Delivered
PO01527,SUP0077,PROD0042,2026-01-22,977,2684.6047447922338,2622858.8356620125,Delivered
PO00590,SUP0025,PROD0177,2026-03-01,1609,16915.3656272058,27216823.29417413,In Transit
PO01010,SUP0091,PROD0094,2025-03-02,1247,7362.0851791228115,9180520.218366146,Delivered
PO00446,SUP0023,PROD0115,2026-04-10,639,6032.557869266572,3854804.4784613396,Delivered
PO00758,SUP0025,PROD0180,2026-08-23,1392,9381.350254203895,13058839.553851822,Delivered
PO01931,SUP0053,PROD0167,2026-02-20,1947,8346.87458351089,16251364.814095702,Delivered
PO01387,SUP0074,PROD0023,2026-06-21,1187,24272.348427688037,28811277.5836657,Cancelled
PO01694,SUP0006,PROD0053,2025-10-01,531,3146.8451901974686,1670974.795994856,Delivered
PO01082,SUP0074,PROD0074,2025-05-21,1045,3387.6337250965735,3540077.2427259195,Delivered
PO01426,SUP0087,PROD0034,2025-09-02,1982,16225.279480985348,32158503.93131296,Pending
PO00354,SUP0078,PROD0054,2025-07-18,1516,17835.549014052613,27038692.30530376,Partially Received
PO00825,SUP0002,PROD0002,2025-11-01,2224,2512.115560345728,5586945.006208899,Delivered
PO01270,SUP0024,PROD0194,2026-03-26,894,8960.037305564178,8010273.351174375,Delivered
PO00487,SUP0061,PROD0173,2025-06-15,2414,14612.31945581181,35274139.16632971,Delivered
PO00760,SUP0047,PROD0155,2025-04-29,1413,20791.522240847302,29378420.926317237,Delivered
PO00543,SUP0016,PROD0060,2026-02-04,814,14391.511858735596,11714690.653010774,Partially Received
PO00391,SUP0002,PROD0046,2026-07-09,1011,15113.87836969642,15280131.03176308,Pending
PO01609,SUP0029,PROD0037,2026-02-26,1705,11735.732547036709,20009423.99269759,In Transit
PO00709,SUP0062,PROD0192,2025-01-06,2427,17097.6705780857,41496046.49301399,Delivered
PO00967,SUP0098,PROD0107,2026-08-27,1176,18891.101054354054,22215934.839920368,Cancelled
PO00446,SUP0023,PROD0113,2026-08-11,1640,3391.3633919415583,5561835.962784155,Pending
PO01373,SUP0070,PROD0113,2026-08-09,1153,8306.482997990865,9577374.896683468,Pending
PO00679,SUP0002,PROD0057,2026-01-04,1220,7992.601833861065,9750974.237310499,Delivered
PO00062,SUP0026,PROD0070,2025-12-27,1195,19667.952381860032,23503203.096322738,Delivered
PO01178,SUP0036,PROD0191,2026-02-20,661,18010.824797187794,11905155.19094113,In Transit
PO01403,SUP0008,PROD0150,2025-02-19,972,18256.674008349768,17745487.136115976,Delivered
PO01319,SUP0032,PROD0025,2026-08-23,1688,21226.86716071043,35830951.76727921,Delivered
PO00912,SUP0049,PROD0171,2025-08-21,887,20863.825646686546,18506213.348610967,Pending
PO01297,SUP0063,PROD0156,2026-07-08,2410,24621.43805374683,59337665.70952986,Pending
PO00636,SUP0003,PROD0047,2025-03-05,1484,2155.566511655904,3198860.7032973613,Delivered
PO01976,SUP0036,PROD0149,2026-07-19,826,24284.32899674714,20058855.75131314,Delivered
PO00414,SUP0002,PROD0183,2026-05-10,675,17467.940284497232,11790859.692035632,In Transit
PO01581,SUP0052,PROD0128,2025-07-31,1029,26661.375647461773,27434555.541238163,Delivered
PO01609,SUP0092,PROD0097,2025-04-21,792,4029.899695818333,3191680.55908812,Pending
PO01935,SUP0096,PROD0102,2026-01-17,1151,14550.651396955767,16747799.757896088,Pending
PO01372,SUP0023,PROD0076,2026-03-03,1328,11901.964695523886,15805809.11565572,Delivered
PO01387,SUP0033,PROD0005,2026-07-21,1849,13174.964756621453,24360509.834993068,In Transit
PO00676,SUP0032,PROD0188,2025-02-09,1390,13756.518768769149,19121561.088589117,Pending
PO00522,SUP0022,PROD0158,2025-10-05,2123,6174.760715392936,13109016.998779202,Delivered
PO01438,SUP0040,PROD0105,2025-01-14,921,8078.606572736981,7440396.65349076,Partially Received
PO01483,SUP0076,PROD0180,2026-07-03,1188,21930.22021614998,26053101.61678618,Partially Received
PO00655,SUP0056,PROD0114,2025-10-15,972,11932.72164753187,11598605.441400977,Pending
PO00538,SUP0074,PROD0073,2025-03-23,2478,7343.38495568819,18196907.920195334,In Transit
PO01200,SUP0053,PROD0022,2025-11-16,631,9243.746992021752,5832804.351965725,Delivered
PO00554,SUP0054,PROD0006,2026-06-25,2353,6507.290615117408,15311654.817371262,Delivered
PO01015,SUP0001,PROD0186,2025-01-27,1451,13226.951915699805,19192307.229680415,Delivered
PO00430,SUP0006,PROD0002,2025-05-25,716,9309.971435309963,6665939.547681933,Cancelled
PO01407,SUP0078,PROD0027,2026-04-17,1585,6107.678750453282,9680670.819468452,Partially Received
PO01094,SUP0041,PROD0102,2026-04-05,1391,4390.937203225275,6107793.649686358,Delivered
PO01680,SUP0090,PROD0063,2025-07-17,2067,11729.727294859906,24245346.318475425,Delivered
PO01163,SUP0011,PROD0182,2026-04-27,1986,21807.813243362307,43310317.10131754,Pending
PO00967,SUP0022,PROD0011,2025-10-10,2258,5923.982514288614,13376352.51726369,Delivered
PO00523,SUP0017,PROD0025,2026-06-17,513,3330.2467454885013,1708416.5804356013,Cancelled
PO01585,SUP0093,PROD0053,2026-01-19,1868,18013.50547255722,33649228.22273689,Partially Received
PO00394,SUP0091,PROD0176,2025-10-03,1852,22459.73660915888,41595432.20016225,Pending
PO00485,SUP0029,PROD0153,2026-07-09,1321,6961.937832934189,9196719.877306063,Delivered
PO01684,SUP0007,PROD0039,2025-10-15,1090,12359.353020582377,13471694.792434791,Pending
PO01483,SUP0072,PROD0177,2025-07-06,2221,9048.319491111555,20096317.589758765,Cancelled
PO01226,SUP0079,PROD0003,2025-10-30,2135,3265.531007802979,6971908.70165936,Delivered
PO00255,SUP0047,PROD0071,2025-04-17,1236,10841.635794013086,13400261.841400174,Delivered
PO01493,SUP0047,PROD0081,2025-08-12,694,15075.576429538432,10462450.042099671,In Transit
PO00035,SUP0032,PROD0029,2025-02-13,616,17749.581472963233,10933742.187345352,Delivered
PO00369,SUP0019,PROD0047,2026-03-28,1748,24966.620830738415,43641653.21213075,Delivered
PO01389,SUP0051,PROD0078,2025-12-31,739,19425.86972254071,14355717.724957583,Partially Received
PO00067,SUP0002,PROD0042,2025-03-10,2290,2007.1403991129419,4596351.513968637,Delivered
PO00087,SUP0063,PROD0189,2025-06-06,2032,24022.887868732578,48814508.1492646,Partially Received
PO00523,SUP0091,PROD0110,2025-04-18,988,10178.79386837026,10056648.341949817,Delivered
PO00168,SUP0015,PROD0167,2025-01-19,2023,17205.544055505805,34806815.624288246,In Transit
PO01084,SUP0094,PROD0185,2026-02-02,1427,11889.018511278768,16965629.4155948,Cancelled
PO00248,SUP0011,PROD0161,2026-01-06,1477,7574.374462961454,11187351.081794068,In Transit
PO01297,SUP0001,PROD0089,2025-04-29,1674,2067.7011830317883,3461331.7803952135,Partially Received
PO01555,SUP0058,PROD0042,2026-03-31,549,19814.611903468598,10878221.93500426,Cancelled
PO01942,SUP0077,PROD0196,2025-10-28,1600,11860.961921731581,18977539.07477053,In Transit
PO01897,SUP0035,PROD0068,2025-05-01,1308,23693.15651888025,30990648.726695366,Pending
PO00547,SUP0087,PROD0129,2025-08-11,590,22237.209754202584,13119953.754979525,Delivered
PO00059,SUP0038,PROD0087,2025-03-31,634,21698.3730466574,13756768.511580793,Delivered
PO01417,SUP0095,PROD0100,2026-02-21,537,14057.88573696736,7549084.640751473,Pending
PO00120,SUP0023,PROD0159,2026-06-29,920,2024.737295811283,1862758.3121463803,In Transit
PO00597,SUP0071,PROD0066,2025-07-07,1577,3939.0599148988877,6211897.485795545,Partially Received
PO00439,SUP0026,PROD0119,2025-04-09,1014,13108.814101471378,13292337.498891978,Delivered
PO01413,SUP0078,PROD0135,2025-11-25,2085,9226.348177021568,19236935.949089967,Cancelled
PO01319,SUP0021,PROD0114,2026-03-02,2405,3799.8787820522207,9138708.47083559,Delivered
PO01071,SUP0039,PROD0173,2026-04-15,814,19227.260484798204,15650990.034625737,Delivered
PO01822,SUP0072,PROD0126,2025-08-17,1560,17502.526821559484,27303941.841632795,In Transit
PO00207,SUP0032,PROD0140,2025-11-23,2080,10282.830261891142,21388286.944733575,Delivered
PO00767,SUP0088,PROD0151,2025-04-29,798,5080.512691386864,4054249.127726718,Pending
PO01312,SUP0063,PROD0038,2025-01-02,2012,3473.0215550450125,6987719.368750565,Pending
PO01169,SUP0091,PROD0036,2026-04-12,827,2148.6996297941437,1776974.593839757,Delivered
PO01917,SUP0062,PROD0079,2026-01-24,1346,6658.189908363384,8961923.616657116,Delivered
PO00611,SUP0051,PROD0003,2026-06-21,1349,6587.849690975939,8887009.233126542,Delivered
PO00718,SUP0023,PROD0119,2026-03-18,576,22388.24202325404,12895627.405394327,Delivered
PO01326,SUP0072,PROD0044,2025-10-15,557,24153.278629083994,13453376.196399786,Partially Received
PO01910,SUP0089,PROD0044,2025-10-02,1142,16660.69929868739,19026518.599100996,Pending
PO00376,SUP0033,PROD0034,2025-06-20,2306,19841.630479889685,45754799.88662562,Delivered
PO01238,SUP0088,PROD0039,2025-04-21,770,5114.182963573805,3937920.88195183,In Transit
PO01658,SUP0019,PROD0174,2026-03-24,1345,21216.72093376074,28536489.655908193,Delivered
PO00725,SUP0058,PROD0189,2025-07-30,2271,1091.2668896372927,2478267.1063662916,Delivered
PO00282,SUP0008,PROD0008,2026-04-10,1169,6536.279504053386,7640910.740238408,In Transit
PO00822,SUP0027,PROD0049,2026-02-10,2184,9253.872306873136,20210457.11821093,Delivered
PO01747,SUP0015,PROD0168,2025-04-03,1350,899.7161207322256,1214616.7629885045,In Transit
PO01801,SUP0014,PROD0104,2025-07-15,2140,5520.4601534546,11813784.728392843,Partially Received
PO01961,SUP0067,PROD0133,2026-04-02,1245,22612.332392611872,28152353.82880178,Delivered
PO01770,SUP0068,PROD0135,2025-09-23,1279,12106.494070143284,15484205.91571326,Pending
PO00102,SUP0065,PROD0014,2025-07-23,1737,2808.9775681274755,4879194.035837425,Delivered
PO01860,SUP0017,PROD0104,2026-03-21,1661,7104.061461680509,11799846.087851325,Delivered
PO00857,SUP0027,PROD0005,2025-05-27,1193,20827.790858718367,24847554.494451012,Partially Received
PO01304,SUP0094,PROD0028,2025-01-02,1485,869.3251221285589,1290947.80636091,Delivered
PO00789,SUP0003,PROD0115,2025-10-15,1228,5659.013979011007,6949269.166225516,Pending
PO01628,SUP0059,PROD0016,2026-08-20,1015,6514.410198269874,6612126.3512439225,Delivered
PO01692,SUP0017,PROD0170,2026-06-23,711,4564.976859047449,3245698.546782736,In Transit
PO00388,SUP0100,PROD0029,2026-07-27,1255,9104.400376438887,11426022.472430803,Partially Received
PO00370,SUP0042,PROD0109,2026-01-22,2311,23229.10886968369,53682470.597839005,Pending
PO00881,SUP0078,PROD0064,2025-05-01,2398,9257.04627408901,22198396.96526545,In Transit
PO00010,SUP0096,PROD0034,2025-01-31,864,15974.70066930689,13802141.378281154,Delivered
PO01115,SUP0037,PROD0140,2025-04-10,1507,16307.382072629469,24575224.78345261,Delivered
PO00141,SUP0072,PROD0127,2025-10-12,2213,2199.925230424494,4868434.534929406,Delivered
PO00342,SUP0094,PROD0180,2026-02-09,2198,1953.4052469120318,4293584.732712646,Cancelled
PO00612,SUP0018,PROD0095,2025-08-20,922,6107.692793811232,5631292.755893956,Delivered
PO00430,SUP0099,PROD0198,2025-09-08,1645,15008.56865158878,24689095.431863543,Partially Received
PO00458,SUP0031,PROD0021,2026-05-25,1105,14665.798031733662,16205706.825065697,In Transit
PO00430,SUP0026,PROD0138,2025-02-19,1417,2041.5056996376827,2892813.5763865965,Pending
PO01246,SUP0033,PROD0184,2025-08-17,1786,12113.53565229249,21634774.674994387,Delivered
PO00726,SUP0023,PROD0171,2026-04-14,1571,18443.182522786166,28974239.743297067,In Transit
PO01376,SUP0019,PROD0025,2026-01-30,1297,25935.635431076706,33638519.15410649,Delivered
PO01028,SUP0039,PROD0097,2025-02-25,1418,6310.904255656404,8948862.23452078,Pending
PO00502,SUP0078,PROD0023,2026-04-28,2000,10034.55387420612,20069107.74841224,Delivered
PO01866,SUP0086,PROD0127,2026-07-04,1305,9141.435479171412,11929573.300318694,Delivered
PO00828,SUP0087,PROD0199,2026-08-09,2244,21585.55516322494,48437985.786276765,Delivered
PO00574,SUP0008,PROD0158,2025-11-13,1293,3991.3925489699786,5160870.565818182,Delivered
PO01809,SUP0054,PROD0085,2025-04-17,2023,7972.397699560024,16128160.54620993,Pending
PO01311,SUP0032,PROD0020,2025-11-20,2325,17767.49916239776,41309435.55257479,In Transit
PO01228,SUP0030,PROD0005,2026-03-06,592,20410.054235017462,12082752.107130338,Delivered
PO01774,SUP0086,PROD0077,2026-07-13,1930,20372.70625381983,39319323.069872275,In Transit
PO01676,SUP0037,PROD0070,2025-07-02,1602,4094.638076963489,6559610.19929551,Delivered
PO01356,SUP0012,PROD0051,2025-05-11,2290,20113.26787954745,46059383.44416366,Partially Received
PO00513,SUP0005,PROD0102,2026-04-12,1574,16245.49736101201,25570412.846232906,In Transit
PO00210,SUP0048,PROD0046,2026-02-05,1041,9925.387515002481,10332328.403117584,Delivered
PO01883,SUP0095,PROD0017,2025-08-12,611,6935.849695613785,4237804.164020022,Delivered
PO00284,SUP0092,PROD0173,2025-08-13,709,23639.153305364558,16760159.693503471,Pending
PO00519,SUP0048,PROD0163,2026-05-09,522,4247.145103231257,2217009.743886716,In Transit
PO01383,SUP0005,PROD0004,2025-03-06,2419,6912.917969715326,16722348.568741374,In Transit
PO01421,SUP0081,PROD0097,2026-02-11,2160,14646.776591030397,31637037.436625656,Cancelled
PO00322,SUP0061,PROD0063,2026-07-21,670,2391.0926231336957,1602032.0574995761,Delivered
PO01629,SUP0032,PROD0032,2026-03-12,840,10201.938224703827,8569628.108751215,Pending
PO01021,SUP0006,PROD0106,2026-06-28,672,19027.428825115745,12786432.170477781,In Transit
PO01697,SUP0057,PROD0143,2025-11-25,1585,1870.028113299542,2963994.559579774,Delivered
PO00175,SUP0077,PROD0057,2026-07-14,517,8447.052372322976,4367126.076490979,Delivered
PO00086,SUP0003,PROD0050,2026-07-22,641,11133.393645419808,7136505.3267140975,In Transit
PO01274,SUP0004,PROD0074,2026-07-01,1384,22225.085951751113,30759518.95722354,Delivered
PO01050,SUP0084,PROD0013,2026-07-11,1493,14200.861379208101,21201886.039157696,Pending
PO00029,SUP0095,PROD0053,2025-09-01,1025,2816.776197659006,2887195.602600481,Delivered
PO01560,SUP0053,PROD0119,2025-04-29,1200,21983.03755762968,26379645.069155615,In Transit
PO01678,SUP0033,PROD0122,2025-07-18,2030,9786.401043427313,19866394.118157446,Delivered
PO01917,SUP0010,PROD0128,2025-11-14,1933,11048.402291420918,21356561.629316635,Partially Received
PO01807,SUP0017,PROD0063,2025-09-13,1686,21016.088466495643,35433125.15451165,Delivered
PO00889,SUP0038,PROD0169,2025-01-29,1531,22044.805337559403,33750596.97180345,Cancelled
PO00797,SUP0099,PROD0197,2026-08-13,1693,21350.83091528673,36146956.73958043,Delivered
PO01793,SUP0032,PROD0118,2025-10-21,1384,7647.349292222653,10583931.420436151,Delivered
PO01946,SUP0089,PROD0170,2025-08-25,1291,17508.25613556626,22603158.67101604,Delivered
PO01537,SUP0029,PROD0163,2025-10-27,852,2118.948985469998,1805344.5356204384,Delivered
PO00404,SUP0083,PROD0144,2026-01-26,1284,5227.744597947148,6712424.063764137,Delivered
PO01890,SUP0001,PROD0119,2025-06-27,677,8725.718353478305,5907311.325304813,Pending
PO01895,SUP0086,PROD0026,2026-06-03,1120,7726.879049735621,8654104.535703896,In Transit
PO01333,SUP0095,PROD0195,2026-08-23,759,16892.473669508767,12821387.515157154,Delivered
PO01715,SUP0095,PROD0014,2025-04-15,1371,10655.117140715609,14608165.5999211,Delivered
PO01123,SUP0018,PROD0049,2025-12-26,1692,23633.559787881273,39987983.16109511,Delivered
PO00188,SUP0006,PROD0073,2026-06-20,1486,6907.040951733625,10263862.854276167,Delivered
PO01728,SUP0005,PROD0081,2025-11-04,2102,2731.9704394251507,5742601.863671667,In Transit
PO00112,SUP0035,PROD0041,2025-10-14,853,5432.886990659302,4634252.603032384,Delivered
PO00679,SUP0048,PROD0125,2026-04-17,609,7935.601506080497,4832781.317203023,In Transit
PO00271,SUP0067,PROD0027,2026-03-22,1560,17418.46682742,27172808.250775203,Cancelled
PO00959,SUP0022,PROD0055,2025-07-10,1454,7564.676080551675,10999039.021122135,Delivered
PO00465,SUP0006,PROD0019,2026-03-26,2405,7546.2420177421245,18148712.05266981,Pending
PO01119,SUP0009,PROD0057,2025-02-10,1832,3114.817991002807,5706346.559517142,In Transit
PO01796,SUP0033,PROD0029,2026-03-17,1396,10567.450219811548,14752160.50685692,Delivered
PO01552,SUP0067,PROD0002,2026-03-03,933,19742.2731699868,18419540.867597684,Delivered
PO01405,SUP0079,PROD0063,2025-08-07,1183,5957.144127881378,7047301.50328367,Cancelled
PO01091,SUP0073,PROD0118,2025-09-15,1608,21172.5514575682,34045462.74376966,Pending
PO01631,SUP0081,PROD0083,2025-07-22,2078,10314.11831973228,21432737.86840368,Delivered
PO01681,SUP0077,PROD0046,2025-12-08,1923,17841.994659045773,34310155.72934502,In Transit
PO01176,SUP0043,PROD0130,2025-04-11,799,4375.9895180003205,3496415.624882256,Pending
PO01932,SUP0004,PROD0136,2025-04-18,972,11557.4870562363,11233877.418661684,Delivered
PO01440,SUP0025,PROD0196,2025-12-13,672,10761.577069718765,7231779.79085101,Delivered
PO01354,SUP0002,PROD0011,2026-03-06,675,2368.647476683227,1598837.0467611782,Pending
PO00723,SUP0022,PROD0027,2026-07-02,560,20535.199055275276,11499711.470954154,Delivered
PO00005,SUP0013,PROD0109,2025-03-27,1297,9149.11511868053,11866402.308928646,In Transit
PO01528,SUP0008,PROD0021,2026-07-05,763,2018.9913194031208,1540490.376704581,Delivered
PO01420,SUP0019,PROD0112,2026-06-01,1279,13263.085150856476,16963485.90794543,Pending
PO00663,SUP0041,PROD0059,2025-07-30,2263,944.702167127173,2137861.0042087925,Pending
PO00391,SUP0022,PROD0044,2025-08-25,1076,6084.972661312314,6547430.58357205,Delivered
PO00528,SUP0099,PROD0099,2026-03-26,2093,1857.34311697514,3887419.143828968,Pending
PO00490,SUP0074,PROD0193,2026-06-20,626,3526.319687392879,2207476.124307942,Cancelled
PO00775,SUP0051,PROD0067,2026-04-19,928,1576.3128526782132,1462818.3272853817,Pending
PO01460,SUP0022,PROD0048,2026-08-06,1873,24203.798456580753,45333714.50917575,Cancelled
PO01925,SUP0049,PROD0036,2025-06-09,1595,10138.651798494582,16171149.618598858,In Transit
PO01184,SUP0069,PROD0185,2025-04-01,1169,4769.204967662033,5575200.607196916,Delivered
PO00730,SUP0071,PROD0200,2025-05-19,1327,10305.11875361256,13674892.586043866,Pending
PO01130,SUP0004,PROD0186,2026-02-15,869,11722.540889720443,10186888.033167066,Delivered
PO00639,SUP0045,PROD0126,2026-02-09,517,6508.021539123117,3364647.135726651,Delivered
PO00003,SUP0080,PROD0159,2025-11-26,912,17427.027307168777,15893448.904137924,Delivered
PO01733,SUP0055,PROD0069,2025-04-23,1849,12683.083846612406,23451022.03238634,Partially Received
PO00859,SUP0020,PROD0145,2026-07-30,1311,16917.40894537272,22178723.12738364,Delivered
PO00985,SUP0057,PROD0177,2025-03-05,2297,19651.149532213003,45138690.47549327,Delivered
PO01675,SUP0003,PROD0094,2025-11-15,1063,20486.460143969533,21777107.133039612,Delivered
PO00341,SUP0032,PROD0166,2026-01-14,2455,11409.814604861049,28011094.854933877,Cancelled
PO01681,SUP0057,PROD0105,2025-05-16,1206,15081.636206393181,18188453.264910176,Delivered
PO00916,SUP0091,PROD0196,2026-01-01,2087,987.7954471110642,2061529.098120791,Delivered
PO01863,SUP0014,PROD0098,2026-06-19,1317,20015.109759876002,26359899.553756695,Pending
PO00419,SUP0040,PROD0192,2026-01-06,2047,6270.332249281882,12835370.114280012,In Transit
PO01431,SUP0053,PROD0141,2025-06-30,600,18388.74908979069,11033249.453874415,Delivered
PO01956,SUP0097,PROD0079,2025-06-20,798,4010.2484922610256,3200178.2968242983,Delivered
PO01100,SUP0083,PROD0022,2026-08-20,2306,13951.990959736797,32173291.153153054,Partially Received
PO01385,SUP0033,PROD0192,2025-06-15,2346,1116.4848101686653,2619273.364655689,Pending
PO00787,SUP0032,PROD0145,2025-03-05,1462,14024.279412321903,20503496.50081462,Pending
PO01503,SUP0061,PROD0127,2026-03-27,810,3669.322295901695,2972151.059680373,Delivered
PO01407,SUP0065,PROD0085,2026-06-04,1438,10946.37499141322,15740887.23765221,Pending
PO01872,SUP0010,PROD0105,2025-04-19,2250,8757.704184395941,19704834.414890867,Delivered
PO01178,SUP0077,PROD0065,2025-06-27,2305,22366.238033705293,51554178.6676907,Cancelled
PO01155,SUP0032,PROD0138,2025-11-18,1201,15773.138289634406,18943539.08585092,Partially Received
PO00610,SUP0036,PROD0043,2026-01-26,1526,6633.468837035859,10122673.44531672,Pending
PO01420,SUP0098,PROD0139,2026-05-18,832,2285.8042473553583,1901789.1337996582,Pending
PO01764,SUP0100,PROD0185,2025-03-28,1237,4741.659931732706,5865433.335553357,Delivered
PO00467,SUP0012,PROD0107,2026-05-09,1635,17508.453815737663,28626321.98873108,Delivered
PO01089,SUP0086,PROD0115,2025-04-01,1620,3392.1278494673184,5495247.116137056,In Transit
PO01512,SUP0064,PROD0135,2025-10-14,2023,17078.411765584897,34549627.001778245,Delivered
PO01879,SUP0039,PROD0093,2025-07-24,1866,13955.938382798584,26041781.02230216,Delivered
PO00826,SUP0083,PROD0009,2026-05-02,2306,5308.490629615731,12241379.391893877,Pending
PO00252,SUP0023,PROD0103,2025-07-05,1829,3993.2008876531477,7303564.423517607,Delivered
PO01961,SUP0017,PROD0160,2026-08-22,1744,4166.302625430977,7266031.778751624,Delivered
PO00849,SUP0007,PROD0033,2025-10-23,1112,8866.1050133907,9859108.774890458,Delivered
PO00455,SUP0067,PROD0081,2026-04-20,1602,24890.782834572085,39875034.10098448,Delivered
PO00899,SUP0096,PROD0042,2025-09-22,2197,2859.4485411463343,6282208.444898496,Delivered
PO01970,SUP0022,PROD0065,2026-03-20,1306,20754.31044581109,27105129.442229282,In Transit
PO00978,SUP0060,PROD0088,2025-05-29,560,5986.987074173935,3352712.761537404,Delivered
PO01957,SUP0009,PROD0102,2025-10-09,791,13724.548736703013,10856118.050732084,Delivered
PO01979,SUP0009,PROD0109,2025-01-30,1497,2963.9817857085,4437080.733205625,Delivered
PO00421,SUP0025,PROD0067,2025-07-29,899,20423.00273598944,18360279.459654506,Delivered
PO01231,SUP0023,PROD0132,2025-06-19,813,20305.809689993497,16508623.277964713,Pending
PO00154,SUP0038,PROD0053,2026-06-16,1235,5580.956580682305,6892481.377142646,Pending
PO00252,SUP0091,PROD0169,2026-01-30,1688,10292.687602311245,17374056.67270138,Pending
PO01638,SUP0082,PROD0046,2026-03-18,643,21731.04304013057,13973060.674803957,In Transit
PO00346,SUP0001,PROD0126,2025-07-14,2122,884.6359868814523,1877197.5641624418,Delivered
PO00926,SUP0022,PROD0122,2026-04-20,882,21466.91478652243,18933818.841712784,In Transit
PO00205,SUP0072,PROD0039,2025-12-06,614,16664.684633435016,10232116.3649291,Delivered
PO00679,SUP0042,PROD0091,2026-02-28,2451,19082.28364838348,46770677.22218791,Delivered
PO00530,SUP0079,PROD0060,2026-08-29,1411,13379.944808609984,18879102.124948688,Delivered
PO01981,SUP0008,PROD0109,2025-12-29,626,1943.537805240131,1216654.6660803221,Delivered
PO00090,SUP0070,PROD0091,2026-05-16,616,2437.222696444594,1501329.18100987,Partially Received
PO01718,SUP0091,PROD0139,2025-10-14,1197,2005.7395416245488,2400870.2313245847,Delivered
PO00155,SUP0078,PROD0139,2026-05-20,1737,23623.7190369378,41034399.96716096,Delivered
PO01058,SUP0100,PROD0098,2025-07-18,606,6661.340863044475,4036772.5630049515,Delivered
PO00905,SUP0005,PROD0069,2025-10-19,988,1313.7285990704652,1297963.8558816195,Delivered
PO01864,SUP0087,PROD0189,2026-01-13,2185,16160.593488883962,35310896.77321146,Cancelled
PO00399,SUP0100,PROD0041,2025-10-22,2024,21776.391484755928,44075416.365145996,Pending
PO00360,SUP0026,PROD0148,2025-06-11,2102,1728.5698135451246,3633453.7480718517,Delivered
PO01452,SUP0082,PROD0141,2026-01-28,2377,12976.490403227097,30845117.68847081,Delivered
PO01399,SUP0069,PROD0189,2025-12-12,2213,6866.397245536132,15195337.10437146,In Transit
PO00520,SUP0014,PROD0115,2025-07-26,1640,6419.064772642936,10527266.227134416,Delivered
PO01680,SUP0055,PROD0119,2025-04-15,2087,1756.4671490588091,3665746.9400857347,Pending
PO01202,SUP0058,PROD0144,2025-06-03,1761,6845.79298418223,12055441.445144907,Partially Received
PO01205,SUP0011,PROD0114,2026-04-30,617,933.3270163809493,575862.7691070457,Partially Received
PO00592,SUP0006,PROD0171,2026-01-20,1603,8013.989016194439,12846424.392959684,Partially Received
PO00521,SUP0018,PROD0015,2025-09-02,1251,6597.894536973366,8253966.065753681,In Transit
PO01894,SUP0014,PROD0016,2026-04-20,1382,15341.385520015054,21201794.788660806,Pending
PO00254,SUP0032,PROD0023,2025-05-04,2089,11329.55293015388,23667436.07109146,Delivered
PO01165,SUP0055,PROD0079,2025-09-16,1672,8953.15137315252,14969669.095911013,Delivered
PO00667,SUP0088,PROD0106,2026-08-09,1278,10147.622230114726,12968661.21008662,Cancelled
PO00795,SUP0048,PROD0122,2026-07-31,1166,14083.594517078305,16421471.206913304,Partially Received
PO00753,SUP0064,PROD0109,2025-11-02,1746,18133.054498541675,31660313.154453766,Delivered
PO01158,SUP0023,PROD0034,2025-03-03,884,6907.28875549632,6106043.259858747,Cancelled
PO01421,SUP0093,PROD0045,2025-01-11,1571,18150.28653800099,28514100.151199553,Delivered
PO00391,SUP0038,PROD0123,2025-01-01,1705,25082.591630208633,42765818.72950572,Delivered
PO01889,SUP0022,PROD0111,2026-01-12,812,5952.484462193745,4833417.3833013205,In Transit
PO00713,SUP0067,PROD0019,2026-03-09,1524,26089.195390636174,39759933.77532953,Pending
PO00839,SUP0032,PROD0143,2026-03-21,2493,21669.960570203435,54023211.701517165,Partially Received
PO00881,SUP0036,PROD0120,2026-06-01,2356,20352.315198149976,47950054.60684134,Delivered
PO01300,SUP0049,PROD0197,2025-03-30,545,16939.311118185793,9231924.559411258,Delivered
PO01806,SUP0017,PROD0002,2025-09-25,2421,13162.912939529126,31867412.226600014,Partially Received
PO01601,SUP0012,PROD0093,2026-04-18,2449,10147.806574776108,24851978.30162669,Delivered
PO01649,SUP0010,PROD0030,2026-01-19,778,956.6657546196907,744285.9570941194,Delivered
PO00517,SUP0054,PROD0120,2025-03-02,1265,10212.259517470951,12918508.289600754,Delivered
PO00839,SUP0074,PROD0057,2025-10-20,1096,8102.950261359653,8880833.48645018,Pending
PO01108,SUP0098,PROD0006,2025-03-23,2047,4886.68408108115,10003042.313973114,Partially Received
PO00089,SUP0037,PROD0004,2026-07-17,1238,18818.334723338823,23297098.38749346,Delivered
PO01540,SUP0011,PROD0040,2025-12-09,1598,22541.429459740146,36021204.276664756,Delivered
PO00647,SUP0002,PROD0046,2025-08-14,2015,10503.989304892544,21165538.44935848,Partially Received
PO00566,SUP0032,PROD0079,2026-07-03,793,9676.299422131562,7673305.441750329,In Transit
PO00519,SUP0063,PROD0095,2026-05-23,1014,16227.574195621613,16454760.234360317,Delivered
PO00567,SUP0043,PROD0073,2025-05-08,790,5791.848706205599,4575560.477902424,Delivered
PO00677,SUP0005,PROD0126,2025-08-14,961,23866.816918910932,22936011.059073407,Cancelled
PO01129,SUP0015,PROD0054,2025-08-28,959,13228.932662856985,12686546.42367985,Delivered
PO01354,SUP0034,PROD0098,2025-12-06,2183,10690.170730560701,23336642.704814013,Pending
PO00133,SUP0026,PROD0169,2026-05-18,1849,4951.6309831832905,9155565.687905904,Delivered
PO00003,SUP0006,PROD0173,2026-08-27,2087,16102.084708117352,33605050.78584091,Pending
PO00425,SUP0001,PROD0127,2025-04-13,623,7027.946624998449,4378410.747374034,Cancelled
PO01790,SUP0074,PROD0126,2025-08-14,2263,8153.211593894653,18450717.8369836,Partially Received
PO01293,SUP0032,PROD0110,2025-04-01,1293,16961.79121099673,21931596.03581877,In Transit
PO00344,SUP0039,PROD0196,2025-08-17,1239,6860.0901527931255,8499651.699310683,In Transit
PO00940,SUP0078,PROD0127,2025-06-04,2035,11848.821926840552,24112352.621120524,In Transit
PO00953,SUP0074,PROD0005,2026-08-27,853,19067.033667686403,16264179.718536502,Pending
PO01872,SUP0007,PROD0117,2025-12-02,1240,3951.01166521209,4899254.464862992,Cancelled
PO00119,SUP0082,PROD0057,2025-07-03,1820,14902.447795792688,27122454.98834269,Delivered
PO00431,SUP0093,PROD0044,2025-07-27,1625,5672.259115622746,9217421.062886963,Delivered
PO01172,SUP0073,PROD0151,2026-06-12,791,7076.9009758136235,5597828.671868576,In Transit
PO01360,SUP0006,PROD0161,2026-01-21,1217,19473.305825009284,23699013.1890363,Delivered
PO00199,SUP0094,PROD0032,2025-07-17,2093,22624.32559857758,47352713.47782288,Pending
PO00414,SUP0016,PROD0114,2025-06-19,1241,4248.482343047842,5272366.587722371,Delivered
PO00846,SUP0012,PROD0097,2025-10-01,1146,16929.58263679556,19401301.701767713,Delivered
PO00353,SUP0058,PROD0171,2026-05-17,667,21501.80959835437,14341707.002102366,Delivered
PO00270,SUP0053,PROD0109,2026-06-08,2094,14665.727041440252,30710032.424775887,Partially Received
PO01721,SUP0062,PROD0174,2025-07-27,529,10147.13926074931,5367836.668936386,Pending
PO00641,SUP0084,PROD0161,2026-05-18,596,9492.109277790883,5657297.129563366,Delivered
PO00722,SUP0016,PROD0177,2025-09-12,1516,18963.20321488214,28748216.073761325,Delivered
PO00111,SUP0016,PROD0129,2025-10-25,2224,17132.953877021373,38103689.42249554,In Transit
PO00715,SUP0051,PROD0179,2026-07-19,1500,8207.833040342772,12311749.560514158,Delivered
PO00530,SUP0015,PROD0197,2026-07-13,761,8687.038720408935,6610836.466231199,In Transit
PO00411,SUP0071,PROD0148,2026-06-08,1491,23553.86280641034,35118809.44435782,Partially Received
PO01777,SUP0017,PROD0101,2025-04-26,1518,19278.049930278357,29264079.794162545,Delivered
PO01860,SUP0040,PROD0047,2026-06-27,1998,9976.456536441694,19932960.159810506,In Transit
PO00200,SUP0094,PROD0013,2025-10-11,812,19829.0679732097,16101203.194246277,Delivered
PO00231,SUP0092,PROD0141,2025-10-23,827,15961.907789776062,13200497.742144803,Cancelled
PO01240,SUP0018,PROD0046,2025-02-22,827,15129.793660034447,12512339.356848488,Pending
PO00244,SUP0096,PROD0183,2025-07-12,2155,3281.138381913428,7070853.213023437,Delivered
PO01705,SUP0052,PROD0156,2026-04-30,1999,17453.23004211204,34889006.85418197,Delivered
PO01509,SUP0082,PROD0023,2025-10-06,798,1964.3794630967416,1567574.8115511998,Pending
PO01053,SUP0031,PROD0062,2025-04-12,1753,20792.756522034695,36449702.18312682,Delivered
PO01994,SUP0041,PROD0042,2025-08-16,797,10465.322253487533,8340861.836029564,Delivered
PO00089,SUP0005,PROD0005,2026-05-02,2019,15943.677496103182,32190284.864632327,Delivered
PO00803,SUP0055,PROD0153,2025-08-22,1688,713.3392472180805,1204116.6493041199,Pending
PO00648,SUP0016,PROD0041,2026-07-07,580,25842.982096286043,14988929.615845906,In Transit
PO01898,SUP0023,PROD0050,2025-02-16,1599,20189.868899654346,32283600.3705473,In Transit
PO01154,SUP0076,PROD0154,2025-01-09,1960,6291.488560169764,12331317.577932738,In Transit
PO01613,SUP0073,PROD0114,2025-10-20,838,20647.03099420152,17302211.973140873,Delivered
PO00341,SUP0078,PROD0171,2026-08-21,1408,14021.009216454018,19741580.976767257,Delivered
PO01958,SUP0022,PROD0070,2025-06-15,1801,5989.732990020691,10787509.115027266,Delivered
PO00998,SUP0053,PROD0053,2025-05-04,1527,23483.59635416137,35859451.632804416,Pending
PO01942,SUP0074,PROD0084,2025-02-22,2224,10955.99586610119,24366134.806209046,Delivered
PO00762,SUP0021,PROD0048,2026-08-02,1411,13857.078643699602,19552337.96626014,Delivered
PO00796,SUP0076,PROD0172,2025-08-31,761,13127.994737349398,9990403.99512289,Delivered
PO01170,SUP0076,PROD0196,2026-05-14,2034,17812.60302946486,36230834.56193152,In Transit
PO00257,SUP0023,PROD0124,2026-04-28,1045,11297.435004884197,11805819.580103986,Delivered
PO00643,SUP0002,PROD0181,2025-01-07,557,4026.205107608729,2242596.244938062,Delivered
PO00387,SUP0070,PROD0145,2025-03-07,616,3104.2207958024997,1912200.0102143397,Pending
PO00207,SUP0067,PROD0103,2026-02-04,521,20014.63822031549,10427626.512784371,Delivered
PO01733,SUP0057,PROD0148,2025-04-03,1239,898.0842356078239,1112726.3679180937,Delivered
PO01179,SUP0046,PROD0152,2026-03-22,2271,6258.833854318845,14213811.683158096,Delivered
PO00718,SUP0038,PROD0145,2026-05-17,2175,13742.700609823385,29890373.826365862,Pending
PO00818,SUP0034,PROD0007,2025-09-15,1147,12595.844689628484,14447433.859003872,Delivered
PO01267,SUP0004,PROD0145,2026-08-26,2332,23275.129834307223,54277602.773604445,Partially Received
PO01854,SUP0085,PROD0073,2025-08-04,1564,23225.757466869745,36325084.67818428,In Transit
PO00783,SUP0007,PROD0044,2025-11-24,1298,16800.83855708317,21807488.447093956,Pending
PO00659,SUP0060,PROD0020,2026-03-28,1730,2719.1344346314413,4704102.571912394,Delivered
PO00903,SUP0063,PROD0139,2026-08-11,1564,17835.065389476524,27894042.269141283,Delivered
PO00924,SUP0099,PROD0066,2026-06-16,2264,948.4122748886592,2147205.3903479245,Delivered
PO01318,SUP0045,PROD0026,2025-04-17,1770,20222.44385200848,35793725.61805501,Delivered
PO01109,SUP0087,PROD0144,2026-07-06,1737,12343.548740226717,21440744.16177381,Delivered
PO00642,SUP0072,PROD0151,2025-05-16,1541,21597.960123901306,33282456.550931912,Delivered
PO00692,SUP0072,PROD0109,2026-03-05,722,20217.625926733752,14597125.91910177,Delivered
PO00758,SUP0044,PROD0045,2026-05-24,1917,19640.294302087652,37650444.17710203,In Transit
PO00190,SUP0073,PROD0090,2026-05-03,2488,8101.6815110076195,20156983.599386957,Partially Received
PO00333,SUP0019,PROD0163,2025-10-08,2383,5391.168342441853,12847154.160038937,Delivered
PO01447,SUP0021,PROD0113,2025-12-30,1772,20778.184587262927,36818943.08862991,In Transit
PO00430,SUP0098,PROD0138,2025-05-22,1027,5583.121332558317,5733865.608537391,Delivered
PO01126,SUP0037,PROD0029,2026-07-03,531,21158.9522515987,11235403.64559891,Delivered
PO01512,SUP0007,PROD0034,2026-08-15,1629,12331.159803622053,20087459.320100326,Delivered
PO00515,SUP0024,PROD0191,2025-03-28,1552,3664.652574405825,5687540.79547784,Delivered
PO01654,SUP0096,PROD0081,2026-06-16,1051,9136.0684735395,9602007.965690015,Delivered
PO01856,SUP0083,PROD0008,2025-07-25,1917,14862.755026534496,28491901.38586663,Delivered
PO01195,SUP0004,PROD0075,2025-06-03,760,851.8700253133339,647421.2192381338,In Transit
PO01338,SUP0021,PROD0076,2025-08-29,957,21755.95276389461,20820446.79504714,Delivered
PO00106,SUP0084,PROD0190,2026-05-13,1539,8554.802310039739,13165840.755151158,Delivered
PO01892,SUP0035,PROD0036,2026-01-18,1001,5169.101766028089,5174270.867794117,Delivered
PO00785,SUP0053,PROD0042,2026-08-01,1727,13041.221194859036,22522189.003521554,In Transit
PO01848,SUP0040,PROD0058,2025-12-08,1420,15037.69084534701,21353521.000392754,Delivered
PO01158,SUP0084,PROD0102,2025-01-11,2177,4667.164864718139,10160417.910491388,In Transit
PO00010,SUP0093,PROD0025,2026-05-03,1494,11795.67474847946,17622738.074228313,Delivered
PO01126,SUP0099,PROD0157,2026-04-19,1541,15643.939070630067,24107310.107840933,Delivered
PO00054,SUP0019,PROD0195,2026-01-14,2137,5924.972354096427,12661665.920704065,Delivered
PO01487,SUP0036,PROD0189,2025-04-27,752,971.6179119385766,730656.6697778096,Delivered
PO00993,SUP0049,PROD0131,2026-04-06,1559,14065.754944432994,21928511.95837104,In Transit
PO00011,SUP0026,PROD0116,2026-05-28,2001,5777.827517662331,11561432.862842325,Cancelled
PO01574,SUP0095,PROD0038,2026-01-31,608,1879.278170262733,1142601.1275197417,Delivered
PO00662,SUP0089,PROD0057,2025-12-23,609,20268.69362298783,12343634.416399589,Cancelled
PO01758,SUP0091,PROD0177,2026-01-06,663,2286.153892949849,1515720.0310257499,Delivered
PO00747,SUP0001,PROD0163,2025-10-02,2024,19328.78196243264,39121454.691963665,In Transit
PO01131,SUP0061,PROD0061,2026-03-09,1778,13090.654353054284,23275183.439730518,Delivered
PO00322,SUP0033,PROD0035,2025-04-06,1324,7384.937747731016,9777657.577995865,Partially Received
PO01550,SUP0068,PROD0181,2026-05-14,2135,24189.097316541982,51643722.77081713,Delivered
PO00994,SUP0075,PROD0042,2026-03-20,2450,11645.624415584613,28531779.8181823,Cancelled
PO01931,SUP0035,PROD0025,2026-02-12,630,4718.080871277343,2972390.948904726,In Transit
PO01928,SUP0070,PROD0168,2026-07-19,559,16507.741682012984,9227827.600245258,Cancelled
PO01712,SUP0078,PROD0151,2026-08-15,1501,9280.769680112639,13930435.28984907,Delivered
PO00376,SUP0073,PROD0044,2026-05-22,1750,18382.24090140387,32168921.577456776,Partially Received
PO01189,SUP0055,PROD0170,2025-10-08,1242,21007.422509090957,26091218.75629097,In Transit
PO01757,SUP0002,PROD0079,2026-07-14,575,6169.22488357867,3547304.3080577357,Pending
PO00749,SUP0071,PROD0139,2025-09-29,1166,2988.617986722701,3484728.5725186695,Delivered
PO01129,SUP0049,PROD0179,2026-05-24,1786,23625.978030934293,42195996.763248645,Delivered
PO01965,SUP0074,PROD0045,2025-08-06,1214,7936.565398636321,9634990.393944494,Delivered
PO01215,SUP0003,PROD0010,2025-03-15,2396,23553.727116342503,56434730.17075664,Partially Received
PO00850,SUP0034,PROD0108,2025-05-21,1384,5399.828616787748,7473362.8056342425,Delivered
PO00740,SUP0015,PROD0035,2025-10-03,812,6069.236681038917,4928220.1850036,Pending
PO00836,SUP0087,PROD0145,2026-08-28,1599,17752.573107086508,28386364.398231328,Cancelled
PO01590,SUP0083,PROD0159,2026-06-27,1297,13824.15982511016,17929935.293167878,Delivered
PO01676,SUP0033,PROD0074,2026-03-19,1907,26412.016605396933,50367715.666491956,In Transit
PO00569,SUP0008,PROD0046,2026-01-12,2198,25077.162267771997,55119602.66456285,Delivered
PO00608,SUP0060,PROD0070,2025-05-19,1478,11343.676931099302,16765954.504164768,In Transit
PO00048,SUP0012,PROD0199,2026-03-12,698,17748.604629387173,12388526.031312248,In Transit
PO01041,SUP0048,PROD0046,2025-02-22,1733,23821.039315005484,41281861.13290451,Delivered
PO00928,SUP0053,PROD0157,2026-08-10,1879,1852.9554121111357,3481703.219356824,Pending
PO01337,SUP0086,PROD0101,2026-02-03,1439,20074.05260985633,28886561.70558326,In Transit
PO00754,SUP0035,PROD0001,2025-10-15,1947,13404.461861845788,26098487.24501375,Partially Received
PO01238,SUP0044,PROD0186,2025-07-24,1156,6760.502353797101,7815140.720989449,In Transit
PO00081,SUP0005,PROD0103,2026-06-16,507,21703.835862391257,11003844.782232367,Delivered
PO00924,SUP0100,PROD0193,2026-03-26,2076,6726.356096149412,13963915.25560618,Delivered
PO01045,SUP0020,PROD0151,2026-05-17,1397,8724.660570754097,12188350.817343473,Delivered
PO00377,SUP0022,PROD0141,2025-04-29,1544,10590.452921897358,16351659.311409522,Cancelled
PO00689,SUP0074,PROD0020,2025-05-18,1160,26698.371793446564,30970111.280398015,Delivered
PO00194,SUP0093,PROD0101,2026-07-26,1223,15517.714848527043,18978165.259748574,Pending
PO00810,SUP0064,PROD0117,2025-07-29,1347,16714.33013178037,22514202.68750816,Delivered
PO01618,SUP0030,PROD0042,2025-05-08,544,9151.089144787104,4978192.494764185,Delivered
PO01949,SUP0064,PROD0099,2026-01-31,1777,17396.7386704376,30914004.617367614,Delivered
PO00162,SUP0038,PROD0181,2025-09-05,1950,3146.0010834686605,6134702.112763888,Pending
PO01304,SUP0063,PROD0109,2025-02-19,820,8704.60610329218,7137777.004699588,Cancelled
PO01743,SUP0044,PROD0015,2026-07-11,2068,15073.704679987848,31172421.27821487,Partially Received
PO01269,SUP0026,PROD0086,2025-07-18,1452,2898.698901104883,4208910.80440429,Delivered
PO00859,SUP0008,PROD0168,2026-08-30,1748,10809.88298935562,18895675.46539362,Pending
PO00072,SUP0053,PROD0015,2026-02-14,1552,26257.944764474054,40752330.27446373,Partially Received
PO01988,SUP0009,PROD0145,2025-02-27,2338,25883.520186864593,60515670.196889415,Delivered
PO01918,SUP0048,PROD0117,2025-05-20,576,12311.699005886745,7091538.627390765,Delivered
PO00081,SUP0035,PROD0031,2025-01-21,2057,22044.396663280426,45345323.93636784,Delivered
PO01412,SUP0040,PROD0145,2025-04-19,1761,7072.337313743667,12454386.009502599,Delivered
PO01872,SUP0079,PROD0117,2025-04-24,2244,5953.3669898686585,13359355.525265269,Delivered
PO01675,SUP0015,PROD0142,2025-03-21,2034,2898.909030398808,5896380.967831176,In Transit
PO00236,SUP0010,PROD0031,2026-06-20,1571,20226.821737829014,31776336.950129382,Delivered
PO00120,SUP0014,PROD0007,2026-02-05,2355,18237.789789768955,42949994.95490589,In Transit
PO00312,SUP0058,PROD0162,2025-01-01,1839,23991.308605176877,44120016.52492028,Delivered
PO01070,SUP0064,PROD0071,2026-03-19,1245,15265.159558992758,19005123.650945984,In Transit
PO01135,SUP0067,PROD0158,2025-09-16,981,5759.774610746018,5650338.893141843,Delivered
PO00795,SUP0074,PROD0155,2026-05-18,2191,1859.6521727800052,4074497.9105609916,In Transit
PO00891,SUP0062,PROD0019,2026-06-13,1102,19808.589796923396,21829065.95620958,Delivered
PO00127,SUP0052,PROD0082,2026-07-11,1553,23226.74608527303,36071136.67042901,Partially Received
PO01938,SUP0018,PROD0181,2026-03-27,1149,9990.145257538854,11478676.900912143,Delivered
PO00622,SUP0039,PROD0152,2025-11-08,1139,3382.1440550293487,3852262.078678428,Pending
PO00379,SUP0018,PROD0032,2025-03-31,1983,12061.427695281775,23917811.11974376,In Transit
PO00573,SUP0054,PROD0187,2025-04-02,2093,20699.266762658266,43323565.33424375,Pending
PO01929,SUP0057,PROD0106,2025-04-17,2056,17821.116998942445,36640216.54982567,Pending
PO00189,SUP0029,PROD0027,2026-03-18,1166,1718.5176628634492,2003791.5948987817,Partially Received
PO01416,SUP0005,PROD0133,2025-10-30,693,20157.10808120265,13968875.900273435,Delivered
PO01952,SUP0037,PROD0197,2025-07-26,2122,3093.407144714612,6564209.961084407,In Transit
PO01685,SUP0037,PROD0031,2025-06-22,2205,2651.7808825003845,5847176.845913348,Delivered
PO01887,SUP0064,PROD0051,2026-08-31,1880,21909.674213376173,41190187.52114721,Delivered
PO00254,SUP0048,PROD0098,2026-05-18,1010,6927.565810864863,6996841.468973512,Delivered
PO01092,SUP0093,PROD0198,2025-10-03,1246,19736.00614948772,24591063.6622617,Delivered
PO01087,SUP0023,PROD0026,2026-08-26,1191,6237.29972268758,7428623.9697209075,In Transit
PO01944,SUP0060,PROD0059,2025-08-23,2290,18829.17606294231,43118813.184137896,Pending
PO01410,SUP0087,PROD0034,2026-01-31,2282,15450.306669796562,35257599.82047576,Delivered
PO00966,SUP0001,PROD0005,2025-04-21,2305,6870.331257622291,15836113.54881938,In Transit
PO00913,SUP0088,PROD0126,2026-06-23,1466,10319.133786007595,15127850.130287133,In Transit
PO00773,SUP0046,PROD0119,2025-09-24,618,12674.235635379271,7832677.622664389,Delivered
PO00784,SUP0072,PROD0171,2026-05-16,1770,800.234194280084,1416414.5238757487,Delivered
PO00180,SUP0057,PROD0120,2025-10-08,2217,23525.87676741948,52156868.79336899,Cancelled
PO00155,SUP0028,PROD0006,2026-04-25,618,20009.04790936233,12365591.60798592,Delivered
PO01862,SUP0089,PROD0032,2026-02-21,1866,10066.248080645395,18783618.918484308,Delivered
PO01225,SUP0098,PROD0152,2025-11-23,704,11739.73631250322,8264774.364002267,Pending
PO00071,SUP0064,PROD0123,2026-07-01,2270,4265.02378602876,9681603.994285285,Delivered
PO00316,SUP0025,PROD0159,2026-04-05,1153,6996.160976166195,8066573.605519623,Pending
PO00412,SUP0012,PROD0138,2025-08-29,1889,4377.537031453572,8269167.452415798,In Transit
PO01952,SUP0051,PROD0171,2026-03-31,2255,21980.394282387715,49565789.1067843,Delivered
PO00438,SUP0075,PROD0117,2026-02-28,1585,16506.074869644908,26162128.66838718,Delivered
PO01032,SUP0040,PROD0026,2025-09-12,2334,19476.081840567003,45457175.015883386,Pending
PO01873,SUP0083,PROD0190,2025-12-16,2478,21617.604933972023,53568425.02638267,Delivered
PO01955,SUP0048,PROD0063,2026-08-17,822,22516.018966782794,18508167.590695456,Partially Received
PO00473,SUP0077,PROD0033,2026-08-28,2251,1077.1628663386869,2424693.612128384,Pending
PO00099,SUP0074,PROD0166,2025-07-19,795,9830.776559966263,7815467.36517318,Pending
PO00308,SUP0093,PROD0042,2025-12-08,1670,2859.6524382736025,4775619.571916916,Delivered
PO00127,SUP0032,PROD0054,2026-05-11,1197,17597.355470085884,21064034.497692805,Pending
PO01138,SUP0026,PROD0193,2026-08-21,785,10641.882968972619,8353878.130643506,Delivered
PO01825,SUP0098,PROD0101,2026-06-28,2195,25902.06725246899,56855037.61916944,Delivered
PO01075,SUP0078,PROD0100,2026-06-21,2185,26326.55489784472,57523522.45179071,Delivered
PO01252,SUP0039,PROD0064,2026-04-14,2052,6536.486820622693,13412870.955917766,Delivered
PO00404,SUP0079,PROD0132,2025-09-28,1801,18151.687894193463,32691189.897442427,Pending
PO01602,SUP0013,PROD0172,2025-06-11,1308,22042.154774655686,28831138.445249636,Delivered
PO01236,SUP0022,PROD0053,2025-07-14,1787,8886.019290548822,15879316.472210744,In Transit
PO01898,SUP0014,PROD0022,2025-10-29,761,21572.18468228957,16416432.543222364,Delivered
PO00696,SUP0053,PROD0143,2025-05-11,639,10646.230298777844,6802941.160919042,Delivered
PO00182,SUP0065,PROD0027,2026-03-05,2134,7084.281137331065,15117855.947064493,Partially Received
PO00452,SUP0046,PROD0182,2025-10-09,1561,23421.273294826777,36560607.613224596,In Transit
PO00876,SUP0087,PROD0063,2026-08-30,1645,6533.891272947372,10748251.143998427,Delivered
PO01892,SUP0052,PROD0139,2025-04-27,2166,16354.807901434262,35424513.914506614,Pending
PO00757,SUP0072,PROD0170,2025-01-08,709,9228.465211824267,6542981.835183405,Delivered
PO01542,SUP0071,PROD0031,2025-09-12,1557,6012.407068125726,9361317.805071756,Delivered
PO01081,SUP0076,PROD0200,2026-05-19,835,26649.48474015713,22252319.758031204,Delivered
PO00642,SUP0023,PROD0036,2025-05-03,1600,4929.635546300653,7887416.874081044,Pending
PO01307,SUP0099,PROD0177,2026-01-01,727,11714.661241923166,8516558.722878141,In Transit
PO01346,SUP0015,PROD0186,2026-06-01,1169,15051.137913578148,17594780.220972855,Delivered
PO00870,SUP0041,PROD0079,2025-03-16,840,828.0339358106696,695548.5060809625,Delivered
PO00458,SUP0044,PROD0059,2026-08-06,2200,11388.388554641706,25054454.820211753,In Transit
PO01444,SUP0030,PROD0009,2025-09-11,1687,2963.295258578823,4999079.101222474,Delivered
PO00338,SUP0030,PROD0057,2025-04-12,1138,4143.11629555062,4714866.344336606,Partially Received
PO01874,SUP0007,PROD0043,2026-06-06,2289,21745.56519340706,49775598.72770876,Pending
PO00376,SUP0053,PROD0135,2026-07-12,2417,7404.062983420336,17895620.230926953,Delivered
PO00996,SUP0028,PROD0015,2025-11-19,1477,11279.83412214811,16660314.998412758,Cancelled
PO01040,SUP0094,PROD0115,2026-08-22,1159,9989.602699795416,11577949.529062888,Delivered
PO01017,SUP0003,PROD0154,2025-10-30,1082,11133.644376744283,12046603.215637315,In Transit
PO00874,SUP0001,PROD0130,2026-06-13,616,6527.142405193044,4020719.7215989153,Partially Received
PO01990,SUP0067,PROD0103,2025-05-29,1207,14029.22517579918,16933274.78718961,Delivered
PO00973,SUP0085,PROD0187,2025-09-22,997,19027.777914692408,18970694.58094833,Partially Received
PO00956,SUP0084,PROD0102,2025-03-28,1319,7580.897398835987,9999203.669064667,Delivered
PO00844,SUP0084,PROD0004,2026-07-14,1839,6108.187764401337,11232957.298734058,In Transit
PO00134,SUP0052,PROD0185,2026-07-21,637,6477.172790488949,4125959.067541461,Pending
PO01186,SUP0096,PROD0184,2025-04-19,2093,16660.729031026025,34870905.86193747,In Transit
PO00456,SUP0031,PROD0120,2025-05-29,1086,1855.4757839211952,2015046.701338418,Delivered
PO01276,SUP0043,PROD0200,2025-06-04,1855,20861.754592024845,38698554.76820609,In Transit
PO00102,SUP0088,PROD0061,2026-04-05,1001,17319.477407334227,17336796.88474156,Delivered
PO01963,SUP0068,PROD0010,2025-08-21,1195,19238.535386836054,22990049.787269086,Delivered
PO00939,SUP0072,PROD0070,2026-06-22,1664,12447.462926068809,20712578.308978498,Delivered
PO01794,SUP0053,PROD0120,2026-06-08,1594,20586.00113713213,32814085.812588617,In Transit
PO00952,SUP0016,PROD0151,2025-05-03,860,26432.36877284859,22731837.144649785,Delivered
PO00121,SUP0071,PROD0065,2026-02-07,1282,11496.005479958629,14737879.025306962,Delivered
PO01564,SUP0038,PROD0160,2026-01-22,1250,21670.13709179147,27087671.364739336,Delivered
PO00857,SUP0024,PROD0148,2025-07-28,1471,928.1448305235274,1365301.0457001089,Delivered
PO01713,SUP0048,PROD0116,2025-07-29,1384,11208.037004243952,15511923.213873629,Pending
PO01326,SUP0054,PROD0101,2025-06-02,616,6355.623619038514,3915064.1493277247,Cancelled
PO01344,SUP0061,PROD0178,2025-07-31,1427,9050.367636906543,12914874.617865637,Pending
PO01922,SUP0043,PROD0046,2026-07-22,2426,20275.20146955748,49187638.76514645,Pending
PO00742,SUP0077,PROD0045,2025-05-13,2109,20751.06136238685,43763988.41327386,Partially Received
PO00851,SUP0091,PROD0060,2026-03-02,2203,11732.652172193875,25847032.735343106,Partially Received
PO01625,SUP0031,PROD0007,2025-10-12,1191,18562.589109194345,22108043.629050463,Delivered
PO00920,SUP0044,PROD0146,2026-02-15,1154,13570.058597197643,15659847.62116608,Delivered
PO00431,SUP0061,PROD0143,2026-01-15,1335,9677.159114556613,12919007.417933078,Delivered
PO01491,SUP0076,PROD0042,2026-06-24,1393,23911.50597427505,33308727.822165143,Delivered
PO00263,SUP0079,PROD0012,2025-03-19,1850,3727.5794686323593,6896022.016969864,In Transit
PO00398,SUP0089,PROD0042,2025-04-14,1938,27497.233480601637,53289638.485405974,Pending
PO01254,SUP0048,PROD0167,2025-10-14,1390,18281.782390729182,25411677.523113564,Pending
PO01495,SUP0085,PROD0012,2025-03-06,2101,7523.452149186669,15806772.965441192,Delivered
PO01790,SUP0064,PROD0100,2026-07-15,2161,15808.725421535653,34162655.63593855,Delivered
PO00546,SUP0082,PROD0010,2025-01-05,1073,8799.51218787886,9441876.577594016,Delivered
PO01913,SUP0032,PROD0173,2026-07-01,604,20880.465211117495,12611800.987514967,Partially Received
PO00309,SUP0077,PROD0085,2026-03-10,1482,21941.257528908445,32516943.657842316,Partially Received
PO00583,SUP0054,PROD0057,2025-03-24,1324,1309.9848839001331,1734419.9862837764,Partially Received
PO01766,SUP0094,PROD0140,2025-04-06,1938,17499.16476240962,33913381.30954984,Delivered
PO01522,SUP0091,PROD0190,2026-04-12,2283,3054.5650513768933,6973572.012293448,Delivered
PO01417,SUP0004,PROD0088,2025-03-11,799,10652.730954297338,8511532.032483574,Delivered
PO00351,SUP0089,PROD0077,2026-02-23,1434,7854.223508732624,11262956.511522584,Delivered
PO00957,SUP0075,PROD0163,2025-08-17,1868,19198.78687574703,35863333.88389546,Delivered
PO00295,SUP0067,PROD0029,2026-05-11,693,5450.6576426712645,3777305.7463711863,Cancelled
PO00547,SUP0012,PROD0183,2025-04-29,1643,3044.1399929270974,5001522.008379221,Delivered
PO00617,SUP0011,PROD0002,2026-05-14,1939,14765.473517317263,28630253.150078174,Cancelled
PO01101,SUP0002,PROD0091,2025-06-04,1368,7044.8074587672745,9637296.60359363,In Transit
PO01411,SUP0035,PROD0049,2026-03-26,2311,7689.35577818368,17770101.203382485,In Transit
PO01565,SUP0085,PROD0055,2026-07-14,1439,14207.589636918992,20444721.48752643,Delivered
PO01496,SUP0053,PROD0077,2026-06-29,852,17911.064425707194,15260226.890702529,Partially Received
PO01631,SUP0029,PROD0181,2025-07-07,1070,13759.794523570015,14722980.140219916,Delivered
PO00897,SUP0034,PROD0154,2026-04-10,1575,7325.4626795224995,11537603.720247937,Delivered
PO01642,SUP0082,PROD0017,2026-08-27,2330,11377.521500925095,26509625.09715547,Pending
PO00482,SUP0033,PROD0045,2025-03-19,2244,17815.327442674385,39977594.78136132,In Transit
PO00722,SUP0017,PROD0075,2025-10-05,2205,19552.676760856546,43113652.257688686,Delivered
PO00353,SUP0012,PROD0091,2025-06-18,1526,6866.858681554236,10478826.348051764,In Transit
PO00935,SUP0089,PROD0082,2025-12-04,853,12025.438789727557,10257699.287637606,Delivered
PO00785,SUP0015,PROD0161,2025-04-20,1431,1642.2653973246126,2350081.783571521,In Transit
PO01504,SUP0023,PROD0127,2026-08-03,780,6616.843429788254,5161137.875234839,Delivered
PO00628,SUP0092,PROD0015,2025-06-13,698,7671.477569540603,5354691.343539341,Delivered
PO00546,SUP0065,PROD0110,2025-05-29,1899,10187.505632867924,19346073.196816187,Delivered
PO00262,SUP0077,PROD0069,2025-08-17,1480,6320.955152473048,9355013.62566011,Delivered
PO00878,SUP0063,PROD0182,2025-04-02,1105,6334.571953579646,6999702.008705509,Delivered
PO00739,SUP0094,PROD0166,2026-08-27,1330,22953.197391880596,30527752.53120119,Delivered
PO00472,SUP0028,PROD0155,2026-03-18,1194,15741.404992168471,18795237.560649153,In Transit
PO01527,SUP0061,PROD0166,2026-03-31,1200,7367.8752379129655,8841450.285495559,Delivered
PO00996,SUP0066,PROD0060,2025-12-18,2353,22998.55037882408,54115589.04137306,Partially Received
PO01286,SUP0032,PROD0184,2026-01-13,1285,1948.6490632707837,2504014.046302957,Delivered
PO01735,SUP0046,PROD0166,2026-01-30,1911,12096.930103797005,23117233.428356078,Partially Received
PO01998,SUP0100,PROD0188,2025-01-23,1889,6465.65740393884,12213626.836040469,Delivered
PO01228,SUP0052,PROD0165,2025-10-22,1236,4444.016317798245,5492804.168798631,Delivered
PO01780,SUP0100,PROD0103,2025-12-10,1015,3164.767648013406,3212239.162733607,Pending
PO01818,SUP0054,PROD0179,2026-04-09,1297,21670.71142547516,28106912.718841285,Pending
PO00922,SUP0076,PROD0020,2025-10-10,1928,20538.899217424183,39598997.69119383,Delivered
PO00032,SUP0029,PROD0153,2025-02-25,1413,8101.9538439814205,11448060.781545747,Delivered
PO00955,SUP0065,PROD0015,2026-06-17,698,8803.915978403413,6145133.352925582,Delivered
PO00989,SUP0039,PROD0135,2026-04-06,2191,7751.041586059583,16982532.11505655,Delivered
PO00815,SUP0079,PROD0173,2026-03-10,589,19256.58418196841,11342128.083179394,Cancelled
PO01105,SUP0064,PROD0137,2025-03-12,1974,20949.5266713715,41354365.649287336,Pending
PO01674,SUP0004,PROD0041,2026-05-22,1868,15445.546463729626,28852280.79424694,In Transit
PO00451,SUP0040,PROD0196,2025-02-20,933,10849.698863147985,10122769.03931707,Pending
PO01587,SUP0025,PROD0048,2025-09-11,1326,10997.305658742622,14582427.303492716,Partially Received
PO01696,SUP0043,PROD0169,2025-09-09,1199,25021.374782346094,30000628.36403297,Delivered
PO01990,SUP0056,PROD0014,2026-04-30,1076,17848.18920992897,19204651.58988357,Delivered
PO01746,SUP0098,PROD0164,2026-04-24,854,6703.4790898927695,5724771.142768425,In Transit
PO01780,SUP0006,PROD0181,2026-04-07,1381,1015.4193912153175,1402294.1792683536,Delivered
PO00629,SUP0077,PROD0148,2026-08-31,1282,1852.181820049704,2374497.0933037205,Delivered
PO00804,SUP0023,PROD0182,2026-04-15,1186,4953.240062334076,5874542.713928214,Delivered
PO00537,SUP0092,PROD0057,2025-12-14,2285,15681.936690061319,35833225.336790115,Delivered
PO01213,SUP0055,PROD0130,2026-07-09,2272,7580.293939775331,17222427.831169553,Delivered
PO00690,SUP0074,PROD0144,2025-05-22,1480,12537.316537801942,18555228.475946873,Partially Received
PO00593,SUP0006,PROD0081,2025-05-09,2120,15559.304512378194,32985725.56624177,Cancelled
PO00340,SUP0076,PROD0041,2025-03-04,1631,18535.302170244588,30231077.839668922,Cancelled
PO00391,SUP0087,PROD0120,2026-01-28,2282,3598.8887319366377,8212664.086279407,Delivered
PO01899,SUP0028,PROD0172,2025-12-22,851,17439.9922386319,14841433.395075748,In Transit
PO00806,SUP0041,PROD0149,2025-10-29,2089,5537.705825705316,11568267.469898405,Pending
PO01669,SUP0062,PROD0096,2025-06-15,1193,12069.16676941771,14398515.955915328,Delivered
PO00384,SUP0079,PROD0126,2026-02-19,1567,15050.985495221787,23584894.27101254,Delivered
PO00351,SUP0093,PROD0167,2025-03-25,600,10490.241559761731,6294144.935857039,In Transit
PO01624,SUP0037,PROD0196,2026-07-27,585,4697.54714983637,2748065.082654277,Cancelled
PO00530,SUP0095,PROD0052,2025-08-28,635,13334.804308651837,8467600.735993916,In Transit
PO01827,SUP0064,PROD0154,2025-06-13,1046,9902.471191007324,10357984.86579366,Pending
PO00281,SUP0012,PROD0042,2026-06-25,2079,27032.231967934975,56200010.26133681,Cancelled
PO01356,SUP0071,PROD0064,2025-04-03,1481,17576.133366179332,26030253.51531159,In Transit
PO01629,SUP0099,PROD0122,2025-11-01,1187,20934.359769206854,24849085.046048537,Delivered
PO00553,SUP0076,PROD0010,2025-06-21,828,25736.493580062175,21309816.684291482,Delivered
PO01930,SUP0007,PROD0138,2025-04-26,1986,20046.527260203213,39812403.138763584,Delivered
PO00530,SUP0010,PROD0114,2026-08-24,1808,15775.628741868288,28522336.765297864,Delivered
PO01111,SUP0034,PROD0159,2026-04-26,959,13228.932662856985,12686546.42367985,Pending
PO01268,SUP0005,PROD0038,2025-02-13,2183,10690.170730560701,23336642.704814013,Partially Received
PO00212,SUP0003,PROD0041,2025-10-02,1849,4951.6309831832905,9155565.687905904,Delivered
PO00281,SUP0025,PROD0150,2025-02-05,2087,16102.084708117352,33605050.78584091,Delivered
PO00839,SUP0058,PROD0085,2026-03-03,623,7027.946624998449,4378410.747374034,In Transit
PO01933,SUP0092,PROD0079,2025-06-26,2263,8153.211593894653,18450717.8369836,Delivered
PO01193,SUP0036,PROD0012,2026-02-23,1293,16961.79121099673,21931596.03581877,Delivered
PO01867,SUP0053,PROD0134,2026-04-09,1239,6860.0901527931255,8499651.699310683,Cancelled
PO00935,SUP0005,PROD0056,2025-03-01,2035,11848.821926840552,24112352.621120524,Pending
PO01570,SUP0012,PROD0006,2026-04-26,853,19067.033667686403,16264179.718536502,Delivered
PO00036,SUP0065,PROD0161,2026-04-01,1240,3951.01166521209,4899254.464862992,Pending
PO00219,SUP0087,PROD0154,2026-08-03,1820,14902.447795792688,27122454.98834269,Pending
PO01659,SUP0011,PROD0034,2025-12-01,1625,5672.259115622746,9217421.062886963,Delivered
PO01594,SUP0011,PROD0100,2026-08-21,791,7076.9009758136235,5597828.671868576,In Transit
PO01062,SUP0036,PROD0008,2025-10-24,1217,19473.305825009284,23699013.1890363,Delivered
PO01736,SUP0018,PROD0098,2025-02-10,2093,22624.32559857758,47352713.47782288,Delivered
PO01207,SUP0066,PROD0059,2025-12-07,1241,4248.482343047842,5272366.587722371,Delivered
PO00826,SUP0021,PROD0164,2026-03-11,1146,16929.58263679556,19401301.701767713,Pending
PO00749,SUP0012,PROD0114,2026-03-09,667,21501.80959835437,14341707.002102366,Cancelled
PO00852,SUP0014,PROD0171,2025-08-27,2094,14665.727041440252,30710032.424775887,In Transit
PO01304,SUP0003,PROD0040,2025-10-15,529,10147.13926074931,5367836.668936386,Partially Received
PO01735,SUP0076,PROD0143,2025-05-04,596,9492.109277790883,5657297.129563366,Cancelled
PO00908,SUP0069,PROD0130,2026-06-30,1516,18963.20321488214,28748216.073761325,Delivered
PO00496,SUP0082,PROD0005,2026-02-12,2224,17132.953877021373,38103689.42249554,Delivered
PO00474,SUP0003,PROD0144,2025-06-13,1500,8207.833040342772,12311749.560514158,Delivered
PO01493,SUP0008,PROD0092,2026-07-18,761,8687.038720408935,6610836.466231199,Delivered
PO00211,SUP0098,PROD0032,2025-10-09,1491,23553.86280641034,35118809.44435782,Delivered
PO00134,SUP0094,PROD0111,2025-11-16,1518,19278.049930278357,29264079.794162545,Delivered
PO01189,SUP0090,PROD0086,2025-04-11,1998,9976.456536441694,19932960.159810506,Delivered
PO00293,SUP0058,PROD0183,2025-04-21,812,19829.0679732097,16101203.194246277,Delivered
PO00621,SUP0029,PROD0119,2025-06-21,827,15961.907789776062,13200497.742144803,Delivered
PO00288,SUP0093,PROD0021,2026-06-18,827,15129.793660034447,12512339.356848488,Delivered
PO01842,SUP0004,PROD0014,2026-07-09,2155,3281.138381913428,7070853.213023437,Delivered
PO00332,SUP0093,PROD0054,2026-03-04,1999,17453.23004211204,34889006.85418197,Delivered
PO00570,SUP0013,PROD0103,2025-11-29,798,1964.3794630967416,1567574.8115511998,In Transit
PO00231,SUP0083,PROD0151,2026-07-14,1753,20792.756522034695,36449702.18312682,Delivered
PO00043,SUP0096,PROD0025,2026-08-21,797,10465.322253487533,8340861.836029564,Delivered
PO00111,SUP0059,PROD0127,2025-09-22,2019,15943.677496103182,32190284.864632327,Partially Received
PO00350,SUP0034,PROD0074,2025-08-25,1688,713.3392472180805,1204116.6493041199,In Transit
PO00107,SUP0096,PROD0045,2025-03-25,580,25842.982096286043,14988929.615845906,In Transit
PO01183,SUP0055,PROD0043,2026-08-31,1599,20189.868899654346,32283600.3705473,In Transit
PO01362,SUP0015,PROD0193,2026-07-09,1960,6291.488560169764,12331317.577932738,Pending
PO00788,SUP0059,PROD0151,2026-03-06,838,20647.03099420152,17302211.973140873,Delivered
PO00636,SUP0093,PROD0167,2025-04-04,1408,14021.009216454018,19741580.976767257,Delivered
PO01010,SUP0029,PROD0196,2025-09-01,1801,5989.732990020691,10787509.115027266,In Transit
PO01751,SUP0077,PROD0189,2025-08-06,1527,23483.59635416137,35859451.632804416,Delivered
PO00087,SUP0039,PROD0025,2025-03-19,2224,10955.99586610119,24366134.806209046,Delivered
PO00363,SUP0040,PROD0008,2025-09-06,1411,13857.078643699602,19552337.96626014,Pending
PO00474,SUP0007,PROD0027,2025-11-23,761,13127.994737349398,9990403.99512289,Partially Received
PO00499,SUP0046,PROD0030,2025-07-08,2034,17812.60302946486,36230834.56193152,Delivered
PO01143,SUP0096,PROD0035,2026-06-29,1045,11297.435004884197,11805819.580103986,Partially Received
PO00833,SUP0075,PROD0186,2026-03-05,557,4026.205107608729,2242596.244938062,In Transit
PO00099,SUP0089,PROD0115,2025-12-22,616,3104.2207958024997,1912200.0102143397,Partially Received
PO00748,SUP0028,PROD0071,2025-11-12,521,20014.63822031549,10427626.512784371,Delivered
PO01048,SUP0045,PROD0042,2026-05-22,1239,898.0842356078239,1112726.3679180937,Delivered
PO00204,SUP0045,PROD0045,2026-02-28,2271,6258.833854318845,14213811.683158096,In Transit
PO01667,SUP0093,PROD0102,2025-01-06,2175,13742.700609823385,29890373.826365862,Delivered
PO00104,SUP0091,PROD0145,2025-01-13,1147,12595.844689628484,14447433.859003872,Delivered
PO00199,SUP0026,PROD0023,2025-10-02,2332,23275.129834307223,54277602.773604445,In Transit
PO01688,SUP0042,PROD0008,2025-03-03,1564,23225.757466869745,36325084.67818428,Delivered
PO01960,SUP0020,PROD0016,2025-04-29,1298,16800.83855708317,21807488.447093956,Delivered
PO01605,SUP0046,PROD0170,2025-11-12,1730,2719.1344346314413,4704102.571912394,Delivered
PO00379,SUP0036,PROD0175,2026-05-16,959,13228.932662856985,12686546.42367985,Pending
PO00260,SUP0099,PROD0127,2025-07-24,2183,10690.170730560701,23336642.704814013,In Transit
PO00952,SUP0037,PROD0032,2025-02-14,1849,4951.6309831832905,9155565.687905904,Delivered
PO00454,SUP0005,PROD0014,2026-05-01,2087,16102.084708117352,33605050.78584091,Pending
PO01340,SUP0094,PROD0128,2025-05-13,623,7027.946624998449,4378410.747374034,Delivered
PO00875,SUP0032,PROD0175,2026-08-15,2263,8153.211593894653,18450717.8369836,Delivered
PO01666,SUP0019,PROD0046,2025-06-27,1293,16961.79121099673,21931596.03581877,Delivered
PO01401,SUP0042,PROD0180,2025-03-03,1239,6860.0901527931255,8499651.699310683,Pending
PO01854,SUP0085,PROD0166,2025-10-11,959,13228.932662856985,12686546.42367985,Partially Received
PO00652,SUP0090,PROD0156,2025-09-22,959,13228.932662856985,12686546.42367985,Partially Received
PO00741,SUP0043,PROD0014,2025-10-25,2183,10690.170730560701,23336642.704814013,Delivered
